ariel-v3
logs/kinetics_10/34
| distributed init (rank 7): env://
| distributed init (rank 6): env://
| distributed init (rank 2): env://
| distributed init (rank 0): env://
| distributed init (rank 1): env://
| distributed init (rank 4): env://
| distributed init (rank 3): env://
| distributed init (rank 5): env://
Namespace(aa='rand-m7-n4-mstd0.5-inc1', all_tasks=10, attn_drop_rate=0.0, auto_resume=True, batch_size=16, clip_grad=None, color_jitter=0.4, crop_pct=None, cutmix=1.0, cutmix_minmax=None, data_path='data/kinetics_10_task', data_set='Kinetics-400', deepscale=False, deepscale_config=None, deepspeed=False, deepspeed_config='logs/kinetics_10/34/deepspeed_config.json', deepspeed_mpi=False, device='cuda', disable_eval_during_finetuning=False, dist_eval=True, dist_on_itp=False, dist_url='env://', distributed=True, drop=0.0, drop_path=0.1, enable_deepspeed=True, epochs=50, eval=False, eval_data_path=None, fc_drop_rate=0.0, finetune='/data/bkh178/pretrain/timesformer/videoMAE.pth', gpu=0, grad_from_block=6, imagenet_default_mean_and_std=True, init_scale=0.001, input_size=224, layer_decay=0.75, local_rank=0, log_dir='logs/kinetics_10/34', lr=0.001, memory_size=8080, memory_video_path=[], min_lr=1e-06, mixup=0.8, mixup_mode='batch', mixup_prob=1.0, mixup_switch_prob=0.5, model='vit_base_patch16_224', model_ema=False, model_ema_decay=0.9999, model_ema_force_cpu=False, model_key='model|module', model_prefix='', momentum=0.9, nb_classes=400, num_frames=16, num_sample=1, num_segments=1, num_workers=10, opt='adamw', opt_betas=[0.9, 0.999], opt_eps=1e-08, output_dir='logs/kinetics_10/34', pin_mem=True, rank=0, recount=1, rehearsal_epochs=30, remode='pixel', reprob=0.25, resplit=False, resume='', sampling_rate=4, save_ckpt=True, save_ckpt_freq=10, seed=0, short_side_size=224, smoothing=0.1, start_epoch=0, test_num_crop=1, test_num_segment=1, train_interpolation='bicubic', tubelet_size=2, update_freq=1, use_checkpoint=False, use_mean_pooling=True, val_freq=5, warmup_epochs=5, warmup_lr=1e-06, warmup_steps=-1, weight_decay=0.05, weight_decay_end=None, world_size=8)
Patch size = (16, 16)
Load ckpt from /data/bkh178/pretrain/timesformer/videoMAE.pth
Load state_dict by model_key = model
Weights of VisionTransformer not initialized from pretrained model: ['cls_token', 'fc_norm.weight', 'fc_norm.bias', 'head.weight', 'head.bias']
Weights from pretrained model not used in VisionTransformer: ['mask_token', 'decoder.blocks.0.norm1.weight', 'decoder.blocks.0.norm1.bias', 'decoder.blocks.0.attn.q_bias', 'decoder.blocks.0.attn.v_bias', 'decoder.blocks.0.attn.qkv.weight', 'decoder.blocks.0.attn.proj.weight', 'decoder.blocks.0.attn.proj.bias', 'decoder.blocks.0.norm2.weight', 'decoder.blocks.0.norm2.bias', 'decoder.blocks.0.mlp.fc1.weight', 'decoder.blocks.0.mlp.fc1.bias', 'decoder.blocks.0.mlp.fc2.weight', 'decoder.blocks.0.mlp.fc2.bias', 'decoder.blocks.1.norm1.weight', 'decoder.blocks.1.norm1.bias', 'decoder.blocks.1.attn.q_bias', 'decoder.blocks.1.attn.v_bias', 'decoder.blocks.1.attn.qkv.weight', 'decoder.blocks.1.attn.proj.weight', 'decoder.blocks.1.attn.proj.bias', 'decoder.blocks.1.norm2.weight', 'decoder.blocks.1.norm2.bias', 'decoder.blocks.1.mlp.fc1.weight', 'decoder.blocks.1.mlp.fc1.bias', 'decoder.blocks.1.mlp.fc2.weight', 'decoder.blocks.1.mlp.fc2.bias', 'decoder.blocks.2.norm1.weight', 'decoder.blocks.2.norm1.bias', 'decoder.blocks.2.attn.q_bias', 'decoder.blocks.2.attn.v_bias', 'decoder.blocks.2.attn.qkv.weight', 'decoder.blocks.2.attn.proj.weight', 'decoder.blocks.2.attn.proj.bias', 'decoder.blocks.2.norm2.weight', 'decoder.blocks.2.norm2.bias', 'decoder.blocks.2.mlp.fc1.weight', 'decoder.blocks.2.mlp.fc1.bias', 'decoder.blocks.2.mlp.fc2.weight', 'decoder.blocks.2.mlp.fc2.bias', 'decoder.blocks.3.norm1.weight', 'decoder.blocks.3.norm1.bias', 'decoder.blocks.3.attn.q_bias', 'decoder.blocks.3.attn.v_bias', 'decoder.blocks.3.attn.qkv.weight', 'decoder.blocks.3.attn.proj.weight', 'decoder.blocks.3.attn.proj.bias', 'decoder.blocks.3.norm2.weight', 'decoder.blocks.3.norm2.bias', 'decoder.blocks.3.mlp.fc1.weight', 'decoder.blocks.3.mlp.fc1.bias', 'decoder.blocks.3.mlp.fc2.weight', 'decoder.blocks.3.mlp.fc2.bias', 'decoder.norm.weight', 'decoder.norm.bias', 'decoder.head.weight', 'decoder.head.bias', 'encoder_to_decoder.weight', 'norm.weight', 'norm.bias']
[2023-08-22 15:28:55,823] [INFO] [logging.py:77:log_dist] [Rank -1] DeepSpeed info: version=0.8.2, git-hash=unknown, git-branch=unknown
[2023-08-22 15:28:55,831] [INFO] [logging.py:77:log_dist] [Rank -1] DeepSpeed info: version=0.8.2, git-hash=unknown, git-branch=unknown
[2023-08-22 15:28:55,831] [INFO] [logging.py:77:log_dist] [Rank -1] DeepSpeed info: version=0.8.2, git-hash=unknown, git-branch=unknown
[2023-08-22 15:28:55,833] [INFO] [logging.py:77:log_dist] [Rank -1] DeepSpeed info: version=0.8.2, git-hash=unknown, git-branch=unknown
Model = VisionTransformer(
  (patch_embed): PatchEmbed(
    (proj): Conv3d(3, 768, kernel_size=(2, 16, 16), stride=(2, 16, 16))
  )
  (pos_drop): Dropout(p=0.0, inplace=False)
  (blocks): ModuleList(
    (0): Block(
      (norm1): LayerNorm((768,), eps=1e-06, elementwise_affine=True)
      (attn): Attention(
        (qkv): Linear(in_features=768, out_features=2304, bias=False)
        (attn_drop): Dropout(p=0.0, inplace=False)
        (proj): Linear(in_features=768, out_features=768, bias=True)
        (proj_drop): Dropout(p=0.0, inplace=False)
      )
      (drop_path): Identity()
      (norm2): LayerNorm((768,), eps=1e-06, elementwise_affine=True)
      (mlp): Mlp(
        (fc1): Linear(in_features=768, out_features=3072, bias=True)
        (act): GELU(approximate='none')
        (fc2): Linear(in_features=3072, out_features=768, bias=True)
        (drop): Dropout(p=0.0, inplace=False)
      )
    )
    (1): Block(
      (norm1): LayerNorm((768,), eps=1e-06, elementwise_affine=True)
      (attn): Attention(
        (qkv): Linear(in_features=768, out_features=2304, bias=False)
        (attn_drop): Dropout(p=0.0, inplace=False)
        (proj): Linear(in_features=768, out_features=768, bias=True)
        (proj_drop): Dropout(p=0.0, inplace=False)
      )
      (drop_path): DropPath(p=0.00909090880304575)
      (norm2): LayerNorm((768,), eps=1e-06, elementwise_affine=True)
      (mlp): Mlp(
        (fc1): Linear(in_features=768, out_features=3072, bias=True)
        (act): GELU(approximate='none')
        (fc2): Linear(in_features=3072, out_features=768, bias=True)
        (drop): Dropout(p=0.0, inplace=False)
      )
    )
    (2): Block(
      (norm1): LayerNorm((768,), eps=1e-06, elementwise_affine=True)
      (attn): Attention(
        (qkv): Linear(in_features=768, out_features=2304, bias=False)
        (attn_drop): Dropout(p=0.0, inplace=False)
        (proj): Linear(in_features=768, out_features=768, bias=True)
        (proj_drop): Dropout(p=0.0, inplace=False)
      )
      (drop_path): DropPath(p=0.0181818176060915)
      (norm2): LayerNorm((768,), eps=1e-06, elementwise_affine=True)
      (mlp): Mlp(
        (fc1): Linear(in_features=768, out_features=3072, bias=True)
        (act): GELU(approximate='none')
        (fc2): Linear(in_features=3072, out_features=768, bias=True)
        (drop): Dropout(p=0.0, inplace=False)
      )
    )
    (3): Block(
      (norm1): LayerNorm((768,), eps=1e-06, elementwise_affine=True)
      (attn): Attention(
        (qkv): Linear(in_features=768, out_features=2304, bias=False)
        (attn_drop): Dropout(p=0.0, inplace=False)
        (proj): Linear(in_features=768, out_features=768, bias=True)
        (proj_drop): Dropout(p=0.0, inplace=False)
      )
      (drop_path): DropPath(p=0.027272727340459824)
      (norm2): LayerNorm((768,), eps=1e-06, elementwise_affine=True)
      (mlp): Mlp(
        (fc1): Linear(in_features=768, out_features=3072, bias=True)
        (act): GELU(approximate='none')
        (fc2): Linear(in_features=3072, out_features=768, bias=True)
        (drop): Dropout(p=0.0, inplace=False)
      )
    )
    (4): Block(
      (norm1): LayerNorm((768,), eps=1e-06, elementwise_affine=True)
      (attn): Attention(
        (qkv): Linear(in_features=768, out_features=2304, bias=False)
        (attn_drop): Dropout(p=0.0, inplace=False)
        (proj): Linear(in_features=768, out_features=768, bias=True)
        (proj_drop): Dropout(p=0.0, inplace=False)
      )
      (drop_path): DropPath(p=0.036363635212183)
      (norm2): LayerNorm((768,), eps=1e-06, elementwise_affine=True)
      (mlp): Mlp(
        (fc1): Linear(in_features=768, out_features=3072, bias=True)
        (act): GELU(approximate='none')
        (fc2): Linear(in_features=3072, out_features=768, bias=True)
        (drop): Dropout(p=0.0, inplace=False)
      )
    )
    (5): Block(
      (norm1): LayerNorm((768,), eps=1e-06, elementwise_affine=True)
      (attn): Attention(
        (qkv): Linear(in_features=768, out_features=2304, bias=False)
        (attn_drop): Dropout(p=0.0, inplace=False)
        (proj): Linear(in_features=768, out_features=768, bias=True)
        (proj_drop): Dropout(p=0.0, inplace=False)
      )
      (drop_path): DropPath(p=0.045454543083906174)
      (norm2): LayerNorm((768,), eps=1e-06, elementwise_affine=True)
      (mlp): Mlp(
        (fc1): Linear(in_features=768, out_features=3072, bias=True)
        (act): GELU(approximate='none')
        (fc2): Linear(in_features=3072, out_features=768, bias=True)
        (drop): Dropout(p=0.0, inplace=False)
      )
    )
    (6): Block(
      (norm1): LayerNorm((768,), eps=1e-06, elementwise_affine=True)
      (attn): Attention(
        (qkv): Linear(in_features=768, out_features=2304, bias=False)
        (attn_drop): Dropout(p=0.0, inplace=False)
        (proj): Linear(in_features=768, out_features=768, bias=True)
        (proj_drop): Dropout(p=0.0, inplace=False)
      )
      (drop_path): DropPath(p=0.054545458406209946)
      (norm2): LayerNorm((768,), eps=1e-06, elementwise_affine=True)
      (mlp): Mlp(
        (fc1): Linear(in_features=768, out_features=3072, bias=True)
        (act): GELU(approximate='none')
        (fc2): Linear(in_features=3072, out_features=768, bias=True)
        (drop): Dropout(p=0.0, inplace=False)
      )
    )
    (7): Block(
      (norm1): LayerNorm((768,), eps=1e-06, elementwise_affine=True)
      (attn): Attention(
        (qkv): Linear(in_features=768, out_features=2304, bias=False)
        (attn_drop): Dropout(p=0.0, inplace=False)
        (proj): Linear(in_features=768, out_features=768, bias=True)
        (proj_drop): Dropout(p=0.0, inplace=False)
      )
      (drop_path): DropPath(p=0.06363636255264282)
      (norm2): LayerNorm((768,), eps=1e-06, elementwise_affine=True)
      (mlp): Mlp(
        (fc1): Linear(in_features=768, out_features=3072, bias=True)
        (act): GELU(approximate='none')
        (fc2): Linear(in_features=3072, out_features=768, bias=True)
        (drop): Dropout(p=0.0, inplace=False)
      )
    )
    (8): Block(
      (norm1): LayerNorm((768,), eps=1e-06, elementwise_affine=True)
      (attn): Attention(
        (qkv): Linear(in_features=768, out_features=2304, bias=False)
        (attn_drop): Dropout(p=0.0, inplace=False)
        (proj): Linear(in_features=768, out_features=768, bias=True)
        (proj_drop): Dropout(p=0.0, inplace=False)
      )
      (drop_path): DropPath(p=0.0727272778749466)
      (norm2): LayerNorm((768,), eps=1e-06, elementwise_affine=True)
      (mlp): Mlp(
        (fc1): Linear(in_features=768, out_features=3072, bias=True)
        (act): GELU(approximate='none')
        (fc2): Linear(in_features=3072, out_features=768, bias=True)
        (drop): Dropout(p=0.0, inplace=False)
      )
    )
    (9): Block(
      (norm1): LayerNorm((768,), eps=1e-06, elementwise_affine=True)
      (attn): Attention(
        (qkv): Linear(in_features=768, out_features=2304, bias=False)
        (attn_drop): Dropout(p=0.0, inplace=False)
        (proj): Linear(in_features=768, out_features=768, bias=True)
        (proj_drop): Dropout(p=0.0, inplace=False)
      )
      (drop_path): DropPath(p=0.08181818574666977)
      (norm2): LayerNorm((768,), eps=1e-06, elementwise_affine=True)
      (mlp): Mlp(
        (fc1): Linear(in_features=768, out_features=3072, bias=True)
        (act): GELU(approximate='none')
        (fc2): Linear(in_features=3072, out_features=768, bias=True)
        (drop): Dropout(p=0.0, inplace=False)
      )
    )
    (10): Block(
      (norm1): LayerNorm((768,), eps=1e-06, elementwise_affine=True)
      (attn): Attention(
        (qkv): Linear(in_features=768, out_features=2304, bias=False)
        (attn_drop): Dropout(p=0.0, inplace=False)
        (proj): Linear(in_features=768, out_features=768, bias=True)
        (proj_drop): Dropout(p=0.0, inplace=False)
      )
      (drop_path): DropPath(p=0.09090909361839294)
      (norm2): LayerNorm((768,), eps=1e-06, elementwise_affine=True)
      (mlp): Mlp(
        (fc1): Linear(in_features=768, out_features=3072, bias=True)
        (act): GELU(approximate='none')
        (fc2): Linear(in_features=3072, out_features=768, bias=True)
        (drop): Dropout(p=0.0, inplace=False)
      )
    )
    (11): Block(
      (norm1): LayerNorm((768,), eps=1e-06, elementwise_affine=True)
      (attn): Attention(
        (qkv): Linear(in_features=768, out_features=2304, bias=False)
        (attn_drop): Dropout(p=0.0, inplace=False)
        (proj): Linear(in_features=768, out_features=768, bias=True)
        (proj_drop): Dropout(p=0.0, inplace=False)
      )
      (drop_path): DropPath(p=0.10000000149011612)
      (norm2): LayerNorm((768,), eps=1e-06, elementwise_affine=True)
      (mlp): Mlp(
        (fc1): Linear(in_features=768, out_features=3072, bias=True)
        (act): GELU(approximate='none')
        (fc2): Linear(in_features=3072, out_features=768, bias=True)
        (drop): Dropout(p=0.0, inplace=False)
      )
    )
  )
  (norm): Identity()
  (fc_norm): LayerNorm((768,), eps=1e-06, elementwise_affine=True)
  (fc_dropout): Identity()
  (head): Linear(in_features=768, out_features=400, bias=True)
)
freeze until 5
====================
learnable params
cls_token | blocks.6.norm1.weight | blocks.6.norm1.bias | blocks.6.attn.q_bias | blocks.6.attn.v_bias | blocks.6.attn.qkv.weight | blocks.6.attn.proj.weight | blocks.6.attn.proj.bias | blocks.6.norm2.weight | blocks.6.norm2.bias | blocks.6.mlp.fc1.weight | blocks.6.mlp.fc1.bias | blocks.6.mlp.fc2.weight | blocks.6.mlp.fc2.bias | blocks.7.norm1.weight | blocks.7.norm1.bias | blocks.7.attn.q_bias | blocks.7.attn.v_bias | blocks.7.attn.qkv.weight | blocks.7.attn.proj.weight | blocks.7.attn.proj.bias | blocks.7.norm2.weight | blocks.7.norm2.bias | blocks.7.mlp.fc1.weight | blocks.7.mlp.fc1.bias | blocks.7.mlp.fc2.weight | blocks.7.mlp.fc2.bias | blocks.8.norm1.weight | blocks.8.norm1.bias | blocks.8.attn.q_bias | blocks.8.attn.v_bias | blocks.8.attn.qkv.weight | blocks.8.attn.proj.weight | blocks.8.attn.proj.bias | blocks.8.norm2.weight | blocks.8.norm2.bias | blocks.8.mlp.fc1.weight | blocks.8.mlp.fc1.bias | blocks.8.mlp.fc2.weight | blocks.8.mlp.fc2.bias | blocks.9.norm1.weight | blocks.9.norm1.bias | blocks.9.attn.q_bias | blocks.9.attn.v_bias | blocks.9.attn.qkv.weight | blocks.9.attn.proj.weight | blocks.9.attn.proj.bias | blocks.9.norm2.weight | blocks.9.norm2.bias | blocks.9.mlp.fc1.weight | blocks.9.mlp.fc1.bias | blocks.9.mlp.fc2.weight | blocks.9.mlp.fc2.bias | blocks.10.norm1.weight | blocks.10.norm1.bias | blocks.10.attn.q_bias | blocks.10.attn.v_bias | blocks.10.attn.qkv.weight | blocks.10.attn.proj.weight | blocks.10.attn.proj.bias | blocks.10.norm2.weight | blocks.10.norm2.bias | blocks.10.mlp.fc1.weight | blocks.10.mlp.fc1.bias | blocks.10.mlp.fc2.weight | blocks.10.mlp.fc2.bias | blocks.11.norm1.weight | blocks.11.norm1.bias | blocks.11.attn.q_bias | blocks.11.attn.v_bias | blocks.11.attn.qkv.weight | blocks.11.attn.proj.weight | blocks.11.attn.proj.bias | blocks.11.norm2.weight | blocks.11.norm2.bias | blocks.11.mlp.fc1.weight | blocks.11.mlp.fc1.bias | blocks.11.mlp.fc2.weight | blocks.11.mlp.fc2.bias | fc_norm.weight | fc_norm.bias | head.weight | head.bias | ====================
number of params: 42832528
LR = 0.00050000
Batch size = 128
Update frequent = 1
Assigned values = [0.023757264018058777, 0.03167635202407837, 0.04223513603210449, 0.056313514709472656, 0.07508468627929688, 0.1001129150390625, 0.13348388671875, 0.177978515625, 0.2373046875, 0.31640625, 0.421875, 0.5625, 0.75, 1.0]
Skip weight decay list:  {'cls_token', 'pos_embed'}
Param groups = {
  "layer_0_no_decay": {
    "weight_decay": 0.0,
    "params": [
      "cls_token"
    ],
    "lr_scale": 0.023757264018058777
  },
  "layer_7_no_decay": {
    "weight_decay": 0.0,
    "params": [
      "blocks.6.norm1.weight",
      "blocks.6.norm1.bias",
      "blocks.6.attn.q_bias",
      "blocks.6.attn.v_bias",
      "blocks.6.attn.proj.bias",
      "blocks.6.norm2.weight",
      "blocks.6.norm2.bias",
      "blocks.6.mlp.fc1.bias",
      "blocks.6.mlp.fc2.bias"
    ],
    "lr_scale": 0.177978515625
  },
  "layer_7_decay": {
    "weight_decay": 0.05,
    "params": [
      "blocks.6.attn.qkv.weight",
      "blocks.6.attn.proj.weight",
      "blocks.6.mlp.fc1.weight",
      "blocks.6.mlp.fc2.weight"
    ],
    "lr_scale": 0.177978515625
  },
  "layer_8_no_decay": {
    "weight_decay": 0.0,
    "params": [
      "blocks.7.norm1.weight",
      "blocks.7.norm1.bias",
      "blocks.7.attn.q_bias",
      "blocks.7.attn.v_bias",
      "blocks.7.attn.proj.bias",
      "blocks.7.norm2.weight",
      "blocks.7.norm2.bias",
      "blocks.7.mlp.fc1.bias",
      "blocks.7.mlp.fc2.bias"
    ],
    "lr_scale": 0.2373046875
  },
  "layer_8_decay": {
    "weight_decay": 0.05,
    "params": [
      "blocks.7.attn.qkv.weight",
      "blocks.7.attn.proj.weight",
      "blocks.7.mlp.fc1.weight",
      "blocks.7.mlp.fc2.weight"
    ],
    "lr_scale": 0.2373046875
  },
  "layer_9_no_decay": {
    "weight_decay": 0.0,
    "params": [
      "blocks.8.norm1.weight",
      "blocks.8.norm1.bias",
      "blocks.8.attn.q_bias",
      "blocks.8.attn.v_bias",
      "blocks.8.attn.proj.bias",
      "blocks.8.norm2.weight",
      "blocks.8.norm2.bias",
      "blocks.8.mlp.fc1.bias",
      "blocks.8.mlp.fc2.bias"
    ],
    "lr_scale": 0.31640625
  },
  "layer_9_decay": {
    "weight_decay": 0.05,
    "params": [
      "blocks.8.attn.qkv.weight",
      "blocks.8.attn.proj.weight",
      "blocks.8.mlp.fc1.weight",
      "blocks.8.mlp.fc2.weight"
    ],
    "lr_scale": 0.31640625
  },
  "layer_10_no_decay": {
    "weight_decay": 0.0,
    "params": [
      "blocks.9.norm1.weight",
      "blocks.9.norm1.bias",
      "blocks.9.attn.q_bias",
      "blocks.9.attn.v_bias",
      "blocks.9.attn.proj.bias",
      "blocks.9.norm2.weight",
      "blocks.9.norm2.bias",
      "blocks.9.mlp.fc1.bias",
      "blocks.9.mlp.fc2.bias"
    ],
    "lr_scale": 0.421875
  },
  "layer_10_decay": {
    "weight_decay": 0.05,
    "params": [
      "blocks.9.attn.qkv.weight",
      "blocks.9.attn.proj.weight",
      "blocks.9.mlp.fc1.weight",
      "blocks.9.mlp.fc2.weight"
    ],
    "lr_scale": 0.421875
  },
  "layer_11_no_decay": {
    "weight_decay": 0.0,
    "params": [
      "blocks.10.norm1.weight",
      "blocks.10.norm1.bias",
      "blocks.10.attn.q_bias",
      "blocks.10.attn.v_bias",
      "blocks.10.attn.proj.bias",
      "blocks.10.norm2.weight",
      "blocks.10.norm2.bias",
      "blocks.10.mlp.fc1.bias",
      "blocks.10.mlp.fc2.bias"
    ],
    "lr_scale": 0.5625
  },
  "layer_11_decay": {
    "weight_decay": 0.05,
    "params": [
      "blocks.10.attn.qkv.weight",
      "blocks.10.attn.proj.weight",
      "blocks.10.mlp.fc1.weight",
      "blocks.10.mlp.fc2.weight"
    ],
    "lr_scale": 0.5625
  },
  "layer_12_no_decay": {
    "weight_decay": 0.0,
    "params": [
      "blocks.11.norm1.weight",
      "blocks.11.norm1.bias",
      "blocks.11.attn.q_bias",
      "blocks.11.attn.v_bias",
      "blocks.11.attn.proj.bias",
      "blocks.11.norm2.weight",
      "blocks.11.norm2.bias",
      "blocks.11.mlp.fc1.bias",
      "blocks.11.mlp.fc2.bias"
    ],
    "lr_scale": 0.75
  },
  "layer_12_decay": {
    "weight_decay": 0.05,
    "params": [
      "blocks.11.attn.qkv.weight",
      "blocks.11.attn.proj.weight",
      "blocks.11.mlp.fc1.weight",
      "blocks.11.mlp.fc2.weight"
    ],
    "lr_scale": 0.75
  },
  "layer_13_no_decay": {
    "weight_decay": 0.0,
    "params": [
      "fc_norm.weight",
      "fc_norm.bias",
      "head.bias"
    ],
    "lr_scale": 1.0
  },
  "layer_13_decay": {
    "weight_decay": 0.05,
    "params": [
      "head.weight"
    ],
    "lr_scale": 1.0
  }
}
[2023-08-22 15:28:55,884] [INFO] [logging.py:77:log_dist] [Rank -1] DeepSpeed info: version=0.8.2, git-hash=unknown, git-branch=unknown
[2023-08-22 15:28:55,892] [INFO] [logging.py:77:log_dist] [Rank -1] DeepSpeed info: version=0.8.2, git-hash=unknown, git-branch=unknown
[2023-08-22 15:28:55,892] [INFO] [logging.py:77:log_dist] [Rank -1] DeepSpeed info: version=0.8.2, git-hash=unknown, git-branch=unknown
[2023-08-22 15:28:55,897] [INFO] [logging.py:77:log_dist] [Rank -1] DeepSpeed info: version=0.8.2, git-hash=unknown, git-branch=unknown
[2023-08-22 15:28:56,249] [INFO] [logging.py:77:log_dist] [Rank 0] DeepSpeed Flops Profiler Enabled: False
Using /home/bkh178/.cache/torch_extensions/py37_cu117 as PyTorch extensions root...
[1/3] /usr/local/cuda/bin/nvcc  -DTORCH_EXTENSION_NAME=fused_adam -DTORCH_API_INCLUDE_EXTENSION_H -DPYBIND11_COMPILER_TYPE=\"_gcc\" -DPYBIND11_STDLIB=\"_libstdcpp\" -DPYBIND11_BUILD_ABI=\"_cxxabi1011\" -I/data/bkh178/anaconda3/envs/videoMAE/lib/python3.7/site-packages/deepspeed/ops/csrc/includes -I/data/bkh178/anaconda3/envs/videoMAE/lib/python3.7/site-packages/deepspeed/ops/csrc/adam -isystem /data/bkh178/anaconda3/envs/videoMAE/lib/python3.7/site-packages/torch/include -isystem /data/bkh178/anaconda3/envs/videoMAE/lib/python3.7/site-packages/torch/include/torch/csrc/api/include -isystem /data/bkh178/anaconda3/envs/videoMAE/lib/python3.7/site-packages/torch/include/TH -isystem /data/bkh178/anaconda3/envs/videoMAE/lib/python3.7/site-packages/torch/include/THC -isystem /usr/local/cuda/include -isystem /data/bkh178/anaconda3/envs/videoMAE/include/python3.7m -D_GLIBCXX_USE_CXX11_ABI=0 -D__CUDA_NO_HALF_OPERATORS__ -D__CUDA_NO_HALF_CONVERSIONS__ -D__CUDA_NO_BFLOAT16_CONVERSIONS__ -D__CUDA_NO_HALF2_OPERATORS__ --expt-relaxed-constexpr -gencode=arch=compute_86,code=compute_86 -gencode=arch=compute_86,code=sm_86 --compiler-options '-fPIC' -O3 -DVERSION_GE_1_1 -DVERSION_GE_1_3 -DVERSION_GE_1_5 -lineinfo --use_fast_math -gencode=arch=compute_86,code=sm_86 -gencode=arch=compute_86,code=compute_86 -std=c++14 -c /data/bkh178/anaconda3/envs/videoMAE/lib/python3.7/site-packages/deepspeed/ops/csrc/adam/multi_tensor_adam.cu -o multi_tensor_adam.cuda.o 
[2/3] c++ -MMD -MF fused_adam_frontend.o.d -DTORCH_EXTENSION_NAME=fused_adam -DTORCH_API_INCLUDE_EXTENSION_H -DPYBIND11_COMPILER_TYPE=\"_gcc\" -DPYBIND11_STDLIB=\"_libstdcpp\" -DPYBIND11_BUILD_ABI=\"_cxxabi1011\" -I/data/bkh178/anaconda3/envs/videoMAE/lib/python3.7/site-packages/deepspeed/ops/csrc/includes -I/data/bkh178/anaconda3/envs/videoMAE/lib/python3.7/site-packages/deepspeed/ops/csrc/adam -isystem /data/bkh178/anaconda3/envs/videoMAE/lib/python3.7/site-packages/torch/include -isystem /data/bkh178/anaconda3/envs/videoMAE/lib/python3.7/site-packages/torch/include/torch/csrc/api/include -isystem /data/bkh178/anaconda3/envs/videoMAE/lib/python3.7/site-packages/torch/include/TH -isystem /data/bkh178/anaconda3/envs/videoMAE/lib/python3.7/site-packages/torch/include/THC -isystem /usr/local/cuda/include -isystem /data/bkh178/anaconda3/envs/videoMAE/include/python3.7m -D_GLIBCXX_USE_CXX11_ABI=0 -fPIC -std=c++14 -O3 -std=c++14 -g -Wno-reorder -DVERSION_GE_1_1 -DVERSION_GE_1_3 -DVERSION_GE_1_5 -c /data/bkh178/anaconda3/envs/videoMAE/lib/python3.7/site-packages/deepspeed/ops/csrc/adam/fused_adam_frontend.cpp -o fused_adam_frontend.o 
[3/3] c++ fused_adam_frontend.o multi_tensor_adam.cuda.o -shared -L/data/bkh178/anaconda3/envs/videoMAE/lib/python3.7/site-packages/torch/lib -lc10 -lc10_cuda -ltorch_cpu -ltorch_cuda_cu -ltorch_cuda_cpp -ltorch -ltorch_python -L/usr/local/cuda/lib64 -lcudart -o fused_adam.so
Loading extension module fused_adam...
Time to load fused_adam op: 27.655340433120728 seconds
[2023-08-22 15:29:24,665] [INFO] [logging.py:77:log_dist] [Rank 0] Using DeepSpeed Optimizer param name adam as basic optimizer
[2023-08-22 15:29:24,670] [INFO] [logging.py:77:log_dist] [Rank 0] DeepSpeed Basic Optimizer = FusedAdam
[2023-08-22 15:29:24,671] [INFO] [logging.py:77:log_dist] [Rank 0] Creating fp16 optimizer with dynamic loss scale
[2023-08-22 15:29:24,704] [INFO] [logging.py:77:log_dist] [Rank 0] DeepSpeed Final Optimizer = adam
[2023-08-22 15:29:24,705] [INFO] [logging.py:77:log_dist] [Rank 0] DeepSpeed using client LR scheduler
[2023-08-22 15:29:24,705] [INFO] [logging.py:77:log_dist] [Rank 0] DeepSpeed LR Scheduler = None
[2023-08-22 15:29:24,705] [INFO] [logging.py:77:log_dist] [Rank 0] step=0, skipped=0, lr=[0.001, 0.001, 0.001, 0.001, 0.001, 0.001, 0.001, 0.001, 0.001, 0.001, 0.001, 0.001, 0.001, 0.001, 0.001], mom=[[0.9, 0.999], [0.9, 0.999], [0.9, 0.999], [0.9, 0.999], [0.9, 0.999], [0.9, 0.999], [0.9, 0.999], [0.9, 0.999], [0.9, 0.999], [0.9, 0.999], [0.9, 0.999], [0.9, 0.999], [0.9, 0.999], [0.9, 0.999], [0.9, 0.999]]
[2023-08-22 15:29:24,705] [INFO] [config.py:1010:print] DeepSpeedEngine configuration:
[2023-08-22 15:29:24,705] [INFO] [config.py:1014:print]   activation_checkpointing_config  {
    "partition_activations": false, 
    "contiguous_memory_optimization": false, 
    "cpu_checkpointing": false, 
    "number_checkpoints": null, 
    "synchronize_checkpoint_boundary": false, 
    "profile": false
}
[2023-08-22 15:29:24,706] [INFO] [config.py:1014:print]   aio_config ................... {'block_size': 1048576, 'queue_depth': 8, 'thread_count': 1, 'single_submit': False, 'overlap_events': True}
[2023-08-22 15:29:24,706] [INFO] [config.py:1014:print]   amp_enabled .................. False
[2023-08-22 15:29:24,706] [INFO] [config.py:1014:print]   amp_params ................... False
[2023-08-22 15:29:24,706] [INFO] [config.py:1014:print]   autotuning_config ............ {
    "enabled": false, 
    "start_step": null, 
    "end_step": null, 
    "metric_path": null, 
    "arg_mappings": null, 
    "metric": "throughput", 
    "model_info": null, 
    "results_dir": "autotuning_results", 
    "exps_dir": "autotuning_exps", 
    "overwrite": true, 
    "fast": true, 
    "start_profile_step": 3, 
    "end_profile_step": 5, 
    "tuner_type": "gridsearch", 
    "tuner_early_stopping": 5, 
    "tuner_num_trials": 50, 
    "model_info_path": null, 
    "mp_size": 1, 
    "max_train_batch_size": null, 
    "min_train_batch_size": 1, 
    "max_train_micro_batch_size_per_gpu": 1.024000e+03, 
    "min_train_micro_batch_size_per_gpu": 1, 
    "num_tuning_micro_batch_sizes": 3
}
[2023-08-22 15:29:24,706] [INFO] [config.py:1014:print]   bfloat16_enabled ............. False
[2023-08-22 15:29:24,706] [INFO] [config.py:1014:print]   checkpoint_parallel_write_pipeline  False
[2023-08-22 15:29:24,706] [INFO] [config.py:1014:print]   checkpoint_tag_validation_enabled  True
[2023-08-22 15:29:24,706] [INFO] [config.py:1014:print]   checkpoint_tag_validation_fail  False
[2023-08-22 15:29:24,706] [INFO] [config.py:1014:print]   comms_config ................. <deepspeed.comm.config.DeepSpeedCommsConfig object at 0x7f2efaaebb10>
[2023-08-22 15:29:24,706] [INFO] [config.py:1014:print]   communication_data_type ...... None
[2023-08-22 15:29:24,706] [INFO] [config.py:1014:print]   compression_config ........... {'weight_quantization': {'shared_parameters': {'enabled': False, 'quantizer_kernel': False, 'schedule_offset': 0, 'quantize_groups': 1, 'quantize_verbose': False, 'quantization_type': 'symmetric', 'quantize_weight_in_forward': False, 'rounding': 'nearest', 'fp16_mixed_quantize': False, 'quantize_change_ratio': 0.001}, 'different_groups': {}}, 'activation_quantization': {'shared_parameters': {'enabled': False, 'quantization_type': 'symmetric', 'range_calibration': 'dynamic', 'schedule_offset': 1000}, 'different_groups': {}}, 'sparse_pruning': {'shared_parameters': {'enabled': False, 'method': 'l1', 'schedule_offset': 1000}, 'different_groups': {}}, 'row_pruning': {'shared_parameters': {'enabled': False, 'method': 'l1', 'schedule_offset': 1000}, 'different_groups': {}}, 'head_pruning': {'shared_parameters': {'enabled': False, 'method': 'topk', 'schedule_offset': 1000}, 'different_groups': {}}, 'channel_pruning': {'shared_parameters': {'enabled': False, 'method': 'l1', 'schedule_offset': 1000}, 'different_groups': {}}, 'layer_reduction': {'enabled': False}}
[2023-08-22 15:29:24,706] [INFO] [config.py:1014:print]   curriculum_enabled_legacy .... False
[2023-08-22 15:29:24,706] [INFO] [config.py:1014:print]   curriculum_params_legacy ..... False
[2023-08-22 15:29:24,706] [INFO] [config.py:1014:print]   data_efficiency_config ....... {'enabled': False, 'seed': 1234, 'data_sampling': {'enabled': False, 'num_epochs': 1000, 'num_workers': 0, 'curriculum_learning': {'enabled': False}}, 'data_routing': {'enabled': False, 'random_ltd': {'enabled': False, 'layer_token_lr_schedule': {'enabled': False}}}}
[2023-08-22 15:29:24,706] [INFO] [config.py:1014:print]   data_efficiency_enabled ...... False
[2023-08-22 15:29:24,706] [INFO] [config.py:1014:print]   dataloader_drop_last ......... False
[2023-08-22 15:29:24,706] [INFO] [config.py:1014:print]   disable_allgather ............ False
[2023-08-22 15:29:24,706] [INFO] [config.py:1014:print]   dump_state ................... False
[2023-08-22 15:29:24,706] [INFO] [config.py:1014:print]   dynamic_loss_scale_args ...... {'init_scale': 128, 'scale_window': 128, 'delayed_shift': 2, 'min_scale': 1}
[2023-08-22 15:29:24,706] [INFO] [config.py:1014:print]   eigenvalue_enabled ........... False
[2023-08-22 15:29:24,706] [INFO] [config.py:1014:print]   eigenvalue_gas_boundary_resolution  1
[2023-08-22 15:29:24,706] [INFO] [config.py:1014:print]   eigenvalue_layer_name ........ bert.encoder.layer
[2023-08-22 15:29:24,706] [INFO] [config.py:1014:print]   eigenvalue_layer_num ......... 0
[2023-08-22 15:29:24,706] [INFO] [config.py:1014:print]   eigenvalue_max_iter .......... 100
[2023-08-22 15:29:24,706] [INFO] [config.py:1014:print]   eigenvalue_stability ......... 1e-06
[2023-08-22 15:29:24,706] [INFO] [config.py:1014:print]   eigenvalue_tol ............... 0.01
[2023-08-22 15:29:24,706] [INFO] [config.py:1014:print]   eigenvalue_verbose ........... False
[2023-08-22 15:29:24,706] [INFO] [config.py:1014:print]   elasticity_enabled ........... False
[2023-08-22 15:29:24,706] [INFO] [config.py:1014:print]   flops_profiler_config ........ {
    "enabled": false, 
    "profile_step": 1, 
    "module_depth": -1, 
    "top_modules": 1, 
    "detailed": true, 
    "output_file": null
}
[2023-08-22 15:29:24,706] [INFO] [config.py:1014:print]   fp16_auto_cast ............... False
[2023-08-22 15:29:24,706] [INFO] [config.py:1014:print]   fp16_enabled ................. True
[2023-08-22 15:29:24,706] [INFO] [config.py:1014:print]   fp16_master_weights_and_gradients  False
[2023-08-22 15:29:24,706] [INFO] [config.py:1014:print]   global_rank .................. 0
[2023-08-22 15:29:24,706] [INFO] [config.py:1014:print]   grad_accum_dtype ............. None
[2023-08-22 15:29:24,706] [INFO] [config.py:1014:print]   gradient_accumulation_steps .. 1
[2023-08-22 15:29:24,706] [INFO] [config.py:1014:print]   gradient_clipping ............ 0.0
[2023-08-22 15:29:24,706] [INFO] [config.py:1014:print]   gradient_predivide_factor .... 1.0
[2023-08-22 15:29:24,706] [INFO] [config.py:1014:print]   initial_dynamic_scale ........ 128
[2023-08-22 15:29:24,706] [INFO] [config.py:1014:print]   load_universal_checkpoint .... False
[2023-08-22 15:29:24,706] [INFO] [config.py:1014:print]   loss_scale ................... 0
[2023-08-22 15:29:24,706] [INFO] [config.py:1014:print]   memory_breakdown ............. False
[2023-08-22 15:29:24,707] [INFO] [config.py:1014:print]   monitor_config ............... tensorboard=TensorBoardConfig(enabled=False, output_path='', job_name='DeepSpeedJobName') wandb=WandbConfig(enabled=False, group=None, team=None, project='deepspeed') csv_monitor=CSVConfig(enabled=False, output_path='', job_name='DeepSpeedJobName') enabled=False
[2023-08-22 15:29:24,707] [INFO] [config.py:1014:print]   nebula_config ................ {
    "enabled": false, 
    "persistent_storage_path": null, 
    "persistent_time_interval": 100, 
    "num_of_version_in_retention": 2, 
    "enable_nebula_load": true, 
    "load_path": null
}
[2023-08-22 15:29:24,707] [INFO] [config.py:1014:print]   optimizer_legacy_fusion ...... False
[2023-08-22 15:29:24,707] [INFO] [config.py:1014:print]   optimizer_name ............... adam
[2023-08-22 15:29:24,707] [INFO] [config.py:1014:print]   optimizer_params ............. {'lr': 0.001, 'weight_decay': 0.05, 'bias_correction': True, 'betas': [0.9, 0.999], 'eps': 1e-08}
[2023-08-22 15:29:24,707] [INFO] [config.py:1014:print]   pipeline ..................... {'stages': 'auto', 'partition': 'best', 'seed_layers': False, 'activation_checkpoint_interval': 0}
[2023-08-22 15:29:24,707] [INFO] [config.py:1014:print]   pld_enabled .................. False
[2023-08-22 15:29:24,707] [INFO] [config.py:1014:print]   pld_params ................... False
[2023-08-22 15:29:24,707] [INFO] [config.py:1014:print]   prescale_gradients ........... False
[2023-08-22 15:29:24,707] [INFO] [config.py:1014:print]   scheduler_name ............... None
[2023-08-22 15:29:24,707] [INFO] [config.py:1014:print]   scheduler_params ............. None
[2023-08-22 15:29:24,707] [INFO] [config.py:1014:print]   sparse_attention ............. None
[2023-08-22 15:29:24,707] [INFO] [config.py:1014:print]   sparse_gradients_enabled ..... False
[2023-08-22 15:29:24,707] [INFO] [config.py:1014:print]   steps_per_print .............. 1000
[2023-08-22 15:29:24,707] [INFO] [config.py:1014:print]   train_batch_size ............. 128
[2023-08-22 15:29:24,707] [INFO] [config.py:1014:print]   train_micro_batch_size_per_gpu  16
[2023-08-22 15:29:24,707] [INFO] [config.py:1014:print]   use_node_local_storage ....... False
[2023-08-22 15:29:24,707] [INFO] [config.py:1014:print]   wall_clock_breakdown ......... False
[2023-08-22 15:29:24,707] [INFO] [config.py:1014:print]   world_size ................... 8
[2023-08-22 15:29:24,707] [INFO] [config.py:1014:print]   zero_allow_untested_optimizer  False
[2023-08-22 15:29:24,707] [INFO] [config.py:1014:print]   zero_config .................. stage=0 contiguous_gradients=True reduce_scatter=True reduce_bucket_size=500,000,000 allgather_partitions=True allgather_bucket_size=500,000,000 overlap_comm=False load_from_fp32_weights=True elastic_checkpoint=False offload_param=None offload_optimizer=None sub_group_size=1,000,000,000 cpu_offload_param=None cpu_offload_use_pin_memory=None cpu_offload=None prefetch_bucket_size=50,000,000 param_persistence_threshold=100,000 model_persistence_threshold=sys.maxsize max_live_parameters=1,000,000,000 max_reuse_distance=1,000,000,000 gather_16bit_weights_on_model_save=False stage3_gather_fp16_weights_on_model_save=False ignore_unused_parameters=True legacy_stage1=False round_robin_gradients=False
[2023-08-22 15:29:24,707] [INFO] [config.py:1014:print]   zero_enabled ................. False
[2023-08-22 15:29:24,707] [INFO] [config.py:1014:print]   zero_optimization_stage ...... 0
[2023-08-22 15:29:24,707] [INFO] [config.py:1005:print_user_config]   json = {
    "train_batch_size": 128, 
    "train_micro_batch_size_per_gpu": 16, 
    "steps_per_print": 1000, 
    "optimizer": {
        "type": "Adam", 
        "adam_w_mode": true, 
        "params": {
            "lr": 0.001, 
            "weight_decay": 0.05, 
            "bias_correction": true, 
            "betas": [0.9, 0.999], 
            "eps": 1e-08
        }
    }, 
    "fp16": {
        "enabled": true, 
        "loss_scale": 0, 
        "initial_scale_power": 7, 
        "loss_scale_window": 128
    }
}
Using /home/bkh178/.cache/torch_extensions/py37_cu117 as PyTorch extensions root...
[1/2] c++ -MMD -MF flatten_unflatten.o.d -DTORCH_EXTENSION_NAME=utils -DTORCH_API_INCLUDE_EXTENSION_H -DPYBIND11_COMPILER_TYPE=\"_gcc\" -DPYBIND11_STDLIB=\"_libstdcpp\" -DPYBIND11_BUILD_ABI=\"_cxxabi1011\" -isystem /data/bkh178/anaconda3/envs/videoMAE/lib/python3.7/site-packages/torch/include -isystem /data/bkh178/anaconda3/envs/videoMAE/lib/python3.7/site-packages/torch/include/torch/csrc/api/include -isystem /data/bkh178/anaconda3/envs/videoMAE/lib/python3.7/site-packages/torch/include/TH -isystem /data/bkh178/anaconda3/envs/videoMAE/lib/python3.7/site-packages/torch/include/THC -isystem /data/bkh178/anaconda3/envs/videoMAE/include/python3.7m -D_GLIBCXX_USE_CXX11_ABI=0 -fPIC -std=c++14 -c /data/bkh178/anaconda3/envs/videoMAE/lib/python3.7/site-packages/deepspeed/ops/csrc/utils/flatten_unflatten.cpp -o flatten_unflatten.o 
[2/2] c++ flatten_unflatten.o -shared -L/data/bkh178/anaconda3/envs/videoMAE/lib/python3.7/site-packages/torch/lib -lc10 -ltorch_cpu -ltorch -ltorch_python -o utils.so
Loading extension module utils...
Time to load utils op: 15.529853105545044 seconds
model.gradient_accumulation_steps() = 1
Mixup is activated!
criterion = SoftTargetCrossEntropy()
start video cil learning!
rehearsal
8080
25832
8080
current task : 1 | train | Number of the class = 400
current task : 1 | validation | Number of the class = 400
current task : 1 | test | Number of the class = 400
Sampler_train = <torch.utils.data.distributed.DistributedSampler object at 0x7f2ef980ed50>
Sampler_rehearsal = <torch.utils.data.distributed.DistributedSampler object at 0x7f2ed5f381d0>
Warning: Enabling distributed evaluation with an eval dataset not divisible by process number. This will slightly alter validation results as extra duplicate entries are added to achieve equal num of samples per-process.
Number of training examples = 25832
Number of training training per epoch = 201
Number of rehearsal training examples = 8080
Number of rehearsal training training per epoch = 63
Use step level LR scheduler!
Set warmup steps = 1005
Set warmup steps = 0
Max WD = 0.0500000, Min WD = 0.0500000
Use step level LR scheduler!
Set warmup steps = 315
Set warmup steps = 0
Max WD = 0.0500000, Min WD = 0.0500000
==================================================
==================================================
==================================================
==================================================
Current task index : 1/10
==================================================
==================================================
==================================================
==================================================
Start training for 50 epochs
TASK EPOCH: [0]  [  0/201]  eta: 1:22:23  lr: 0.000000  min_lr: 0.000000  loss: 3.3573 (3.3573)  loss_scale: 128.0000 (128.0000)  weight_decay: 0.0500 (0.0500)  time: 24.5969  data: 13.4472  max mem: 19449
TASK EPOCH: [0]  [ 50/201]  eta: 0:03:10  lr: 0.000025  min_lr: 0.000001  loss: 3.3315 (3.3450)  loss_scale: 128.0000 (128.0000)  weight_decay: 0.0500 (0.0500)  time: 0.8144  data: 0.0027  max mem: 19533
TASK EPOCH: [0]  [100/201]  eta: 0:01:44  lr: 0.000050  min_lr: 0.000001  loss: 3.3004 (3.3169)  loss_scale: 128.0000 (128.0000)  weight_decay: 0.0500 (0.0500)  time: 0.7866  data: 0.0020  max mem: 19533
[2023-08-22 15:31:47,536] [INFO] [fused_optimizer.py:394:_update_scale] No Grad overflow for 128 iterations
[2023-08-22 15:31:47,536] [INFO] [fused_optimizer.py:394:_update_scale] No Grad overflow for 128 iterations
[2023-08-22 15:31:47,537] [INFO] [fused_optimizer.py:396:_update_scale] Increasing dynamic loss scale from 128 to 256
[2023-08-22 15:31:47,537] [INFO] [fused_optimizer.py:396:_update_scale] Increasing dynamic loss scale from 128 to 256
[2023-08-22 15:31:47,537] [INFO] [fused_optimizer.py:394:_update_scale] No Grad overflow for 128 iterations
[2023-08-22 15:31:47,537] [INFO] [fused_optimizer.py:394:_update_scale] No Grad overflow for 128 iterations
[2023-08-22 15:31:47,537] [INFO] [fused_optimizer.py:394:_update_scale] No Grad overflow for 128 iterations
[2023-08-22 15:31:47,537] [INFO] [fused_optimizer.py:396:_update_scale] Increasing dynamic loss scale from 128 to 256
[2023-08-22 15:31:47,537] [INFO] [fused_optimizer.py:396:_update_scale] Increasing dynamic loss scale from 128 to 256
[2023-08-22 15:31:47,537] [INFO] [fused_optimizer.py:394:_update_scale] No Grad overflow for 128 iterations
[2023-08-22 15:31:47,537] [INFO] [fused_optimizer.py:396:_update_scale] Increasing dynamic loss scale from 128 to 256
[2023-08-22 15:31:47,537] [INFO] [fused_optimizer.py:396:_update_scale] Increasing dynamic loss scale from 128 to 256
[2023-08-22 15:31:47,537] [INFO] [fused_optimizer.py:394:_update_scale] No Grad overflow for 128 iterations
[2023-08-22 15:31:47,537] [INFO] [fused_optimizer.py:396:_update_scale] Increasing dynamic loss scale from 128 to 256
[2023-08-22 15:31:47,537] [INFO] [fused_optimizer.py:394:_update_scale] No Grad overflow for 128 iterations
[2023-08-22 15:31:47,538] [INFO] [fused_optimizer.py:396:_update_scale] Increasing dynamic loss scale from 128 to 256
TASK EPOCH: [0]  [150/201]  eta: 0:00:48  lr: 0.000075  min_lr: 0.000002  loss: 3.2138 (3.2842)  loss_scale: 256.0000 (147.4967)  weight_decay: 0.0500 (0.0500)  time: 0.8083  data: 0.0035  max mem: 19533
TASK EPOCH: [0]  [200/201]  eta: 0:00:00  lr: 0.000100  min_lr: 0.000002  loss: 3.0371 (3.2439)  loss_scale: 256.0000 (174.4876)  weight_decay: 0.0500 (0.0500)  time: 0.7630  data: 0.0006  max mem: 19533
TASK EPOCH: [0] Total time: 0:03:04 (0.9158 s / it)
Averaged stats: lr: 0.000100  min_lr: 0.000002  loss: 3.0371 (3.2353)  loss_scale: 256.0000 (174.4876)  weight_decay: 0.0500 (0.0500)
TASK EPOCH: [1]  [  0/201]  eta: 0:31:58  lr: 0.000100  min_lr: 0.000002  loss: 3.2204 (3.2204)  loss_scale: 256.0000 (256.0000)  weight_decay: 0.0500 (0.0500)  time: 9.5466  data: 6.1935  max mem: 19533
TASK EPOCH: [1]  [ 50/201]  eta: 0:02:28  lr: 0.000125  min_lr: 0.000003  loss: 2.9428 (2.9661)  loss_scale: 256.0000 (256.0000)  weight_decay: 0.0500 (0.0500)  time: 0.8044  data: 0.0029  max mem: 19534
[2023-08-22 15:33:39,951] [INFO] [fused_optimizer.py:394:_update_scale] No Grad overflow for 128 iterations
[2023-08-22 15:33:39,951] [INFO] [fused_optimizer.py:394:_update_scale] No Grad overflow for 128 iterations
[2023-08-22 15:33:39,952] [INFO] [fused_optimizer.py:396:_update_scale] Increasing dynamic loss scale from 256 to 512
[2023-08-22 15:33:39,952] [INFO] [fused_optimizer.py:396:_update_scale] Increasing dynamic loss scale from 256 to 512
[2023-08-22 15:33:39,952] [INFO] [fused_optimizer.py:394:_update_scale] No Grad overflow for 128 iterations
[2023-08-22 15:33:39,952] [INFO] [fused_optimizer.py:394:_update_scale] No Grad overflow for 128 iterations
[2023-08-22 15:33:39,952] [INFO] [fused_optimizer.py:394:_update_scale] No Grad overflow for 128 iterations
[2023-08-22 15:33:39,952] [INFO] [fused_optimizer.py:394:_update_scale] No Grad overflow for 128 iterations
[2023-08-22 15:33:39,952] [INFO] [fused_optimizer.py:396:_update_scale] Increasing dynamic loss scale from 256 to 512
[2023-08-22 15:33:39,952] [INFO] [fused_optimizer.py:396:_update_scale] Increasing dynamic loss scale from 256 to 512
[2023-08-22 15:33:39,952] [INFO] [fused_optimizer.py:396:_update_scale] Increasing dynamic loss scale from 256 to 512
[2023-08-22 15:33:39,952] [INFO] [fused_optimizer.py:396:_update_scale] Increasing dynamic loss scale from 256 to 512
[2023-08-22 15:33:39,952] [INFO] [fused_optimizer.py:394:_update_scale] No Grad overflow for 128 iterations
[2023-08-22 15:33:39,953] [INFO] [fused_optimizer.py:396:_update_scale] Increasing dynamic loss scale from 256 to 512
[2023-08-22 15:33:39,952] [INFO] [fused_optimizer.py:394:_update_scale] No Grad overflow for 128 iterations
[2023-08-22 15:33:39,953] [INFO] [fused_optimizer.py:396:_update_scale] Increasing dynamic loss scale from 256 to 512
TASK EPOCH: [1]  [100/201]  eta: 0:01:31  lr: 0.000150  min_lr: 0.000004  loss: 2.7185 (2.9073)  loss_scale: 512.0000 (372.5941)  weight_decay: 0.0500 (0.0500)  time: 0.7973  data: 0.0041  max mem: 19534
TASK EPOCH: [1]  [150/201]  eta: 0:00:44  lr: 0.000175  min_lr: 0.000004  loss: 2.6890 (2.8695)  loss_scale: 512.0000 (418.7550)  weight_decay: 0.0500 (0.0500)  time: 0.8516  data: 0.0034  max mem: 19534
[2023-08-22 15:35:24,029] [INFO] [fused_optimizer.py:394:_update_scale] No Grad overflow for 128 iterations
[2023-08-22 15:35:24,029] [INFO] [fused_optimizer.py:394:_update_scale] No Grad overflow for 128 iterations
[2023-08-22 15:35:24,029] [INFO] [fused_optimizer.py:396:_update_scale] Increasing dynamic loss scale from 512 to 1024
[2023-08-22 15:35:24,029] [INFO] [fused_optimizer.py:396:_update_scale] Increasing dynamic loss scale from 512 to 1024
[2023-08-22 15:35:24,029] [INFO] [fused_optimizer.py:394:_update_scale] No Grad overflow for 128 iterations
[2023-08-22 15:35:24,029] [INFO] [fused_optimizer.py:396:_update_scale] Increasing dynamic loss scale from 512 to 1024
[2023-08-22 15:35:24,029] [INFO] [fused_optimizer.py:394:_update_scale] No Grad overflow for 128 iterations
[2023-08-22 15:35:24,030] [INFO] [fused_optimizer.py:396:_update_scale] Increasing dynamic loss scale from 512 to 1024
[2023-08-22 15:35:24,030] [INFO] [fused_optimizer.py:394:_update_scale] No Grad overflow for 128 iterations
[2023-08-22 15:35:24,030] [INFO] [fused_optimizer.py:396:_update_scale] Increasing dynamic loss scale from 512 to 1024
[2023-08-22 15:35:24,030] [INFO] [fused_optimizer.py:394:_update_scale] No Grad overflow for 128 iterations
[2023-08-22 15:35:24,030] [INFO] [fused_optimizer.py:396:_update_scale] Increasing dynamic loss scale from 512 to 1024
[2023-08-22 15:35:24,030] [INFO] [fused_optimizer.py:394:_update_scale] No Grad overflow for 128 iterations
[2023-08-22 15:35:24,030] [INFO] [fused_optimizer.py:396:_update_scale] Increasing dynamic loss scale from 512 to 1024
[2023-08-22 15:35:24,031] [INFO] [fused_optimizer.py:394:_update_scale] No Grad overflow for 128 iterations
[2023-08-22 15:35:24,031] [INFO] [fused_optimizer.py:396:_update_scale] Increasing dynamic loss scale from 512 to 1024
TASK EPOCH: [1]  [200/201]  eta: 0:00:00  lr: 0.000200  min_lr: 0.000005  loss: 2.7868 (2.8345)  loss_scale: 1024.0000 (487.8010)  weight_decay: 0.0500 (0.0500)  time: 0.7605  data: 0.0008  max mem: 19534
TASK EPOCH: [1] Total time: 0:02:52 (0.8573 s / it)
Averaged stats: lr: 0.000200  min_lr: 0.000005  loss: 2.7868 (2.8322)  loss_scale: 1024.0000 (487.8010)  weight_decay: 0.0500 (0.0500)
TASK EPOCH: [2]  [  0/201]  eta: 0:30:41  lr: 0.000200  min_lr: 0.000005  loss: 2.5781 (2.5781)  loss_scale: 1024.0000 (1024.0000)  weight_decay: 0.0500 (0.0500)  time: 9.1594  data: 7.7493  max mem: 19534
TASK EPOCH: [2]  [ 50/201]  eta: 0:02:30  lr: 0.000225  min_lr: 0.000005  loss: 2.5147 (2.6220)  loss_scale: 1024.0000 (1024.0000)  weight_decay: 0.0500 (0.0500)  time: 0.8290  data: 0.0039  max mem: 19534
TASK EPOCH: [2]  [100/201]  eta: 0:01:31  lr: 0.000250  min_lr: 0.000006  loss: 2.5609 (2.5643)  loss_scale: 1024.0000 (1024.0000)  weight_decay: 0.0500 (0.0500)  time: 0.8016  data: 0.0032  max mem: 19534
[2023-08-22 15:37:17,234] [INFO] [fused_optimizer.py:394:_update_scale] No Grad overflow for 128 iterations
[2023-08-22 15:37:17,234] [INFO] [fused_optimizer.py:394:_update_scale] No Grad overflow for 128 iterations
[2023-08-22 15:37:17,235] [INFO] [fused_optimizer.py:394:_update_scale] No Grad overflow for 128 iterations
[2023-08-22 15:37:17,235] [INFO] [fused_optimizer.py:396:_update_scale] Increasing dynamic loss scale from 1024 to 2048
[2023-08-22 15:37:17,235] [INFO] [fused_optimizer.py:396:_update_scale] Increasing dynamic loss scale from 1024 to 2048
[2023-08-22 15:37:17,235] [INFO] [fused_optimizer.py:396:_update_scale] Increasing dynamic loss scale from 1024 to 2048
[2023-08-22 15:37:17,235] [INFO] [fused_optimizer.py:394:_update_scale] No Grad overflow for 128 iterations
[2023-08-22 15:37:17,235] [INFO] [fused_optimizer.py:394:_update_scale] No Grad overflow for 128 iterations
[2023-08-22 15:37:17,235] [INFO] [fused_optimizer.py:396:_update_scale] Increasing dynamic loss scale from 1024 to 2048
[2023-08-22 15:37:17,235] [INFO] [fused_optimizer.py:394:_update_scale] No Grad overflow for 128 iterations
[2023-08-22 15:37:17,235] [INFO] [fused_optimizer.py:396:_update_scale] Increasing dynamic loss scale from 1024 to 2048
[2023-08-22 15:37:17,235] [INFO] [fused_optimizer.py:394:_update_scale] No Grad overflow for 128 iterations
[2023-08-22 15:37:17,235] [INFO] [fused_optimizer.py:396:_update_scale] Increasing dynamic loss scale from 1024 to 2048
[2023-08-22 15:37:17,235] [INFO] [fused_optimizer.py:396:_update_scale] Increasing dynamic loss scale from 1024 to 2048
[2023-08-22 15:37:17,237] [INFO] [fused_optimizer.py:394:_update_scale] No Grad overflow for 128 iterations
[2023-08-22 15:37:17,238] [INFO] [fused_optimizer.py:396:_update_scale] Increasing dynamic loss scale from 1024 to 2048
TASK EPOCH: [2]  [150/201]  eta: 0:00:44  lr: 0.000275  min_lr: 0.000007  loss: 2.6404 (2.5516)  loss_scale: 2048.0000 (1302.0397)  weight_decay: 0.0500 (0.0500)  time: 0.7986  data: 0.0037  max mem: 19534
TASK EPOCH: [2]  [200/201]  eta: 0:00:00  lr: 0.000300  min_lr: 0.000007  loss: 2.3929 (2.5486)  loss_scale: 2048.0000 (1487.6020)  weight_decay: 0.0500 (0.0500)  time: 0.7633  data: 0.0006  max mem: 19534
TASK EPOCH: [2] Total time: 0:02:51 (0.8542 s / it)
Averaged stats: lr: 0.000300  min_lr: 0.000007  loss: 2.3929 (2.5631)  loss_scale: 2048.0000 (1487.6020)  weight_decay: 0.0500 (0.0500)
TASK EPOCH: [3]  [  0/201]  eta: 0:31:06  lr: 0.000300  min_lr: 0.000007  loss: 2.5356 (2.5356)  loss_scale: 2048.0000 (2048.0000)  weight_decay: 0.0500 (0.0500)  time: 9.2853  data: 8.5339  max mem: 19534
[2023-08-22 15:39:09,613] [INFO] [fused_optimizer.py:394:_update_scale] No Grad overflow for 128 iterations
[2023-08-22 15:39:09,614] [INFO] [fused_optimizer.py:396:_update_scale] Increasing dynamic loss scale from 2048 to 4096
[2023-08-22 15:39:09,614] [INFO] [fused_optimizer.py:394:_update_scale] No Grad overflow for 128 iterations
[2023-08-22 15:39:09,614] [INFO] [fused_optimizer.py:396:_update_scale] Increasing dynamic loss scale from 2048 to 4096
[2023-08-22 15:39:09,614] [INFO] [fused_optimizer.py:394:_update_scale] No Grad overflow for 128 iterations
[2023-08-22 15:39:09,615] [INFO] [fused_optimizer.py:396:_update_scale] Increasing dynamic loss scale from 2048 to 4096
[2023-08-22 15:39:09,615] [INFO] [fused_optimizer.py:394:_update_scale] No Grad overflow for 128 iterations
[2023-08-22 15:39:09,615] [INFO] [fused_optimizer.py:396:_update_scale] Increasing dynamic loss scale from 2048 to 4096
[2023-08-22 15:39:09,616] [INFO] [fused_optimizer.py:394:_update_scale] No Grad overflow for 128 iterations
[2023-08-22 15:39:09,616] [INFO] [fused_optimizer.py:396:_update_scale] Increasing dynamic loss scale from 2048 to 4096
[2023-08-22 15:39:09,617] [INFO] [fused_optimizer.py:394:_update_scale] No Grad overflow for 128 iterations
[2023-08-22 15:39:09,617] [INFO] [fused_optimizer.py:396:_update_scale] Increasing dynamic loss scale from 2048 to 4096
[2023-08-22 15:39:09,617] [INFO] [fused_optimizer.py:394:_update_scale] No Grad overflow for 128 iterations
[2023-08-22 15:39:09,617] [INFO] [fused_optimizer.py:396:_update_scale] Increasing dynamic loss scale from 2048 to 4096
[2023-08-22 15:39:09,620] [INFO] [fused_optimizer.py:394:_update_scale] No Grad overflow for 128 iterations
[2023-08-22 15:39:09,621] [INFO] [fused_optimizer.py:396:_update_scale] Increasing dynamic loss scale from 2048 to 4096
TASK EPOCH: [3]  [ 50/201]  eta: 0:02:31  lr: 0.000325  min_lr: 0.000008  loss: 2.3550 (2.4813)  loss_scale: 4096.0000 (2610.1961)  weight_decay: 0.0500 (0.0500)  time: 0.8031  data: 0.0049  max mem: 19534
TASK EPOCH: [3]  [100/201]  eta: 0:01:31  lr: 0.000350  min_lr: 0.000008  loss: 2.3421 (2.4250)  loss_scale: 4096.0000 (3345.7426)  weight_decay: 0.0500 (0.0500)  time: 0.8056  data: 0.0027  max mem: 19534
TASK EPOCH: [3]  [150/201]  eta: 0:00:44  lr: 0.000375  min_lr: 0.000009  loss: 2.6095 (2.4295)  loss_scale: 4096.0000 (3594.1722)  weight_decay: 0.0500 (0.0500)  time: 0.8025  data: 0.0037  max mem: 19534
[2023-08-22 15:40:52,963] [INFO] [fused_optimizer.py:394:_update_scale] No Grad overflow for 128 iterations
[2023-08-22 15:40:52,963] [INFO] [fused_optimizer.py:394:_update_scale] No Grad overflow for 128 iterations
[2023-08-22 15:40:52,963] [INFO] [fused_optimizer.py:396:_update_scale] Increasing dynamic loss scale from 4096 to 8192
[2023-08-22 15:40:52,963] [INFO] [fused_optimizer.py:396:_update_scale] Increasing dynamic loss scale from 4096 to 8192
[2023-08-22 15:40:52,963] [INFO] [fused_optimizer.py:394:_update_scale] No Grad overflow for 128 iterations
[2023-08-22 15:40:52,963] [INFO] [fused_optimizer.py:396:_update_scale] Increasing dynamic loss scale from 4096 to 8192
[2023-08-22 15:40:52,963] [INFO] [fused_optimizer.py:394:_update_scale] No Grad overflow for 128 iterations
[2023-08-22 15:40:52,964] [INFO] [fused_optimizer.py:396:_update_scale] Increasing dynamic loss scale from 4096 to 8192
[2023-08-22 15:40:52,963] [INFO] [fused_optimizer.py:394:_update_scale] No Grad overflow for 128 iterations
[2023-08-22 15:40:52,964] [INFO] [fused_optimizer.py:396:_update_scale] Increasing dynamic loss scale from 4096 to 8192
[2023-08-22 15:40:52,963] [INFO] [fused_optimizer.py:394:_update_scale] No Grad overflow for 128 iterations
[2023-08-22 15:40:52,964] [INFO] [fused_optimizer.py:396:_update_scale] Increasing dynamic loss scale from 4096 to 8192
[2023-08-22 15:40:52,964] [INFO] [fused_optimizer.py:394:_update_scale] No Grad overflow for 128 iterations
[2023-08-22 15:40:52,964] [INFO] [fused_optimizer.py:396:_update_scale] Increasing dynamic loss scale from 4096 to 8192
[2023-08-22 15:40:52,966] [INFO] [fused_optimizer.py:394:_update_scale] No Grad overflow for 128 iterations
[2023-08-22 15:40:52,966] [INFO] [fused_optimizer.py:396:_update_scale] Increasing dynamic loss scale from 4096 to 8192
TASK EPOCH: [3]  [200/201]  eta: 0:00:00  lr: 0.000400  min_lr: 0.000010  loss: 2.3036 (2.4149)  loss_scale: 8192.0000 (4452.6169)  weight_decay: 0.0500 (0.0500)  time: 0.7646  data: 0.0014  max mem: 19534
TASK EPOCH: [3] Total time: 0:02:52 (0.8562 s / it)
Averaged stats: lr: 0.000400  min_lr: 0.000010  loss: 2.3036 (2.4274)  loss_scale: 8192.0000 (4452.6169)  weight_decay: 0.0500 (0.0500)
TASK EPOCH: [4]  [  0/201]  eta: 0:29:52  lr: 0.000400  min_lr: 0.000010  loss: 3.0187 (3.0187)  loss_scale: 8192.0000 (8192.0000)  weight_decay: 0.0500 (0.0500)  time: 8.9166  data: 7.0732  max mem: 19534
TASK EPOCH: [4]  [ 50/201]  eta: 0:02:28  lr: 0.000425  min_lr: 0.000010  loss: 2.3583 (2.3245)  loss_scale: 8192.0000 (8192.0000)  weight_decay: 0.0500 (0.0500)  time: 0.8040  data: 0.0043  max mem: 19534
[2023-08-22 15:42:46,655] [INFO] [fused_optimizer.py:394:_update_scale] No Grad overflow for 128 iterations
[2023-08-22 15:42:46,656] [INFO] [fused_optimizer.py:396:_update_scale] Increasing dynamic loss scale from 8192 to 16384
[2023-08-22 15:42:46,656] [INFO] [fused_optimizer.py:394:_update_scale] No Grad overflow for 128 iterations
[2023-08-22 15:42:46,656] [INFO] [fused_optimizer.py:396:_update_scale] Increasing dynamic loss scale from 8192 to 16384
[2023-08-22 15:42:46,656] [INFO] [fused_optimizer.py:394:_update_scale] No Grad overflow for 128 iterations
[2023-08-22 15:42:46,656] [INFO] [fused_optimizer.py:396:_update_scale] Increasing dynamic loss scale from 8192 to 16384
[2023-08-22 15:42:46,656] [INFO] [fused_optimizer.py:394:_update_scale] No Grad overflow for 128 iterations
[2023-08-22 15:42:46,657] [INFO] [fused_optimizer.py:396:_update_scale] Increasing dynamic loss scale from 8192 to 16384
[2023-08-22 15:42:46,656] [INFO] [fused_optimizer.py:394:_update_scale] No Grad overflow for 128 iterations
[2023-08-22 15:42:46,656] [INFO] [fused_optimizer.py:394:_update_scale] No Grad overflow for 128 iterations
[2023-08-22 15:42:46,656] [INFO] [fused_optimizer.py:394:_update_scale] No Grad overflow for 128 iterations
[2023-08-22 15:42:46,657] [INFO] [fused_optimizer.py:396:_update_scale] Increasing dynamic loss scale from 8192 to 16384
[2023-08-22 15:42:46,656] [INFO] [fused_optimizer.py:394:_update_scale] No Grad overflow for 128 iterations
[2023-08-22 15:42:46,657] [INFO] [fused_optimizer.py:396:_update_scale] Increasing dynamic loss scale from 8192 to 16384
[2023-08-22 15:42:46,657] [INFO] [fused_optimizer.py:396:_update_scale] Increasing dynamic loss scale from 8192 to 16384
[2023-08-22 15:42:46,657] [INFO] [fused_optimizer.py:396:_update_scale] Increasing dynamic loss scale from 8192 to 16384
[2023-08-22 15:42:48,330] [INFO] [fused_optimizer.py:383:_update_scale] 
Grad overflow on iteration 898
[2023-08-22 15:42:48,330] [INFO] [fused_optimizer.py:383:_update_scale] 
Grad overflow on iteration 898
[2023-08-22 15:42:48,330] [INFO] [fused_optimizer.py:385:_update_scale] Reducing dynamic loss scale from 16384 to 8192.0
[2023-08-22 15:42:48,330] [INFO] [fused_optimizer.py:383:_update_scale] 
Grad overflow on iteration 898
[2023-08-22 15:42:48,330] [INFO] [fused_optimizer.py:383:_update_scale] 
Grad overflow on iteration 898
[2023-08-22 15:42:48,331] [INFO] [fused_optimizer.py:385:_update_scale] Reducing dynamic loss scale from 16384 to 8192.0
[2023-08-22 15:42:48,331] [INFO] [fused_optimizer.py:385:_update_scale] Reducing dynamic loss scale from 16384 to 8192.0
[2023-08-22 15:42:48,330] [INFO] [fused_optimizer.py:383:_update_scale] 
Grad overflow on iteration 898
[2023-08-22 15:42:48,331] [INFO] [fused_optimizer.py:385:_update_scale] Reducing dynamic loss scale from 16384 to 8192.0
[2023-08-22 15:42:48,331] [INFO] [fused_optimizer.py:385:_update_scale] Reducing dynamic loss scale from 16384 to 8192.0
[2023-08-22 15:42:48,331] [INFO] [logging.py:77:log_dist] [Rank 0] Overflow detected. Skipping step. Attempted loss scale: 16384, reducing to 8192.0
[2023-08-22 15:42:48,331] [INFO] [fused_optimizer.py:383:_update_scale] 
Grad overflow on iteration 898
[2023-08-22 15:42:48,331] [INFO] [fused_optimizer.py:383:_update_scale] 
Grad overflow on iteration 898
[2023-08-22 15:42:48,331] [INFO] [fused_optimizer.py:385:_update_scale] Reducing dynamic loss scale from 16384 to 8192.0
[2023-08-22 15:42:48,331] [INFO] [fused_optimizer.py:385:_update_scale] Reducing dynamic loss scale from 16384 to 8192.0
[2023-08-22 15:42:48,332] [INFO] [fused_optimizer.py:383:_update_scale] 
Grad overflow on iteration 898
[2023-08-22 15:42:48,333] [INFO] [fused_optimizer.py:385:_update_scale] Reducing dynamic loss scale from 16384 to 8192.0
TASK EPOCH: [4]  [100/201]  eta: 0:01:31  lr: 0.000450  min_lr: 0.000011  loss: 2.4238 (2.3274)  loss_scale: 8192.0000 (8354.2178)  weight_decay: 0.0500 (0.0500)  time: 0.8843  data: 0.0027  max mem: 19534
TASK EPOCH: [4]  [150/201]  eta: 0:00:44  lr: 0.000475  min_lr: 0.000011  loss: 2.1902 (2.3256)  loss_scale: 8192.0000 (8300.5033)  weight_decay: 0.0500 (0.0500)  time: 0.8018  data: 0.0026  max mem: 19534
[2023-08-22 15:44:08,701] [INFO] [logging.py:77:log_dist] [Rank 0] step=1000, skipped=1, lr=[1.181947547511988e-05, 8.854608421781624e-05, 8.854608421781624e-05, 0.00011806144562375497, 0.00011806144562375497, 0.0001574152608316733, 0.0001574152608316733, 0.00020988701444223107, 0.00020988701444223107, 0.00027984935258964144, 0.00027984935258964144, 0.0003731324701195219, 0.0003731324701195219, 0.0004975099601593625, 0.0004975099601593625], mom=[[0.9, 0.999], [0.9, 0.999], [0.9, 0.999], [0.9, 0.999], [0.9, 0.999], [0.9, 0.999], [0.9, 0.999], [0.9, 0.999], [0.9, 0.999], [0.9, 0.999], [0.9, 0.999], [0.9, 0.999], [0.9, 0.999], [0.9, 0.999], [0.9, 0.999]]
[2023-08-22 15:44:08,703] [INFO] [timer.py:209:stop] epoch=0/micro_step=1000/global_step=1000, RunningAvgSamplesPerSec=179.82588586355837, CurrSamplesPerSec=198.81449628401535, MemAllocated=0.82GB, MaxMemAllocated=19.08GB
TASK EPOCH: [4]  [200/201]  eta: 0:00:00  lr: 0.000500  min_lr: 0.000012  loss: 2.3828 (2.3330)  loss_scale: 8192.0000 (8273.5124)  weight_decay: 0.0500 (0.0500)  time: 0.7672  data: 0.0006  max mem: 19534
TASK EPOCH: [4] Total time: 0:02:51 (0.8545 s / it)
Averaged stats: lr: 0.000500  min_lr: 0.000012  loss: 2.3828 (2.3381)  loss_scale: 8192.0000 (8273.5124)  weight_decay: 0.0500 (0.0500)
TASK EPOCH: [5]  [  0/201]  eta: 0:31:11  lr: 0.000500  min_lr: 0.000012  loss: 2.6436 (2.6436)  loss_scale: 8192.0000 (8192.0000)  weight_decay: 0.0500 (0.0500)  time: 9.3123  data: 8.5691  max mem: 19534
[2023-08-22 15:44:41,299] [INFO] [fused_optimizer.py:394:_update_scale] No Grad overflow for 128 iterations
[2023-08-22 15:44:41,299] [INFO] [fused_optimizer.py:394:_update_scale] No Grad overflow for 128 iterations
[2023-08-22 15:44:41,299] [INFO] [fused_optimizer.py:394:_update_scale] No Grad overflow for 128 iterations
[2023-08-22 15:44:41,300] [INFO] [fused_optimizer.py:396:_update_scale] Increasing dynamic loss scale from 8192.0 to 16384.0
[2023-08-22 15:44:41,300] [INFO] [fused_optimizer.py:396:_update_scale] Increasing dynamic loss scale from 8192.0 to 16384.0
[2023-08-22 15:44:41,300] [INFO] [fused_optimizer.py:396:_update_scale] Increasing dynamic loss scale from 8192.0 to 16384.0
[2023-08-22 15:44:41,300] [INFO] [fused_optimizer.py:394:_update_scale] No Grad overflow for 128 iterations
[2023-08-22 15:44:41,300] [INFO] [fused_optimizer.py:396:_update_scale] Increasing dynamic loss scale from 8192.0 to 16384.0
[2023-08-22 15:44:41,300] [INFO] [fused_optimizer.py:394:_update_scale] No Grad overflow for 128 iterations
[2023-08-22 15:44:41,301] [INFO] [fused_optimizer.py:396:_update_scale] Increasing dynamic loss scale from 8192.0 to 16384.0
[2023-08-22 15:44:41,301] [INFO] [fused_optimizer.py:394:_update_scale] No Grad overflow for 128 iterations
[2023-08-22 15:44:41,301] [INFO] [fused_optimizer.py:396:_update_scale] Increasing dynamic loss scale from 8192.0 to 16384.0
[2023-08-22 15:44:41,303] [INFO] [fused_optimizer.py:394:_update_scale] No Grad overflow for 128 iterations
[2023-08-22 15:44:41,304] [INFO] [fused_optimizer.py:396:_update_scale] Increasing dynamic loss scale from 8192.0 to 16384.0
[2023-08-22 15:44:41,320] [INFO] [fused_optimizer.py:394:_update_scale] No Grad overflow for 128 iterations
[2023-08-22 15:44:41,320] [INFO] [fused_optimizer.py:396:_update_scale] Increasing dynamic loss scale from 8192.0 to 16384.0
[2023-08-22 15:44:42,112] [INFO] [fused_optimizer.py:383:_update_scale] 
Grad overflow on iteration 1028
[2023-08-22 15:44:42,112] [INFO] [fused_optimizer.py:385:_update_scale] Reducing dynamic loss scale from 16384.0 to 8192.0
[2023-08-22 15:44:42,112] [INFO] [fused_optimizer.py:383:_update_scale] 
Grad overflow on iteration 1028
[2023-08-22 15:44:42,112] [INFO] [fused_optimizer.py:383:_update_scale] 
Grad overflow on iteration 1028
[2023-08-22 15:44:42,112] [INFO] [fused_optimizer.py:383:_update_scale] 
Grad overflow on iteration 1028
[2023-08-22 15:44:42,112] [INFO] [fused_optimizer.py:385:_update_scale] Reducing dynamic loss scale from 16384.0 to 8192.0
[2023-08-22 15:44:42,112] [INFO] [fused_optimizer.py:385:_update_scale] Reducing dynamic loss scale from 16384.0 to 8192.0
[2023-08-22 15:44:42,112] [INFO] [fused_optimizer.py:385:_update_scale] Reducing dynamic loss scale from 16384.0 to 8192.0
[2023-08-22 15:44:42,112] [INFO] [fused_optimizer.py:383:_update_scale] 
Grad overflow on iteration 1028
[2023-08-22 15:44:42,113] [INFO] [fused_optimizer.py:385:_update_scale] Reducing dynamic loss scale from 16384.0 to 8192.0
[2023-08-22 15:44:42,112] [INFO] [fused_optimizer.py:383:_update_scale] 
Grad overflow on iteration 1028
[2023-08-22 15:44:42,113] [INFO] [fused_optimizer.py:385:_update_scale] Reducing dynamic loss scale from 16384.0 to 8192.0
[2023-08-22 15:44:42,113] [INFO] [fused_optimizer.py:383:_update_scale] 
Grad overflow on iteration 1028
[2023-08-22 15:44:42,113] [INFO] [logging.py:77:log_dist] [Rank 0] Overflow detected. Skipping step. Attempted loss scale: 16384.0, reducing to 8192.0
[2023-08-22 15:44:42,113] [INFO] [fused_optimizer.py:385:_update_scale] Reducing dynamic loss scale from 16384.0 to 8192.0
[2023-08-22 15:44:42,119] [INFO] [fused_optimizer.py:383:_update_scale] 
Grad overflow on iteration 1028
[2023-08-22 15:44:42,119] [INFO] [fused_optimizer.py:385:_update_scale] Reducing dynamic loss scale from 16384.0 to 8192.0
TASK EPOCH: [5]  [ 50/201]  eta: 0:02:32  lr: 0.000500  min_lr: 0.000012  loss: 2.3804 (2.2946)  loss_scale: 8192.0000 (8352.6275)  weight_decay: 0.0500 (0.0500)  time: 0.8323  data: 0.0040  max mem: 19534
TASK EPOCH: [5]  [100/201]  eta: 0:01:31  lr: 0.000500  min_lr: 0.000012  loss: 2.2168 (2.2644)  loss_scale: 8192.0000 (8273.1089)  weight_decay: 0.0500 (0.0500)  time: 0.8003  data: 0.0049  max mem: 19534
TASK EPOCH: [5]  [150/201]  eta: 0:00:44  lr: 0.000500  min_lr: 0.000012  loss: 2.2953 (2.2879)  loss_scale: 8192.0000 (8246.2517)  weight_decay: 0.0500 (0.0500)  time: 0.8031  data: 0.0049  max mem: 19534
[2023-08-22 15:46:26,383] [INFO] [fused_optimizer.py:394:_update_scale] No Grad overflow for 128 iterations
[2023-08-22 15:46:26,383] [INFO] [fused_optimizer.py:394:_update_scale] No Grad overflow for 128 iterations
[2023-08-22 15:46:26,383] [INFO] [fused_optimizer.py:394:_update_scale] No Grad overflow for 128 iterations
[2023-08-22 15:46:26,383] [INFO] [fused_optimizer.py:396:_update_scale] Increasing dynamic loss scale from 8192.0 to 16384.0
[2023-08-22 15:46:26,383] [INFO] [fused_optimizer.py:396:_update_scale] Increasing dynamic loss scale from 8192.0 to 16384.0
[2023-08-22 15:46:26,383] [INFO] [fused_optimizer.py:396:_update_scale] Increasing dynamic loss scale from 8192.0 to 16384.0
[2023-08-22 15:46:26,383] [INFO] [fused_optimizer.py:394:_update_scale] No Grad overflow for 128 iterations
[2023-08-22 15:46:26,383] [INFO] [fused_optimizer.py:394:_update_scale] No Grad overflow for 128 iterations
[2023-08-22 15:46:26,384] [INFO] [fused_optimizer.py:396:_update_scale] Increasing dynamic loss scale from 8192.0 to 16384.0
[2023-08-22 15:46:26,384] [INFO] [fused_optimizer.py:396:_update_scale] Increasing dynamic loss scale from 8192.0 to 16384.0
[2023-08-22 15:46:26,384] [INFO] [fused_optimizer.py:394:_update_scale] No Grad overflow for 128 iterations
[2023-08-22 15:46:26,384] [INFO] [fused_optimizer.py:396:_update_scale] Increasing dynamic loss scale from 8192.0 to 16384.0
[2023-08-22 15:46:26,385] [INFO] [fused_optimizer.py:394:_update_scale] No Grad overflow for 128 iterations
[2023-08-22 15:46:26,385] [INFO] [fused_optimizer.py:396:_update_scale] Increasing dynamic loss scale from 8192.0 to 16384.0
[2023-08-22 15:46:26,385] [INFO] [fused_optimizer.py:394:_update_scale] No Grad overflow for 128 iterations
[2023-08-22 15:46:26,386] [INFO] [fused_optimizer.py:396:_update_scale] Increasing dynamic loss scale from 8192.0 to 16384.0
[2023-08-22 15:46:35,947] [INFO] [fused_optimizer.py:383:_update_scale] 
Grad overflow on iteration 1169
[2023-08-22 15:46:35,947] [INFO] [fused_optimizer.py:383:_update_scale] 
Grad overflow on iteration 1169
[2023-08-22 15:46:35,947] [INFO] [fused_optimizer.py:385:_update_scale] Reducing dynamic loss scale from 16384.0 to 8192.0
[2023-08-22 15:46:35,947] [INFO] [fused_optimizer.py:385:_update_scale] Reducing dynamic loss scale from 16384.0 to 8192.0
[2023-08-22 15:46:35,947] [INFO] [logging.py:77:log_dist] [Rank 0] Overflow detected. Skipping step. Attempted loss scale: 16384.0, reducing to 8192.0
[2023-08-22 15:46:35,947] [INFO] [fused_optimizer.py:383:_update_scale] 
Grad overflow on iteration 1169
[2023-08-22 15:46:35,947] [INFO] [fused_optimizer.py:383:_update_scale] 
Grad overflow on iteration 1169
[2023-08-22 15:46:35,948] [INFO] [fused_optimizer.py:385:_update_scale] Reducing dynamic loss scale from 16384.0 to 8192.0
[2023-08-22 15:46:35,948] [INFO] [fused_optimizer.py:385:_update_scale] Reducing dynamic loss scale from 16384.0 to 8192.0
[2023-08-22 15:46:35,948] [INFO] [fused_optimizer.py:383:_update_scale] 
Grad overflow on iteration 1169
[2023-08-22 15:46:35,948] [INFO] [fused_optimizer.py:385:_update_scale] Reducing dynamic loss scale from 16384.0 to 8192.0
[2023-08-22 15:46:35,948] [INFO] [fused_optimizer.py:383:_update_scale] 
Grad overflow on iteration 1169
[2023-08-22 15:46:35,948] [INFO] [fused_optimizer.py:385:_update_scale] Reducing dynamic loss scale from 16384.0 to 8192.0
[2023-08-22 15:46:35,948] [INFO] [fused_optimizer.py:383:_update_scale] 
Grad overflow on iteration 1169
[2023-08-22 15:46:35,949] [INFO] [fused_optimizer.py:385:_update_scale] Reducing dynamic loss scale from 16384.0 to 8192.0
[2023-08-22 15:46:35,953] [INFO] [fused_optimizer.py:383:_update_scale] 
Grad overflow on iteration 1169
[2023-08-22 15:46:35,954] [INFO] [fused_optimizer.py:385:_update_scale] Reducing dynamic loss scale from 16384.0 to 8192.0
TASK EPOCH: [5]  [200/201]  eta: 0:00:00  lr: 0.000499  min_lr: 0.000012  loss: 2.2511 (2.3000)  loss_scale: 8192.0000 (8721.8308)  weight_decay: 0.0500 (0.0500)  time: 0.7638  data: 0.0010  max mem: 19534
TASK EPOCH: [5] Total time: 0:02:51 (0.8535 s / it)
Averaged stats: lr: 0.000499  min_lr: 0.000012  loss: 2.2511 (2.3142)  loss_scale: 8192.0000 (8721.8308)  weight_decay: 0.0500 (0.0500)
TASK EPOCH: [6]  [  0/201]  eta: 0:31:57  lr: 0.000499  min_lr: 0.000012  loss: 2.7843 (2.7843)  loss_scale: 8192.0000 (8192.0000)  weight_decay: 0.0500 (0.0500)  time: 9.5410  data: 6.1356  max mem: 19534
TASK EPOCH: [6]  [ 50/201]  eta: 0:02:33  lr: 0.000499  min_lr: 0.000012  loss: 2.2527 (2.2880)  loss_scale: 8192.0000 (8192.0000)  weight_decay: 0.0500 (0.0500)  time: 0.8283  data: 0.0040  max mem: 19534
[2023-08-22 15:48:30,380] [INFO] [fused_optimizer.py:394:_update_scale] No Grad overflow for 128 iterations
[2023-08-22 15:48:30,380] [INFO] [fused_optimizer.py:394:_update_scale] No Grad overflow for 128 iterations
[2023-08-22 15:48:30,381] [INFO] [fused_optimizer.py:396:_update_scale] Increasing dynamic loss scale from 8192.0 to 16384.0
[2023-08-22 15:48:30,380] [INFO] [fused_optimizer.py:394:_update_scale] No Grad overflow for 128 iterations
[2023-08-22 15:48:30,381] [INFO] [fused_optimizer.py:396:_update_scale] Increasing dynamic loss scale from 8192.0 to 16384.0
[2023-08-22 15:48:30,380] [INFO] [fused_optimizer.py:394:_update_scale] No Grad overflow for 128 iterations
[2023-08-22 15:48:30,380] [INFO] [fused_optimizer.py:394:_update_scale] No Grad overflow for 128 iterations
[2023-08-22 15:48:30,381] [INFO] [fused_optimizer.py:396:_update_scale] Increasing dynamic loss scale from 8192.0 to 16384.0
[2023-08-22 15:48:30,381] [INFO] [fused_optimizer.py:396:_update_scale] Increasing dynamic loss scale from 8192.0 to 16384.0
[2023-08-22 15:48:30,381] [INFO] [fused_optimizer.py:396:_update_scale] Increasing dynamic loss scale from 8192.0 to 16384.0
[2023-08-22 15:48:30,385] [INFO] [fused_optimizer.py:394:_update_scale] No Grad overflow for 128 iterations
[2023-08-22 15:48:30,386] [INFO] [fused_optimizer.py:396:_update_scale] Increasing dynamic loss scale from 8192.0 to 16384.0
[2023-08-22 15:48:30,381] [INFO] [fused_optimizer.py:394:_update_scale] No Grad overflow for 128 iterations
[2023-08-22 15:48:30,387] [INFO] [fused_optimizer.py:396:_update_scale] Increasing dynamic loss scale from 8192.0 to 16384.0
[2023-08-22 15:48:30,388] [INFO] [fused_optimizer.py:394:_update_scale] No Grad overflow for 128 iterations
[2023-08-22 15:48:30,388] [INFO] [fused_optimizer.py:396:_update_scale] Increasing dynamic loss scale from 8192.0 to 16384.0
[2023-08-22 15:48:31,945] [INFO] [fused_optimizer.py:383:_update_scale] 
Grad overflow on iteration 1300
[2023-08-22 15:48:31,945] [INFO] [fused_optimizer.py:385:_update_scale] Reducing dynamic loss scale from 16384.0 to 8192.0
[2023-08-22 15:48:31,945] [INFO] [fused_optimizer.py:383:_update_scale] 
Grad overflow on iteration 1300
[2023-08-22 15:48:31,945] [INFO] [fused_optimizer.py:383:_update_scale] 
Grad overflow on iteration 1300
[2023-08-22 15:48:31,945] [INFO] [logging.py:77:log_dist] [Rank 0] Overflow detected. Skipping step. Attempted loss scale: 16384.0, reducing to 8192.0
[2023-08-22 15:48:31,945] [INFO] [fused_optimizer.py:385:_update_scale] Reducing dynamic loss scale from 16384.0 to 8192.0
[2023-08-22 15:48:31,945] [INFO] [fused_optimizer.py:385:_update_scale] Reducing dynamic loss scale from 16384.0 to 8192.0
[2023-08-22 15:48:31,945] [INFO] [fused_optimizer.py:383:_update_scale] 
Grad overflow on iteration 1300
[2023-08-22 15:48:31,945] [INFO] [fused_optimizer.py:383:_update_scale] 
Grad overflow on iteration 1300
[2023-08-22 15:48:31,946] [INFO] [fused_optimizer.py:385:_update_scale] Reducing dynamic loss scale from 16384.0 to 8192.0
[2023-08-22 15:48:31,946] [INFO] [fused_optimizer.py:385:_update_scale] Reducing dynamic loss scale from 16384.0 to 8192.0
[2023-08-22 15:48:31,945] [INFO] [fused_optimizer.py:383:_update_scale] 
Grad overflow on iteration 1300
[2023-08-22 15:48:31,946] [INFO] [fused_optimizer.py:385:_update_scale] Reducing dynamic loss scale from 16384.0 to 8192.0
[2023-08-22 15:48:31,946] [INFO] [fused_optimizer.py:383:_update_scale] 
Grad overflow on iteration 1300
[2023-08-22 15:48:31,946] [INFO] [fused_optimizer.py:385:_update_scale] Reducing dynamic loss scale from 16384.0 to 8192.0
[2023-08-22 15:48:31,946] [INFO] [fused_optimizer.py:383:_update_scale] 
Grad overflow on iteration 1300
[2023-08-22 15:48:31,946] [INFO] [fused_optimizer.py:385:_update_scale] Reducing dynamic loss scale from 16384.0 to 8192.0
TASK EPOCH: [6]  [100/201]  eta: 0:01:32  lr: 0.000499  min_lr: 0.000012  loss: 2.0482 (2.2974)  loss_scale: 8192.0000 (8354.2178)  weight_decay: 0.0500 (0.0500)  time: 0.8396  data: 0.0030  max mem: 19534
TASK EPOCH: [6]  [150/201]  eta: 0:00:44  lr: 0.000498  min_lr: 0.000012  loss: 2.3524 (2.2771)  loss_scale: 8192.0000 (8300.5033)  weight_decay: 0.0500 (0.0500)  time: 0.8017  data: 0.0025  max mem: 19534
TASK EPOCH: [6]  [200/201]  eta: 0:00:00  lr: 0.000498  min_lr: 0.000012  loss: 2.3744 (2.3053)  loss_scale: 8192.0000 (8273.5124)  weight_decay: 0.0500 (0.0500)  time: 0.7655  data: 0.0012  max mem: 19534
TASK EPOCH: [6] Total time: 0:02:51 (0.8555 s / it)
Averaged stats: lr: 0.000498  min_lr: 0.000012  loss: 2.3744 (2.2538)  loss_scale: 8192.0000 (8273.5124)  weight_decay: 0.0500 (0.0500)
TASK EPOCH: [7]  [  0/201]  eta: 0:31:27  lr: 0.000498  min_lr: 0.000012  loss: 2.1962 (2.1962)  loss_scale: 8192.0000 (8192.0000)  weight_decay: 0.0500 (0.0500)  time: 9.3910  data: 8.0620  max mem: 19534
[2023-08-22 15:50:23,990] [INFO] [fused_optimizer.py:394:_update_scale] No Grad overflow for 128 iterations
[2023-08-22 15:50:23,990] [INFO] [fused_optimizer.py:394:_update_scale] No Grad overflow for 128 iterations
[2023-08-22 15:50:23,990] [INFO] [fused_optimizer.py:394:_update_scale] No Grad overflow for 128 iterations
[2023-08-22 15:50:23,991] [INFO] [fused_optimizer.py:396:_update_scale] Increasing dynamic loss scale from 8192.0 to 16384.0
[2023-08-22 15:50:23,991] [INFO] [fused_optimizer.py:396:_update_scale] Increasing dynamic loss scale from 8192.0 to 16384.0
[2023-08-22 15:50:23,991] [INFO] [fused_optimizer.py:396:_update_scale] Increasing dynamic loss scale from 8192.0 to 16384.0
[2023-08-22 15:50:23,991] [INFO] [fused_optimizer.py:394:_update_scale] No Grad overflow for 128 iterations
[2023-08-22 15:50:23,991] [INFO] [fused_optimizer.py:396:_update_scale] Increasing dynamic loss scale from 8192.0 to 16384.0
[2023-08-22 15:50:23,991] [INFO] [fused_optimizer.py:394:_update_scale] No Grad overflow for 128 iterations
[2023-08-22 15:50:23,992] [INFO] [fused_optimizer.py:396:_update_scale] Increasing dynamic loss scale from 8192.0 to 16384.0
[2023-08-22 15:50:23,993] [INFO] [fused_optimizer.py:394:_update_scale] No Grad overflow for 128 iterations
[2023-08-22 15:50:23,994] [INFO] [fused_optimizer.py:396:_update_scale] Increasing dynamic loss scale from 8192.0 to 16384.0
[2023-08-22 15:50:23,999] [INFO] [fused_optimizer.py:394:_update_scale] No Grad overflow for 128 iterations
[2023-08-22 15:50:23,999] [INFO] [fused_optimizer.py:396:_update_scale] Increasing dynamic loss scale from 8192.0 to 16384.0
[2023-08-22 15:50:23,999] [INFO] [fused_optimizer.py:394:_update_scale] No Grad overflow for 128 iterations
[2023-08-22 15:50:23,999] [INFO] [fused_optimizer.py:396:_update_scale] Increasing dynamic loss scale from 8192.0 to 16384.0
[2023-08-22 15:50:25,573] [INFO] [fused_optimizer.py:383:_update_scale] 
Grad overflow on iteration 1431
[2023-08-22 15:50:25,573] [INFO] [fused_optimizer.py:383:_update_scale] 
Grad overflow on iteration 1431
[2023-08-22 15:50:25,574] [INFO] [fused_optimizer.py:385:_update_scale] Reducing dynamic loss scale from 16384.0 to 8192.0
[2023-08-22 15:50:25,574] [INFO] [fused_optimizer.py:385:_update_scale] Reducing dynamic loss scale from 16384.0 to 8192.0
[2023-08-22 15:50:25,574] [INFO] [logging.py:77:log_dist] [Rank 0] Overflow detected. Skipping step. Attempted loss scale: 16384.0, reducing to 8192.0
[2023-08-22 15:50:25,574] [INFO] [fused_optimizer.py:383:_update_scale] 
Grad overflow on iteration 1431
[2023-08-22 15:50:25,574] [INFO] [fused_optimizer.py:385:_update_scale] Reducing dynamic loss scale from 16384.0 to 8192.0
[2023-08-22 15:50:25,574] [INFO] [fused_optimizer.py:383:_update_scale] 
Grad overflow on iteration 1431
[2023-08-22 15:50:25,574] [INFO] [fused_optimizer.py:383:_update_scale] 
Grad overflow on iteration 1431
[2023-08-22 15:50:25,574] [INFO] [fused_optimizer.py:385:_update_scale] Reducing dynamic loss scale from 16384.0 to 8192.0
[2023-08-22 15:50:25,574] [INFO] [fused_optimizer.py:385:_update_scale] Reducing dynamic loss scale from 16384.0 to 8192.0
[2023-08-22 15:50:25,574] [INFO] [fused_optimizer.py:383:_update_scale] 
Grad overflow on iteration 1431
[2023-08-22 15:50:25,574] [INFO] [fused_optimizer.py:385:_update_scale] Reducing dynamic loss scale from 16384.0 to 8192.0
[2023-08-22 15:50:25,575] [INFO] [fused_optimizer.py:383:_update_scale] 
Grad overflow on iteration 1431
[2023-08-22 15:50:25,575] [INFO] [fused_optimizer.py:385:_update_scale] Reducing dynamic loss scale from 16384.0 to 8192.0
[2023-08-22 15:50:25,588] [INFO] [fused_optimizer.py:383:_update_scale] 
Grad overflow on iteration 1431
[2023-08-22 15:50:25,588] [INFO] [fused_optimizer.py:385:_update_scale] Reducing dynamic loss scale from 16384.0 to 8192.0
TASK EPOCH: [7]  [ 50/201]  eta: 0:02:31  lr: 0.000497  min_lr: 0.000012  loss: 2.3747 (2.2292)  loss_scale: 8192.0000 (8513.2549)  weight_decay: 0.0500 (0.0500)  time: 0.8588  data: 0.0044  max mem: 19534
TASK EPOCH: [7]  [100/201]  eta: 0:01:32  lr: 0.000496  min_lr: 0.000012  loss: 2.3127 (2.1802)  loss_scale: 8192.0000 (8354.2178)  weight_decay: 0.0500 (0.0500)  time: 0.8179  data: 0.0026  max mem: 19534
TASK EPOCH: [7]  [150/201]  eta: 0:00:44  lr: 0.000495  min_lr: 0.000012  loss: 2.0525 (2.1847)  loss_scale: 8192.0000 (8300.5033)  weight_decay: 0.0500 (0.0500)  time: 0.8001  data: 0.0044  max mem: 19534
[2023-08-22 15:52:11,195] [INFO] [fused_optimizer.py:394:_update_scale] No Grad overflow for 128 iterations
[2023-08-22 15:52:11,195] [INFO] [fused_optimizer.py:394:_update_scale] No Grad overflow for 128 iterations
[2023-08-22 15:52:11,196] [INFO] [fused_optimizer.py:396:_update_scale] Increasing dynamic loss scale from 8192.0 to 16384.0
[2023-08-22 15:52:11,196] [INFO] [fused_optimizer.py:396:_update_scale] Increasing dynamic loss scale from 8192.0 to 16384.0
[2023-08-22 15:52:11,196] [INFO] [fused_optimizer.py:394:_update_scale] No Grad overflow for 128 iterations
[2023-08-22 15:52:11,196] [INFO] [fused_optimizer.py:394:_update_scale] No Grad overflow for 128 iterations
[2023-08-22 15:52:11,196] [INFO] [fused_optimizer.py:396:_update_scale] Increasing dynamic loss scale from 8192.0 to 16384.0
[2023-08-22 15:52:11,196] [INFO] [fused_optimizer.py:396:_update_scale] Increasing dynamic loss scale from 8192.0 to 16384.0
[2023-08-22 15:52:11,196] [INFO] [fused_optimizer.py:394:_update_scale] No Grad overflow for 128 iterations
[2023-08-22 15:52:11,197] [INFO] [fused_optimizer.py:396:_update_scale] Increasing dynamic loss scale from 8192.0 to 16384.0
[2023-08-22 15:52:11,197] [INFO] [fused_optimizer.py:394:_update_scale] No Grad overflow for 128 iterations
[2023-08-22 15:52:11,197] [INFO] [fused_optimizer.py:396:_update_scale] Increasing dynamic loss scale from 8192.0 to 16384.0
[2023-08-22 15:52:11,199] [INFO] [fused_optimizer.py:394:_update_scale] No Grad overflow for 128 iterations
[2023-08-22 15:52:11,199] [INFO] [fused_optimizer.py:396:_update_scale] Increasing dynamic loss scale from 8192.0 to 16384.0
[2023-08-22 15:52:11,199] [INFO] [fused_optimizer.py:394:_update_scale] No Grad overflow for 128 iterations
[2023-08-22 15:52:11,199] [INFO] [fused_optimizer.py:396:_update_scale] Increasing dynamic loss scale from 8192.0 to 16384.0
[2023-08-22 15:52:12,008] [INFO] [fused_optimizer.py:383:_update_scale] 
Grad overflow on iteration 1561
[2023-08-22 15:52:12,008] [INFO] [fused_optimizer.py:385:_update_scale] Reducing dynamic loss scale from 16384.0 to 8192.0
[2023-08-22 15:52:12,008] [INFO] [fused_optimizer.py:383:_update_scale] 
Grad overflow on iteration 1561
[2023-08-22 15:52:12,008] [INFO] [fused_optimizer.py:385:_update_scale] Reducing dynamic loss scale from 16384.0 to 8192.0
[2023-08-22 15:52:12,008] [INFO] [fused_optimizer.py:383:_update_scale] 
Grad overflow on iteration 1561
[2023-08-22 15:52:12,008] [INFO] [fused_optimizer.py:385:_update_scale] Reducing dynamic loss scale from 16384.0 to 8192.0
[2023-08-22 15:52:12,009] [INFO] [logging.py:77:log_dist] [Rank 0] Overflow detected. Skipping step. Attempted loss scale: 16384.0, reducing to 8192.0
[2023-08-22 15:52:12,009] [INFO] [fused_optimizer.py:383:_update_scale] 
Grad overflow on iteration 1561
[2023-08-22 15:52:12,009] [INFO] [fused_optimizer.py:383:_update_scale] 
Grad overflow on iteration 1561
[2023-08-22 15:52:12,009] [INFO] [fused_optimizer.py:385:_update_scale] Reducing dynamic loss scale from 16384.0 to 8192.0
[2023-08-22 15:52:12,009] [INFO] [fused_optimizer.py:385:_update_scale] Reducing dynamic loss scale from 16384.0 to 8192.0
[2023-08-22 15:52:12,010] [INFO] [fused_optimizer.py:383:_update_scale] 
Grad overflow on iteration 1561
[2023-08-22 15:52:12,010] [INFO] [fused_optimizer.py:385:_update_scale] Reducing dynamic loss scale from 16384.0 to 8192.0
[2023-08-22 15:52:12,014] [INFO] [fused_optimizer.py:383:_update_scale] 
Grad overflow on iteration 1561
[2023-08-22 15:52:12,015] [INFO] [fused_optimizer.py:385:_update_scale] Reducing dynamic loss scale from 16384.0 to 8192.0
[2023-08-22 15:52:12,015] [INFO] [fused_optimizer.py:383:_update_scale] 
Grad overflow on iteration 1561
[2023-08-22 15:52:12,016] [INFO] [fused_optimizer.py:385:_update_scale] Reducing dynamic loss scale from 16384.0 to 8192.0
TASK EPOCH: [7]  [200/201]  eta: 0:00:00  lr: 0.000495  min_lr: 0.000012  loss: 2.3465 (2.1911)  loss_scale: 8192.0000 (8314.2687)  weight_decay: 0.0500 (0.0500)  time: 0.7635  data: 0.0011  max mem: 19534
TASK EPOCH: [7] Total time: 0:02:52 (0.8559 s / it)
Averaged stats: lr: 0.000495  min_lr: 0.000012  loss: 2.3465 (2.2150)  loss_scale: 8192.0000 (8314.2687)  weight_decay: 0.0500 (0.0500)
TASK EPOCH: [8]  [  0/201]  eta: 0:34:11  lr: 0.000495  min_lr: 0.000012  loss: 2.2812 (2.2812)  loss_scale: 8192.0000 (8192.0000)  weight_decay: 0.0500 (0.0500)  time: 10.2072  data: 7.4768  max mem: 19534
TASK EPOCH: [8]  [ 50/201]  eta: 0:02:29  lr: 0.000494  min_lr: 0.000012  loss: 1.7249 (2.0514)  loss_scale: 8192.0000 (8192.0000)  weight_decay: 0.0500 (0.0500)  time: 0.8037  data: 0.0043  max mem: 19534
[2023-08-22 15:54:04,657] [INFO] [fused_optimizer.py:394:_update_scale] No Grad overflow for 128 iterations
[2023-08-22 15:54:04,657] [INFO] [fused_optimizer.py:394:_update_scale] No Grad overflow for 128 iterations
[2023-08-22 15:54:04,657] [INFO] [fused_optimizer.py:394:_update_scale] No Grad overflow for 128 iterations
[2023-08-22 15:54:04,658] [INFO] [fused_optimizer.py:396:_update_scale] Increasing dynamic loss scale from 8192.0 to 16384.0
[2023-08-22 15:54:04,658] [INFO] [fused_optimizer.py:396:_update_scale] Increasing dynamic loss scale from 8192.0 to 16384.0
[2023-08-22 15:54:04,657] [INFO] [fused_optimizer.py:394:_update_scale] No Grad overflow for 128 iterations
[2023-08-22 15:54:04,658] [INFO] [fused_optimizer.py:396:_update_scale] Increasing dynamic loss scale from 8192.0 to 16384.0
[2023-08-22 15:54:04,658] [INFO] [fused_optimizer.py:396:_update_scale] Increasing dynamic loss scale from 8192.0 to 16384.0
[2023-08-22 15:54:04,657] [INFO] [fused_optimizer.py:394:_update_scale] No Grad overflow for 128 iterations
[2023-08-22 15:54:04,658] [INFO] [fused_optimizer.py:396:_update_scale] Increasing dynamic loss scale from 8192.0 to 16384.0
[2023-08-22 15:54:04,658] [INFO] [fused_optimizer.py:394:_update_scale] No Grad overflow for 128 iterations
[2023-08-22 15:54:04,658] [INFO] [fused_optimizer.py:394:_update_scale] No Grad overflow for 128 iterations
[2023-08-22 15:54:04,658] [INFO] [fused_optimizer.py:396:_update_scale] Increasing dynamic loss scale from 8192.0 to 16384.0
[2023-08-22 15:54:04,658] [INFO] [fused_optimizer.py:396:_update_scale] Increasing dynamic loss scale from 8192.0 to 16384.0
[2023-08-22 15:54:04,693] [INFO] [fused_optimizer.py:394:_update_scale] No Grad overflow for 128 iterations
[2023-08-22 15:54:04,693] [INFO] [fused_optimizer.py:396:_update_scale] Increasing dynamic loss scale from 8192.0 to 16384.0
[2023-08-22 15:54:05,437] [INFO] [fused_optimizer.py:383:_update_scale] 
Grad overflow on iteration 1691
[2023-08-22 15:54:05,438] [INFO] [fused_optimizer.py:383:_update_scale] 
Grad overflow on iteration 1691
[2023-08-22 15:54:05,438] [INFO] [fused_optimizer.py:385:_update_scale] Reducing dynamic loss scale from 16384.0 to 8192.0
[2023-08-22 15:54:05,438] [INFO] [fused_optimizer.py:385:_update_scale] Reducing dynamic loss scale from 16384.0 to 8192.0
[2023-08-22 15:54:05,438] [INFO] [fused_optimizer.py:383:_update_scale] 
Grad overflow on iteration 1691
[2023-08-22 15:54:05,438] [INFO] [fused_optimizer.py:383:_update_scale] 
Grad overflow on iteration 1691
[2023-08-22 15:54:05,438] [INFO] [fused_optimizer.py:385:_update_scale] Reducing dynamic loss scale from 16384.0 to 8192.0
[2023-08-22 15:54:05,438] [INFO] [fused_optimizer.py:385:_update_scale] Reducing dynamic loss scale from 16384.0 to 8192.0
[2023-08-22 15:54:05,438] [INFO] [fused_optimizer.py:383:_update_scale] 
Grad overflow on iteration 1691
[2023-08-22 15:54:05,439] [INFO] [fused_optimizer.py:385:_update_scale] Reducing dynamic loss scale from 16384.0 to 8192.0
[2023-08-22 15:54:05,439] [INFO] [fused_optimizer.py:383:_update_scale] 
Grad overflow on iteration 1691
[2023-08-22 15:54:05,439] [INFO] [fused_optimizer.py:385:_update_scale] Reducing dynamic loss scale from 16384.0 to 8192.0
[2023-08-22 15:54:05,442] [INFO] [fused_optimizer.py:383:_update_scale] 
Grad overflow on iteration 1691
[2023-08-22 15:54:05,442] [INFO] [fused_optimizer.py:385:_update_scale] Reducing dynamic loss scale from 16384.0 to 8192.0
[2023-08-22 15:54:05,450] [INFO] [fused_optimizer.py:383:_update_scale] 
Grad overflow on iteration 1691
[2023-08-22 15:54:05,450] [INFO] [fused_optimizer.py:385:_update_scale] Reducing dynamic loss scale from 16384.0 to 8192.0
[2023-08-22 15:54:05,451] [INFO] [logging.py:77:log_dist] [Rank 0] Overflow detected. Skipping step. Attempted loss scale: 16384.0, reducing to 8192.0
TASK EPOCH: [8]  [100/201]  eta: 0:01:31  lr: 0.000493  min_lr: 0.000012  loss: 2.2677 (2.1457)  loss_scale: 8192.0000 (8273.1089)  weight_decay: 0.0500 (0.0500)  time: 0.8338  data: 0.0066  max mem: 19534
TASK EPOCH: [8]  [150/201]  eta: 0:00:44  lr: 0.000492  min_lr: 0.000012  loss: 2.0657 (2.1327)  loss_scale: 8192.0000 (8246.2517)  weight_decay: 0.0500 (0.0500)  time: 0.8019  data: 0.0026  max mem: 19534
TASK EPOCH: [8]  [200/201]  eta: 0:00:00  lr: 0.000490  min_lr: 0.000012  loss: 2.0950 (2.1336)  loss_scale: 8192.0000 (8232.7562)  weight_decay: 0.0500 (0.0500)  time: 0.7666  data: 0.0010  max mem: 19534
TASK EPOCH: [8] Total time: 0:02:51 (0.8528 s / it)
Averaged stats: lr: 0.000490  min_lr: 0.000012  loss: 2.0950 (2.1728)  loss_scale: 8192.0000 (8232.7562)  weight_decay: 0.0500 (0.0500)
TASK EPOCH: [9]  [  0/201]  eta: 0:32:40  lr: 0.000490  min_lr: 0.000012  loss: 1.6636 (1.6636)  loss_scale: 8192.0000 (8192.0000)  weight_decay: 0.0500 (0.0500)  time: 9.7561  data: 8.2764  max mem: 19534
[2023-08-22 15:55:58,652] [INFO] [fused_optimizer.py:394:_update_scale] No Grad overflow for 128 iterations
[2023-08-22 15:55:58,652] [INFO] [fused_optimizer.py:394:_update_scale] No Grad overflow for 128 iterations
[2023-08-22 15:55:58,652] [INFO] [fused_optimizer.py:394:_update_scale] No Grad overflow for 128 iterations
[2023-08-22 15:55:58,652] [INFO] [fused_optimizer.py:396:_update_scale] Increasing dynamic loss scale from 8192.0 to 16384.0
[2023-08-22 15:55:58,652] [INFO] [fused_optimizer.py:396:_update_scale] Increasing dynamic loss scale from 8192.0 to 16384.0
[2023-08-22 15:55:58,652] [INFO] [fused_optimizer.py:396:_update_scale] Increasing dynamic loss scale from 8192.0 to 16384.0
[2023-08-22 15:55:58,652] [INFO] [fused_optimizer.py:394:_update_scale] No Grad overflow for 128 iterations
[2023-08-22 15:55:58,652] [INFO] [fused_optimizer.py:394:_update_scale] No Grad overflow for 128 iterations
[2023-08-22 15:55:58,653] [INFO] [fused_optimizer.py:396:_update_scale] Increasing dynamic loss scale from 8192.0 to 16384.0
[2023-08-22 15:55:58,652] [INFO] [fused_optimizer.py:394:_update_scale] No Grad overflow for 128 iterations
[2023-08-22 15:55:58,653] [INFO] [fused_optimizer.py:396:_update_scale] Increasing dynamic loss scale from 8192.0 to 16384.0
[2023-08-22 15:55:58,653] [INFO] [fused_optimizer.py:396:_update_scale] Increasing dynamic loss scale from 8192.0 to 16384.0
[2023-08-22 15:55:58,653] [INFO] [fused_optimizer.py:394:_update_scale] No Grad overflow for 128 iterations
[2023-08-22 15:55:58,654] [INFO] [fused_optimizer.py:396:_update_scale] Increasing dynamic loss scale from 8192.0 to 16384.0
[2023-08-22 15:55:58,675] [INFO] [fused_optimizer.py:394:_update_scale] No Grad overflow for 128 iterations
[2023-08-22 15:55:58,676] [INFO] [fused_optimizer.py:396:_update_scale] Increasing dynamic loss scale from 8192.0 to 16384.0
[2023-08-22 15:55:59,425] [INFO] [fused_optimizer.py:383:_update_scale] 
Grad overflow on iteration 1821
[2023-08-22 15:55:59,425] [INFO] [fused_optimizer.py:383:_update_scale] 
Grad overflow on iteration 1821
[2023-08-22 15:55:59,426] [INFO] [fused_optimizer.py:385:_update_scale] Reducing dynamic loss scale from 16384.0 to 8192.0
[2023-08-22 15:55:59,425] [INFO] [fused_optimizer.py:383:_update_scale] 
Grad overflow on iteration 1821
[2023-08-22 15:55:59,426] [INFO] [fused_optimizer.py:385:_update_scale] Reducing dynamic loss scale from 16384.0 to 8192.0
[2023-08-22 15:55:59,426] [INFO] [fused_optimizer.py:385:_update_scale] Reducing dynamic loss scale from 16384.0 to 8192.0
[2023-08-22 15:55:59,426] [INFO] [fused_optimizer.py:383:_update_scale] 
Grad overflow on iteration 1821
[2023-08-22 15:55:59,426] [INFO] [fused_optimizer.py:383:_update_scale] 
Grad overflow on iteration 1821
[2023-08-22 15:55:59,426] [INFO] [fused_optimizer.py:385:_update_scale] Reducing dynamic loss scale from 16384.0 to 8192.0
[2023-08-22 15:55:59,426] [INFO] [fused_optimizer.py:385:_update_scale] Reducing dynamic loss scale from 16384.0 to 8192.0
[2023-08-22 15:55:59,430] [INFO] [fused_optimizer.py:383:_update_scale] 
Grad overflow on iteration 1821
[2023-08-22 15:55:59,431] [INFO] [fused_optimizer.py:385:_update_scale] Reducing dynamic loss scale from 16384.0 to 8192.0
[2023-08-22 15:55:59,432] [INFO] [fused_optimizer.py:383:_update_scale] 
Grad overflow on iteration 1821
[2023-08-22 15:55:59,432] [INFO] [fused_optimizer.py:385:_update_scale] Reducing dynamic loss scale from 16384.0 to 8192.0
[2023-08-22 15:55:59,433] [INFO] [logging.py:77:log_dist] [Rank 0] Overflow detected. Skipping step. Attempted loss scale: 16384.0, reducing to 8192.0
[2023-08-22 15:55:59,443] [INFO] [fused_optimizer.py:383:_update_scale] 
Grad overflow on iteration 1821
[2023-08-22 15:55:59,444] [INFO] [fused_optimizer.py:385:_update_scale] Reducing dynamic loss scale from 16384.0 to 8192.0
TASK EPOCH: [9]  [ 50/201]  eta: 0:02:29  lr: 0.000489  min_lr: 0.000012  loss: 2.2188 (2.1672)  loss_scale: 8192.0000 (8352.6275)  weight_decay: 0.0500 (0.0500)  time: 0.8138  data: 0.0278  max mem: 19534
TASK EPOCH: [9]  [100/201]  eta: 0:01:31  lr: 0.000488  min_lr: 0.000012  loss: 1.9696 (2.1319)  loss_scale: 8192.0000 (8273.1089)  weight_decay: 0.0500 (0.0500)  time: 0.8027  data: 0.0032  max mem: 19534
[2023-08-22 15:57:44,040] [INFO] [fused_optimizer.py:394:_update_scale] No Grad overflow for 128 iterations
[2023-08-22 15:57:44,040] [INFO] [fused_optimizer.py:394:_update_scale] No Grad overflow for 128 iterations
[2023-08-22 15:57:44,040] [INFO] [fused_optimizer.py:394:_update_scale] No Grad overflow for 128 iterations
[2023-08-22 15:57:44,040] [INFO] [fused_optimizer.py:396:_update_scale] Increasing dynamic loss scale from 8192.0 to 16384.0
[2023-08-22 15:57:44,040] [INFO] [fused_optimizer.py:394:_update_scale] No Grad overflow for 128 iterations
[2023-08-22 15:57:44,040] [INFO] [fused_optimizer.py:396:_update_scale] Increasing dynamic loss scale from 8192.0 to 16384.0
[2023-08-22 15:57:44,040] [INFO] [fused_optimizer.py:396:_update_scale] Increasing dynamic loss scale from 8192.0 to 16384.0
[2023-08-22 15:57:44,040] [INFO] [fused_optimizer.py:396:_update_scale] Increasing dynamic loss scale from 8192.0 to 16384.0
[2023-08-22 15:57:44,041] [INFO] [fused_optimizer.py:394:_update_scale] No Grad overflow for 128 iterations
[2023-08-22 15:57:44,040] [INFO] [fused_optimizer.py:394:_update_scale] No Grad overflow for 128 iterations
[2023-08-22 15:57:44,041] [INFO] [fused_optimizer.py:396:_update_scale] Increasing dynamic loss scale from 8192.0 to 16384.0
[2023-08-22 15:57:44,041] [INFO] [fused_optimizer.py:396:_update_scale] Increasing dynamic loss scale from 8192.0 to 16384.0
[2023-08-22 15:57:44,041] [INFO] [fused_optimizer.py:394:_update_scale] No Grad overflow for 128 iterations
[2023-08-22 15:57:44,041] [INFO] [fused_optimizer.py:396:_update_scale] Increasing dynamic loss scale from 8192.0 to 16384.0
[2023-08-22 15:57:44,051] [INFO] [fused_optimizer.py:394:_update_scale] No Grad overflow for 128 iterations
[2023-08-22 15:57:44,051] [INFO] [fused_optimizer.py:396:_update_scale] Increasing dynamic loss scale from 8192.0 to 16384.0
[2023-08-22 15:57:45,650] [INFO] [fused_optimizer.py:383:_update_scale] 
Grad overflow on iteration 1952
[2023-08-22 15:57:45,650] [INFO] [fused_optimizer.py:385:_update_scale] Reducing dynamic loss scale from 16384.0 to 8192.0
[2023-08-22 15:57:45,650] [INFO] [fused_optimizer.py:383:_update_scale] 
Grad overflow on iteration 1952
[2023-08-22 15:57:45,650] [INFO] [fused_optimizer.py:385:_update_scale] Reducing dynamic loss scale from 16384.0 to 8192.0
[2023-08-22 15:57:45,650] [INFO] [logging.py:77:log_dist] [Rank 0] Overflow detected. Skipping step. Attempted loss scale: 16384.0, reducing to 8192.0
[2023-08-22 15:57:45,650] [INFO] [fused_optimizer.py:383:_update_scale] 
Grad overflow on iteration 1952
[2023-08-22 15:57:45,650] [INFO] [fused_optimizer.py:383:_update_scale] 
Grad overflow on iteration 1952
[2023-08-22 15:57:45,651] [INFO] [fused_optimizer.py:385:_update_scale] Reducing dynamic loss scale from 16384.0 to 8192.0
[2023-08-22 15:57:45,651] [INFO] [fused_optimizer.py:385:_update_scale] Reducing dynamic loss scale from 16384.0 to 8192.0
[2023-08-22 15:57:45,651] [INFO] [fused_optimizer.py:383:_update_scale] 
Grad overflow on iteration 1952
[2023-08-22 15:57:45,651] [INFO] [fused_optimizer.py:383:_update_scale] 
Grad overflow on iteration 1952
[2023-08-22 15:57:45,652] [INFO] [fused_optimizer.py:385:_update_scale] Reducing dynamic loss scale from 16384.0 to 8192.0
[2023-08-22 15:57:45,652] [INFO] [fused_optimizer.py:385:_update_scale] Reducing dynamic loss scale from 16384.0 to 8192.0
[2023-08-22 15:57:45,654] [INFO] [fused_optimizer.py:383:_update_scale] 
Grad overflow on iteration 1952
[2023-08-22 15:57:45,655] [INFO] [fused_optimizer.py:385:_update_scale] Reducing dynamic loss scale from 16384.0 to 8192.0
[2023-08-22 15:57:45,657] [INFO] [fused_optimizer.py:383:_update_scale] 
Grad overflow on iteration 1952
[2023-08-22 15:57:45,657] [INFO] [fused_optimizer.py:385:_update_scale] Reducing dynamic loss scale from 16384.0 to 8192.0
TASK EPOCH: [9]  [150/201]  eta: 0:00:44  lr: 0.000486  min_lr: 0.000012  loss: 2.1380 (2.0954)  loss_scale: 8192.0000 (8354.7550)  weight_decay: 0.0500 (0.0500)  time: 0.8014  data: 0.0050  max mem: 19534
[2023-08-22 15:58:22,993] [INFO] [logging.py:77:log_dist] [Rank 0] step=2000, skipped=9, lr=[1.1528518216598994e-05, 8.6366366008577e-05, 8.6366366008577e-05, 0.00011515515467810266, 0.00011515515467810266, 0.00015354020623747021, 0.00015354020623747021, 0.00020472027498329363, 0.00020472027498329363, 0.0002729603666443915, 0.0002729603666443915, 0.0003639471555258553, 0.0003639471555258553, 0.0004852628740344738, 0.0004852628740344738], mom=[[0.9, 0.999], [0.9, 0.999], [0.9, 0.999], [0.9, 0.999], [0.9, 0.999], [0.9, 0.999], [0.9, 0.999], [0.9, 0.999], [0.9, 0.999], [0.9, 0.999], [0.9, 0.999], [0.9, 0.999], [0.9, 0.999], [0.9, 0.999], [0.9, 0.999]]
[2023-08-22 15:58:22,995] [INFO] [timer.py:209:stop] epoch=0/micro_step=2000/global_step=2000, RunningAvgSamplesPerSec=179.7727788171279, CurrSamplesPerSec=200.46132574508704, MemAllocated=0.82GB, MaxMemAllocated=19.08GB
TASK EPOCH: [9]  [200/201]  eta: 0:00:00  lr: 0.000485  min_lr: 0.000012  loss: 2.1298 (2.1057)  loss_scale: 8192.0000 (8314.2687)  weight_decay: 0.0500 (0.0500)  time: 0.7635  data: 0.0011  max mem: 19534
TASK EPOCH: [9] Total time: 0:02:51 (0.8510 s / it)
Averaged stats: lr: 0.000485  min_lr: 0.000012  loss: 2.1298 (2.1438)  loss_scale: 8192.0000 (8314.2687)  weight_decay: 0.0500 (0.0500)
TASK EPOCH: [10]  [  0/201]  eta: 0:33:49  lr: 0.000485  min_lr: 0.000012  loss: 2.9249 (2.9249)  loss_scale: 8192.0000 (8192.0000)  weight_decay: 0.0500 (0.0500)  time: 10.0959  data: 8.4215  max mem: 19534
TASK EPOCH: [10]  [ 50/201]  eta: 0:02:30  lr: 0.000483  min_lr: 0.000011  loss: 2.1171 (2.2044)  loss_scale: 8192.0000 (8192.0000)  weight_decay: 0.0500 (0.0500)  time: 0.7985  data: 0.0040  max mem: 19534
[2023-08-22 15:59:38,676] [INFO] [fused_optimizer.py:394:_update_scale] No Grad overflow for 128 iterations
[2023-08-22 15:59:38,676] [INFO] [fused_optimizer.py:394:_update_scale] No Grad overflow for 128 iterations
[2023-08-22 15:59:38,676] [INFO] [fused_optimizer.py:396:_update_scale] Increasing dynamic loss scale from 8192.0 to 16384.0
[2023-08-22 15:59:38,676] [INFO] [fused_optimizer.py:396:_update_scale] Increasing dynamic loss scale from 8192.0 to 16384.0
[2023-08-22 15:59:38,676] [INFO] [fused_optimizer.py:394:_update_scale] No Grad overflow for 128 iterations
[2023-08-22 15:59:38,676] [INFO] [fused_optimizer.py:396:_update_scale] Increasing dynamic loss scale from 8192.0 to 16384.0
[2023-08-22 15:59:38,676] [INFO] [fused_optimizer.py:394:_update_scale] No Grad overflow for 128 iterations
[2023-08-22 15:59:38,677] [INFO] [fused_optimizer.py:396:_update_scale] Increasing dynamic loss scale from 8192.0 to 16384.0
[2023-08-22 15:59:38,677] [INFO] [fused_optimizer.py:394:_update_scale] No Grad overflow for 128 iterations
[2023-08-22 15:59:38,677] [INFO] [fused_optimizer.py:396:_update_scale] Increasing dynamic loss scale from 8192.0 to 16384.0
[2023-08-22 15:59:38,677] [INFO] [fused_optimizer.py:394:_update_scale] No Grad overflow for 128 iterations
[2023-08-22 15:59:38,677] [INFO] [fused_optimizer.py:396:_update_scale] Increasing dynamic loss scale from 8192.0 to 16384.0
[2023-08-22 15:59:38,677] [INFO] [fused_optimizer.py:394:_update_scale] No Grad overflow for 128 iterations
[2023-08-22 15:59:38,677] [INFO] [fused_optimizer.py:396:_update_scale] Increasing dynamic loss scale from 8192.0 to 16384.0
[2023-08-22 15:59:38,679] [INFO] [fused_optimizer.py:394:_update_scale] No Grad overflow for 128 iterations
[2023-08-22 15:59:38,680] [INFO] [fused_optimizer.py:396:_update_scale] Increasing dynamic loss scale from 8192.0 to 16384.0
[2023-08-22 15:59:39,474] [INFO] [fused_optimizer.py:383:_update_scale] 
Grad overflow on iteration 2082
[2023-08-22 15:59:39,474] [INFO] [fused_optimizer.py:383:_update_scale] 
Grad overflow on iteration 2082
[2023-08-22 15:59:39,474] [INFO] [fused_optimizer.py:385:_update_scale] Reducing dynamic loss scale from 16384.0 to 8192.0
[2023-08-22 15:59:39,474] [INFO] [fused_optimizer.py:385:_update_scale] Reducing dynamic loss scale from 16384.0 to 8192.0
[2023-08-22 15:59:39,474] [INFO] [fused_optimizer.py:383:_update_scale] 
Grad overflow on iteration 2082
[2023-08-22 15:59:39,474] [INFO] [fused_optimizer.py:385:_update_scale] Reducing dynamic loss scale from 16384.0 to 8192.0
[2023-08-22 15:59:39,474] [INFO] [fused_optimizer.py:383:_update_scale] 
Grad overflow on iteration 2082
[2023-08-22 15:59:39,474] [INFO] [fused_optimizer.py:383:_update_scale] 
Grad overflow on iteration 2082
[2023-08-22 15:59:39,475] [INFO] [fused_optimizer.py:385:_update_scale] Reducing dynamic loss scale from 16384.0 to 8192.0
[2023-08-22 15:59:39,475] [INFO] [fused_optimizer.py:385:_update_scale] Reducing dynamic loss scale from 16384.0 to 8192.0
[2023-08-22 15:59:39,475] [INFO] [fused_optimizer.py:383:_update_scale] 
Grad overflow on iteration 2082
[2023-08-22 15:59:39,475] [INFO] [fused_optimizer.py:385:_update_scale] Reducing dynamic loss scale from 16384.0 to 8192.0
[2023-08-22 15:59:39,476] [INFO] [fused_optimizer.py:383:_update_scale] 
Grad overflow on iteration 2082
[2023-08-22 15:59:39,476] [INFO] [fused_optimizer.py:385:_update_scale] Reducing dynamic loss scale from 16384.0 to 8192.0
[2023-08-22 15:59:39,476] [INFO] [logging.py:77:log_dist] [Rank 0] Overflow detected. Skipping step. Attempted loss scale: 16384.0, reducing to 8192.0
[2023-08-22 15:59:39,496] [INFO] [fused_optimizer.py:383:_update_scale] 
Grad overflow on iteration 2082
[2023-08-22 15:59:39,497] [INFO] [fused_optimizer.py:385:_update_scale] Reducing dynamic loss scale from 16384.0 to 8192.0
TASK EPOCH: [10]  [100/201]  eta: 0:01:31  lr: 0.000482  min_lr: 0.000011  loss: 2.0963 (2.1600)  loss_scale: 8192.0000 (8273.1089)  weight_decay: 0.0500 (0.0500)  time: 0.8075  data: 0.0032  max mem: 19534
TASK EPOCH: [10]  [150/201]  eta: 0:00:44  lr: 0.000480  min_lr: 0.000011  loss: 2.2181 (2.1641)  loss_scale: 8192.0000 (8246.2517)  weight_decay: 0.0500 (0.0500)  time: 0.7988  data: 0.0042  max mem: 19534
TASK EPOCH: [10]  [200/201]  eta: 0:00:00  lr: 0.000478  min_lr: 0.000011  loss: 1.8763 (2.1578)  loss_scale: 8192.0000 (8232.7562)  weight_decay: 0.0500 (0.0500)  time: 0.7647  data: 0.0007  max mem: 19534
TASK EPOCH: [10] Total time: 0:02:52 (0.8563 s / it)
Averaged stats: lr: 0.000478  min_lr: 0.000011  loss: 1.8763 (2.1309)  loss_scale: 8192.0000 (8232.7562)  weight_decay: 0.0500 (0.0500)
[2023-08-22 16:01:32,717] [INFO] [fused_optimizer.py:394:_update_scale] No Grad overflow for 128 iterations
[2023-08-22 16:01:32,717] [INFO] [fused_optimizer.py:396:_update_scale] Increasing dynamic loss scale from 8192.0 to 16384.0
[2023-08-22 16:01:32,717] [INFO] [fused_optimizer.py:394:_update_scale] No Grad overflow for 128 iterations
[2023-08-22 16:01:32,717] [INFO] [fused_optimizer.py:396:_update_scale] Increasing dynamic loss scale from 8192.0 to 16384.0
[2023-08-22 16:01:32,717] [INFO] [fused_optimizer.py:394:_update_scale] No Grad overflow for 128 iterations
[2023-08-22 16:01:32,717] [INFO] [fused_optimizer.py:396:_update_scale] Increasing dynamic loss scale from 8192.0 to 16384.0
[2023-08-22 16:01:32,717] [INFO] [fused_optimizer.py:394:_update_scale] No Grad overflow for 128 iterations
[2023-08-22 16:01:32,717] [INFO] [fused_optimizer.py:394:_update_scale] No Grad overflow for 128 iterations
[2023-08-22 16:01:32,718] [INFO] [fused_optimizer.py:396:_update_scale] Increasing dynamic loss scale from 8192.0 to 16384.0
[2023-08-22 16:01:32,718] [INFO] [fused_optimizer.py:396:_update_scale] Increasing dynamic loss scale from 8192.0 to 16384.0
[2023-08-22 16:01:32,718] [INFO] [fused_optimizer.py:394:_update_scale] No Grad overflow for 128 iterations
[2023-08-22 16:01:32,718] [INFO] [fused_optimizer.py:396:_update_scale] Increasing dynamic loss scale from 8192.0 to 16384.0
[2023-08-22 16:01:32,721] [INFO] [fused_optimizer.py:394:_update_scale] No Grad overflow for 128 iterations
[2023-08-22 16:01:32,721] [INFO] [fused_optimizer.py:396:_update_scale] Increasing dynamic loss scale from 8192.0 to 16384.0
[2023-08-22 16:01:32,721] [INFO] [fused_optimizer.py:394:_update_scale] No Grad overflow for 128 iterations
[2023-08-22 16:01:32,722] [INFO] [fused_optimizer.py:396:_update_scale] Increasing dynamic loss scale from 8192.0 to 16384.0
TASK EPOCH: [11]  [  0/201]  eta: 0:32:30  lr: 0.000478  min_lr: 0.000011  loss: 2.0285 (2.0285)  loss_scale: 16384.0000 (16384.0000)  weight_decay: 0.0500 (0.0500)  time: 9.7047  data: 9.0147  max mem: 19534
[2023-08-22 16:01:34,341] [INFO] [fused_optimizer.py:383:_update_scale] 
Grad overflow on iteration 2213
[2023-08-22 16:01:34,341] [INFO] [fused_optimizer.py:385:_update_scale] Reducing dynamic loss scale from 16384.0 to 8192.0
[2023-08-22 16:01:34,341] [INFO] [fused_optimizer.py:383:_update_scale] 
Grad overflow on iteration 2213
[2023-08-22 16:01:34,341] [INFO] [fused_optimizer.py:383:_update_scale] 
Grad overflow on iteration 2213
[2023-08-22 16:01:34,342] [INFO] [fused_optimizer.py:385:_update_scale] Reducing dynamic loss scale from 16384.0 to 8192.0
[2023-08-22 16:01:34,342] [INFO] [fused_optimizer.py:385:_update_scale] Reducing dynamic loss scale from 16384.0 to 8192.0
[2023-08-22 16:01:34,342] [INFO] [fused_optimizer.py:383:_update_scale] 
Grad overflow on iteration 2213
[2023-08-22 16:01:34,342] [INFO] [fused_optimizer.py:385:_update_scale] Reducing dynamic loss scale from 16384.0 to 8192.0
[2023-08-22 16:01:34,342] [INFO] [fused_optimizer.py:383:_update_scale] 
Grad overflow on iteration 2213
[2023-08-22 16:01:34,342] [INFO] [fused_optimizer.py:385:_update_scale] Reducing dynamic loss scale from 16384.0 to 8192.0
[2023-08-22 16:01:34,342] [INFO] [fused_optimizer.py:383:_update_scale] 
Grad overflow on iteration 2213
[2023-08-22 16:01:34,343] [INFO] [fused_optimizer.py:385:_update_scale] Reducing dynamic loss scale from 16384.0 to 8192.0
[2023-08-22 16:01:34,342] [INFO] [fused_optimizer.py:383:_update_scale] 
Grad overflow on iteration 2213
[2023-08-22 16:01:34,343] [INFO] [fused_optimizer.py:385:_update_scale] Reducing dynamic loss scale from 16384.0 to 8192.0
[2023-08-22 16:01:34,343] [INFO] [logging.py:77:log_dist] [Rank 0] Overflow detected. Skipping step. Attempted loss scale: 16384.0, reducing to 8192.0
[2023-08-22 16:01:34,343] [INFO] [fused_optimizer.py:383:_update_scale] 
Grad overflow on iteration 2213
[2023-08-22 16:01:34,343] [INFO] [fused_optimizer.py:385:_update_scale] Reducing dynamic loss scale from 16384.0 to 8192.0
TASK EPOCH: [11]  [ 50/201]  eta: 0:02:31  lr: 0.000477  min_lr: 0.000011  loss: 1.9646 (2.0393)  loss_scale: 8192.0000 (8513.2549)  weight_decay: 0.0500 (0.0500)  time: 0.8512  data: 0.0021  max mem: 19534
TASK EPOCH: [11]  [100/201]  eta: 0:01:31  lr: 0.000475  min_lr: 0.000011  loss: 2.0406 (2.0352)  loss_scale: 8192.0000 (8354.2178)  weight_decay: 0.0500 (0.0500)  time: 0.8030  data: 0.0038  max mem: 19534
[2023-08-22 16:03:19,718] [INFO] [fused_optimizer.py:394:_update_scale] No Grad overflow for 128 iterations
[2023-08-22 16:03:19,718] [INFO] [fused_optimizer.py:394:_update_scale] No Grad overflow for 128 iterations
[2023-08-22 16:03:19,718] [INFO] [fused_optimizer.py:394:_update_scale] No Grad overflow for 128 iterations
[2023-08-22 16:03:19,718] [INFO] [fused_optimizer.py:396:_update_scale] Increasing dynamic loss scale from 8192.0 to 16384.0
[2023-08-22 16:03:19,718] [INFO] [fused_optimizer.py:396:_update_scale] Increasing dynamic loss scale from 8192.0 to 16384.0
[2023-08-22 16:03:19,718] [INFO] [fused_optimizer.py:396:_update_scale] Increasing dynamic loss scale from 8192.0 to 16384.0
[2023-08-22 16:03:19,718] [INFO] [fused_optimizer.py:394:_update_scale] No Grad overflow for 128 iterations
[2023-08-22 16:03:19,718] [INFO] [fused_optimizer.py:394:_update_scale] No Grad overflow for 128 iterations
[2023-08-22 16:03:19,718] [INFO] [fused_optimizer.py:394:_update_scale] No Grad overflow for 128 iterations
[2023-08-22 16:03:19,718] [INFO] [fused_optimizer.py:396:_update_scale] Increasing dynamic loss scale from 8192.0 to 16384.0
[2023-08-22 16:03:19,718] [INFO] [fused_optimizer.py:396:_update_scale] Increasing dynamic loss scale from 8192.0 to 16384.0
[2023-08-22 16:03:19,719] [INFO] [fused_optimizer.py:396:_update_scale] Increasing dynamic loss scale from 8192.0 to 16384.0
[2023-08-22 16:03:19,719] [INFO] [fused_optimizer.py:394:_update_scale] No Grad overflow for 128 iterations
[2023-08-22 16:03:19,719] [INFO] [fused_optimizer.py:396:_update_scale] Increasing dynamic loss scale from 8192.0 to 16384.0
[2023-08-22 16:03:19,725] [INFO] [fused_optimizer.py:394:_update_scale] No Grad overflow for 128 iterations
[2023-08-22 16:03:19,726] [INFO] [fused_optimizer.py:396:_update_scale] Increasing dynamic loss scale from 8192.0 to 16384.0
[2023-08-22 16:03:20,509] [INFO] [fused_optimizer.py:383:_update_scale] 
Grad overflow on iteration 2343
[2023-08-22 16:03:20,509] [INFO] [fused_optimizer.py:385:_update_scale] Reducing dynamic loss scale from 16384.0 to 8192.0
[2023-08-22 16:03:20,509] [INFO] [fused_optimizer.py:383:_update_scale] 
Grad overflow on iteration 2343
[2023-08-22 16:03:20,509] [INFO] [fused_optimizer.py:383:_update_scale] 
Grad overflow on iteration 2343
[2023-08-22 16:03:20,509] [INFO] [fused_optimizer.py:383:_update_scale] 
Grad overflow on iteration 2343
[2023-08-22 16:03:20,509] [INFO] [fused_optimizer.py:385:_update_scale] Reducing dynamic loss scale from 16384.0 to 8192.0
[2023-08-22 16:03:20,509] [INFO] [fused_optimizer.py:385:_update_scale] Reducing dynamic loss scale from 16384.0 to 8192.0
[2023-08-22 16:03:20,509] [INFO] [fused_optimizer.py:385:_update_scale] Reducing dynamic loss scale from 16384.0 to 8192.0
[2023-08-22 16:03:20,509] [INFO] [fused_optimizer.py:383:_update_scale] 
Grad overflow on iteration 2343
[2023-08-22 16:03:20,510] [INFO] [fused_optimizer.py:385:_update_scale] Reducing dynamic loss scale from 16384.0 to 8192.0
[2023-08-22 16:03:20,509] [INFO] [fused_optimizer.py:383:_update_scale] 
Grad overflow on iteration 2343
[2023-08-22 16:03:20,509] [INFO] [fused_optimizer.py:383:_update_scale] 
Grad overflow on iteration 2343
[2023-08-22 16:03:20,510] [INFO] [fused_optimizer.py:385:_update_scale] Reducing dynamic loss scale from 16384.0 to 8192.0
[2023-08-22 16:03:20,510] [INFO] [fused_optimizer.py:385:_update_scale] Reducing dynamic loss scale from 16384.0 to 8192.0
[2023-08-22 16:03:20,510] [INFO] [logging.py:77:log_dist] [Rank 0] Overflow detected. Skipping step. Attempted loss scale: 16384.0, reducing to 8192.0
[2023-08-22 16:03:20,510] [INFO] [fused_optimizer.py:383:_update_scale] 
Grad overflow on iteration 2343
[2023-08-22 16:03:20,510] [INFO] [fused_optimizer.py:385:_update_scale] Reducing dynamic loss scale from 16384.0 to 8192.0
TASK EPOCH: [11]  [150/201]  eta: 0:00:44  lr: 0.000473  min_lr: 0.000011  loss: 2.2424 (2.0671)  loss_scale: 8192.0000 (8354.7550)  weight_decay: 0.0500 (0.0500)  time: 0.7986  data: 0.0032  max mem: 19534
TASK EPOCH: [11]  [200/201]  eta: 0:00:00  lr: 0.000471  min_lr: 0.000011  loss: 2.2395 (2.0752)  loss_scale: 8192.0000 (8314.2687)  weight_decay: 0.0500 (0.0500)  time: 0.7671  data: 0.0010  max mem: 19534
TASK EPOCH: [11] Total time: 0:02:51 (0.8529 s / it)
Averaged stats: lr: 0.000471  min_lr: 0.000011  loss: 2.2395 (2.0964)  loss_scale: 8192.0000 (8314.2687)  weight_decay: 0.0500 (0.0500)
TASK EPOCH: [12]  [  0/201]  eta: 0:32:38  lr: 0.000471  min_lr: 0.000011  loss: 2.7954 (2.7954)  loss_scale: 8192.0000 (8192.0000)  weight_decay: 0.0500 (0.0500)  time: 9.7443  data: 8.1717  max mem: 19534
TASK EPOCH: [12]  [ 50/201]  eta: 0:02:38  lr: 0.000469  min_lr: 0.000011  loss: 2.2845 (2.1474)  loss_scale: 8192.0000 (8192.0000)  weight_decay: 0.0500 (0.0500)  time: 0.9696  data: 0.0037  max mem: 19534
[2023-08-22 16:05:15,786] [INFO] [fused_optimizer.py:394:_update_scale] No Grad overflow for 128 iterations
[2023-08-22 16:05:15,786] [INFO] [fused_optimizer.py:394:_update_scale] No Grad overflow for 128 iterations
[2023-08-22 16:05:15,786] [INFO] [fused_optimizer.py:394:_update_scale] No Grad overflow for 128 iterations
[2023-08-22 16:05:15,786] [INFO] [fused_optimizer.py:396:_update_scale] Increasing dynamic loss scale from 8192.0 to 16384.0
[2023-08-22 16:05:15,786] [INFO] [fused_optimizer.py:396:_update_scale] Increasing dynamic loss scale from 8192.0 to 16384.0
[2023-08-22 16:05:15,786] [INFO] [fused_optimizer.py:396:_update_scale] Increasing dynamic loss scale from 8192.0 to 16384.0
[2023-08-22 16:05:15,786] [INFO] [fused_optimizer.py:394:_update_scale] No Grad overflow for 128 iterations
[2023-08-22 16:05:15,786] [INFO] [fused_optimizer.py:394:_update_scale] No Grad overflow for 128 iterations
[2023-08-22 16:05:15,787] [INFO] [fused_optimizer.py:396:_update_scale] Increasing dynamic loss scale from 8192.0 to 16384.0
[2023-08-22 16:05:15,787] [INFO] [fused_optimizer.py:396:_update_scale] Increasing dynamic loss scale from 8192.0 to 16384.0
[2023-08-22 16:05:15,786] [INFO] [fused_optimizer.py:394:_update_scale] No Grad overflow for 128 iterations
[2023-08-22 16:05:15,787] [INFO] [fused_optimizer.py:396:_update_scale] Increasing dynamic loss scale from 8192.0 to 16384.0
[2023-08-22 16:05:15,787] [INFO] [fused_optimizer.py:394:_update_scale] No Grad overflow for 128 iterations
[2023-08-22 16:05:15,788] [INFO] [fused_optimizer.py:396:_update_scale] Increasing dynamic loss scale from 8192.0 to 16384.0
[2023-08-22 16:05:15,788] [INFO] [fused_optimizer.py:394:_update_scale] No Grad overflow for 128 iterations
[2023-08-22 16:05:15,789] [INFO] [fused_optimizer.py:396:_update_scale] Increasing dynamic loss scale from 8192.0 to 16384.0
[2023-08-22 16:05:18,163] [INFO] [fused_optimizer.py:383:_update_scale] 
Grad overflow on iteration 2475
[2023-08-22 16:05:18,163] [INFO] [fused_optimizer.py:383:_update_scale] 
Grad overflow on iteration 2475
[2023-08-22 16:05:18,163] [INFO] [fused_optimizer.py:383:_update_scale] 
Grad overflow on iteration 2475
[2023-08-22 16:05:18,163] [INFO] [fused_optimizer.py:385:_update_scale] Reducing dynamic loss scale from 16384.0 to 8192.0
[2023-08-22 16:05:18,163] [INFO] [fused_optimizer.py:385:_update_scale] Reducing dynamic loss scale from 16384.0 to 8192.0
[2023-08-22 16:05:18,163] [INFO] [fused_optimizer.py:385:_update_scale] Reducing dynamic loss scale from 16384.0 to 8192.0
[2023-08-22 16:05:18,163] [INFO] [fused_optimizer.py:383:_update_scale] 
Grad overflow on iteration 2475
[2023-08-22 16:05:18,164] [INFO] [fused_optimizer.py:385:_update_scale] Reducing dynamic loss scale from 16384.0 to 8192.0
[2023-08-22 16:05:18,164] [INFO] [fused_optimizer.py:383:_update_scale] 
Grad overflow on iteration 2475
[2023-08-22 16:05:18,164] [INFO] [fused_optimizer.py:385:_update_scale] Reducing dynamic loss scale from 16384.0 to 8192.0
[2023-08-22 16:05:18,164] [INFO] [fused_optimizer.py:383:_update_scale] 
Grad overflow on iteration 2475
[2023-08-22 16:05:18,164] [INFO] [fused_optimizer.py:385:_update_scale] Reducing dynamic loss scale from 16384.0 to 8192.0
[2023-08-22 16:05:18,164] [INFO] [fused_optimizer.py:383:_update_scale] 
Grad overflow on iteration 2475
[2023-08-22 16:05:18,165] [INFO] [fused_optimizer.py:385:_update_scale] Reducing dynamic loss scale from 16384.0 to 8192.0
[2023-08-22 16:05:18,165] [INFO] [logging.py:77:log_dist] [Rank 0] Overflow detected. Skipping step. Attempted loss scale: 16384.0, reducing to 8192.0
[2023-08-22 16:05:18,181] [INFO] [fused_optimizer.py:383:_update_scale] 
Grad overflow on iteration 2475
[2023-08-22 16:05:18,181] [INFO] [fused_optimizer.py:385:_update_scale] Reducing dynamic loss scale from 16384.0 to 8192.0
TASK EPOCH: [12]  [100/201]  eta: 0:01:32  lr: 0.000467  min_lr: 0.000011  loss: 1.8228 (2.0731)  loss_scale: 8192.0000 (8435.3267)  weight_decay: 0.0500 (0.0500)  time: 0.7925  data: 0.0049  max mem: 19534
TASK EPOCH: [12]  [150/201]  eta: 0:00:44  lr: 0.000464  min_lr: 0.000011  loss: 2.1883 (2.1028)  loss_scale: 8192.0000 (8354.7550)  weight_decay: 0.0500 (0.0500)  time: 0.8036  data: 0.0027  max mem: 19534
[2023-08-22 16:07:00,421] [INFO] [fused_optimizer.py:394:_update_scale] No Grad overflow for 128 iterations
[2023-08-22 16:07:00,421] [INFO] [fused_optimizer.py:394:_update_scale] No Grad overflow for 128 iterations
[2023-08-22 16:07:00,421] [INFO] [fused_optimizer.py:394:_update_scale] No Grad overflow for 128 iterations
[2023-08-22 16:07:00,421] [INFO] [fused_optimizer.py:394:_update_scale] No Grad overflow for 128 iterations
[2023-08-22 16:07:00,421] [INFO] [fused_optimizer.py:396:_update_scale] Increasing dynamic loss scale from 8192.0 to 16384.0
[2023-08-22 16:07:00,421] [INFO] [fused_optimizer.py:396:_update_scale] Increasing dynamic loss scale from 8192.0 to 16384.0
[2023-08-22 16:07:00,421] [INFO] [fused_optimizer.py:396:_update_scale] Increasing dynamic loss scale from 8192.0 to 16384.0
[2023-08-22 16:07:00,421] [INFO] [fused_optimizer.py:394:_update_scale] No Grad overflow for 128 iterations
[2023-08-22 16:07:00,421] [INFO] [fused_optimizer.py:396:_update_scale] Increasing dynamic loss scale from 8192.0 to 16384.0
[2023-08-22 16:07:00,421] [INFO] [fused_optimizer.py:394:_update_scale] No Grad overflow for 128 iterations
[2023-08-22 16:07:00,421] [INFO] [fused_optimizer.py:396:_update_scale] Increasing dynamic loss scale from 8192.0 to 16384.0
[2023-08-22 16:07:00,421] [INFO] [fused_optimizer.py:396:_update_scale] Increasing dynamic loss scale from 8192.0 to 16384.0
[2023-08-22 16:07:00,421] [INFO] [fused_optimizer.py:394:_update_scale] No Grad overflow for 128 iterations
[2023-08-22 16:07:00,421] [INFO] [fused_optimizer.py:396:_update_scale] Increasing dynamic loss scale from 8192.0 to 16384.0
[2023-08-22 16:07:00,421] [INFO] [fused_optimizer.py:394:_update_scale] No Grad overflow for 128 iterations
[2023-08-22 16:07:00,421] [INFO] [fused_optimizer.py:396:_update_scale] Increasing dynamic loss scale from 8192.0 to 16384.0
[2023-08-22 16:07:01,182] [INFO] [fused_optimizer.py:383:_update_scale] 
Grad overflow on iteration 2605
[2023-08-22 16:07:01,182] [INFO] [fused_optimizer.py:383:_update_scale] 
Grad overflow on iteration 2605
[2023-08-22 16:07:01,182] [INFO] [fused_optimizer.py:383:_update_scale] 
Grad overflow on iteration 2605
[2023-08-22 16:07:01,182] [INFO] [fused_optimizer.py:383:_update_scale] 
Grad overflow on iteration 2605
[2023-08-22 16:07:01,182] [INFO] [fused_optimizer.py:383:_update_scale] 
Grad overflow on iteration 2605
[2023-08-22 16:07:01,182] [INFO] [fused_optimizer.py:385:_update_scale] Reducing dynamic loss scale from 16384.0 to 8192.0
[2023-08-22 16:07:01,182] [INFO] [fused_optimizer.py:385:_update_scale] Reducing dynamic loss scale from 16384.0 to 8192.0
[2023-08-22 16:07:01,182] [INFO] [fused_optimizer.py:385:_update_scale] Reducing dynamic loss scale from 16384.0 to 8192.0
[2023-08-22 16:07:01,182] [INFO] [fused_optimizer.py:383:_update_scale] 
Grad overflow on iteration 2605
[2023-08-22 16:07:01,182] [INFO] [fused_optimizer.py:385:_update_scale] Reducing dynamic loss scale from 16384.0 to 8192.0
[2023-08-22 16:07:01,182] [INFO] [fused_optimizer.py:385:_update_scale] Reducing dynamic loss scale from 16384.0 to 8192.0
[2023-08-22 16:07:01,182] [INFO] [fused_optimizer.py:385:_update_scale] Reducing dynamic loss scale from 16384.0 to 8192.0
[2023-08-22 16:07:01,182] [INFO] [logging.py:77:log_dist] [Rank 0] Overflow detected. Skipping step. Attempted loss scale: 16384.0, reducing to 8192.0
[2023-08-22 16:07:01,182] [INFO] [fused_optimizer.py:383:_update_scale] 
Grad overflow on iteration 2605
[2023-08-22 16:07:01,182] [INFO] [fused_optimizer.py:383:_update_scale] 
Grad overflow on iteration 2605
[2023-08-22 16:07:01,182] [INFO] [fused_optimizer.py:385:_update_scale] Reducing dynamic loss scale from 16384.0 to 8192.0
[2023-08-22 16:07:01,182] [INFO] [fused_optimizer.py:385:_update_scale] Reducing dynamic loss scale from 16384.0 to 8192.0
TASK EPOCH: [12]  [200/201]  eta: 0:00:00  lr: 0.000462  min_lr: 0.000011  loss: 2.0473 (2.1057)  loss_scale: 8192.0000 (8355.0249)  weight_decay: 0.0500 (0.0500)  time: 0.7621  data: 0.0005  max mem: 19534
TASK EPOCH: [12] Total time: 0:02:52 (0.8576 s / it)
Averaged stats: lr: 0.000462  min_lr: 0.000011  loss: 2.0473 (2.0706)  loss_scale: 8192.0000 (8355.0249)  weight_decay: 0.0500 (0.0500)
TASK EPOCH: [13]  [  0/201]  eta: 0:31:35  lr: 0.000462  min_lr: 0.000011  loss: 2.4708 (2.4708)  loss_scale: 8192.0000 (8192.0000)  weight_decay: 0.0500 (0.0500)  time: 9.4299  data: 6.6107  max mem: 19534
TASK EPOCH: [13]  [ 50/201]  eta: 0:02:31  lr: 0.000460  min_lr: 0.000011  loss: 2.0810 (2.1073)  loss_scale: 8192.0000 (8192.0000)  weight_decay: 0.0500 (0.0500)  time: 0.9026  data: 0.0043  max mem: 19534
TASK EPOCH: [13]  [100/201]  eta: 0:01:31  lr: 0.000457  min_lr: 0.000011  loss: 2.2858 (2.1248)  loss_scale: 8192.0000 (8192.0000)  weight_decay: 0.0500 (0.0500)  time: 0.8009  data: 0.0069  max mem: 19534
[2023-08-22 16:08:54,789] [INFO] [fused_optimizer.py:394:_update_scale] No Grad overflow for 128 iterations
[2023-08-22 16:08:54,789] [INFO] [fused_optimizer.py:394:_update_scale] No Grad overflow for 128 iterations
[2023-08-22 16:08:54,789] [INFO] [fused_optimizer.py:396:_update_scale] Increasing dynamic loss scale from 8192.0 to 16384.0
[2023-08-22 16:08:54,789] [INFO] [fused_optimizer.py:396:_update_scale] Increasing dynamic loss scale from 8192.0 to 16384.0
[2023-08-22 16:08:54,789] [INFO] [fused_optimizer.py:394:_update_scale] No Grad overflow for 128 iterations
[2023-08-22 16:08:54,789] [INFO] [fused_optimizer.py:394:_update_scale] No Grad overflow for 128 iterations
[2023-08-22 16:08:54,789] [INFO] [fused_optimizer.py:394:_update_scale] No Grad overflow for 128 iterations
[2023-08-22 16:08:54,790] [INFO] [fused_optimizer.py:396:_update_scale] Increasing dynamic loss scale from 8192.0 to 16384.0
[2023-08-22 16:08:54,790] [INFO] [fused_optimizer.py:396:_update_scale] Increasing dynamic loss scale from 8192.0 to 16384.0
[2023-08-22 16:08:54,790] [INFO] [fused_optimizer.py:396:_update_scale] Increasing dynamic loss scale from 8192.0 to 16384.0
[2023-08-22 16:08:54,789] [INFO] [fused_optimizer.py:394:_update_scale] No Grad overflow for 128 iterations
[2023-08-22 16:08:54,790] [INFO] [fused_optimizer.py:396:_update_scale] Increasing dynamic loss scale from 8192.0 to 16384.0
[2023-08-22 16:08:54,790] [INFO] [fused_optimizer.py:394:_update_scale] No Grad overflow for 128 iterations
[2023-08-22 16:08:54,791] [INFO] [fused_optimizer.py:396:_update_scale] Increasing dynamic loss scale from 8192.0 to 16384.0
[2023-08-22 16:08:54,798] [INFO] [fused_optimizer.py:394:_update_scale] No Grad overflow for 128 iterations
[2023-08-22 16:08:54,799] [INFO] [fused_optimizer.py:396:_update_scale] Increasing dynamic loss scale from 8192.0 to 16384.0
[2023-08-22 16:08:56,457] [INFO] [fused_optimizer.py:383:_update_scale] 
Grad overflow on iteration 2735
[2023-08-22 16:08:56,457] [INFO] [fused_optimizer.py:385:_update_scale] Reducing dynamic loss scale from 16384.0 to 8192.0
[2023-08-22 16:08:56,457] [INFO] [fused_optimizer.py:383:_update_scale] 
Grad overflow on iteration 2735
[2023-08-22 16:08:56,457] [INFO] [fused_optimizer.py:383:_update_scale] 
Grad overflow on iteration 2735
[2023-08-22 16:08:56,458] [INFO] [fused_optimizer.py:385:_update_scale] Reducing dynamic loss scale from 16384.0 to 8192.0
[2023-08-22 16:08:56,458] [INFO] [fused_optimizer.py:385:_update_scale] Reducing dynamic loss scale from 16384.0 to 8192.0
[2023-08-22 16:08:56,457] [INFO] [fused_optimizer.py:383:_update_scale] 
Grad overflow on iteration 2735
[2023-08-22 16:08:56,458] [INFO] [fused_optimizer.py:385:_update_scale] Reducing dynamic loss scale from 16384.0 to 8192.0
[2023-08-22 16:08:56,457] [INFO] [fused_optimizer.py:383:_update_scale] 
Grad overflow on iteration 2735
[2023-08-22 16:08:56,458] [INFO] [fused_optimizer.py:383:_update_scale] 
Grad overflow on iteration 2735
[2023-08-22 16:08:56,458] [INFO] [fused_optimizer.py:385:_update_scale] Reducing dynamic loss scale from 16384.0 to 8192.0
[2023-08-22 16:08:56,458] [INFO] [fused_optimizer.py:385:_update_scale] Reducing dynamic loss scale from 16384.0 to 8192.0
[2023-08-22 16:08:56,458] [INFO] [logging.py:77:log_dist] [Rank 0] Overflow detected. Skipping step. Attempted loss scale: 16384.0, reducing to 8192.0
[2023-08-22 16:08:56,458] [INFO] [fused_optimizer.py:383:_update_scale] 
Grad overflow on iteration 2735
[2023-08-22 16:08:56,458] [INFO] [fused_optimizer.py:385:_update_scale] Reducing dynamic loss scale from 16384.0 to 8192.0
[2023-08-22 16:08:56,462] [INFO] [fused_optimizer.py:383:_update_scale] 
Grad overflow on iteration 2735
[2023-08-22 16:08:56,463] [INFO] [fused_optimizer.py:385:_update_scale] Reducing dynamic loss scale from 16384.0 to 8192.0
TASK EPOCH: [13]  [150/201]  eta: 0:00:44  lr: 0.000455  min_lr: 0.000011  loss: 2.0190 (2.0969)  loss_scale: 8192.0000 (8246.2517)  weight_decay: 0.0500 (0.0500)  time: 0.8143  data: 0.0023  max mem: 19534
TASK EPOCH: [13]  [200/201]  eta: 0:00:00  lr: 0.000452  min_lr: 0.000011  loss: 2.2012 (2.0938)  loss_scale: 8192.0000 (8232.7562)  weight_decay: 0.0500 (0.0500)  time: 0.7712  data: 0.0007  max mem: 19534
TASK EPOCH: [13] Total time: 0:02:52 (0.8572 s / it)
Averaged stats: lr: 0.000452  min_lr: 0.000011  loss: 2.2012 (2.0616)  loss_scale: 8192.0000 (8232.7562)  weight_decay: 0.0500 (0.0500)
TASK EPOCH: [14]  [  0/201]  eta: 0:32:27  lr: 0.000452  min_lr: 0.000011  loss: 2.2317 (2.2317)  loss_scale: 8192.0000 (8192.0000)  weight_decay: 0.0500 (0.0500)  time: 9.6907  data: 6.1801  max mem: 19534
[2023-08-22 16:10:50,481] [INFO] [fused_optimizer.py:394:_update_scale] No Grad overflow for 128 iterations
[2023-08-22 16:10:50,481] [INFO] [fused_optimizer.py:394:_update_scale] No Grad overflow for 128 iterations
[2023-08-22 16:10:50,481] [INFO] [fused_optimizer.py:396:_update_scale] Increasing dynamic loss scale from 8192.0 to 16384.0
[2023-08-22 16:10:50,481] [INFO] [fused_optimizer.py:396:_update_scale] Increasing dynamic loss scale from 8192.0 to 16384.0
[2023-08-22 16:10:50,481] [INFO] [fused_optimizer.py:394:_update_scale] No Grad overflow for 128 iterations
[2023-08-22 16:10:50,482] [INFO] [fused_optimizer.py:396:_update_scale] Increasing dynamic loss scale from 8192.0 to 16384.0
[2023-08-22 16:10:50,481] [INFO] [fused_optimizer.py:394:_update_scale] No Grad overflow for 128 iterations
[2023-08-22 16:10:50,482] [INFO] [fused_optimizer.py:396:_update_scale] Increasing dynamic loss scale from 8192.0 to 16384.0
[2023-08-22 16:10:50,484] [INFO] [fused_optimizer.py:394:_update_scale] No Grad overflow for 128 iterations
[2023-08-22 16:10:50,484] [INFO] [fused_optimizer.py:396:_update_scale] Increasing dynamic loss scale from 8192.0 to 16384.0
[2023-08-22 16:10:50,485] [INFO] [fused_optimizer.py:394:_update_scale] No Grad overflow for 128 iterations
[2023-08-22 16:10:50,486] [INFO] [fused_optimizer.py:396:_update_scale] Increasing dynamic loss scale from 8192.0 to 16384.0
[2023-08-22 16:10:50,486] [INFO] [fused_optimizer.py:394:_update_scale] No Grad overflow for 128 iterations
[2023-08-22 16:10:50,487] [INFO] [fused_optimizer.py:396:_update_scale] Increasing dynamic loss scale from 8192.0 to 16384.0
[2023-08-22 16:10:50,492] [INFO] [fused_optimizer.py:394:_update_scale] No Grad overflow for 128 iterations
[2023-08-22 16:10:50,492] [INFO] [fused_optimizer.py:396:_update_scale] Increasing dynamic loss scale from 8192.0 to 16384.0
TASK EPOCH: [14]  [ 50/201]  eta: 0:02:31  lr: 0.000450  min_lr: 0.000011  loss: 1.7387 (1.9558)  loss_scale: 8192.0000 (8352.6275)  weight_decay: 0.0500 (0.0500)  time: 0.8304  data: 0.0041  max mem: 19534
[2023-08-22 16:10:53,219] [INFO] [fused_optimizer.py:383:_update_scale] 
Grad overflow on iteration 2866
[2023-08-22 16:10:53,219] [INFO] [fused_optimizer.py:385:_update_scale] Reducing dynamic loss scale from 16384.0 to 8192.0
[2023-08-22 16:10:53,219] [INFO] [fused_optimizer.py:383:_update_scale] 
Grad overflow on iteration 2866
[2023-08-22 16:10:53,219] [INFO] [fused_optimizer.py:385:_update_scale] Reducing dynamic loss scale from 16384.0 to 8192.0
[2023-08-22 16:10:53,219] [INFO] [fused_optimizer.py:383:_update_scale] 
Grad overflow on iteration 2866
[2023-08-22 16:10:53,219] [INFO] [fused_optimizer.py:383:_update_scale] 
Grad overflow on iteration 2866
[2023-08-22 16:10:53,219] [INFO] [fused_optimizer.py:385:_update_scale] Reducing dynamic loss scale from 16384.0 to 8192.0
[2023-08-22 16:10:53,219] [INFO] [fused_optimizer.py:385:_update_scale] Reducing dynamic loss scale from 16384.0 to 8192.0
[2023-08-22 16:10:53,219] [INFO] [fused_optimizer.py:383:_update_scale] 
Grad overflow on iteration 2866
[2023-08-22 16:10:53,219] [INFO] [fused_optimizer.py:385:_update_scale] Reducing dynamic loss scale from 16384.0 to 8192.0
[2023-08-22 16:10:53,220] [INFO] [fused_optimizer.py:383:_update_scale] 
Grad overflow on iteration 2866
[2023-08-22 16:10:53,221] [INFO] [fused_optimizer.py:385:_update_scale] Reducing dynamic loss scale from 16384.0 to 8192.0
[2023-08-22 16:10:53,221] [INFO] [logging.py:77:log_dist] [Rank 0] Overflow detected. Skipping step. Attempted loss scale: 16384.0, reducing to 8192.0
[2023-08-22 16:10:53,223] [INFO] [fused_optimizer.py:383:_update_scale] 
Grad overflow on iteration 2866
[2023-08-22 16:10:53,223] [INFO] [fused_optimizer.py:385:_update_scale] Reducing dynamic loss scale from 16384.0 to 8192.0
[2023-08-22 16:10:53,224] [INFO] [fused_optimizer.py:383:_update_scale] 
Grad overflow on iteration 2866
[2023-08-22 16:10:53,224] [INFO] [fused_optimizer.py:385:_update_scale] Reducing dynamic loss scale from 16384.0 to 8192.0
TASK EPOCH: [14]  [100/201]  eta: 0:01:32  lr: 0.000447  min_lr: 0.000011  loss: 1.8499 (1.9745)  loss_scale: 8192.0000 (8354.2178)  weight_decay: 0.0500 (0.0500)  time: 0.7978  data: 0.0052  max mem: 19534
TASK EPOCH: [14]  [150/201]  eta: 0:00:44  lr: 0.000444  min_lr: 0.000011  loss: 1.8819 (1.9989)  loss_scale: 8192.0000 (8300.5033)  weight_decay: 0.0500 (0.0500)  time: 0.8037  data: 0.0028  max mem: 19534
[2023-08-22 16:12:36,384] [INFO] [fused_optimizer.py:394:_update_scale] No Grad overflow for 128 iterations
[2023-08-22 16:12:36,384] [INFO] [fused_optimizer.py:396:_update_scale] Increasing dynamic loss scale from 8192.0 to 16384.0
[2023-08-22 16:12:36,384] [INFO] [fused_optimizer.py:394:_update_scale] No Grad overflow for 128 iterations
[2023-08-22 16:12:36,385] [INFO] [fused_optimizer.py:394:_update_scale] No Grad overflow for 128 iterations
[2023-08-22 16:12:36,385] [INFO] [fused_optimizer.py:396:_update_scale] Increasing dynamic loss scale from 8192.0 to 16384.0
[2023-08-22 16:12:36,385] [INFO] [fused_optimizer.py:396:_update_scale] Increasing dynamic loss scale from 8192.0 to 16384.0
[2023-08-22 16:12:36,385] [INFO] [fused_optimizer.py:394:_update_scale] No Grad overflow for 128 iterations
[2023-08-22 16:12:36,385] [INFO] [fused_optimizer.py:394:_update_scale] No Grad overflow for 128 iterations
[2023-08-22 16:12:36,386] [INFO] [fused_optimizer.py:396:_update_scale] Increasing dynamic loss scale from 8192.0 to 16384.0
[2023-08-22 16:12:36,386] [INFO] [fused_optimizer.py:396:_update_scale] Increasing dynamic loss scale from 8192.0 to 16384.0
[2023-08-22 16:12:36,385] [INFO] [fused_optimizer.py:394:_update_scale] No Grad overflow for 128 iterations
[2023-08-22 16:12:36,386] [INFO] [fused_optimizer.py:396:_update_scale] Increasing dynamic loss scale from 8192.0 to 16384.0
[2023-08-22 16:12:36,388] [INFO] [fused_optimizer.py:394:_update_scale] No Grad overflow for 128 iterations
[2023-08-22 16:12:36,388] [INFO] [fused_optimizer.py:396:_update_scale] Increasing dynamic loss scale from 8192.0 to 16384.0
[2023-08-22 16:12:36,411] [INFO] [fused_optimizer.py:394:_update_scale] No Grad overflow for 128 iterations
[2023-08-22 16:12:36,411] [INFO] [fused_optimizer.py:396:_update_scale] Increasing dynamic loss scale from 8192.0 to 16384.0
[2023-08-22 16:12:39,560] [INFO] [logging.py:77:log_dist] [Rank 0] step=3000, skipped=16, lr=[1.0511610134402895e-05, 7.874815749522499e-05, 7.874815749522499e-05, 0.00010499754332696665, 0.00010499754332696665, 0.00013999672443595554, 0.00013999672443595554, 0.0001866622992479407, 0.0001866622992479407, 0.00024888306566392095, 0.00024888306566392095, 0.0003318440875518946, 0.0003318440875518946, 0.00044245878340252613, 0.00044245878340252613], mom=[[0.9, 0.999], [0.9, 0.999], [0.9, 0.999], [0.9, 0.999], [0.9, 0.999], [0.9, 0.999], [0.9, 0.999], [0.9, 0.999], [0.9, 0.999], [0.9, 0.999], [0.9, 0.999], [0.9, 0.999], [0.9, 0.999], [0.9, 0.999], [0.9, 0.999]]
[2023-08-22 16:12:39,561] [INFO] [timer.py:209:stop] epoch=0/micro_step=3000/global_step=3000, RunningAvgSamplesPerSec=179.74539247423715, CurrSamplesPerSec=189.68223659804195, MemAllocated=0.82GB, MaxMemAllocated=19.08GB
[2023-08-22 16:12:40,333] [INFO] [fused_optimizer.py:383:_update_scale] 
Grad overflow on iteration 3000
[2023-08-22 16:12:40,333] [INFO] [fused_optimizer.py:383:_update_scale] 
Grad overflow on iteration 3000
[2023-08-22 16:12:40,333] [INFO] [fused_optimizer.py:383:_update_scale] 
Grad overflow on iteration 3000
[2023-08-22 16:12:40,333] [INFO] [fused_optimizer.py:385:_update_scale] Reducing dynamic loss scale from 16384.0 to 8192.0
[2023-08-22 16:12:40,333] [INFO] [fused_optimizer.py:385:_update_scale] Reducing dynamic loss scale from 16384.0 to 8192.0
[2023-08-22 16:12:40,333] [INFO] [fused_optimizer.py:383:_update_scale] 
Grad overflow on iteration 3000
[2023-08-22 16:12:40,333] [INFO] [fused_optimizer.py:385:_update_scale] Reducing dynamic loss scale from 16384.0 to 8192.0
[2023-08-22 16:12:40,333] [INFO] [fused_optimizer.py:385:_update_scale] Reducing dynamic loss scale from 16384.0 to 8192.0
[2023-08-22 16:12:40,333] [INFO] [fused_optimizer.py:383:_update_scale] 
Grad overflow on iteration 3000
[2023-08-22 16:12:40,333] [INFO] [fused_optimizer.py:383:_update_scale] 
Grad overflow on iteration 3000
[2023-08-22 16:12:40,334] [INFO] [fused_optimizer.py:385:_update_scale] Reducing dynamic loss scale from 16384.0 to 8192.0
[2023-08-22 16:12:40,334] [INFO] [fused_optimizer.py:385:_update_scale] Reducing dynamic loss scale from 16384.0 to 8192.0
[2023-08-22 16:12:40,336] [INFO] [fused_optimizer.py:383:_update_scale] 
Grad overflow on iteration 3000
[2023-08-22 16:12:40,336] [INFO] [fused_optimizer.py:385:_update_scale] Reducing dynamic loss scale from 16384.0 to 8192.0
[2023-08-22 16:12:40,336] [INFO] [fused_optimizer.py:383:_update_scale] 
Grad overflow on iteration 3000
[2023-08-22 16:12:40,336] [INFO] [logging.py:77:log_dist] [Rank 0] Overflow detected. Skipping step. Attempted loss scale: 16384.0, reducing to 8192.0
[2023-08-22 16:12:40,336] [INFO] [fused_optimizer.py:385:_update_scale] Reducing dynamic loss scale from 16384.0 to 8192.0
TASK EPOCH: [14]  [200/201]  eta: 0:00:00  lr: 0.000442  min_lr: 0.000010  loss: 1.9546 (2.0111)  loss_scale: 8192.0000 (8477.2935)  weight_decay: 0.0500 (0.0500)  time: 0.7678  data: 0.0006  max mem: 19534
TASK EPOCH: [14] Total time: 0:02:52 (0.8564 s / it)
Averaged stats: lr: 0.000442  min_lr: 0.000010  loss: 1.9546 (2.0393)  loss_scale: 8192.0000 (8477.2935)  weight_decay: 0.0500 (0.0500)
TASK EPOCH: [15]  [  0/201]  eta: 0:30:29  lr: 0.000442  min_lr: 0.000010  loss: 2.3979 (2.3979)  loss_scale: 8192.0000 (8192.0000)  weight_decay: 0.0500 (0.0500)  time: 9.1024  data: 7.8680  max mem: 19534
TASK EPOCH: [15]  [ 50/201]  eta: 0:02:32  lr: 0.000439  min_lr: 0.000010  loss: 2.0660 (2.0510)  loss_scale: 8192.0000 (8192.0000)  weight_decay: 0.0500 (0.0500)  time: 0.7917  data: 0.0033  max mem: 19534
TASK EPOCH: [15]  [100/201]  eta: 0:01:31  lr: 0.000436  min_lr: 0.000010  loss: 1.9132 (2.0625)  loss_scale: 8192.0000 (8192.0000)  weight_decay: 0.0500 (0.0500)  time: 0.7999  data: 0.0037  max mem: 19534
[2023-08-22 16:14:34,103] [INFO] [fused_optimizer.py:394:_update_scale] No Grad overflow for 128 iterations
[2023-08-22 16:14:34,104] [INFO] [fused_optimizer.py:396:_update_scale] Increasing dynamic loss scale from 8192.0 to 16384.0
[2023-08-22 16:14:34,103] [INFO] [fused_optimizer.py:394:_update_scale] No Grad overflow for 128 iterations
[2023-08-22 16:14:34,104] [INFO] [fused_optimizer.py:396:_update_scale] Increasing dynamic loss scale from 8192.0 to 16384.0
[2023-08-22 16:14:34,104] [INFO] [fused_optimizer.py:394:_update_scale] No Grad overflow for 128 iterations
[2023-08-22 16:14:34,104] [INFO] [fused_optimizer.py:394:_update_scale] No Grad overflow for 128 iterations
[2023-08-22 16:14:34,104] [INFO] [fused_optimizer.py:396:_update_scale] Increasing dynamic loss scale from 8192.0 to 16384.0
[2023-08-22 16:14:34,105] [INFO] [fused_optimizer.py:396:_update_scale] Increasing dynamic loss scale from 8192.0 to 16384.0
[2023-08-22 16:14:34,105] [INFO] [fused_optimizer.py:394:_update_scale] No Grad overflow for 128 iterations
[2023-08-22 16:14:34,105] [INFO] [fused_optimizer.py:396:_update_scale] Increasing dynamic loss scale from 8192.0 to 16384.0
[2023-08-22 16:14:34,105] [INFO] [fused_optimizer.py:394:_update_scale] No Grad overflow for 128 iterations
[2023-08-22 16:14:34,105] [INFO] [fused_optimizer.py:396:_update_scale] Increasing dynamic loss scale from 8192.0 to 16384.0
[2023-08-22 16:14:34,106] [INFO] [fused_optimizer.py:394:_update_scale] No Grad overflow for 128 iterations
[2023-08-22 16:14:34,106] [INFO] [fused_optimizer.py:396:_update_scale] Increasing dynamic loss scale from 8192.0 to 16384.0
[2023-08-22 16:14:34,140] [INFO] [fused_optimizer.py:394:_update_scale] No Grad overflow for 128 iterations
[2023-08-22 16:14:34,141] [INFO] [fused_optimizer.py:396:_update_scale] Increasing dynamic loss scale from 8192.0 to 16384.0
[2023-08-22 16:14:36,483] [INFO] [fused_optimizer.py:383:_update_scale] 
Grad overflow on iteration 3132
[2023-08-22 16:14:36,483] [INFO] [fused_optimizer.py:385:_update_scale] Reducing dynamic loss scale from 16384.0 to 8192.0
[2023-08-22 16:14:36,483] [INFO] [fused_optimizer.py:383:_update_scale] 
Grad overflow on iteration 3132
[2023-08-22 16:14:36,483] [INFO] [fused_optimizer.py:383:_update_scale] 
Grad overflow on iteration 3132
[2023-08-22 16:14:36,484] [INFO] [fused_optimizer.py:385:_update_scale] Reducing dynamic loss scale from 16384.0 to 8192.0
[2023-08-22 16:14:36,484] [INFO] [fused_optimizer.py:385:_update_scale] Reducing dynamic loss scale from 16384.0 to 8192.0
[2023-08-22 16:14:36,484] [INFO] [logging.py:77:log_dist] [Rank 0] Overflow detected. Skipping step. Attempted loss scale: 16384.0, reducing to 8192.0
[2023-08-22 16:14:36,484] [INFO] [fused_optimizer.py:383:_update_scale] 
Grad overflow on iteration 3132
[2023-08-22 16:14:36,484] [INFO] [fused_optimizer.py:385:_update_scale] Reducing dynamic loss scale from 16384.0 to 8192.0
[2023-08-22 16:14:36,484] [INFO] [fused_optimizer.py:383:_update_scale] 
Grad overflow on iteration 3132
[2023-08-22 16:14:36,484] [INFO] [fused_optimizer.py:385:_update_scale] Reducing dynamic loss scale from 16384.0 to 8192.0
[2023-08-22 16:14:36,487] [INFO] [fused_optimizer.py:383:_update_scale] 
Grad overflow on iteration 3132
[2023-08-22 16:14:36,487] [INFO] [fused_optimizer.py:385:_update_scale] Reducing dynamic loss scale from 16384.0 to 8192.0
[2023-08-22 16:14:36,489] [INFO] [fused_optimizer.py:383:_update_scale] 
Grad overflow on iteration 3132
[2023-08-22 16:14:36,489] [INFO] [fused_optimizer.py:385:_update_scale] Reducing dynamic loss scale from 16384.0 to 8192.0
[2023-08-22 16:14:36,496] [INFO] [fused_optimizer.py:383:_update_scale] 
Grad overflow on iteration 3132
[2023-08-22 16:14:36,497] [INFO] [fused_optimizer.py:385:_update_scale] Reducing dynamic loss scale from 16384.0 to 8192.0
TASK EPOCH: [15]  [150/201]  eta: 0:00:44  lr: 0.000433  min_lr: 0.000010  loss: 1.9845 (2.0207)  loss_scale: 8192.0000 (8354.7550)  weight_decay: 0.0500 (0.0500)  time: 0.8134  data: 0.0042  max mem: 19534
TASK EPOCH: [15]  [200/201]  eta: 0:00:00  lr: 0.000430  min_lr: 0.000010  loss: 2.2537 (2.0228)  loss_scale: 8192.0000 (8314.2687)  weight_decay: 0.0500 (0.0500)  time: 0.7665  data: 0.0014  max mem: 19534
TASK EPOCH: [15] Total time: 0:02:52 (0.8557 s / it)
Averaged stats: lr: 0.000430  min_lr: 0.000010  loss: 2.2537 (2.0230)  loss_scale: 8192.0000 (8314.2687)  weight_decay: 0.0500 (0.0500)
TASK EPOCH: [16]  [  0/201]  eta: 0:32:35  lr: 0.000430  min_lr: 0.000010  loss: 1.8886 (1.8886)  loss_scale: 8192.0000 (8192.0000)  weight_decay: 0.0500 (0.0500)  time: 9.7274  data: 9.0513  max mem: 19534
[2023-08-22 16:16:29,607] [INFO] [fused_optimizer.py:394:_update_scale] No Grad overflow for 128 iterations
[2023-08-22 16:16:29,607] [INFO] [fused_optimizer.py:394:_update_scale] No Grad overflow for 128 iterations
[2023-08-22 16:16:29,607] [INFO] [fused_optimizer.py:394:_update_scale] No Grad overflow for 128 iterations
[2023-08-22 16:16:29,607] [INFO] [fused_optimizer.py:396:_update_scale] Increasing dynamic loss scale from 8192.0 to 16384.0
[2023-08-22 16:16:29,607] [INFO] [fused_optimizer.py:396:_update_scale] Increasing dynamic loss scale from 8192.0 to 16384.0
[2023-08-22 16:16:29,607] [INFO] [fused_optimizer.py:396:_update_scale] Increasing dynamic loss scale from 8192.0 to 16384.0
[2023-08-22 16:16:29,608] [INFO] [fused_optimizer.py:394:_update_scale] No Grad overflow for 128 iterations
[2023-08-22 16:16:29,608] [INFO] [fused_optimizer.py:394:_update_scale] No Grad overflow for 128 iterations
[2023-08-22 16:16:29,608] [INFO] [fused_optimizer.py:396:_update_scale] Increasing dynamic loss scale from 8192.0 to 16384.0
[2023-08-22 16:16:29,609] [INFO] [fused_optimizer.py:396:_update_scale] Increasing dynamic loss scale from 8192.0 to 16384.0
[2023-08-22 16:16:29,608] [INFO] [fused_optimizer.py:394:_update_scale] No Grad overflow for 128 iterations
[2023-08-22 16:16:29,608] [INFO] [fused_optimizer.py:394:_update_scale] No Grad overflow for 128 iterations
[2023-08-22 16:16:29,609] [INFO] [fused_optimizer.py:396:_update_scale] Increasing dynamic loss scale from 8192.0 to 16384.0
[2023-08-22 16:16:29,609] [INFO] [fused_optimizer.py:396:_update_scale] Increasing dynamic loss scale from 8192.0 to 16384.0
[2023-08-22 16:16:29,613] [INFO] [fused_optimizer.py:394:_update_scale] No Grad overflow for 128 iterations
[2023-08-22 16:16:29,614] [INFO] [fused_optimizer.py:396:_update_scale] Increasing dynamic loss scale from 8192.0 to 16384.0
TASK EPOCH: [16]  [ 50/201]  eta: 0:02:29  lr: 0.000427  min_lr: 0.000010  loss: 1.9593 (2.0817)  loss_scale: 8192.0000 (9155.7647)  weight_decay: 0.0500 (0.0500)  time: 0.8011  data: 0.0032  max mem: 19534
[2023-08-22 16:16:35,284] [INFO] [fused_optimizer.py:383:_update_scale] 
Grad overflow on iteration 3268
[2023-08-22 16:16:35,284] [INFO] [fused_optimizer.py:385:_update_scale] Reducing dynamic loss scale from 16384.0 to 8192.0
[2023-08-22 16:16:35,284] [INFO] [fused_optimizer.py:383:_update_scale] 
Grad overflow on iteration 3268
[2023-08-22 16:16:35,284] [INFO] [fused_optimizer.py:385:_update_scale] Reducing dynamic loss scale from 16384.0 to 8192.0
[2023-08-22 16:16:35,284] [INFO] [fused_optimizer.py:383:_update_scale] 
Grad overflow on iteration 3268
[2023-08-22 16:16:35,284] [INFO] [fused_optimizer.py:385:_update_scale] Reducing dynamic loss scale from 16384.0 to 8192.0
[2023-08-22 16:16:35,284] [INFO] [fused_optimizer.py:383:_update_scale] 
Grad overflow on iteration 3268
[2023-08-22 16:16:35,285] [INFO] [logging.py:77:log_dist] [Rank 0] Overflow detected. Skipping step. Attempted loss scale: 16384.0, reducing to 8192.0
[2023-08-22 16:16:35,284] [INFO] [fused_optimizer.py:385:_update_scale] Reducing dynamic loss scale from 16384.0 to 8192.0
[2023-08-22 16:16:35,284] [INFO] [fused_optimizer.py:383:_update_scale] 
Grad overflow on iteration 3268
[2023-08-22 16:16:35,284] [INFO] [fused_optimizer.py:383:_update_scale] 
Grad overflow on iteration 3268
[2023-08-22 16:16:35,285] [INFO] [fused_optimizer.py:385:_update_scale] Reducing dynamic loss scale from 16384.0 to 8192.0
[2023-08-22 16:16:35,285] [INFO] [fused_optimizer.py:383:_update_scale] 
Grad overflow on iteration 3268
[2023-08-22 16:16:35,285] [INFO] [fused_optimizer.py:385:_update_scale] Reducing dynamic loss scale from 16384.0 to 8192.0
[2023-08-22 16:16:35,285] [INFO] [fused_optimizer.py:385:_update_scale] Reducing dynamic loss scale from 16384.0 to 8192.0
[2023-08-22 16:16:35,298] [INFO] [fused_optimizer.py:383:_update_scale] 
Grad overflow on iteration 3268
[2023-08-22 16:16:35,299] [INFO] [fused_optimizer.py:385:_update_scale] Reducing dynamic loss scale from 16384.0 to 8192.0
TASK EPOCH: [16]  [100/201]  eta: 0:01:30  lr: 0.000424  min_lr: 0.000010  loss: 2.0157 (2.0280)  loss_scale: 8192.0000 (8759.7624)  weight_decay: 0.0500 (0.0500)  time: 0.7958  data: 0.0046  max mem: 19534
TASK EPOCH: [16]  [150/201]  eta: 0:00:44  lr: 0.000421  min_lr: 0.000010  loss: 2.1203 (2.0139)  loss_scale: 8192.0000 (8571.7616)  weight_decay: 0.0500 (0.0500)  time: 0.8369  data: 0.0045  max mem: 19534
[2023-08-22 16:18:19,749] [INFO] [fused_optimizer.py:394:_update_scale] No Grad overflow for 128 iterations
[2023-08-22 16:18:19,749] [INFO] [fused_optimizer.py:394:_update_scale] No Grad overflow for 128 iterations
[2023-08-22 16:18:19,750] [INFO] [fused_optimizer.py:394:_update_scale] No Grad overflow for 128 iterations
[2023-08-22 16:18:19,750] [INFO] [fused_optimizer.py:396:_update_scale] Increasing dynamic loss scale from 8192.0 to 16384.0
[2023-08-22 16:18:19,750] [INFO] [fused_optimizer.py:396:_update_scale] Increasing dynamic loss scale from 8192.0 to 16384.0
[2023-08-22 16:18:19,750] [INFO] [fused_optimizer.py:396:_update_scale] Increasing dynamic loss scale from 8192.0 to 16384.0
[2023-08-22 16:18:19,750] [INFO] [fused_optimizer.py:394:_update_scale] No Grad overflow for 128 iterations
[2023-08-22 16:18:19,750] [INFO] [fused_optimizer.py:394:_update_scale] No Grad overflow for 128 iterations
[2023-08-22 16:18:19,750] [INFO] [fused_optimizer.py:396:_update_scale] Increasing dynamic loss scale from 8192.0 to 16384.0
[2023-08-22 16:18:19,750] [INFO] [fused_optimizer.py:396:_update_scale] Increasing dynamic loss scale from 8192.0 to 16384.0
[2023-08-22 16:18:19,750] [INFO] [fused_optimizer.py:394:_update_scale] No Grad overflow for 128 iterations
[2023-08-22 16:18:19,750] [INFO] [fused_optimizer.py:394:_update_scale] No Grad overflow for 128 iterations
[2023-08-22 16:18:19,750] [INFO] [fused_optimizer.py:396:_update_scale] Increasing dynamic loss scale from 8192.0 to 16384.0
[2023-08-22 16:18:19,750] [INFO] [fused_optimizer.py:396:_update_scale] Increasing dynamic loss scale from 8192.0 to 16384.0
[2023-08-22 16:18:19,763] [INFO] [fused_optimizer.py:394:_update_scale] No Grad overflow for 128 iterations
[2023-08-22 16:18:19,764] [INFO] [fused_optimizer.py:396:_update_scale] Increasing dynamic loss scale from 8192.0 to 16384.0
[2023-08-22 16:18:22,096] [INFO] [fused_optimizer.py:383:_update_scale] 
Grad overflow on iteration 3400
[2023-08-22 16:18:22,096] [INFO] [fused_optimizer.py:385:_update_scale] Reducing dynamic loss scale from 16384.0 to 8192.0
[2023-08-22 16:18:22,096] [INFO] [fused_optimizer.py:383:_update_scale] 
Grad overflow on iteration 3400
[2023-08-22 16:18:22,096] [INFO] [fused_optimizer.py:385:_update_scale] Reducing dynamic loss scale from 16384.0 to 8192.0
[2023-08-22 16:18:22,096] [INFO] [fused_optimizer.py:383:_update_scale] 
Grad overflow on iteration 3400
[2023-08-22 16:18:22,096] [INFO] [logging.py:77:log_dist] [Rank 0] Overflow detected. Skipping step. Attempted loss scale: 16384.0, reducing to 8192.0
[2023-08-22 16:18:22,096] [INFO] [fused_optimizer.py:385:_update_scale] Reducing dynamic loss scale from 16384.0 to 8192.0
[2023-08-22 16:18:22,096] [INFO] [fused_optimizer.py:383:_update_scale] 
Grad overflow on iteration 3400
[2023-08-22 16:18:22,097] [INFO] [fused_optimizer.py:385:_update_scale] Reducing dynamic loss scale from 16384.0 to 8192.0
[2023-08-22 16:18:22,097] [INFO] [fused_optimizer.py:383:_update_scale] 
Grad overflow on iteration 3400
[2023-08-22 16:18:22,097] [INFO] [fused_optimizer.py:385:_update_scale] Reducing dynamic loss scale from 16384.0 to 8192.0
[2023-08-22 16:18:22,097] [INFO] [fused_optimizer.py:383:_update_scale] 
Grad overflow on iteration 3400
[2023-08-22 16:18:22,097] [INFO] [fused_optimizer.py:385:_update_scale] Reducing dynamic loss scale from 16384.0 to 8192.0
[2023-08-22 16:18:22,097] [INFO] [fused_optimizer.py:383:_update_scale] 
Grad overflow on iteration 3400
[2023-08-22 16:18:22,097] [INFO] [fused_optimizer.py:383:_update_scale] 
Grad overflow on iteration 3400
[2023-08-22 16:18:22,098] [INFO] [fused_optimizer.py:385:_update_scale] Reducing dynamic loss scale from 16384.0 to 8192.0
[2023-08-22 16:18:22,098] [INFO] [fused_optimizer.py:385:_update_scale] Reducing dynamic loss scale from 16384.0 to 8192.0
TASK EPOCH: [16]  [200/201]  eta: 0:00:00  lr: 0.000417  min_lr: 0.000010  loss: 2.0775 (2.0188)  loss_scale: 8192.0000 (8599.5622)  weight_decay: 0.0500 (0.0500)  time: 0.7614  data: 0.0018  max mem: 19534
TASK EPOCH: [16] Total time: 0:02:51 (0.8520 s / it)
Averaged stats: lr: 0.000417  min_lr: 0.000010  loss: 2.0775 (2.0025)  loss_scale: 8192.0000 (8599.5622)  weight_decay: 0.0500 (0.0500)
TASK EPOCH: [17]  [  0/201]  eta: 0:30:33  lr: 0.000417  min_lr: 0.000010  loss: 1.5417 (1.5417)  loss_scale: 8192.0000 (8192.0000)  weight_decay: 0.0500 (0.0500)  time: 9.1229  data: 8.0602  max mem: 19534
TASK EPOCH: [17]  [ 50/201]  eta: 0:02:31  lr: 0.000414  min_lr: 0.000010  loss: 1.8651 (1.9614)  loss_scale: 8192.0000 (8192.0000)  weight_decay: 0.0500 (0.0500)  time: 0.7978  data: 0.0055  max mem: 19534
TASK EPOCH: [17]  [100/201]  eta: 0:01:31  lr: 0.000411  min_lr: 0.000010  loss: 2.0799 (1.9663)  loss_scale: 8192.0000 (8192.0000)  weight_decay: 0.0500 (0.0500)  time: 0.8015  data: 0.0056  max mem: 19534
[2023-08-22 16:20:15,365] [INFO] [fused_optimizer.py:394:_update_scale] No Grad overflow for 128 iterations
[2023-08-22 16:20:15,365] [INFO] [fused_optimizer.py:394:_update_scale] No Grad overflow for 128 iterations
[2023-08-22 16:20:15,365] [INFO] [fused_optimizer.py:396:_update_scale] Increasing dynamic loss scale from 8192.0 to 16384.0
[2023-08-22 16:20:15,365] [INFO] [fused_optimizer.py:394:_update_scale] No Grad overflow for 128 iterations
[2023-08-22 16:20:15,365] [INFO] [fused_optimizer.py:396:_update_scale] Increasing dynamic loss scale from 8192.0 to 16384.0
[2023-08-22 16:20:15,365] [INFO] [fused_optimizer.py:396:_update_scale] Increasing dynamic loss scale from 8192.0 to 16384.0
[2023-08-22 16:20:15,365] [INFO] [fused_optimizer.py:394:_update_scale] No Grad overflow for 128 iterations
[2023-08-22 16:20:15,366] [INFO] [fused_optimizer.py:396:_update_scale] Increasing dynamic loss scale from 8192.0 to 16384.0
[2023-08-22 16:20:15,366] [INFO] [fused_optimizer.py:394:_update_scale] No Grad overflow for 128 iterations
[2023-08-22 16:20:15,366] [INFO] [fused_optimizer.py:396:_update_scale] Increasing dynamic loss scale from 8192.0 to 16384.0
[2023-08-22 16:20:15,366] [INFO] [fused_optimizer.py:394:_update_scale] No Grad overflow for 128 iterations
[2023-08-22 16:20:15,367] [INFO] [fused_optimizer.py:396:_update_scale] Increasing dynamic loss scale from 8192.0 to 16384.0
[2023-08-22 16:20:15,368] [INFO] [fused_optimizer.py:394:_update_scale] No Grad overflow for 128 iterations
[2023-08-22 16:20:15,368] [INFO] [fused_optimizer.py:396:_update_scale] Increasing dynamic loss scale from 8192.0 to 16384.0
[2023-08-22 16:20:15,370] [INFO] [fused_optimizer.py:394:_update_scale] No Grad overflow for 128 iterations
[2023-08-22 16:20:15,370] [INFO] [fused_optimizer.py:396:_update_scale] Increasing dynamic loss scale from 8192.0 to 16384.0
[2023-08-22 16:20:19,413] [INFO] [fused_optimizer.py:383:_update_scale] 
Grad overflow on iteration 3534
[2023-08-22 16:20:19,413] [INFO] [fused_optimizer.py:383:_update_scale] 
Grad overflow on iteration 3534
[2023-08-22 16:20:19,413] [INFO] [fused_optimizer.py:385:_update_scale] Reducing dynamic loss scale from 16384.0 to 8192.0
[2023-08-22 16:20:19,413] [INFO] [fused_optimizer.py:383:_update_scale] 
Grad overflow on iteration 3534
[2023-08-22 16:20:19,413] [INFO] [fused_optimizer.py:385:_update_scale] Reducing dynamic loss scale from 16384.0 to 8192.0
[2023-08-22 16:20:19,413] [INFO] [fused_optimizer.py:385:_update_scale] Reducing dynamic loss scale from 16384.0 to 8192.0
[2023-08-22 16:20:19,413] [INFO] [fused_optimizer.py:383:_update_scale] 
Grad overflow on iteration 3534
[2023-08-22 16:20:19,413] [INFO] [fused_optimizer.py:383:_update_scale] 
Grad overflow on iteration 3534
[2023-08-22 16:20:19,414] [INFO] [fused_optimizer.py:385:_update_scale] Reducing dynamic loss scale from 16384.0 to 8192.0
[2023-08-22 16:20:19,414] [INFO] [fused_optimizer.py:385:_update_scale] Reducing dynamic loss scale from 16384.0 to 8192.0
[2023-08-22 16:20:19,414] [INFO] [fused_optimizer.py:383:_update_scale] 
Grad overflow on iteration 3534
[2023-08-22 16:20:19,414] [INFO] [logging.py:77:log_dist] [Rank 0] Overflow detected. Skipping step. Attempted loss scale: 16384.0, reducing to 8192.0
[2023-08-22 16:20:19,414] [INFO] [fused_optimizer.py:385:_update_scale] Reducing dynamic loss scale from 16384.0 to 8192.0
[2023-08-22 16:20:19,415] [INFO] [fused_optimizer.py:383:_update_scale] 
Grad overflow on iteration 3534
[2023-08-22 16:20:19,416] [INFO] [fused_optimizer.py:385:_update_scale] Reducing dynamic loss scale from 16384.0 to 8192.0
[2023-08-22 16:20:19,416] [INFO] [fused_optimizer.py:383:_update_scale] 
Grad overflow on iteration 3534
[2023-08-22 16:20:19,416] [INFO] [fused_optimizer.py:385:_update_scale] Reducing dynamic loss scale from 16384.0 to 8192.0
TASK EPOCH: [17]  [150/201]  eta: 0:00:44  lr: 0.000407  min_lr: 0.000010  loss: 1.9856 (1.9610)  loss_scale: 8192.0000 (8463.2583)  weight_decay: 0.0500 (0.0500)  time: 0.8659  data: 0.0032  max mem: 19534
TASK EPOCH: [17]  [200/201]  eta: 0:00:00  lr: 0.000404  min_lr: 0.000010  loss: 2.1478 (1.9919)  loss_scale: 8192.0000 (8395.7811)  weight_decay: 0.0500 (0.0500)  time: 0.7610  data: 0.0007  max mem: 19534
TASK EPOCH: [17] Total time: 0:02:52 (0.8563 s / it)
Averaged stats: lr: 0.000404  min_lr: 0.000010  loss: 2.1478 (1.9886)  loss_scale: 8192.0000 (8395.7811)  weight_decay: 0.0500 (0.0500)
TASK EPOCH: [18]  [  0/201]  eta: 0:31:49  lr: 0.000404  min_lr: 0.000010  loss: 1.7120 (1.7120)  loss_scale: 8192.0000 (8192.0000)  weight_decay: 0.0500 (0.0500)  time: 9.4986  data: 8.5246  max mem: 19534
[2023-08-22 16:22:14,100] [INFO] [fused_optimizer.py:394:_update_scale] No Grad overflow for 128 iterations
[2023-08-22 16:22:14,101] [INFO] [fused_optimizer.py:396:_update_scale] Increasing dynamic loss scale from 8192.0 to 16384.0
[2023-08-22 16:22:14,101] [INFO] [fused_optimizer.py:394:_update_scale] No Grad overflow for 128 iterations
[2023-08-22 16:22:14,101] [INFO] [fused_optimizer.py:396:_update_scale] Increasing dynamic loss scale from 8192.0 to 16384.0
[2023-08-22 16:22:14,101] [INFO] [fused_optimizer.py:394:_update_scale] No Grad overflow for 128 iterations
[2023-08-22 16:22:14,101] [INFO] [fused_optimizer.py:396:_update_scale] Increasing dynamic loss scale from 8192.0 to 16384.0
[2023-08-22 16:22:14,102] [INFO] [fused_optimizer.py:394:_update_scale] No Grad overflow for 128 iterations
[2023-08-22 16:22:14,102] [INFO] [fused_optimizer.py:394:_update_scale] No Grad overflow for 128 iterations
[2023-08-22 16:22:14,102] [INFO] [fused_optimizer.py:396:_update_scale] Increasing dynamic loss scale from 8192.0 to 16384.0
[2023-08-22 16:22:14,102] [INFO] [fused_optimizer.py:396:_update_scale] Increasing dynamic loss scale from 8192.0 to 16384.0
[2023-08-22 16:22:14,102] [INFO] [fused_optimizer.py:394:_update_scale] No Grad overflow for 128 iterations
[2023-08-22 16:22:14,103] [INFO] [fused_optimizer.py:396:_update_scale] Increasing dynamic loss scale from 8192.0 to 16384.0
[2023-08-22 16:22:14,107] [INFO] [fused_optimizer.py:394:_update_scale] No Grad overflow for 128 iterations
[2023-08-22 16:22:14,108] [INFO] [fused_optimizer.py:396:_update_scale] Increasing dynamic loss scale from 8192.0 to 16384.0
[2023-08-22 16:22:14,109] [INFO] [fused_optimizer.py:394:_update_scale] No Grad overflow for 128 iterations
[2023-08-22 16:22:14,110] [INFO] [fused_optimizer.py:396:_update_scale] Increasing dynamic loss scale from 8192.0 to 16384.0
[2023-08-22 16:22:16,513] [INFO] [fused_optimizer.py:383:_update_scale] 
Grad overflow on iteration 3666
[2023-08-22 16:22:16,513] [INFO] [fused_optimizer.py:383:_update_scale] 
Grad overflow on iteration 3666
[2023-08-22 16:22:16,513] [INFO] [fused_optimizer.py:385:_update_scale] Reducing dynamic loss scale from 16384.0 to 8192.0
[2023-08-22 16:22:16,513] [INFO] [fused_optimizer.py:385:_update_scale] Reducing dynamic loss scale from 16384.0 to 8192.0
[2023-08-22 16:22:16,513] [INFO] [fused_optimizer.py:383:_update_scale] 
Grad overflow on iteration 3666
[2023-08-22 16:22:16,513] [INFO] [fused_optimizer.py:383:_update_scale] 
Grad overflow on iteration 3666
[2023-08-22 16:22:16,513] [INFO] [fused_optimizer.py:385:_update_scale] Reducing dynamic loss scale from 16384.0 to 8192.0
[2023-08-22 16:22:16,513] [INFO] [fused_optimizer.py:383:_update_scale] 
Grad overflow on iteration 3666
[2023-08-22 16:22:16,513] [INFO] [fused_optimizer.py:385:_update_scale] Reducing dynamic loss scale from 16384.0 to 8192.0
[2023-08-22 16:22:16,513] [INFO] [fused_optimizer.py:385:_update_scale] Reducing dynamic loss scale from 16384.0 to 8192.0
[2023-08-22 16:22:16,513] [INFO] [logging.py:77:log_dist] [Rank 0] Overflow detected. Skipping step. Attempted loss scale: 16384.0, reducing to 8192.0
[2023-08-22 16:22:16,513] [INFO] [fused_optimizer.py:383:_update_scale] 
Grad overflow on iteration 3666
[2023-08-22 16:22:16,514] [INFO] [fused_optimizer.py:385:_update_scale] Reducing dynamic loss scale from 16384.0 to 8192.0
[2023-08-22 16:22:16,514] [INFO] [fused_optimizer.py:383:_update_scale] 
Grad overflow on iteration 3666
[2023-08-22 16:22:16,514] [INFO] [fused_optimizer.py:385:_update_scale] Reducing dynamic loss scale from 16384.0 to 8192.0
[2023-08-22 16:22:16,523] [INFO] [fused_optimizer.py:383:_update_scale] 
Grad overflow on iteration 3666
[2023-08-22 16:22:16,523] [INFO] [fused_optimizer.py:385:_update_scale] Reducing dynamic loss scale from 16384.0 to 8192.0
TASK EPOCH: [18]  [ 50/201]  eta: 0:02:32  lr: 0.000401  min_lr: 0.000010  loss: 2.1889 (2.0551)  loss_scale: 8192.0000 (8673.8824)  weight_decay: 0.0500 (0.0500)  time: 0.7955  data: 0.0037  max mem: 19534
TASK EPOCH: [18]  [100/201]  eta: 0:01:33  lr: 0.000397  min_lr: 0.000009  loss: 2.0666 (2.0398)  loss_scale: 8192.0000 (8435.3267)  weight_decay: 0.0500 (0.0500)  time: 0.7878  data: 0.0034  max mem: 19534
TASK EPOCH: [18]  [150/201]  eta: 0:00:44  lr: 0.000394  min_lr: 0.000009  loss: 2.0866 (2.0431)  loss_scale: 8192.0000 (8354.7550)  weight_decay: 0.0500 (0.0500)  time: 0.7966  data: 0.0037  max mem: 19534
[2023-08-22 16:24:01,037] [INFO] [fused_optimizer.py:394:_update_scale] No Grad overflow for 128 iterations
[2023-08-22 16:24:01,037] [INFO] [fused_optimizer.py:394:_update_scale] No Grad overflow for 128 iterations
[2023-08-22 16:24:01,037] [INFO] [fused_optimizer.py:394:_update_scale] No Grad overflow for 128 iterations
[2023-08-22 16:24:01,037] [INFO] [fused_optimizer.py:396:_update_scale] Increasing dynamic loss scale from 8192.0 to 16384.0
[2023-08-22 16:24:01,037] [INFO] [fused_optimizer.py:396:_update_scale] Increasing dynamic loss scale from 8192.0 to 16384.0
[2023-08-22 16:24:01,037] [INFO] [fused_optimizer.py:396:_update_scale] Increasing dynamic loss scale from 8192.0 to 16384.0
[2023-08-22 16:24:01,037] [INFO] [fused_optimizer.py:394:_update_scale] No Grad overflow for 128 iterations
[2023-08-22 16:24:01,037] [INFO] [fused_optimizer.py:396:_update_scale] Increasing dynamic loss scale from 8192.0 to 16384.0
[2023-08-22 16:24:01,038] [INFO] [fused_optimizer.py:394:_update_scale] No Grad overflow for 128 iterations
[2023-08-22 16:24:01,038] [INFO] [fused_optimizer.py:394:_update_scale] No Grad overflow for 128 iterations
[2023-08-22 16:24:01,038] [INFO] [fused_optimizer.py:396:_update_scale] Increasing dynamic loss scale from 8192.0 to 16384.0
[2023-08-22 16:24:01,038] [INFO] [fused_optimizer.py:396:_update_scale] Increasing dynamic loss scale from 8192.0 to 16384.0
[2023-08-22 16:24:01,038] [INFO] [fused_optimizer.py:394:_update_scale] No Grad overflow for 128 iterations
[2023-08-22 16:24:01,038] [INFO] [fused_optimizer.py:396:_update_scale] Increasing dynamic loss scale from 8192.0 to 16384.0
[2023-08-22 16:24:01,042] [INFO] [fused_optimizer.py:394:_update_scale] No Grad overflow for 128 iterations
[2023-08-22 16:24:01,042] [INFO] [fused_optimizer.py:396:_update_scale] Increasing dynamic loss scale from 8192.0 to 16384.0
[2023-08-22 16:24:05,035] [INFO] [fused_optimizer.py:383:_update_scale] 
Grad overflow on iteration 3800
[2023-08-22 16:24:05,035] [INFO] [fused_optimizer.py:385:_update_scale] Reducing dynamic loss scale from 16384.0 to 8192.0
[2023-08-22 16:24:05,035] [INFO] [fused_optimizer.py:383:_update_scale] 
Grad overflow on iteration 3800
[2023-08-22 16:24:05,036] [INFO] [fused_optimizer.py:385:_update_scale] Reducing dynamic loss scale from 16384.0 to 8192.0
[2023-08-22 16:24:05,036] [INFO] [fused_optimizer.py:383:_update_scale] 
Grad overflow on iteration 3800
[2023-08-22 16:24:05,036] [INFO] [fused_optimizer.py:385:_update_scale] Reducing dynamic loss scale from 16384.0 to 8192.0
[2023-08-22 16:24:05,036] [INFO] [fused_optimizer.py:383:_update_scale] 
Grad overflow on iteration 3800
[2023-08-22 16:24:05,036] [INFO] [fused_optimizer.py:383:_update_scale] 
Grad overflow on iteration 3800
[2023-08-22 16:24:05,036] [INFO] [fused_optimizer.py:383:_update_scale] 
Grad overflow on iteration 3800
[2023-08-22 16:24:05,036] [INFO] [fused_optimizer.py:385:_update_scale] Reducing dynamic loss scale from 16384.0 to 8192.0
[2023-08-22 16:24:05,036] [INFO] [fused_optimizer.py:385:_update_scale] Reducing dynamic loss scale from 16384.0 to 8192.0
[2023-08-22 16:24:05,036] [INFO] [fused_optimizer.py:385:_update_scale] Reducing dynamic loss scale from 16384.0 to 8192.0
[2023-08-22 16:24:05,036] [INFO] [fused_optimizer.py:383:_update_scale] 
Grad overflow on iteration 3800
[2023-08-22 16:24:05,037] [INFO] [fused_optimizer.py:385:_update_scale] Reducing dynamic loss scale from 16384.0 to 8192.0
[2023-08-22 16:24:05,037] [INFO] [logging.py:77:log_dist] [Rank 0] Overflow detected. Skipping step. Attempted loss scale: 16384.0, reducing to 8192.0
[2023-08-22 16:24:05,039] [INFO] [fused_optimizer.py:383:_update_scale] 
Grad overflow on iteration 3800
[2023-08-22 16:24:05,039] [INFO] [fused_optimizer.py:385:_update_scale] Reducing dynamic loss scale from 16384.0 to 8192.0
TASK EPOCH: [18]  [200/201]  eta: 0:00:00  lr: 0.000390  min_lr: 0.000009  loss: 1.9135 (2.0374)  loss_scale: 8192.0000 (8518.0498)  weight_decay: 0.0500 (0.0500)  time: 0.7635  data: 0.0007  max mem: 19534
TASK EPOCH: [18] Total time: 0:02:52 (0.8577 s / it)
Averaged stats: lr: 0.000390  min_lr: 0.000009  loss: 1.9135 (1.9798)  loss_scale: 8192.0000 (8518.0498)  weight_decay: 0.0500 (0.0500)
TASK EPOCH: [19]  [  0/201]  eta: 0:31:45  lr: 0.000390  min_lr: 0.000009  loss: 2.0173 (2.0173)  loss_scale: 8192.0000 (8192.0000)  weight_decay: 0.0500 (0.0500)  time: 9.4776  data: 8.7660  max mem: 19534
TASK EPOCH: [19]  [ 50/201]  eta: 0:02:31  lr: 0.000386  min_lr: 0.000009  loss: 1.9265 (1.8956)  loss_scale: 8192.0000 (8192.0000)  weight_decay: 0.0500 (0.0500)  time: 0.7975  data: 0.0045  max mem: 19534
TASK EPOCH: [19]  [100/201]  eta: 0:01:31  lr: 0.000383  min_lr: 0.000009  loss: 2.2121 (1.8932)  loss_scale: 8192.0000 (8192.0000)  weight_decay: 0.0500 (0.0500)  time: 0.8012  data: 0.0025  max mem: 19534
[2023-08-22 16:25:58,872] [INFO] [fused_optimizer.py:394:_update_scale] No Grad overflow for 128 iterations
[2023-08-22 16:25:58,873] [INFO] [fused_optimizer.py:396:_update_scale] Increasing dynamic loss scale from 8192.0 to 16384.0
[2023-08-22 16:25:58,872] [INFO] [fused_optimizer.py:394:_update_scale] No Grad overflow for 128 iterations
[2023-08-22 16:25:58,873] [INFO] [fused_optimizer.py:396:_update_scale] Increasing dynamic loss scale from 8192.0 to 16384.0
[2023-08-22 16:25:58,873] [INFO] [fused_optimizer.py:394:_update_scale] No Grad overflow for 128 iterations
[2023-08-22 16:25:58,873] [INFO] [fused_optimizer.py:396:_update_scale] Increasing dynamic loss scale from 8192.0 to 16384.0
[2023-08-22 16:25:58,873] [INFO] [fused_optimizer.py:394:_update_scale] No Grad overflow for 128 iterations
[2023-08-22 16:25:58,874] [INFO] [fused_optimizer.py:396:_update_scale] Increasing dynamic loss scale from 8192.0 to 16384.0
[2023-08-22 16:25:58,874] [INFO] [fused_optimizer.py:394:_update_scale] No Grad overflow for 128 iterations
[2023-08-22 16:25:58,874] [INFO] [fused_optimizer.py:394:_update_scale] No Grad overflow for 128 iterations
[2023-08-22 16:25:58,874] [INFO] [fused_optimizer.py:396:_update_scale] Increasing dynamic loss scale from 8192.0 to 16384.0
[2023-08-22 16:25:58,874] [INFO] [fused_optimizer.py:396:_update_scale] Increasing dynamic loss scale from 8192.0 to 16384.0
[2023-08-22 16:25:58,879] [INFO] [fused_optimizer.py:394:_update_scale] No Grad overflow for 128 iterations
[2023-08-22 16:25:58,879] [INFO] [fused_optimizer.py:396:_update_scale] Increasing dynamic loss scale from 8192.0 to 16384.0
[2023-08-22 16:25:58,880] [INFO] [fused_optimizer.py:394:_update_scale] No Grad overflow for 128 iterations
[2023-08-22 16:25:58,880] [INFO] [fused_optimizer.py:396:_update_scale] Increasing dynamic loss scale from 8192.0 to 16384.0
[2023-08-22 16:26:02,034] [INFO] [fused_optimizer.py:383:_update_scale] 
Grad overflow on iteration 3933
[2023-08-22 16:26:02,034] [INFO] [fused_optimizer.py:383:_update_scale] 
Grad overflow on iteration 3933
[2023-08-22 16:26:02,034] [INFO] [fused_optimizer.py:383:_update_scale] 
Grad overflow on iteration 3933
[2023-08-22 16:26:02,035] [INFO] [fused_optimizer.py:385:_update_scale] Reducing dynamic loss scale from 16384.0 to 8192.0
[2023-08-22 16:26:02,035] [INFO] [fused_optimizer.py:385:_update_scale] Reducing dynamic loss scale from 16384.0 to 8192.0
[2023-08-22 16:26:02,035] [INFO] [fused_optimizer.py:385:_update_scale] Reducing dynamic loss scale from 16384.0 to 8192.0
[2023-08-22 16:26:02,035] [INFO] [fused_optimizer.py:383:_update_scale] 
Grad overflow on iteration 3933
[2023-08-22 16:26:02,035] [INFO] [fused_optimizer.py:383:_update_scale] 
Grad overflow on iteration 3933
[2023-08-22 16:26:02,035] [INFO] [fused_optimizer.py:385:_update_scale] Reducing dynamic loss scale from 16384.0 to 8192.0
[2023-08-22 16:26:02,035] [INFO] [fused_optimizer.py:385:_update_scale] Reducing dynamic loss scale from 16384.0 to 8192.0
[2023-08-22 16:26:02,035] [INFO] [fused_optimizer.py:383:_update_scale] 
Grad overflow on iteration 3933
[2023-08-22 16:26:02,035] [INFO] [fused_optimizer.py:385:_update_scale] Reducing dynamic loss scale from 16384.0 to 8192.0
[2023-08-22 16:26:02,036] [INFO] [logging.py:77:log_dist] [Rank 0] Overflow detected. Skipping step. Attempted loss scale: 16384.0, reducing to 8192.0
[2023-08-22 16:26:02,039] [INFO] [fused_optimizer.py:383:_update_scale] 
Grad overflow on iteration 3933
[2023-08-22 16:26:02,039] [INFO] [fused_optimizer.py:385:_update_scale] Reducing dynamic loss scale from 16384.0 to 8192.0
[2023-08-22 16:26:02,051] [INFO] [fused_optimizer.py:383:_update_scale] 
Grad overflow on iteration 3933
[2023-08-22 16:26:02,051] [INFO] [fused_optimizer.py:385:_update_scale] Reducing dynamic loss scale from 16384.0 to 8192.0
TASK EPOCH: [19]  [150/201]  eta: 0:00:44  lr: 0.000379  min_lr: 0.000009  loss: 2.1107 (1.9021)  loss_scale: 8192.0000 (8409.0066)  weight_decay: 0.0500 (0.0500)  time: 0.7964  data: 0.0080  max mem: 19534
[2023-08-22 16:26:55,376] [INFO] [logging.py:77:log_dist] [Rank 0] step=4000, skipped=24, lr=[8.949343861957687e-06, 6.704437578157967e-05, 6.704437578157967e-05, 8.939250104210623e-05, 8.939250104210623e-05, 0.00011919000138947498, 0.00011919000138947498, 0.00015892000185263328, 0.00015892000185263328, 0.00021189333580351105, 0.00021189333580351105, 0.0002825244477380148, 0.0002825244477380148, 0.00037669926365068633, 0.00037669926365068633], mom=[[0.9, 0.999], [0.9, 0.999], [0.9, 0.999], [0.9, 0.999], [0.9, 0.999], [0.9, 0.999], [0.9, 0.999], [0.9, 0.999], [0.9, 0.999], [0.9, 0.999], [0.9, 0.999], [0.9, 0.999], [0.9, 0.999], [0.9, 0.999], [0.9, 0.999]]
[2023-08-22 16:26:55,377] [INFO] [timer.py:209:stop] epoch=0/micro_step=4000/global_step=4000, RunningAvgSamplesPerSec=180.11158789417374, CurrSamplesPerSec=189.94826362525413, MemAllocated=0.82GB, MaxMemAllocated=19.08GB
TASK EPOCH: [19]  [200/201]  eta: 0:00:00  lr: 0.000375  min_lr: 0.000009  loss: 2.1484 (1.9173)  loss_scale: 8192.0000 (8355.0249)  weight_decay: 0.0500 (0.0500)  time: 0.7678  data: 0.0013  max mem: 19534
TASK EPOCH: [19] Total time: 0:02:51 (0.8555 s / it)
Averaged stats: lr: 0.000375  min_lr: 0.000009  loss: 2.1484 (1.9452)  loss_scale: 8192.0000 (8355.0249)  weight_decay: 0.0500 (0.0500)
TASK EPOCH: [20]  [  0/201]  eta: 0:32:08  lr: 0.000375  min_lr: 0.000009  loss: 1.4925 (1.4925)  loss_scale: 8192.0000 (8192.0000)  weight_decay: 0.0500 (0.0500)  time: 9.5938  data: 7.3825  max mem: 19534
[2023-08-22 16:27:54,570] [INFO] [fused_optimizer.py:394:_update_scale] No Grad overflow for 128 iterations
[2023-08-22 16:27:54,570] [INFO] [fused_optimizer.py:394:_update_scale] No Grad overflow for 128 iterations
[2023-08-22 16:27:54,570] [INFO] [fused_optimizer.py:396:_update_scale] Increasing dynamic loss scale from 8192.0 to 16384.0
[2023-08-22 16:27:54,570] [INFO] [fused_optimizer.py:396:_update_scale] Increasing dynamic loss scale from 8192.0 to 16384.0
[2023-08-22 16:27:54,570] [INFO] [fused_optimizer.py:394:_update_scale] No Grad overflow for 128 iterations
[2023-08-22 16:27:54,570] [INFO] [fused_optimizer.py:394:_update_scale] No Grad overflow for 128 iterations
[2023-08-22 16:27:54,570] [INFO] [fused_optimizer.py:396:_update_scale] Increasing dynamic loss scale from 8192.0 to 16384.0
[2023-08-22 16:27:54,570] [INFO] [fused_optimizer.py:396:_update_scale] Increasing dynamic loss scale from 8192.0 to 16384.0
[2023-08-22 16:27:54,570] [INFO] [fused_optimizer.py:394:_update_scale] No Grad overflow for 128 iterations
[2023-08-22 16:27:54,571] [INFO] [fused_optimizer.py:396:_update_scale] Increasing dynamic loss scale from 8192.0 to 16384.0
[2023-08-22 16:27:54,571] [INFO] [fused_optimizer.py:394:_update_scale] No Grad overflow for 128 iterations
[2023-08-22 16:27:54,572] [INFO] [fused_optimizer.py:396:_update_scale] Increasing dynamic loss scale from 8192.0 to 16384.0
[2023-08-22 16:27:54,576] [INFO] [fused_optimizer.py:394:_update_scale] No Grad overflow for 128 iterations
[2023-08-22 16:27:54,576] [INFO] [fused_optimizer.py:396:_update_scale] Increasing dynamic loss scale from 8192.0 to 16384.0
[2023-08-22 16:27:54,576] [INFO] [fused_optimizer.py:394:_update_scale] No Grad overflow for 128 iterations
[2023-08-22 16:27:54,577] [INFO] [fused_optimizer.py:396:_update_scale] Increasing dynamic loss scale from 8192.0 to 16384.0
[2023-08-22 16:27:57,736] [INFO] [fused_optimizer.py:383:_update_scale] 
Grad overflow on iteration 4066
[2023-08-22 16:27:57,736] [INFO] [fused_optimizer.py:383:_update_scale] 
Grad overflow on iteration 4066
[2023-08-22 16:27:57,736] [INFO] [fused_optimizer.py:385:_update_scale] Reducing dynamic loss scale from 16384.0 to 8192.0
[2023-08-22 16:27:57,736] [INFO] [fused_optimizer.py:383:_update_scale] 
Grad overflow on iteration 4066
[2023-08-22 16:27:57,736] [INFO] [fused_optimizer.py:383:_update_scale] 
Grad overflow on iteration 4066
[2023-08-22 16:27:57,736] [INFO] [fused_optimizer.py:385:_update_scale] Reducing dynamic loss scale from 16384.0 to 8192.0
[2023-08-22 16:27:57,736] [INFO] [fused_optimizer.py:383:_update_scale] 
Grad overflow on iteration 4066
[2023-08-22 16:27:57,737] [INFO] [fused_optimizer.py:385:_update_scale] Reducing dynamic loss scale from 16384.0 to 8192.0
[2023-08-22 16:27:57,737] [INFO] [fused_optimizer.py:385:_update_scale] Reducing dynamic loss scale from 16384.0 to 8192.0
[2023-08-22 16:27:57,737] [INFO] [fused_optimizer.py:385:_update_scale] Reducing dynamic loss scale from 16384.0 to 8192.0
[2023-08-22 16:27:57,737] [INFO] [logging.py:77:log_dist] [Rank 0] Overflow detected. Skipping step. Attempted loss scale: 16384.0, reducing to 8192.0
[2023-08-22 16:27:57,737] [INFO] [fused_optimizer.py:383:_update_scale] 
Grad overflow on iteration 4066
[2023-08-22 16:27:57,737] [INFO] [fused_optimizer.py:385:_update_scale] Reducing dynamic loss scale from 16384.0 to 8192.0
[2023-08-22 16:27:57,737] [INFO] [fused_optimizer.py:383:_update_scale] 
Grad overflow on iteration 4066
[2023-08-22 16:27:57,739] [INFO] [fused_optimizer.py:385:_update_scale] Reducing dynamic loss scale from 16384.0 to 8192.0
[2023-08-22 16:27:57,740] [INFO] [fused_optimizer.py:383:_update_scale] 
Grad overflow on iteration 4066
[2023-08-22 16:27:57,740] [INFO] [fused_optimizer.py:385:_update_scale] Reducing dynamic loss scale from 16384.0 to 8192.0
TASK EPOCH: [20]  [ 50/201]  eta: 0:02:27  lr: 0.000371  min_lr: 0.000009  loss: 1.7744 (1.9502)  loss_scale: 8192.0000 (8834.5098)  weight_decay: 0.0500 (0.0500)  time: 0.8016  data: 0.0038  max mem: 19534
TASK EPOCH: [20]  [100/201]  eta: 0:01:32  lr: 0.000368  min_lr: 0.000009  loss: 1.7541 (1.8761)  loss_scale: 8192.0000 (8516.4356)  weight_decay: 0.0500 (0.0500)  time: 0.8714  data: 0.0411  max mem: 19534
[2023-08-22 16:28:45,990] [INFO] [fused_optimizer.py:383:_update_scale] 
Grad overflow on iteration 4123
[2023-08-22 16:28:45,990] [INFO] [fused_optimizer.py:385:_update_scale] Reducing dynamic loss scale from 8192.0 to 4096.0
[2023-08-22 16:28:45,990] [INFO] [fused_optimizer.py:383:_update_scale] 
Grad overflow on iteration 4123
[2023-08-22 16:28:45,990] [INFO] [fused_optimizer.py:385:_update_scale] Reducing dynamic loss scale from 8192.0 to 4096.0
[2023-08-22 16:28:45,991] [INFO] [fused_optimizer.py:383:_update_scale] 
Grad overflow on iteration 4123
[2023-08-22 16:28:45,991] [INFO] [fused_optimizer.py:385:_update_scale] Reducing dynamic loss scale from 8192.0 to 4096.0
[2023-08-22 16:28:45,991] [INFO] [fused_optimizer.py:383:_update_scale] 
Grad overflow on iteration 4123
[2023-08-22 16:28:45,991] [INFO] [fused_optimizer.py:383:_update_scale] 
Grad overflow on iteration 4123
[2023-08-22 16:28:45,991] [INFO] [fused_optimizer.py:385:_update_scale] Reducing dynamic loss scale from 8192.0 to 4096.0
[2023-08-22 16:28:45,991] [INFO] [fused_optimizer.py:385:_update_scale] Reducing dynamic loss scale from 8192.0 to 4096.0
[2023-08-22 16:28:45,991] [INFO] [fused_optimizer.py:383:_update_scale] 
Grad overflow on iteration 4123
[2023-08-22 16:28:45,992] [INFO] [fused_optimizer.py:385:_update_scale] Reducing dynamic loss scale from 8192.0 to 4096.0
[2023-08-22 16:28:45,994] [INFO] [fused_optimizer.py:383:_update_scale] 
Grad overflow on iteration 4123
[2023-08-22 16:28:45,994] [INFO] [fused_optimizer.py:385:_update_scale] Reducing dynamic loss scale from 8192.0 to 4096.0
[2023-08-22 16:28:45,995] [INFO] [logging.py:77:log_dist] [Rank 0] Overflow detected. Skipping step. Attempted loss scale: 8192.0, reducing to 4096.0
[2023-08-22 16:28:46,003] [INFO] [fused_optimizer.py:383:_update_scale] 
Grad overflow on iteration 4123
[2023-08-22 16:28:46,004] [INFO] [fused_optimizer.py:385:_update_scale] Reducing dynamic loss scale from 8192.0 to 4096.0
TASK EPOCH: [20]  [150/201]  eta: 0:00:44  lr: 0.000364  min_lr: 0.000009  loss: 2.0356 (1.9220)  loss_scale: 4096.0000 (7106.9669)  weight_decay: 0.0500 (0.0500)  time: 0.7869  data: 0.0036  max mem: 19534
TASK EPOCH: [20]  [200/201]  eta: 0:00:00  lr: 0.000360  min_lr: 0.000009  loss: 2.0371 (1.9242)  loss_scale: 4096.0000 (6357.9701)  weight_decay: 0.0500 (0.0500)  time: 0.7642  data: 0.0007  max mem: 19534
TASK EPOCH: [20] Total time: 0:02:52 (0.8580 s / it)
Averaged stats: lr: 0.000360  min_lr: 0.000009  loss: 2.0371 (1.9471)  loss_scale: 4096.0000 (6357.9701)  weight_decay: 0.0500 (0.0500)
TASK EPOCH: [21]  [  0/201]  eta: 0:32:17  lr: 0.000360  min_lr: 0.000009  loss: 1.4836 (1.4836)  loss_scale: 4096.0000 (4096.0000)  weight_decay: 0.0500 (0.0500)  time: 9.6397  data: 6.7404  max mem: 19534
[2023-08-22 16:30:38,962] [INFO] [fused_optimizer.py:394:_update_scale] No Grad overflow for 128 iterations
[2023-08-22 16:30:38,962] [INFO] [fused_optimizer.py:396:_update_scale] Increasing dynamic loss scale from 4096.0 to 8192.0
[2023-08-22 16:30:38,962] [INFO] [fused_optimizer.py:394:_update_scale] No Grad overflow for 128 iterations
[2023-08-22 16:30:38,962] [INFO] [fused_optimizer.py:394:_update_scale] No Grad overflow for 128 iterations
[2023-08-22 16:30:38,963] [INFO] [fused_optimizer.py:396:_update_scale] Increasing dynamic loss scale from 4096.0 to 8192.0
[2023-08-22 16:30:38,963] [INFO] [fused_optimizer.py:396:_update_scale] Increasing dynamic loss scale from 4096.0 to 8192.0
[2023-08-22 16:30:38,963] [INFO] [fused_optimizer.py:394:_update_scale] No Grad overflow for 128 iterations
[2023-08-22 16:30:38,963] [INFO] [fused_optimizer.py:396:_update_scale] Increasing dynamic loss scale from 4096.0 to 8192.0
[2023-08-22 16:30:38,963] [INFO] [fused_optimizer.py:394:_update_scale] No Grad overflow for 128 iterations
[2023-08-22 16:30:38,964] [INFO] [fused_optimizer.py:396:_update_scale] Increasing dynamic loss scale from 4096.0 to 8192.0
[2023-08-22 16:30:38,963] [INFO] [fused_optimizer.py:394:_update_scale] No Grad overflow for 128 iterations
[2023-08-22 16:30:38,964] [INFO] [fused_optimizer.py:396:_update_scale] Increasing dynamic loss scale from 4096.0 to 8192.0
[2023-08-22 16:30:38,964] [INFO] [fused_optimizer.py:394:_update_scale] No Grad overflow for 128 iterations
[2023-08-22 16:30:38,964] [INFO] [fused_optimizer.py:396:_update_scale] Increasing dynamic loss scale from 4096.0 to 8192.0
[2023-08-22 16:30:38,974] [INFO] [fused_optimizer.py:394:_update_scale] No Grad overflow for 128 iterations
[2023-08-22 16:30:38,975] [INFO] [fused_optimizer.py:396:_update_scale] Increasing dynamic loss scale from 4096.0 to 8192.0
TASK EPOCH: [21]  [ 50/201]  eta: 0:02:31  lr: 0.000356  min_lr: 0.000008  loss: 1.9446 (1.9078)  loss_scale: 8192.0000 (5702.2745)  weight_decay: 0.0500 (0.0500)  time: 0.8513  data: 0.0028  max mem: 19534
TASK EPOCH: [21]  [100/201]  eta: 0:01:31  lr: 0.000352  min_lr: 0.000008  loss: 1.9728 (1.9442)  loss_scale: 8192.0000 (6934.8119)  weight_decay: 0.0500 (0.0500)  time: 0.7990  data: 0.0023  max mem: 19534
TASK EPOCH: [21]  [150/201]  eta: 0:00:44  lr: 0.000348  min_lr: 0.000008  loss: 1.9649 (1.9414)  loss_scale: 8192.0000 (7351.0993)  weight_decay: 0.0500 (0.0500)  time: 0.8370  data: 0.0045  max mem: 19534
[2023-08-22 16:32:23,115] [INFO] [fused_optimizer.py:394:_update_scale] No Grad overflow for 128 iterations
[2023-08-22 16:32:23,115] [INFO] [fused_optimizer.py:394:_update_scale] No Grad overflow for 128 iterations
[2023-08-22 16:32:23,115] [INFO] [fused_optimizer.py:396:_update_scale] Increasing dynamic loss scale from 8192.0 to 16384.0
[2023-08-22 16:32:23,115] [INFO] [fused_optimizer.py:394:_update_scale] No Grad overflow for 128 iterations
[2023-08-22 16:32:23,115] [INFO] [fused_optimizer.py:396:_update_scale] Increasing dynamic loss scale from 8192.0 to 16384.0
[2023-08-22 16:32:23,115] [INFO] [fused_optimizer.py:396:_update_scale] Increasing dynamic loss scale from 8192.0 to 16384.0
[2023-08-22 16:32:23,115] [INFO] [fused_optimizer.py:394:_update_scale] No Grad overflow for 128 iterations
[2023-08-22 16:32:23,115] [INFO] [fused_optimizer.py:396:_update_scale] Increasing dynamic loss scale from 8192.0 to 16384.0
[2023-08-22 16:32:23,115] [INFO] [fused_optimizer.py:394:_update_scale] No Grad overflow for 128 iterations
[2023-08-22 16:32:23,115] [INFO] [fused_optimizer.py:394:_update_scale] No Grad overflow for 128 iterations
[2023-08-22 16:32:23,115] [INFO] [fused_optimizer.py:394:_update_scale] No Grad overflow for 128 iterations
[2023-08-22 16:32:23,116] [INFO] [fused_optimizer.py:396:_update_scale] Increasing dynamic loss scale from 8192.0 to 16384.0
[2023-08-22 16:32:23,116] [INFO] [fused_optimizer.py:396:_update_scale] Increasing dynamic loss scale from 8192.0 to 16384.0
[2023-08-22 16:32:23,116] [INFO] [fused_optimizer.py:396:_update_scale] Increasing dynamic loss scale from 8192.0 to 16384.0
[2023-08-22 16:32:23,116] [INFO] [fused_optimizer.py:394:_update_scale] No Grad overflow for 128 iterations
[2023-08-22 16:32:23,116] [INFO] [fused_optimizer.py:396:_update_scale] Increasing dynamic loss scale from 8192.0 to 16384.0
[2023-08-22 16:32:24,724] [INFO] [fused_optimizer.py:383:_update_scale] 
Grad overflow on iteration 4382
[2023-08-22 16:32:24,725] [INFO] [fused_optimizer.py:385:_update_scale] Reducing dynamic loss scale from 16384.0 to 8192.0
[2023-08-22 16:32:24,724] [INFO] [fused_optimizer.py:383:_update_scale] 
Grad overflow on iteration 4382
[2023-08-22 16:32:24,725] [INFO] [fused_optimizer.py:383:_update_scale] 
Grad overflow on iteration 4382
[2023-08-22 16:32:24,725] [INFO] [fused_optimizer.py:383:_update_scale] 
Grad overflow on iteration 4382
[2023-08-22 16:32:24,725] [INFO] [fused_optimizer.py:385:_update_scale] Reducing dynamic loss scale from 16384.0 to 8192.0
[2023-08-22 16:32:24,725] [INFO] [fused_optimizer.py:385:_update_scale] Reducing dynamic loss scale from 16384.0 to 8192.0
[2023-08-22 16:32:24,725] [INFO] [fused_optimizer.py:385:_update_scale] Reducing dynamic loss scale from 16384.0 to 8192.0
[2023-08-22 16:32:24,725] [INFO] [fused_optimizer.py:383:_update_scale] 
Grad overflow on iteration 4382
[2023-08-22 16:32:24,725] [INFO] [fused_optimizer.py:385:_update_scale] Reducing dynamic loss scale from 16384.0 to 8192.0
[2023-08-22 16:32:24,726] [INFO] [fused_optimizer.py:383:_update_scale] 
Grad overflow on iteration 4382
[2023-08-22 16:32:24,726] [INFO] [fused_optimizer.py:385:_update_scale] Reducing dynamic loss scale from 16384.0 to 8192.0
[2023-08-22 16:32:24,726] [INFO] [fused_optimizer.py:383:_update_scale] 
Grad overflow on iteration 4382
[2023-08-22 16:32:24,726] [INFO] [fused_optimizer.py:385:_update_scale] Reducing dynamic loss scale from 16384.0 to 8192.0
[2023-08-22 16:32:24,727] [INFO] [fused_optimizer.py:383:_update_scale] 
Grad overflow on iteration 4382
[2023-08-22 16:32:24,727] [INFO] [fused_optimizer.py:385:_update_scale] Reducing dynamic loss scale from 16384.0 to 8192.0
[2023-08-22 16:32:24,728] [INFO] [logging.py:77:log_dist] [Rank 0] Overflow detected. Skipping step. Attempted loss scale: 16384.0, reducing to 8192.0
TASK EPOCH: [21]  [200/201]  eta: 0:00:00  lr: 0.000344  min_lr: 0.000008  loss: 1.7988 (1.9249)  loss_scale: 8192.0000 (7641.7910)  weight_decay: 0.0500 (0.0500)  time: 0.8040  data: 0.0009  max mem: 19534
TASK EPOCH: [21] Total time: 0:02:52 (0.8585 s / it)
Averaged stats: lr: 0.000344  min_lr: 0.000008  loss: 1.7988 (1.9313)  loss_scale: 8192.0000 (7641.7910)  weight_decay: 0.0500 (0.0500)
TASK EPOCH: [22]  [  0/201]  eta: 0:29:29  lr: 0.000344  min_lr: 0.000008  loss: 2.2103 (2.2103)  loss_scale: 8192.0000 (8192.0000)  weight_decay: 0.0500 (0.0500)  time: 8.8010  data: 6.4921  max mem: 19534
TASK EPOCH: [22]  [ 50/201]  eta: 0:02:28  lr: 0.000340  min_lr: 0.000008  loss: 2.1041 (1.9769)  loss_scale: 8192.0000 (8192.0000)  weight_decay: 0.0500 (0.0500)  time: 0.8033  data: 0.0052  max mem: 19534
[2023-08-22 16:34:17,633] [INFO] [fused_optimizer.py:394:_update_scale] No Grad overflow for 128 iterations
[2023-08-22 16:34:17,633] [INFO] [fused_optimizer.py:394:_update_scale] No Grad overflow for 128 iterations
[2023-08-22 16:34:17,633] [INFO] [fused_optimizer.py:394:_update_scale] No Grad overflow for 128 iterations
[2023-08-22 16:34:17,634] [INFO] [fused_optimizer.py:396:_update_scale] Increasing dynamic loss scale from 8192.0 to 16384.0
[2023-08-22 16:34:17,634] [INFO] [fused_optimizer.py:396:_update_scale] Increasing dynamic loss scale from 8192.0 to 16384.0
[2023-08-22 16:34:17,634] [INFO] [fused_optimizer.py:396:_update_scale] Increasing dynamic loss scale from 8192.0 to 16384.0
[2023-08-22 16:34:17,634] [INFO] [fused_optimizer.py:394:_update_scale] No Grad overflow for 128 iterations
[2023-08-22 16:34:17,634] [INFO] [fused_optimizer.py:394:_update_scale] No Grad overflow for 128 iterations
[2023-08-22 16:34:17,634] [INFO] [fused_optimizer.py:396:_update_scale] Increasing dynamic loss scale from 8192.0 to 16384.0
[2023-08-22 16:34:17,634] [INFO] [fused_optimizer.py:396:_update_scale] Increasing dynamic loss scale from 8192.0 to 16384.0
[2023-08-22 16:34:17,634] [INFO] [fused_optimizer.py:394:_update_scale] No Grad overflow for 128 iterations
[2023-08-22 16:34:17,634] [INFO] [fused_optimizer.py:396:_update_scale] Increasing dynamic loss scale from 8192.0 to 16384.0
[2023-08-22 16:34:17,639] [INFO] [fused_optimizer.py:394:_update_scale] No Grad overflow for 128 iterations
[2023-08-22 16:34:17,639] [INFO] [fused_optimizer.py:396:_update_scale] Increasing dynamic loss scale from 8192.0 to 16384.0
[2023-08-22 16:34:17,674] [INFO] [fused_optimizer.py:394:_update_scale] No Grad overflow for 128 iterations
[2023-08-22 16:34:17,674] [INFO] [fused_optimizer.py:396:_update_scale] Increasing dynamic loss scale from 8192.0 to 16384.0
[2023-08-22 16:34:19,255] [INFO] [fused_optimizer.py:383:_update_scale] 
Grad overflow on iteration 4513
[2023-08-22 16:34:19,255] [INFO] [fused_optimizer.py:385:_update_scale] Reducing dynamic loss scale from 16384.0 to 8192.0
[2023-08-22 16:34:19,255] [INFO] [fused_optimizer.py:383:_update_scale] 
Grad overflow on iteration 4513
[2023-08-22 16:34:19,256] [INFO] [fused_optimizer.py:385:_update_scale] Reducing dynamic loss scale from 16384.0 to 8192.0
[2023-08-22 16:34:19,255] [INFO] [fused_optimizer.py:383:_update_scale] 
Grad overflow on iteration 4513
[2023-08-22 16:34:19,256] [INFO] [logging.py:77:log_dist] [Rank 0] Overflow detected. Skipping step. Attempted loss scale: 16384.0, reducing to 8192.0
[2023-08-22 16:34:19,256] [INFO] [fused_optimizer.py:385:_update_scale] Reducing dynamic loss scale from 16384.0 to 8192.0
[2023-08-22 16:34:19,256] [INFO] [fused_optimizer.py:383:_update_scale] 
Grad overflow on iteration 4513
[2023-08-22 16:34:19,256] [INFO] [fused_optimizer.py:385:_update_scale] Reducing dynamic loss scale from 16384.0 to 8192.0
[2023-08-22 16:34:19,256] [INFO] [fused_optimizer.py:383:_update_scale] 
Grad overflow on iteration 4513
[2023-08-22 16:34:19,257] [INFO] [fused_optimizer.py:383:_update_scale] 
Grad overflow on iteration 4513
[2023-08-22 16:34:19,257] [INFO] [fused_optimizer.py:385:_update_scale] Reducing dynamic loss scale from 16384.0 to 8192.0
[2023-08-22 16:34:19,257] [INFO] [fused_optimizer.py:385:_update_scale] Reducing dynamic loss scale from 16384.0 to 8192.0
[2023-08-22 16:34:19,257] [INFO] [fused_optimizer.py:383:_update_scale] 
Grad overflow on iteration 4513
[2023-08-22 16:34:19,257] [INFO] [fused_optimizer.py:385:_update_scale] Reducing dynamic loss scale from 16384.0 to 8192.0
[2023-08-22 16:34:19,258] [INFO] [fused_optimizer.py:383:_update_scale] 
Grad overflow on iteration 4513
[2023-08-22 16:34:19,259] [INFO] [fused_optimizer.py:385:_update_scale] Reducing dynamic loss scale from 16384.0 to 8192.0
TASK EPOCH: [22]  [100/201]  eta: 0:01:30  lr: 0.000336  min_lr: 0.000008  loss: 2.0059 (1.9641)  loss_scale: 8192.0000 (8354.2178)  weight_decay: 0.0500 (0.0500)  time: 0.8085  data: 0.0057  max mem: 19534
TASK EPOCH: [22]  [150/201]  eta: 0:00:44  lr: 0.000332  min_lr: 0.000008  loss: 2.0440 (1.9566)  loss_scale: 8192.0000 (8300.5033)  weight_decay: 0.0500 (0.0500)  time: 0.8077  data: 0.0032  max mem: 19534
TASK EPOCH: [22]  [200/201]  eta: 0:00:00  lr: 0.000328  min_lr: 0.000008  loss: 1.7286 (1.9237)  loss_scale: 8192.0000 (8273.5124)  weight_decay: 0.0500 (0.0500)  time: 0.7627  data: 0.0008  max mem: 19534
TASK EPOCH: [22] Total time: 0:02:51 (0.8510 s / it)
Averaged stats: lr: 0.000328  min_lr: 0.000008  loss: 1.7286 (1.9225)  loss_scale: 8192.0000 (8273.5124)  weight_decay: 0.0500 (0.0500)
TASK EPOCH: [23]  [  0/201]  eta: 0:31:50  lr: 0.000327  min_lr: 0.000008  loss: 2.0088 (2.0088)  loss_scale: 8192.0000 (8192.0000)  weight_decay: 0.0500 (0.0500)  time: 9.5051  data: 7.5048  max mem: 19534
[2023-08-22 16:36:12,959] [INFO] [fused_optimizer.py:394:_update_scale] No Grad overflow for 128 iterations
[2023-08-22 16:36:12,960] [INFO] [fused_optimizer.py:396:_update_scale] Increasing dynamic loss scale from 8192.0 to 16384.0
[2023-08-22 16:36:12,959] [INFO] [fused_optimizer.py:394:_update_scale] No Grad overflow for 128 iterations
[2023-08-22 16:36:12,960] [INFO] [fused_optimizer.py:396:_update_scale] Increasing dynamic loss scale from 8192.0 to 16384.0
[2023-08-22 16:36:12,960] [INFO] [fused_optimizer.py:394:_update_scale] No Grad overflow for 128 iterations
[2023-08-22 16:36:12,960] [INFO] [fused_optimizer.py:394:_update_scale] No Grad overflow for 128 iterations
[2023-08-22 16:36:12,960] [INFO] [fused_optimizer.py:396:_update_scale] Increasing dynamic loss scale from 8192.0 to 16384.0
[2023-08-22 16:36:12,961] [INFO] [fused_optimizer.py:396:_update_scale] Increasing dynamic loss scale from 8192.0 to 16384.0
[2023-08-22 16:36:12,961] [INFO] [fused_optimizer.py:394:_update_scale] No Grad overflow for 128 iterations
[2023-08-22 16:36:12,962] [INFO] [fused_optimizer.py:396:_update_scale] Increasing dynamic loss scale from 8192.0 to 16384.0
[2023-08-22 16:36:12,962] [INFO] [fused_optimizer.py:394:_update_scale] No Grad overflow for 128 iterations
[2023-08-22 16:36:12,963] [INFO] [fused_optimizer.py:396:_update_scale] Increasing dynamic loss scale from 8192.0 to 16384.0
[2023-08-22 16:36:12,963] [INFO] [fused_optimizer.py:394:_update_scale] No Grad overflow for 128 iterations
[2023-08-22 16:36:12,964] [INFO] [fused_optimizer.py:396:_update_scale] Increasing dynamic loss scale from 8192.0 to 16384.0
[2023-08-22 16:36:12,965] [INFO] [fused_optimizer.py:394:_update_scale] No Grad overflow for 128 iterations
[2023-08-22 16:36:12,965] [INFO] [fused_optimizer.py:396:_update_scale] Increasing dynamic loss scale from 8192.0 to 16384.0
[2023-08-22 16:36:16,157] [INFO] [fused_optimizer.py:383:_update_scale] 
Grad overflow on iteration 4646
[2023-08-22 16:36:16,157] [INFO] [fused_optimizer.py:383:_update_scale] 
Grad overflow on iteration 4646
[2023-08-22 16:36:16,157] [INFO] [fused_optimizer.py:385:_update_scale] Reducing dynamic loss scale from 16384.0 to 8192.0
[2023-08-22 16:36:16,157] [INFO] [fused_optimizer.py:385:_update_scale] Reducing dynamic loss scale from 16384.0 to 8192.0
[2023-08-22 16:36:16,157] [INFO] [fused_optimizer.py:383:_update_scale] 
Grad overflow on iteration 4646
[2023-08-22 16:36:16,157] [INFO] [fused_optimizer.py:385:_update_scale] Reducing dynamic loss scale from 16384.0 to 8192.0
[2023-08-22 16:36:16,157] [INFO] [fused_optimizer.py:383:_update_scale] 
Grad overflow on iteration 4646
[2023-08-22 16:36:16,157] [INFO] [fused_optimizer.py:383:_update_scale] 
Grad overflow on iteration 4646
[2023-08-22 16:36:16,157] [INFO] [fused_optimizer.py:385:_update_scale] Reducing dynamic loss scale from 16384.0 to 8192.0
[2023-08-22 16:36:16,157] [INFO] [fused_optimizer.py:385:_update_scale] Reducing dynamic loss scale from 16384.0 to 8192.0
[2023-08-22 16:36:16,157] [INFO] [fused_optimizer.py:383:_update_scale] 
Grad overflow on iteration 4646
[2023-08-22 16:36:16,158] [INFO] [fused_optimizer.py:385:_update_scale] Reducing dynamic loss scale from 16384.0 to 8192.0
[2023-08-22 16:36:16,159] [INFO] [fused_optimizer.py:383:_update_scale] 
Grad overflow on iteration 4646
[2023-08-22 16:36:16,159] [INFO] [fused_optimizer.py:385:_update_scale] Reducing dynamic loss scale from 16384.0 to 8192.0
[2023-08-22 16:36:16,159] [INFO] [logging.py:77:log_dist] [Rank 0] Overflow detected. Skipping step. Attempted loss scale: 16384.0, reducing to 8192.0
[2023-08-22 16:36:16,162] [INFO] [fused_optimizer.py:383:_update_scale] 
Grad overflow on iteration 4646
[2023-08-22 16:36:16,162] [INFO] [fused_optimizer.py:385:_update_scale] Reducing dynamic loss scale from 16384.0 to 8192.0
TASK EPOCH: [23]  [ 50/201]  eta: 0:02:35  lr: 0.000323  min_lr: 0.000008  loss: 1.8951 (1.9301)  loss_scale: 8192.0000 (8834.5098)  weight_decay: 0.0500 (0.0500)  time: 0.8736  data: 0.0024  max mem: 19534
TASK EPOCH: [23]  [100/201]  eta: 0:01:32  lr: 0.000319  min_lr: 0.000008  loss: 2.0160 (1.9221)  loss_scale: 8192.0000 (8516.4356)  weight_decay: 0.0500 (0.0500)  time: 0.8045  data: 0.0054  max mem: 19534
TASK EPOCH: [23]  [150/201]  eta: 0:00:44  lr: 0.000315  min_lr: 0.000007  loss: 1.8533 (1.9152)  loss_scale: 8192.0000 (8409.0066)  weight_decay: 0.0500 (0.0500)  time: 0.8050  data: 0.0034  max mem: 19534
[2023-08-22 16:38:01,181] [INFO] [fused_optimizer.py:394:_update_scale] No Grad overflow for 128 iterations
[2023-08-22 16:38:01,181] [INFO] [fused_optimizer.py:394:_update_scale] No Grad overflow for 128 iterations
[2023-08-22 16:38:01,181] [INFO] [fused_optimizer.py:394:_update_scale] No Grad overflow for 128 iterations
[2023-08-22 16:38:01,182] [INFO] [fused_optimizer.py:396:_update_scale] Increasing dynamic loss scale from 8192.0 to 16384.0
[2023-08-22 16:38:01,182] [INFO] [fused_optimizer.py:396:_update_scale] Increasing dynamic loss scale from 8192.0 to 16384.0
[2023-08-22 16:38:01,182] [INFO] [fused_optimizer.py:396:_update_scale] Increasing dynamic loss scale from 8192.0 to 16384.0
[2023-08-22 16:38:01,181] [INFO] [fused_optimizer.py:394:_update_scale] No Grad overflow for 128 iterations
[2023-08-22 16:38:01,181] [INFO] [fused_optimizer.py:394:_update_scale] No Grad overflow for 128 iterations
[2023-08-22 16:38:01,182] [INFO] [fused_optimizer.py:396:_update_scale] Increasing dynamic loss scale from 8192.0 to 16384.0
[2023-08-22 16:38:01,182] [INFO] [fused_optimizer.py:396:_update_scale] Increasing dynamic loss scale from 8192.0 to 16384.0
[2023-08-22 16:38:01,182] [INFO] [fused_optimizer.py:394:_update_scale] No Grad overflow for 128 iterations
[2023-08-22 16:38:01,183] [INFO] [fused_optimizer.py:396:_update_scale] Increasing dynamic loss scale from 8192.0 to 16384.0
[2023-08-22 16:38:01,185] [INFO] [fused_optimizer.py:394:_update_scale] No Grad overflow for 128 iterations
[2023-08-22 16:38:01,186] [INFO] [fused_optimizer.py:396:_update_scale] Increasing dynamic loss scale from 8192.0 to 16384.0
[2023-08-22 16:38:01,186] [INFO] [fused_optimizer.py:394:_update_scale] No Grad overflow for 128 iterations
[2023-08-22 16:38:01,187] [INFO] [fused_optimizer.py:396:_update_scale] Increasing dynamic loss scale from 8192.0 to 16384.0
[2023-08-22 16:38:02,790] [INFO] [fused_optimizer.py:383:_update_scale] 
Grad overflow on iteration 4777
[2023-08-22 16:38:02,790] [INFO] [fused_optimizer.py:383:_update_scale] 
Grad overflow on iteration 4777
[2023-08-22 16:38:02,790] [INFO] [fused_optimizer.py:385:_update_scale] Reducing dynamic loss scale from 16384.0 to 8192.0
[2023-08-22 16:38:02,790] [INFO] [fused_optimizer.py:385:_update_scale] Reducing dynamic loss scale from 16384.0 to 8192.0
[2023-08-22 16:38:02,790] [INFO] [logging.py:77:log_dist] [Rank 0] Overflow detected. Skipping step. Attempted loss scale: 16384.0, reducing to 8192.0
[2023-08-22 16:38:02,790] [INFO] [fused_optimizer.py:383:_update_scale] 
Grad overflow on iteration 4777
[2023-08-22 16:38:02,790] [INFO] [fused_optimizer.py:385:_update_scale] Reducing dynamic loss scale from 16384.0 to 8192.0
[2023-08-22 16:38:02,791] [INFO] [fused_optimizer.py:383:_update_scale] 
Grad overflow on iteration 4777
[2023-08-22 16:38:02,791] [INFO] [fused_optimizer.py:385:_update_scale] Reducing dynamic loss scale from 16384.0 to 8192.0
[2023-08-22 16:38:02,791] [INFO] [fused_optimizer.py:383:_update_scale] 
Grad overflow on iteration 4777
[2023-08-22 16:38:02,791] [INFO] [fused_optimizer.py:385:_update_scale] Reducing dynamic loss scale from 16384.0 to 8192.0
[2023-08-22 16:38:02,791] [INFO] [fused_optimizer.py:383:_update_scale] 
Grad overflow on iteration 4777
[2023-08-22 16:38:02,791] [INFO] [fused_optimizer.py:383:_update_scale] 
Grad overflow on iteration 4777
[2023-08-22 16:38:02,792] [INFO] [fused_optimizer.py:385:_update_scale] Reducing dynamic loss scale from 16384.0 to 8192.0
[2023-08-22 16:38:02,792] [INFO] [fused_optimizer.py:385:_update_scale] Reducing dynamic loss scale from 16384.0 to 8192.0
[2023-08-22 16:38:02,810] [INFO] [fused_optimizer.py:383:_update_scale] 
Grad overflow on iteration 4777
[2023-08-22 16:38:02,811] [INFO] [fused_optimizer.py:385:_update_scale] Reducing dynamic loss scale from 16384.0 to 8192.0
TASK EPOCH: [23]  [200/201]  eta: 0:00:00  lr: 0.000311  min_lr: 0.000007  loss: 1.7842 (1.9149)  loss_scale: 8192.0000 (8436.5373)  weight_decay: 0.0500 (0.0500)  time: 0.7643  data: 0.0006  max mem: 19534
TASK EPOCH: [23] Total time: 0:02:52 (0.8560 s / it)
Averaged stats: lr: 0.000311  min_lr: 0.000007  loss: 1.7842 (1.9049)  loss_scale: 8192.0000 (8436.5373)  weight_decay: 0.0500 (0.0500)
TASK EPOCH: [24]  [  0/201]  eta: 0:30:59  lr: 0.000311  min_lr: 0.000007  loss: 1.8629 (1.8629)  loss_scale: 8192.0000 (8192.0000)  weight_decay: 0.0500 (0.0500)  time: 9.2530  data: 8.0657  max mem: 19534
TASK EPOCH: [24]  [ 50/201]  eta: 0:02:30  lr: 0.000306  min_lr: 0.000007  loss: 1.6414 (1.8129)  loss_scale: 8192.0000 (8192.0000)  weight_decay: 0.0500 (0.0500)  time: 0.7994  data: 0.0024  max mem: 19534
[2023-08-22 16:39:55,774] [INFO] [fused_optimizer.py:394:_update_scale] No Grad overflow for 128 iterations
[2023-08-22 16:39:55,775] [INFO] [fused_optimizer.py:396:_update_scale] Increasing dynamic loss scale from 8192.0 to 16384.0
[2023-08-22 16:39:55,774] [INFO] [fused_optimizer.py:394:_update_scale] No Grad overflow for 128 iterations
[2023-08-22 16:39:55,775] [INFO] [fused_optimizer.py:396:_update_scale] Increasing dynamic loss scale from 8192.0 to 16384.0
[2023-08-22 16:39:55,775] [INFO] [fused_optimizer.py:394:_update_scale] No Grad overflow for 128 iterations
[2023-08-22 16:39:55,776] [INFO] [fused_optimizer.py:396:_update_scale] Increasing dynamic loss scale from 8192.0 to 16384.0
[2023-08-22 16:39:55,775] [INFO] [fused_optimizer.py:394:_update_scale] No Grad overflow for 128 iterations
[2023-08-22 16:39:55,776] [INFO] [fused_optimizer.py:396:_update_scale] Increasing dynamic loss scale from 8192.0 to 16384.0
[2023-08-22 16:39:55,776] [INFO] [fused_optimizer.py:394:_update_scale] No Grad overflow for 128 iterations
[2023-08-22 16:39:55,776] [INFO] [fused_optimizer.py:396:_update_scale] Increasing dynamic loss scale from 8192.0 to 16384.0
[2023-08-22 16:39:55,777] [INFO] [fused_optimizer.py:394:_update_scale] No Grad overflow for 128 iterations
[2023-08-22 16:39:55,777] [INFO] [fused_optimizer.py:396:_update_scale] Increasing dynamic loss scale from 8192.0 to 16384.0
[2023-08-22 16:39:55,790] [INFO] [fused_optimizer.py:394:_update_scale] No Grad overflow for 128 iterations
[2023-08-22 16:39:55,790] [INFO] [fused_optimizer.py:396:_update_scale] Increasing dynamic loss scale from 8192.0 to 16384.0
[2023-08-22 16:39:55,805] [INFO] [fused_optimizer.py:394:_update_scale] No Grad overflow for 128 iterations
[2023-08-22 16:39:55,806] [INFO] [fused_optimizer.py:396:_update_scale] Increasing dynamic loss scale from 8192.0 to 16384.0
[2023-08-22 16:40:06,189] [INFO] [fused_optimizer.py:383:_update_scale] 
Grad overflow on iteration 4919
[2023-08-22 16:40:06,189] [INFO] [fused_optimizer.py:383:_update_scale] 
Grad overflow on iteration 4919
[2023-08-22 16:40:06,189] [INFO] [fused_optimizer.py:383:_update_scale] 
Grad overflow on iteration 4919
[2023-08-22 16:40:06,189] [INFO] [fused_optimizer.py:385:_update_scale] Reducing dynamic loss scale from 16384.0 to 8192.0
[2023-08-22 16:40:06,189] [INFO] [fused_optimizer.py:385:_update_scale] Reducing dynamic loss scale from 16384.0 to 8192.0
[2023-08-22 16:40:06,189] [INFO] [fused_optimizer.py:385:_update_scale] Reducing dynamic loss scale from 16384.0 to 8192.0
[2023-08-22 16:40:06,189] [INFO] [fused_optimizer.py:383:_update_scale] 
Grad overflow on iteration 4919
[2023-08-22 16:40:06,189] [INFO] [fused_optimizer.py:385:_update_scale] Reducing dynamic loss scale from 16384.0 to 8192.0
[2023-08-22 16:40:06,189] [INFO] [fused_optimizer.py:383:_update_scale] 
Grad overflow on iteration 4919
[2023-08-22 16:40:06,189] [INFO] [fused_optimizer.py:383:_update_scale] 
Grad overflow on iteration 4919
[2023-08-22 16:40:06,189] [INFO] [fused_optimizer.py:385:_update_scale] Reducing dynamic loss scale from 16384.0 to 8192.0
[2023-08-22 16:40:06,189] [INFO] [fused_optimizer.py:385:_update_scale] Reducing dynamic loss scale from 16384.0 to 8192.0
[2023-08-22 16:40:06,191] [INFO] [fused_optimizer.py:383:_update_scale] 
Grad overflow on iteration 4919
[2023-08-22 16:40:06,192] [INFO] [fused_optimizer.py:385:_update_scale] Reducing dynamic loss scale from 16384.0 to 8192.0
[2023-08-22 16:40:06,189] [INFO] [fused_optimizer.py:383:_update_scale] 
Grad overflow on iteration 4919
[2023-08-22 16:40:06,199] [INFO] [fused_optimizer.py:385:_update_scale] Reducing dynamic loss scale from 16384.0 to 8192.0
[2023-08-22 16:40:06,199] [INFO] [logging.py:77:log_dist] [Rank 0] Overflow detected. Skipping step. Attempted loss scale: 16384.0, reducing to 8192.0
TASK EPOCH: [24]  [100/201]  eta: 0:01:30  lr: 0.000302  min_lr: 0.000007  loss: 1.7996 (1.8365)  loss_scale: 16384.0000 (9246.4158)  weight_decay: 0.0500 (0.0500)  time: 0.7997  data: 0.0030  max mem: 19534
TASK EPOCH: [24]  [150/201]  eta: 0:00:44  lr: 0.000298  min_lr: 0.000007  loss: 1.8467 (1.8721)  loss_scale: 8192.0000 (8897.2715)  weight_decay: 0.0500 (0.0500)  time: 0.8184  data: 0.0047  max mem: 19534
[2023-08-22 16:41:11,137] [INFO] [logging.py:77:log_dist] [Rank 0] step=5000, skipped=31, lr=[7.0283003246959485e-06, 5.2652799506089815e-05, 5.2652799506089815e-05, 7.020373267478642e-05, 7.020373267478642e-05, 9.360497689971522e-05, 9.360497689971522e-05, 0.00012480663586628696, 0.00012480663586628696, 0.00016640884782171596, 0.00016640884782171596, 0.00022187846376228794, 0.00022187846376228794, 0.0002958379516830506, 0.0002958379516830506], mom=[[0.9, 0.999], [0.9, 0.999], [0.9, 0.999], [0.9, 0.999], [0.9, 0.999], [0.9, 0.999], [0.9, 0.999], [0.9, 0.999], [0.9, 0.999], [0.9, 0.999], [0.9, 0.999], [0.9, 0.999], [0.9, 0.999], [0.9, 0.999], [0.9, 0.999]]
[2023-08-22 16:41:11,138] [INFO] [timer.py:209:stop] epoch=0/micro_step=5000/global_step=5000, RunningAvgSamplesPerSec=179.95592364153848, CurrSamplesPerSec=185.8666887313816, MemAllocated=0.82GB, MaxMemAllocated=19.08GB
TASK EPOCH: [24]  [200/201]  eta: 0:00:00  lr: 0.000294  min_lr: 0.000007  loss: 1.8861 (1.8879)  loss_scale: 8192.0000 (8721.8308)  weight_decay: 0.0500 (0.0500)  time: 0.7637  data: 0.0007  max mem: 19534
TASK EPOCH: [24] Total time: 0:02:51 (0.8531 s / it)
Averaged stats: lr: 0.000294  min_lr: 0.000007  loss: 1.8861 (1.8876)  loss_scale: 8192.0000 (8721.8308)  weight_decay: 0.0500 (0.0500)
TASK EPOCH: [25]  [  0/201]  eta: 0:31:45  lr: 0.000294  min_lr: 0.000007  loss: 1.6038 (1.6038)  loss_scale: 8192.0000 (8192.0000)  weight_decay: 0.0500 (0.0500)  time: 9.4782  data: 6.7823  max mem: 19534
[2023-08-22 16:41:59,395] [INFO] [fused_optimizer.py:394:_update_scale] No Grad overflow for 128 iterations
[2023-08-22 16:41:59,395] [INFO] [fused_optimizer.py:394:_update_scale] No Grad overflow for 128 iterations
[2023-08-22 16:41:59,396] [INFO] [fused_optimizer.py:396:_update_scale] Increasing dynamic loss scale from 8192.0 to 16384.0
[2023-08-22 16:41:59,396] [INFO] [fused_optimizer.py:394:_update_scale] No Grad overflow for 128 iterations
[2023-08-22 16:41:59,396] [INFO] [fused_optimizer.py:394:_update_scale] No Grad overflow for 128 iterations
[2023-08-22 16:41:59,396] [INFO] [fused_optimizer.py:396:_update_scale] Increasing dynamic loss scale from 8192.0 to 16384.0
[2023-08-22 16:41:59,396] [INFO] [fused_optimizer.py:396:_update_scale] Increasing dynamic loss scale from 8192.0 to 16384.0
[2023-08-22 16:41:59,396] [INFO] [fused_optimizer.py:396:_update_scale] Increasing dynamic loss scale from 8192.0 to 16384.0
[2023-08-22 16:41:59,397] [INFO] [fused_optimizer.py:394:_update_scale] No Grad overflow for 128 iterations
[2023-08-22 16:41:59,397] [INFO] [fused_optimizer.py:396:_update_scale] Increasing dynamic loss scale from 8192.0 to 16384.0
[2023-08-22 16:41:59,397] [INFO] [fused_optimizer.py:394:_update_scale] No Grad overflow for 128 iterations
[2023-08-22 16:41:59,397] [INFO] [fused_optimizer.py:396:_update_scale] Increasing dynamic loss scale from 8192.0 to 16384.0
[2023-08-22 16:41:59,398] [INFO] [fused_optimizer.py:394:_update_scale] No Grad overflow for 128 iterations
[2023-08-22 16:41:59,398] [INFO] [fused_optimizer.py:396:_update_scale] Increasing dynamic loss scale from 8192.0 to 16384.0
[2023-08-22 16:41:59,406] [INFO] [fused_optimizer.py:394:_update_scale] No Grad overflow for 128 iterations
[2023-08-22 16:41:59,407] [INFO] [fused_optimizer.py:396:_update_scale] Increasing dynamic loss scale from 8192.0 to 16384.0
[2023-08-22 16:42:00,208] [INFO] [fused_optimizer.py:383:_update_scale] 
Grad overflow on iteration 5049
[2023-08-22 16:42:00,209] [INFO] [fused_optimizer.py:385:_update_scale] Reducing dynamic loss scale from 16384.0 to 8192.0
[2023-08-22 16:42:00,208] [INFO] [fused_optimizer.py:383:_update_scale] 
Grad overflow on iteration 5049
[2023-08-22 16:42:00,209] [INFO] [fused_optimizer.py:383:_update_scale] 
Grad overflow on iteration 5049
[2023-08-22 16:42:00,209] [INFO] [fused_optimizer.py:383:_update_scale] 
Grad overflow on iteration 5049
[2023-08-22 16:42:00,209] [INFO] [fused_optimizer.py:385:_update_scale] Reducing dynamic loss scale from 16384.0 to 8192.0
[2023-08-22 16:42:00,209] [INFO] [fused_optimizer.py:385:_update_scale] Reducing dynamic loss scale from 16384.0 to 8192.0
[2023-08-22 16:42:00,209] [INFO] [fused_optimizer.py:385:_update_scale] Reducing dynamic loss scale from 16384.0 to 8192.0
[2023-08-22 16:42:00,209] [INFO] [logging.py:77:log_dist] [Rank 0] Overflow detected. Skipping step. Attempted loss scale: 16384.0, reducing to 8192.0
[2023-08-22 16:42:00,209] [INFO] [fused_optimizer.py:383:_update_scale] 
Grad overflow on iteration 5049
[2023-08-22 16:42:00,209] [INFO] [fused_optimizer.py:383:_update_scale] 
Grad overflow on iteration 5049
[2023-08-22 16:42:00,209] [INFO] [fused_optimizer.py:383:_update_scale] 
Grad overflow on iteration 5049
[2023-08-22 16:42:00,209] [INFO] [fused_optimizer.py:385:_update_scale] Reducing dynamic loss scale from 16384.0 to 8192.0
[2023-08-22 16:42:00,209] [INFO] [fused_optimizer.py:385:_update_scale] Reducing dynamic loss scale from 16384.0 to 8192.0
[2023-08-22 16:42:00,209] [INFO] [fused_optimizer.py:385:_update_scale] Reducing dynamic loss scale from 16384.0 to 8192.0
[2023-08-22 16:42:00,225] [INFO] [fused_optimizer.py:383:_update_scale] 
Grad overflow on iteration 5049
[2023-08-22 16:42:00,226] [INFO] [fused_optimizer.py:385:_update_scale] Reducing dynamic loss scale from 16384.0 to 8192.0
TASK EPOCH: [25]  [ 50/201]  eta: 0:02:32  lr: 0.000289  min_lr: 0.000007  loss: 1.7679 (1.8247)  loss_scale: 8192.0000 (8352.6275)  weight_decay: 0.0500 (0.0500)  time: 0.8597  data: 0.0045  max mem: 19534
TASK EPOCH: [25]  [100/201]  eta: 0:01:31  lr: 0.000285  min_lr: 0.000007  loss: 1.8892 (1.8245)  loss_scale: 8192.0000 (8273.1089)  weight_decay: 0.0500 (0.0500)  time: 0.8078  data: 0.0044  max mem: 19534
TASK EPOCH: [25]  [150/201]  eta: 0:00:44  lr: 0.000281  min_lr: 0.000007  loss: 1.9839 (1.8585)  loss_scale: 8192.0000 (8246.2517)  weight_decay: 0.0500 (0.0500)  time: 0.8007  data: 0.0039  max mem: 19534
[2023-08-22 16:43:45,678] [INFO] [fused_optimizer.py:394:_update_scale] No Grad overflow for 128 iterations
[2023-08-22 16:43:45,678] [INFO] [fused_optimizer.py:394:_update_scale] No Grad overflow for 128 iterations
[2023-08-22 16:43:45,679] [INFO] [fused_optimizer.py:396:_update_scale] Increasing dynamic loss scale from 8192.0 to 16384.0
[2023-08-22 16:43:45,679] [INFO] [fused_optimizer.py:396:_update_scale] Increasing dynamic loss scale from 8192.0 to 16384.0
[2023-08-22 16:43:45,679] [INFO] [fused_optimizer.py:394:_update_scale] No Grad overflow for 128 iterations
[2023-08-22 16:43:45,679] [INFO] [fused_optimizer.py:394:_update_scale] No Grad overflow for 128 iterations
[2023-08-22 16:43:45,680] [INFO] [fused_optimizer.py:396:_update_scale] Increasing dynamic loss scale from 8192.0 to 16384.0
[2023-08-22 16:43:45,680] [INFO] [fused_optimizer.py:396:_update_scale] Increasing dynamic loss scale from 8192.0 to 16384.0
[2023-08-22 16:43:45,680] [INFO] [fused_optimizer.py:394:_update_scale] No Grad overflow for 128 iterations
[2023-08-22 16:43:45,681] [INFO] [fused_optimizer.py:396:_update_scale] Increasing dynamic loss scale from 8192.0 to 16384.0
[2023-08-22 16:43:45,681] [INFO] [fused_optimizer.py:394:_update_scale] No Grad overflow for 128 iterations
[2023-08-22 16:43:45,681] [INFO] [fused_optimizer.py:396:_update_scale] Increasing dynamic loss scale from 8192.0 to 16384.0
[2023-08-22 16:43:45,682] [INFO] [fused_optimizer.py:394:_update_scale] No Grad overflow for 128 iterations
[2023-08-22 16:43:45,682] [INFO] [fused_optimizer.py:396:_update_scale] Increasing dynamic loss scale from 8192.0 to 16384.0
[2023-08-22 16:43:45,684] [INFO] [fused_optimizer.py:394:_update_scale] No Grad overflow for 128 iterations
[2023-08-22 16:43:45,684] [INFO] [fused_optimizer.py:396:_update_scale] Increasing dynamic loss scale from 8192.0 to 16384.0
[2023-08-22 16:43:53,678] [INFO] [fused_optimizer.py:383:_update_scale] 
Grad overflow on iteration 5188
[2023-08-22 16:43:53,678] [INFO] [fused_optimizer.py:383:_update_scale] 
Grad overflow on iteration 5188
[2023-08-22 16:43:53,678] [INFO] [fused_optimizer.py:383:_update_scale] 
Grad overflow on iteration 5188
[2023-08-22 16:43:53,678] [INFO] [fused_optimizer.py:385:_update_scale] Reducing dynamic loss scale from 16384.0 to 8192.0
[2023-08-22 16:43:53,678] [INFO] [fused_optimizer.py:385:_update_scale] Reducing dynamic loss scale from 16384.0 to 8192.0
[2023-08-22 16:43:53,678] [INFO] [fused_optimizer.py:383:_update_scale] 
Grad overflow on iteration 5188
[2023-08-22 16:43:53,679] [INFO] [fused_optimizer.py:385:_update_scale] Reducing dynamic loss scale from 16384.0 to 8192.0
[2023-08-22 16:43:53,678] [INFO] [fused_optimizer.py:383:_update_scale] 
Grad overflow on iteration 5188
[2023-08-22 16:43:53,679] [INFO] [fused_optimizer.py:385:_update_scale] Reducing dynamic loss scale from 16384.0 to 8192.0
[2023-08-22 16:43:53,679] [INFO] [fused_optimizer.py:385:_update_scale] Reducing dynamic loss scale from 16384.0 to 8192.0
[2023-08-22 16:43:53,679] [INFO] [logging.py:77:log_dist] [Rank 0] Overflow detected. Skipping step. Attempted loss scale: 16384.0, reducing to 8192.0
[2023-08-22 16:43:53,679] [INFO] [fused_optimizer.py:383:_update_scale] 
Grad overflow on iteration 5188
[2023-08-22 16:43:53,680] [INFO] [fused_optimizer.py:385:_update_scale] Reducing dynamic loss scale from 16384.0 to 8192.0
[2023-08-22 16:43:53,680] [INFO] [fused_optimizer.py:383:_update_scale] 
Grad overflow on iteration 5188
[2023-08-22 16:43:53,680] [INFO] [fused_optimizer.py:385:_update_scale] Reducing dynamic loss scale from 16384.0 to 8192.0
[2023-08-22 16:43:53,683] [INFO] [fused_optimizer.py:383:_update_scale] 
Grad overflow on iteration 5188
[2023-08-22 16:43:53,684] [INFO] [fused_optimizer.py:385:_update_scale] Reducing dynamic loss scale from 16384.0 to 8192.0
TASK EPOCH: [25]  [200/201]  eta: 0:00:00  lr: 0.000276  min_lr: 0.000007  loss: 2.0517 (1.8775)  loss_scale: 8192.0000 (8640.3184)  weight_decay: 0.0500 (0.0500)  time: 0.7634  data: 0.0007  max mem: 19534
TASK EPOCH: [25] Total time: 0:02:52 (0.8565 s / it)
Averaged stats: lr: 0.000276  min_lr: 0.000007  loss: 2.0517 (1.8899)  loss_scale: 8192.0000 (8640.3184)  weight_decay: 0.0500 (0.0500)
TASK EPOCH: [26]  [  0/201]  eta: 0:31:16  lr: 0.000276  min_lr: 0.000007  loss: 1.2025 (1.2025)  loss_scale: 8192.0000 (8192.0000)  weight_decay: 0.0500 (0.0500)  time: 9.3342  data: 8.4831  max mem: 19534
TASK EPOCH: [26]  [ 50/201]  eta: 0:02:29  lr: 0.000272  min_lr: 0.000006  loss: 2.0447 (1.9302)  loss_scale: 8192.0000 (8192.0000)  weight_decay: 0.0500 (0.0500)  time: 0.8491  data: 0.0589  max mem: 19534
[2023-08-22 16:45:46,264] [INFO] [fused_optimizer.py:394:_update_scale] No Grad overflow for 128 iterations
[2023-08-22 16:45:46,264] [INFO] [fused_optimizer.py:394:_update_scale] No Grad overflow for 128 iterations
[2023-08-22 16:45:46,264] [INFO] [fused_optimizer.py:394:_update_scale] No Grad overflow for 128 iterations
[2023-08-22 16:45:46,264] [INFO] [fused_optimizer.py:396:_update_scale] Increasing dynamic loss scale from 8192.0 to 16384.0
[2023-08-22 16:45:46,264] [INFO] [fused_optimizer.py:396:_update_scale] Increasing dynamic loss scale from 8192.0 to 16384.0
[2023-08-22 16:45:46,264] [INFO] [fused_optimizer.py:396:_update_scale] Increasing dynamic loss scale from 8192.0 to 16384.0
[2023-08-22 16:45:46,264] [INFO] [fused_optimizer.py:394:_update_scale] No Grad overflow for 128 iterations
[2023-08-22 16:45:46,264] [INFO] [fused_optimizer.py:396:_update_scale] Increasing dynamic loss scale from 8192.0 to 16384.0
[2023-08-22 16:45:46,264] [INFO] [fused_optimizer.py:394:_update_scale] No Grad overflow for 128 iterations
[2023-08-22 16:45:46,265] [INFO] [fused_optimizer.py:396:_update_scale] Increasing dynamic loss scale from 8192.0 to 16384.0
[2023-08-22 16:45:46,267] [INFO] [fused_optimizer.py:394:_update_scale] No Grad overflow for 128 iterations
[2023-08-22 16:45:46,267] [INFO] [fused_optimizer.py:396:_update_scale] Increasing dynamic loss scale from 8192.0 to 16384.0
[2023-08-22 16:45:46,271] [INFO] [fused_optimizer.py:394:_update_scale] No Grad overflow for 128 iterations
[2023-08-22 16:45:46,272] [INFO] [fused_optimizer.py:396:_update_scale] Increasing dynamic loss scale from 8192.0 to 16384.0
[2023-08-22 16:45:46,282] [INFO] [fused_optimizer.py:394:_update_scale] No Grad overflow for 128 iterations
[2023-08-22 16:45:46,282] [INFO] [fused_optimizer.py:396:_update_scale] Increasing dynamic loss scale from 8192.0 to 16384.0
[2023-08-22 16:45:47,095] [INFO] [fused_optimizer.py:383:_update_scale] 
Grad overflow on iteration 5318
[2023-08-22 16:45:47,095] [INFO] [fused_optimizer.py:383:_update_scale] 
Grad overflow on iteration 5318
[2023-08-22 16:45:47,095] [INFO] [fused_optimizer.py:383:_update_scale] 
Grad overflow on iteration 5318
[2023-08-22 16:45:47,095] [INFO] [fused_optimizer.py:385:_update_scale] Reducing dynamic loss scale from 16384.0 to 8192.0
[2023-08-22 16:45:47,095] [INFO] [fused_optimizer.py:385:_update_scale] Reducing dynamic loss scale from 16384.0 to 8192.0
[2023-08-22 16:45:47,095] [INFO] [fused_optimizer.py:385:_update_scale] Reducing dynamic loss scale from 16384.0 to 8192.0
[2023-08-22 16:45:47,095] [INFO] [fused_optimizer.py:383:_update_scale] 
Grad overflow on iteration 5318
[2023-08-22 16:45:47,095] [INFO] [fused_optimizer.py:383:_update_scale] 
Grad overflow on iteration 5318
[2023-08-22 16:45:47,096] [INFO] [fused_optimizer.py:385:_update_scale] Reducing dynamic loss scale from 16384.0 to 8192.0
[2023-08-22 16:45:47,096] [INFO] [logging.py:77:log_dist] [Rank 0] Overflow detected. Skipping step. Attempted loss scale: 16384.0, reducing to 8192.0
[2023-08-22 16:45:47,096] [INFO] [fused_optimizer.py:385:_update_scale] Reducing dynamic loss scale from 16384.0 to 8192.0
[2023-08-22 16:45:47,096] [INFO] [fused_optimizer.py:383:_update_scale] 
Grad overflow on iteration 5318
[2023-08-22 16:45:47,096] [INFO] [fused_optimizer.py:385:_update_scale] Reducing dynamic loss scale from 16384.0 to 8192.0
[2023-08-22 16:45:47,099] [INFO] [fused_optimizer.py:383:_update_scale] 
Grad overflow on iteration 5318
[2023-08-22 16:45:47,099] [INFO] [fused_optimizer.py:385:_update_scale] Reducing dynamic loss scale from 16384.0 to 8192.0
[2023-08-22 16:45:47,102] [INFO] [fused_optimizer.py:383:_update_scale] 
Grad overflow on iteration 5318
[2023-08-22 16:45:47,102] [INFO] [fused_optimizer.py:385:_update_scale] Reducing dynamic loss scale from 16384.0 to 8192.0
TASK EPOCH: [26]  [100/201]  eta: 0:01:30  lr: 0.000268  min_lr: 0.000006  loss: 1.9413 (1.9059)  loss_scale: 8192.0000 (8273.1089)  weight_decay: 0.0500 (0.0500)  time: 0.8049  data: 0.0027  max mem: 19534
TASK EPOCH: [26]  [150/201]  eta: 0:00:44  lr: 0.000263  min_lr: 0.000006  loss: 1.7728 (1.8757)  loss_scale: 8192.0000 (8246.2517)  weight_decay: 0.0500 (0.0500)  time: 0.8075  data: 0.0042  max mem: 19534
TASK EPOCH: [26]  [200/201]  eta: 0:00:00  lr: 0.000259  min_lr: 0.000006  loss: 1.8972 (1.8514)  loss_scale: 8192.0000 (8232.7562)  weight_decay: 0.0500 (0.0500)  time: 0.7653  data: 0.0010  max mem: 19534
TASK EPOCH: [26] Total time: 0:02:50 (0.8504 s / it)
Averaged stats: lr: 0.000259  min_lr: 0.000006  loss: 1.8972 (1.8745)  loss_scale: 8192.0000 (8232.7562)  weight_decay: 0.0500 (0.0500)
TASK EPOCH: [27]  [  0/201]  eta: 0:31:03  lr: 0.000259  min_lr: 0.000006  loss: 1.8137 (1.8137)  loss_scale: 8192.0000 (8192.0000)  weight_decay: 0.0500 (0.0500)  time: 9.2707  data: 5.8278  max mem: 19534
[2023-08-22 16:47:39,769] [INFO] [fused_optimizer.py:394:_update_scale] No Grad overflow for 128 iterations
[2023-08-22 16:47:39,770] [INFO] [fused_optimizer.py:396:_update_scale] Increasing dynamic loss scale from 8192.0 to 16384.0
[2023-08-22 16:47:39,770] [INFO] [fused_optimizer.py:394:_update_scale] No Grad overflow for 128 iterations
[2023-08-22 16:47:39,770] [INFO] [fused_optimizer.py:396:_update_scale] Increasing dynamic loss scale from 8192.0 to 16384.0
[2023-08-22 16:47:39,770] [INFO] [fused_optimizer.py:394:_update_scale] No Grad overflow for 128 iterations
[2023-08-22 16:47:39,771] [INFO] [fused_optimizer.py:396:_update_scale] Increasing dynamic loss scale from 8192.0 to 16384.0
[2023-08-22 16:47:39,770] [INFO] [fused_optimizer.py:394:_update_scale] No Grad overflow for 128 iterations
[2023-08-22 16:47:39,771] [INFO] [fused_optimizer.py:396:_update_scale] Increasing dynamic loss scale from 8192.0 to 16384.0
[2023-08-22 16:47:39,770] [INFO] [fused_optimizer.py:394:_update_scale] No Grad overflow for 128 iterations
[2023-08-22 16:47:39,771] [INFO] [fused_optimizer.py:396:_update_scale] Increasing dynamic loss scale from 8192.0 to 16384.0
[2023-08-22 16:47:39,772] [INFO] [fused_optimizer.py:394:_update_scale] No Grad overflow for 128 iterations
[2023-08-22 16:47:39,772] [INFO] [fused_optimizer.py:396:_update_scale] Increasing dynamic loss scale from 8192.0 to 16384.0
[2023-08-22 16:47:39,774] [INFO] [fused_optimizer.py:394:_update_scale] No Grad overflow for 128 iterations
[2023-08-22 16:47:39,774] [INFO] [fused_optimizer.py:396:_update_scale] Increasing dynamic loss scale from 8192.0 to 16384.0
[2023-08-22 16:47:39,775] [INFO] [fused_optimizer.py:394:_update_scale] No Grad overflow for 128 iterations
[2023-08-22 16:47:39,776] [INFO] [fused_optimizer.py:396:_update_scale] Increasing dynamic loss scale from 8192.0 to 16384.0
[2023-08-22 16:47:42,152] [INFO] [fused_optimizer.py:383:_update_scale] 
Grad overflow on iteration 5450
[2023-08-22 16:47:42,152] [INFO] [fused_optimizer.py:385:_update_scale] Reducing dynamic loss scale from 16384.0 to 8192.0
[2023-08-22 16:47:42,152] [INFO] [fused_optimizer.py:383:_update_scale] 
Grad overflow on iteration 5450
[2023-08-22 16:47:42,153] [INFO] [fused_optimizer.py:385:_update_scale] Reducing dynamic loss scale from 16384.0 to 8192.0
[2023-08-22 16:47:42,152] [INFO] [fused_optimizer.py:383:_update_scale] 
Grad overflow on iteration 5450
[2023-08-22 16:47:42,152] [INFO] [fused_optimizer.py:383:_update_scale] 
Grad overflow on iteration 5450
[2023-08-22 16:47:42,153] [INFO] [fused_optimizer.py:385:_update_scale] Reducing dynamic loss scale from 16384.0 to 8192.0
[2023-08-22 16:47:42,153] [INFO] [fused_optimizer.py:385:_update_scale] Reducing dynamic loss scale from 16384.0 to 8192.0
[2023-08-22 16:47:42,153] [INFO] [fused_optimizer.py:383:_update_scale] 
Grad overflow on iteration 5450
[2023-08-22 16:47:42,153] [INFO] [fused_optimizer.py:383:_update_scale] 
Grad overflow on iteration 5450
[2023-08-22 16:47:42,153] [INFO] [fused_optimizer.py:385:_update_scale] Reducing dynamic loss scale from 16384.0 to 8192.0
[2023-08-22 16:47:42,153] [INFO] [fused_optimizer.py:385:_update_scale] Reducing dynamic loss scale from 16384.0 to 8192.0
[2023-08-22 16:47:42,153] [INFO] [logging.py:77:log_dist] [Rank 0] Overflow detected. Skipping step. Attempted loss scale: 16384.0, reducing to 8192.0
[2023-08-22 16:47:42,156] [INFO] [fused_optimizer.py:383:_update_scale] 
Grad overflow on iteration 5450
[2023-08-22 16:47:42,156] [INFO] [fused_optimizer.py:385:_update_scale] Reducing dynamic loss scale from 16384.0 to 8192.0
[2023-08-22 16:47:42,171] [INFO] [fused_optimizer.py:383:_update_scale] 
Grad overflow on iteration 5450
[2023-08-22 16:47:42,172] [INFO] [fused_optimizer.py:385:_update_scale] Reducing dynamic loss scale from 16384.0 to 8192.0
TASK EPOCH: [27]  [ 50/201]  eta: 0:02:28  lr: 0.000255  min_lr: 0.000006  loss: 1.9083 (1.9199)  loss_scale: 8192.0000 (8673.8824)  weight_decay: 0.0500 (0.0500)  time: 0.8090  data: 0.0039  max mem: 19534
TASK EPOCH: [27]  [100/201]  eta: 0:01:32  lr: 0.000250  min_lr: 0.000006  loss: 1.9080 (1.8531)  loss_scale: 8192.0000 (8435.3267)  weight_decay: 0.0500 (0.0500)  time: 0.8610  data: 0.0036  max mem: 19534
TASK EPOCH: [27]  [150/201]  eta: 0:00:44  lr: 0.000246  min_lr: 0.000006  loss: 1.6265 (1.8200)  loss_scale: 8192.0000 (8354.7550)  weight_decay: 0.0500 (0.0500)  time: 0.8010  data: 0.0031  max mem: 19534
[2023-08-22 16:49:27,355] [INFO] [fused_optimizer.py:394:_update_scale] No Grad overflow for 128 iterations
[2023-08-22 16:49:27,355] [INFO] [fused_optimizer.py:394:_update_scale] No Grad overflow for 128 iterations
[2023-08-22 16:49:27,355] [INFO] [fused_optimizer.py:396:_update_scale] Increasing dynamic loss scale from 8192.0 to 16384.0
[2023-08-22 16:49:27,356] [INFO] [fused_optimizer.py:396:_update_scale] Increasing dynamic loss scale from 8192.0 to 16384.0
[2023-08-22 16:49:27,355] [INFO] [fused_optimizer.py:394:_update_scale] No Grad overflow for 128 iterations
[2023-08-22 16:49:27,356] [INFO] [fused_optimizer.py:396:_update_scale] Increasing dynamic loss scale from 8192.0 to 16384.0
[2023-08-22 16:49:27,356] [INFO] [fused_optimizer.py:394:_update_scale] No Grad overflow for 128 iterations
[2023-08-22 16:49:27,356] [INFO] [fused_optimizer.py:394:_update_scale] No Grad overflow for 128 iterations
[2023-08-22 16:49:27,357] [INFO] [fused_optimizer.py:396:_update_scale] Increasing dynamic loss scale from 8192.0 to 16384.0
[2023-08-22 16:49:27,357] [INFO] [fused_optimizer.py:396:_update_scale] Increasing dynamic loss scale from 8192.0 to 16384.0
[2023-08-22 16:49:27,357] [INFO] [fused_optimizer.py:394:_update_scale] No Grad overflow for 128 iterations
[2023-08-22 16:49:27,357] [INFO] [fused_optimizer.py:396:_update_scale] Increasing dynamic loss scale from 8192.0 to 16384.0
[2023-08-22 16:49:27,359] [INFO] [fused_optimizer.py:394:_update_scale] No Grad overflow for 128 iterations
[2023-08-22 16:49:27,359] [INFO] [fused_optimizer.py:396:_update_scale] Increasing dynamic loss scale from 8192.0 to 16384.0
[2023-08-22 16:49:27,360] [INFO] [fused_optimizer.py:394:_update_scale] No Grad overflow for 128 iterations
[2023-08-22 16:49:27,360] [INFO] [fused_optimizer.py:396:_update_scale] Increasing dynamic loss scale from 8192.0 to 16384.0
[2023-08-22 16:49:41,703] [INFO] [fused_optimizer.py:383:_update_scale] 
Grad overflow on iteration 5597
[2023-08-22 16:49:41,703] [INFO] [fused_optimizer.py:385:_update_scale] Reducing dynamic loss scale from 16384.0 to 8192.0
[2023-08-22 16:49:41,703] [INFO] [fused_optimizer.py:383:_update_scale] 
Grad overflow on iteration 5597
[2023-08-22 16:49:41,703] [INFO] [logging.py:77:log_dist] [Rank 0] Overflow detected. Skipping step. Attempted loss scale: 16384.0, reducing to 8192.0
[2023-08-22 16:49:41,703] [INFO] [fused_optimizer.py:385:_update_scale] Reducing dynamic loss scale from 16384.0 to 8192.0
[2023-08-22 16:49:41,703] [INFO] [fused_optimizer.py:383:_update_scale] 
Grad overflow on iteration 5597
[2023-08-22 16:49:41,704] [INFO] [fused_optimizer.py:385:_update_scale] Reducing dynamic loss scale from 16384.0 to 8192.0
[2023-08-22 16:49:41,704] [INFO] [fused_optimizer.py:383:_update_scale] 
Grad overflow on iteration 5597
[2023-08-22 16:49:41,704] [INFO] [fused_optimizer.py:385:_update_scale] Reducing dynamic loss scale from 16384.0 to 8192.0
[2023-08-22 16:49:41,703] [INFO] [fused_optimizer.py:383:_update_scale] 
Grad overflow on iteration 5597
[2023-08-22 16:49:41,704] [INFO] [fused_optimizer.py:385:_update_scale] Reducing dynamic loss scale from 16384.0 to 8192.0
[2023-08-22 16:49:41,704] [INFO] [fused_optimizer.py:383:_update_scale] 
Grad overflow on iteration 5597
[2023-08-22 16:49:41,704] [INFO] [fused_optimizer.py:385:_update_scale] Reducing dynamic loss scale from 16384.0 to 8192.0
[2023-08-22 16:49:41,705] [INFO] [fused_optimizer.py:383:_update_scale] 
Grad overflow on iteration 5597
[2023-08-22 16:49:41,705] [INFO] [fused_optimizer.py:385:_update_scale] Reducing dynamic loss scale from 16384.0 to 8192.0
[2023-08-22 16:49:41,720] [INFO] [fused_optimizer.py:383:_update_scale] 
Grad overflow on iteration 5597
[2023-08-22 16:49:41,721] [INFO] [fused_optimizer.py:385:_update_scale] Reducing dynamic loss scale from 16384.0 to 8192.0
TASK EPOCH: [27]  [200/201]  eta: 0:00:00  lr: 0.000242  min_lr: 0.000006  loss: 1.8287 (1.8183)  loss_scale: 8192.0000 (9047.8806)  weight_decay: 0.0500 (0.0500)  time: 0.7655  data: 0.0006  max mem: 19534
TASK EPOCH: [27] Total time: 0:02:51 (0.8532 s / it)
Averaged stats: lr: 0.000242  min_lr: 0.000006  loss: 1.8287 (1.8568)  loss_scale: 8192.0000 (9047.8806)  weight_decay: 0.0500 (0.0500)
TASK EPOCH: [28]  [  0/201]  eta: 0:32:56  lr: 0.000242  min_lr: 0.000006  loss: 1.8601 (1.8601)  loss_scale: 8192.0000 (8192.0000)  weight_decay: 0.0500 (0.0500)  time: 9.8344  data: 7.3603  max mem: 19534
TASK EPOCH: [28]  [ 50/201]  eta: 0:02:30  lr: 0.000237  min_lr: 0.000006  loss: 1.8260 (1.8539)  loss_scale: 8192.0000 (8192.0000)  weight_decay: 0.0500 (0.0500)  time: 0.8120  data: 0.0073  max mem: 19534
[2023-08-22 16:51:36,112] [INFO] [fused_optimizer.py:394:_update_scale] No Grad overflow for 128 iterations
[2023-08-22 16:51:36,112] [INFO] [fused_optimizer.py:394:_update_scale] No Grad overflow for 128 iterations
[2023-08-22 16:51:36,112] [INFO] [fused_optimizer.py:394:_update_scale] No Grad overflow for 128 iterations
[2023-08-22 16:51:36,112] [INFO] [fused_optimizer.py:396:_update_scale] Increasing dynamic loss scale from 8192.0 to 16384.0
[2023-08-22 16:51:36,112] [INFO] [fused_optimizer.py:394:_update_scale] No Grad overflow for 128 iterations
[2023-08-22 16:51:36,112] [INFO] [fused_optimizer.py:396:_update_scale] Increasing dynamic loss scale from 8192.0 to 16384.0
[2023-08-22 16:51:36,112] [INFO] [fused_optimizer.py:396:_update_scale] Increasing dynamic loss scale from 8192.0 to 16384.0
[2023-08-22 16:51:36,112] [INFO] [fused_optimizer.py:396:_update_scale] Increasing dynamic loss scale from 8192.0 to 16384.0
[2023-08-22 16:51:36,112] [INFO] [fused_optimizer.py:394:_update_scale] No Grad overflow for 128 iterations
[2023-08-22 16:51:36,112] [INFO] [fused_optimizer.py:394:_update_scale] No Grad overflow for 128 iterations
[2023-08-22 16:51:36,113] [INFO] [fused_optimizer.py:396:_update_scale] Increasing dynamic loss scale from 8192.0 to 16384.0
[2023-08-22 16:51:36,113] [INFO] [fused_optimizer.py:396:_update_scale] Increasing dynamic loss scale from 8192.0 to 16384.0
[2023-08-22 16:51:36,115] [INFO] [fused_optimizer.py:394:_update_scale] No Grad overflow for 128 iterations
[2023-08-22 16:51:36,116] [INFO] [fused_optimizer.py:396:_update_scale] Increasing dynamic loss scale from 8192.0 to 16384.0
[2023-08-22 16:51:36,116] [INFO] [fused_optimizer.py:394:_update_scale] No Grad overflow for 128 iterations
[2023-08-22 16:51:36,117] [INFO] [fused_optimizer.py:396:_update_scale] Increasing dynamic loss scale from 8192.0 to 16384.0
TASK EPOCH: [28]  [100/201]  eta: 0:01:32  lr: 0.000233  min_lr: 0.000006  loss: 1.8449 (1.8296)  loss_scale: 8192.0000 (8435.3267)  weight_decay: 0.0500 (0.0500)  time: 0.8257  data: 0.0043  max mem: 19534
[2023-08-22 16:51:39,253] [INFO] [fused_optimizer.py:383:_update_scale] 
Grad overflow on iteration 5730
[2023-08-22 16:51:39,253] [INFO] [fused_optimizer.py:383:_update_scale] 
Grad overflow on iteration 5730
[2023-08-22 16:51:39,253] [INFO] [fused_optimizer.py:385:_update_scale] Reducing dynamic loss scale from 16384.0 to 8192.0
[2023-08-22 16:51:39,253] [INFO] [fused_optimizer.py:385:_update_scale] Reducing dynamic loss scale from 16384.0 to 8192.0
[2023-08-22 16:51:39,253] [INFO] [fused_optimizer.py:383:_update_scale] 
Grad overflow on iteration 5730
[2023-08-22 16:51:39,253] [INFO] [fused_optimizer.py:385:_update_scale] Reducing dynamic loss scale from 16384.0 to 8192.0
[2023-08-22 16:51:39,253] [INFO] [fused_optimizer.py:383:_update_scale] 
Grad overflow on iteration 5730
[2023-08-22 16:51:39,254] [INFO] [fused_optimizer.py:385:_update_scale] Reducing dynamic loss scale from 16384.0 to 8192.0
[2023-08-22 16:51:39,254] [INFO] [fused_optimizer.py:383:_update_scale] 
Grad overflow on iteration 5730
[2023-08-22 16:51:39,254] [INFO] [fused_optimizer.py:385:_update_scale] Reducing dynamic loss scale from 16384.0 to 8192.0
[2023-08-22 16:51:39,254] [INFO] [fused_optimizer.py:383:_update_scale] 
Grad overflow on iteration 5730
[2023-08-22 16:51:39,255] [INFO] [fused_optimizer.py:385:_update_scale] Reducing dynamic loss scale from 16384.0 to 8192.0
[2023-08-22 16:51:39,255] [INFO] [logging.py:77:log_dist] [Rank 0] Overflow detected. Skipping step. Attempted loss scale: 16384.0, reducing to 8192.0
[2023-08-22 16:51:39,255] [INFO] [fused_optimizer.py:383:_update_scale] 
Grad overflow on iteration 5730
[2023-08-22 16:51:39,255] [INFO] [fused_optimizer.py:385:_update_scale] Reducing dynamic loss scale from 16384.0 to 8192.0
[2023-08-22 16:51:39,265] [INFO] [fused_optimizer.py:383:_update_scale] 
Grad overflow on iteration 5730
[2023-08-22 16:51:39,266] [INFO] [fused_optimizer.py:385:_update_scale] Reducing dynamic loss scale from 16384.0 to 8192.0
TASK EPOCH: [28]  [150/201]  eta: 0:00:44  lr: 0.000229  min_lr: 0.000005  loss: 1.8816 (1.8229)  loss_scale: 8192.0000 (8409.0066)  weight_decay: 0.0500 (0.0500)  time: 0.7958  data: 0.0028  max mem: 19534
TASK EPOCH: [28]  [200/201]  eta: 0:00:00  lr: 0.000224  min_lr: 0.000005  loss: 1.9113 (1.8392)  loss_scale: 8192.0000 (8355.0249)  weight_decay: 0.0500 (0.0500)  time: 0.7666  data: 0.0008  max mem: 19534
TASK EPOCH: [28] Total time: 0:02:51 (0.8544 s / it)
Averaged stats: lr: 0.000224  min_lr: 0.000005  loss: 1.9113 (1.8471)  loss_scale: 8192.0000 (8355.0249)  weight_decay: 0.0500 (0.0500)
TASK EPOCH: [29]  [  0/201]  eta: 0:32:06  lr: 0.000224  min_lr: 0.000005  loss: 2.3532 (2.3532)  loss_scale: 8192.0000 (8192.0000)  weight_decay: 0.0500 (0.0500)  time: 9.5868  data: 6.7774  max mem: 19534
[2023-08-22 16:53:31,571] [INFO] [fused_optimizer.py:394:_update_scale] No Grad overflow for 128 iterations
[2023-08-22 16:53:31,572] [INFO] [fused_optimizer.py:396:_update_scale] Increasing dynamic loss scale from 8192.0 to 16384.0
[2023-08-22 16:53:31,571] [INFO] [fused_optimizer.py:394:_update_scale] No Grad overflow for 128 iterations
[2023-08-22 16:53:31,572] [INFO] [fused_optimizer.py:396:_update_scale] Increasing dynamic loss scale from 8192.0 to 16384.0
[2023-08-22 16:53:31,572] [INFO] [fused_optimizer.py:394:_update_scale] No Grad overflow for 128 iterations
[2023-08-22 16:53:31,572] [INFO] [fused_optimizer.py:396:_update_scale] Increasing dynamic loss scale from 8192.0 to 16384.0
[2023-08-22 16:53:31,572] [INFO] [fused_optimizer.py:394:_update_scale] No Grad overflow for 128 iterations
[2023-08-22 16:53:31,572] [INFO] [fused_optimizer.py:394:_update_scale] No Grad overflow for 128 iterations
[2023-08-22 16:53:31,573] [INFO] [fused_optimizer.py:396:_update_scale] Increasing dynamic loss scale from 8192.0 to 16384.0
[2023-08-22 16:53:31,573] [INFO] [fused_optimizer.py:396:_update_scale] Increasing dynamic loss scale from 8192.0 to 16384.0
[2023-08-22 16:53:31,574] [INFO] [fused_optimizer.py:394:_update_scale] No Grad overflow for 128 iterations
[2023-08-22 16:53:31,575] [INFO] [fused_optimizer.py:396:_update_scale] Increasing dynamic loss scale from 8192.0 to 16384.0
[2023-08-22 16:53:31,578] [INFO] [fused_optimizer.py:394:_update_scale] No Grad overflow for 128 iterations
[2023-08-22 16:53:31,578] [INFO] [fused_optimizer.py:396:_update_scale] Increasing dynamic loss scale from 8192.0 to 16384.0
[2023-08-22 16:53:31,588] [INFO] [fused_optimizer.py:394:_update_scale] No Grad overflow for 128 iterations
[2023-08-22 16:53:31,589] [INFO] [fused_optimizer.py:396:_update_scale] Increasing dynamic loss scale from 8192.0 to 16384.0
[2023-08-22 16:53:37,967] [INFO] [fused_optimizer.py:383:_update_scale] 
Grad overflow on iteration 5867
[2023-08-22 16:53:37,967] [INFO] [fused_optimizer.py:383:_update_scale] 
Grad overflow on iteration 5867
[2023-08-22 16:53:37,967] [INFO] [fused_optimizer.py:385:_update_scale] Reducing dynamic loss scale from 16384.0 to 8192.0
[2023-08-22 16:53:37,967] [INFO] [fused_optimizer.py:385:_update_scale] Reducing dynamic loss scale from 16384.0 to 8192.0
[2023-08-22 16:53:37,967] [INFO] [fused_optimizer.py:383:_update_scale] 
Grad overflow on iteration 5867
[2023-08-22 16:53:37,967] [INFO] [fused_optimizer.py:385:_update_scale] Reducing dynamic loss scale from 16384.0 to 8192.0
[2023-08-22 16:53:37,967] [INFO] [fused_optimizer.py:383:_update_scale] 
Grad overflow on iteration 5867
[2023-08-22 16:53:37,968] [INFO] [fused_optimizer.py:385:_update_scale] Reducing dynamic loss scale from 16384.0 to 8192.0
[2023-08-22 16:53:37,968] [INFO] [fused_optimizer.py:383:_update_scale] 
Grad overflow on iteration 5867
[2023-08-22 16:53:37,968] [INFO] [fused_optimizer.py:383:_update_scale] 
Grad overflow on iteration 5867
[2023-08-22 16:53:37,968] [INFO] [fused_optimizer.py:385:_update_scale] Reducing dynamic loss scale from 16384.0 to 8192.0
[2023-08-22 16:53:37,968] [INFO] [fused_optimizer.py:385:_update_scale] Reducing dynamic loss scale from 16384.0 to 8192.0
[2023-08-22 16:53:37,968] [INFO] [fused_optimizer.py:383:_update_scale] 
Grad overflow on iteration 5867
[2023-08-22 16:53:37,968] [INFO] [fused_optimizer.py:385:_update_scale] Reducing dynamic loss scale from 16384.0 to 8192.0
[2023-08-22 16:53:37,969] [INFO] [logging.py:77:log_dist] [Rank 0] Overflow detected. Skipping step. Attempted loss scale: 16384.0, reducing to 8192.0
[2023-08-22 16:53:37,971] [INFO] [fused_optimizer.py:383:_update_scale] 
Grad overflow on iteration 5867
[2023-08-22 16:53:37,971] [INFO] [fused_optimizer.py:385:_update_scale] Reducing dynamic loss scale from 16384.0 to 8192.0
TASK EPOCH: [29]  [ 50/201]  eta: 0:02:31  lr: 0.000220  min_lr: 0.000005  loss: 2.1680 (1.9761)  loss_scale: 8192.0000 (9477.0196)  weight_decay: 0.0500 (0.0500)  time: 0.8319  data: 0.0037  max mem: 19534
TASK EPOCH: [29]  [100/201]  eta: 0:01:31  lr: 0.000216  min_lr: 0.000005  loss: 1.9865 (1.9136)  loss_scale: 8192.0000 (8840.8713)  weight_decay: 0.0500 (0.0500)  time: 0.8019  data: 0.0044  max mem: 19534
TASK EPOCH: [29]  [150/201]  eta: 0:00:44  lr: 0.000211  min_lr: 0.000005  loss: 2.1525 (1.9083)  loss_scale: 8192.0000 (8626.0132)  weight_decay: 0.0500 (0.0500)  time: 0.8049  data: 0.0034  max mem: 19534
[2023-08-22 16:55:22,082] [INFO] [fused_optimizer.py:394:_update_scale] No Grad overflow for 128 iterations
[2023-08-22 16:55:22,082] [INFO] [fused_optimizer.py:394:_update_scale] No Grad overflow for 128 iterations
[2023-08-22 16:55:22,082] [INFO] [fused_optimizer.py:396:_update_scale] Increasing dynamic loss scale from 8192.0 to 16384.0
[2023-08-22 16:55:22,082] [INFO] [fused_optimizer.py:396:_update_scale] Increasing dynamic loss scale from 8192.0 to 16384.0
[2023-08-22 16:55:22,082] [INFO] [fused_optimizer.py:394:_update_scale] No Grad overflow for 128 iterations
[2023-08-22 16:55:22,082] [INFO] [fused_optimizer.py:394:_update_scale] No Grad overflow for 128 iterations
[2023-08-22 16:55:22,082] [INFO] [fused_optimizer.py:394:_update_scale] No Grad overflow for 128 iterations
[2023-08-22 16:55:22,082] [INFO] [fused_optimizer.py:396:_update_scale] Increasing dynamic loss scale from 8192.0 to 16384.0
[2023-08-22 16:55:22,082] [INFO] [fused_optimizer.py:396:_update_scale] Increasing dynamic loss scale from 8192.0 to 16384.0
[2023-08-22 16:55:22,083] [INFO] [fused_optimizer.py:396:_update_scale] Increasing dynamic loss scale from 8192.0 to 16384.0
[2023-08-22 16:55:22,082] [INFO] [fused_optimizer.py:394:_update_scale] No Grad overflow for 128 iterations
[2023-08-22 16:55:22,083] [INFO] [fused_optimizer.py:396:_update_scale] Increasing dynamic loss scale from 8192.0 to 16384.0
[2023-08-22 16:55:22,083] [INFO] [fused_optimizer.py:394:_update_scale] No Grad overflow for 128 iterations
[2023-08-22 16:55:22,083] [INFO] [fused_optimizer.py:396:_update_scale] Increasing dynamic loss scale from 8192.0 to 16384.0
[2023-08-22 16:55:22,083] [INFO] [fused_optimizer.py:394:_update_scale] No Grad overflow for 128 iterations
[2023-08-22 16:55:22,083] [INFO] [fused_optimizer.py:396:_update_scale] Increasing dynamic loss scale from 8192.0 to 16384.0
[2023-08-22 16:55:24,442] [INFO] [logging.py:77:log_dist] [Rank 0] step=6000, skipped=38, lr=[4.9779090938120785e-06, 3.729220969045135e-05, 3.729220969045135e-05, 4.9722946253935135e-05, 4.9722946253935135e-05, 6.629726167191351e-05, 6.629726167191351e-05, 8.839634889588468e-05, 8.839634889588468e-05, 0.00011786179852784624, 0.00011786179852784624, 0.00015714906470379498, 0.00015714906470379498, 0.00020953208627172665, 0.00020953208627172665], mom=[[0.9, 0.999], [0.9, 0.999], [0.9, 0.999], [0.9, 0.999], [0.9, 0.999], [0.9, 0.999], [0.9, 0.999], [0.9, 0.999], [0.9, 0.999], [0.9, 0.999], [0.9, 0.999], [0.9, 0.999], [0.9, 0.999], [0.9, 0.999], [0.9, 0.999]]
[2023-08-22 16:55:24,444] [INFO] [timer.py:209:stop] epoch=0/micro_step=6000/global_step=6000, RunningAvgSamplesPerSec=179.83048252448845, CurrSamplesPerSec=188.46013583625512, MemAllocated=0.82GB, MaxMemAllocated=19.08GB
[2023-08-22 16:55:27,632] [INFO] [fused_optimizer.py:383:_update_scale] 
Grad overflow on iteration 6003
[2023-08-22 16:55:27,632] [INFO] [fused_optimizer.py:383:_update_scale] 
Grad overflow on iteration 6003
[2023-08-22 16:55:27,632] [INFO] [fused_optimizer.py:385:_update_scale] Reducing dynamic loss scale from 16384.0 to 8192.0
[2023-08-22 16:55:27,632] [INFO] [fused_optimizer.py:385:_update_scale] Reducing dynamic loss scale from 16384.0 to 8192.0
[2023-08-22 16:55:27,633] [INFO] [fused_optimizer.py:383:_update_scale] 
Grad overflow on iteration 6003
[2023-08-22 16:55:27,633] [INFO] [fused_optimizer.py:385:_update_scale] Reducing dynamic loss scale from 16384.0 to 8192.0
[2023-08-22 16:55:27,633] [INFO] [fused_optimizer.py:383:_update_scale] 
Grad overflow on iteration 6003
[2023-08-22 16:55:27,633] [INFO] [fused_optimizer.py:383:_update_scale] 
Grad overflow on iteration 6003
[2023-08-22 16:55:27,633] [INFO] [fused_optimizer.py:385:_update_scale] Reducing dynamic loss scale from 16384.0 to 8192.0
[2023-08-22 16:55:27,633] [INFO] [fused_optimizer.py:385:_update_scale] Reducing dynamic loss scale from 16384.0 to 8192.0
[2023-08-22 16:55:27,633] [INFO] [fused_optimizer.py:383:_update_scale] 
Grad overflow on iteration 6003
[2023-08-22 16:55:27,634] [INFO] [fused_optimizer.py:385:_update_scale] Reducing dynamic loss scale from 16384.0 to 8192.0
[2023-08-22 16:55:27,635] [INFO] [fused_optimizer.py:383:_update_scale] 
Grad overflow on iteration 6003
[2023-08-22 16:55:27,635] [INFO] [fused_optimizer.py:385:_update_scale] Reducing dynamic loss scale from 16384.0 to 8192.0
[2023-08-22 16:55:27,642] [INFO] [fused_optimizer.py:383:_update_scale] 
Grad overflow on iteration 6003
[2023-08-22 16:55:27,643] [INFO] [fused_optimizer.py:385:_update_scale] Reducing dynamic loss scale from 16384.0 to 8192.0
[2023-08-22 16:55:27,643] [INFO] [logging.py:77:log_dist] [Rank 0] Overflow detected. Skipping step. Attempted loss scale: 16384.0, reducing to 8192.0
TASK EPOCH: [29]  [200/201]  eta: 0:00:00  lr: 0.000207  min_lr: 0.000005  loss: 1.8203 (1.8834)  loss_scale: 8192.0000 (8803.3433)  weight_decay: 0.0500 (0.0500)  time: 0.7666  data: 0.0008  max mem: 19534
TASK EPOCH: [29] Total time: 0:02:51 (0.8516 s / it)
Averaged stats: lr: 0.000207  min_lr: 0.000005  loss: 1.8203 (1.8564)  loss_scale: 8192.0000 (8803.3433)  weight_decay: 0.0500 (0.0500)
TASK EPOCH: [30]  [  0/201]  eta: 0:29:25  lr: 0.000207  min_lr: 0.000005  loss: 1.2898 (1.2898)  loss_scale: 8192.0000 (8192.0000)  weight_decay: 0.0500 (0.0500)  time: 8.7815  data: 7.3447  max mem: 19534
TASK EPOCH: [30]  [ 50/201]  eta: 0:02:30  lr: 0.000203  min_lr: 0.000005  loss: 1.8378 (1.8396)  loss_scale: 8192.0000 (8192.0000)  weight_decay: 0.0500 (0.0500)  time: 0.8070  data: 0.0033  max mem: 19534
TASK EPOCH: [30]  [100/201]  eta: 0:01:30  lr: 0.000198  min_lr: 0.000005  loss: 1.6324 (1.7805)  loss_scale: 8192.0000 (8192.0000)  weight_decay: 0.0500 (0.0500)  time: 0.8017  data: 0.0030  max mem: 19534
[2023-08-22 16:57:20,624] [INFO] [fused_optimizer.py:394:_update_scale] No Grad overflow for 128 iterations
[2023-08-22 16:57:20,625] [INFO] [fused_optimizer.py:396:_update_scale] Increasing dynamic loss scale from 8192.0 to 16384.0
[2023-08-22 16:57:20,625] [INFO] [fused_optimizer.py:394:_update_scale] No Grad overflow for 128 iterations
[2023-08-22 16:57:20,625] [INFO] [fused_optimizer.py:394:_update_scale] No Grad overflow for 128 iterations
[2023-08-22 16:57:20,625] [INFO] [fused_optimizer.py:396:_update_scale] Increasing dynamic loss scale from 8192.0 to 16384.0
[2023-08-22 16:57:20,625] [INFO] [fused_optimizer.py:396:_update_scale] Increasing dynamic loss scale from 8192.0 to 16384.0
[2023-08-22 16:57:20,625] [INFO] [fused_optimizer.py:394:_update_scale] No Grad overflow for 128 iterations
[2023-08-22 16:57:20,625] [INFO] [fused_optimizer.py:394:_update_scale] No Grad overflow for 128 iterations
[2023-08-22 16:57:20,625] [INFO] [fused_optimizer.py:396:_update_scale] Increasing dynamic loss scale from 8192.0 to 16384.0
[2023-08-22 16:57:20,626] [INFO] [fused_optimizer.py:396:_update_scale] Increasing dynamic loss scale from 8192.0 to 16384.0
[2023-08-22 16:57:20,626] [INFO] [fused_optimizer.py:394:_update_scale] No Grad overflow for 128 iterations
[2023-08-22 16:57:20,626] [INFO] [fused_optimizer.py:396:_update_scale] Increasing dynamic loss scale from 8192.0 to 16384.0
[2023-08-22 16:57:20,629] [INFO] [fused_optimizer.py:394:_update_scale] No Grad overflow for 128 iterations
[2023-08-22 16:57:20,630] [INFO] [fused_optimizer.py:396:_update_scale] Increasing dynamic loss scale from 8192.0 to 16384.0
[2023-08-22 16:57:20,624] [INFO] [fused_optimizer.py:394:_update_scale] No Grad overflow for 128 iterations
[2023-08-22 16:57:20,632] [INFO] [fused_optimizer.py:396:_update_scale] Increasing dynamic loss scale from 8192.0 to 16384.0
[2023-08-22 16:57:22,247] [INFO] [fused_optimizer.py:383:_update_scale] 
Grad overflow on iteration 6134
[2023-08-22 16:57:22,247] [INFO] [fused_optimizer.py:385:_update_scale] Reducing dynamic loss scale from 16384.0 to 8192.0
[2023-08-22 16:57:22,247] [INFO] [fused_optimizer.py:383:_update_scale] 
Grad overflow on iteration 6134
[2023-08-22 16:57:22,247] [INFO] [logging.py:77:log_dist] [Rank 0] Overflow detected. Skipping step. Attempted loss scale: 16384.0, reducing to 8192.0
[2023-08-22 16:57:22,247] [INFO] [fused_optimizer.py:385:_update_scale] Reducing dynamic loss scale from 16384.0 to 8192.0
[2023-08-22 16:57:22,247] [INFO] [fused_optimizer.py:383:_update_scale] 
Grad overflow on iteration 6134
[2023-08-22 16:57:22,248] [INFO] [fused_optimizer.py:385:_update_scale] Reducing dynamic loss scale from 16384.0 to 8192.0
[2023-08-22 16:57:22,248] [INFO] [fused_optimizer.py:383:_update_scale] 
Grad overflow on iteration 6134
[2023-08-22 16:57:22,248] [INFO] [fused_optimizer.py:385:_update_scale] Reducing dynamic loss scale from 16384.0 to 8192.0
[2023-08-22 16:57:22,249] [INFO] [fused_optimizer.py:383:_update_scale] 
Grad overflow on iteration 6134
[2023-08-22 16:57:22,249] [INFO] [fused_optimizer.py:383:_update_scale] 
Grad overflow on iteration 6134
[2023-08-22 16:57:22,249] [INFO] [fused_optimizer.py:383:_update_scale] 
Grad overflow on iteration 6134
[2023-08-22 16:57:22,249] [INFO] [fused_optimizer.py:385:_update_scale] Reducing dynamic loss scale from 16384.0 to 8192.0
[2023-08-22 16:57:22,249] [INFO] [fused_optimizer.py:385:_update_scale] Reducing dynamic loss scale from 16384.0 to 8192.0
[2023-08-22 16:57:22,249] [INFO] [fused_optimizer.py:385:_update_scale] Reducing dynamic loss scale from 16384.0 to 8192.0
[2023-08-22 16:57:22,259] [INFO] [fused_optimizer.py:383:_update_scale] 
Grad overflow on iteration 6134
[2023-08-22 16:57:22,260] [INFO] [fused_optimizer.py:385:_update_scale] Reducing dynamic loss scale from 16384.0 to 8192.0
TASK EPOCH: [30]  [150/201]  eta: 0:00:44  lr: 0.000194  min_lr: 0.000005  loss: 1.9252 (1.7904)  loss_scale: 8192.0000 (8300.5033)  weight_decay: 0.0500 (0.0500)  time: 0.8088  data: 0.0036  max mem: 19534
TASK EPOCH: [30]  [200/201]  eta: 0:00:00  lr: 0.000190  min_lr: 0.000005  loss: 1.7322 (1.7731)  loss_scale: 8192.0000 (8273.5124)  weight_decay: 0.0500 (0.0500)  time: 0.7645  data: 0.0022  max mem: 19534
TASK EPOCH: [30] Total time: 0:02:51 (0.8536 s / it)
Averaged stats: lr: 0.000190  min_lr: 0.000005  loss: 1.7322 (1.8160)  loss_scale: 8192.0000 (8273.5124)  weight_decay: 0.0500 (0.0500)
TASK EPOCH: [31]  [  0/201]  eta: 0:33:59  lr: 0.000190  min_lr: 0.000005  loss: 1.2579 (1.2579)  loss_scale: 8192.0000 (8192.0000)  weight_decay: 0.0500 (0.0500)  time: 10.1463  data: 9.4793  max mem: 19534
[2023-08-22 16:59:15,849] [INFO] [fused_optimizer.py:394:_update_scale] No Grad overflow for 128 iterations
[2023-08-22 16:59:15,849] [INFO] [fused_optimizer.py:394:_update_scale] No Grad overflow for 128 iterations
[2023-08-22 16:59:15,849] [INFO] [fused_optimizer.py:394:_update_scale] No Grad overflow for 128 iterations
[2023-08-22 16:59:15,849] [INFO] [fused_optimizer.py:394:_update_scale] No Grad overflow for 128 iterations
[2023-08-22 16:59:15,849] [INFO] [fused_optimizer.py:396:_update_scale] Increasing dynamic loss scale from 8192.0 to 16384.0
[2023-08-22 16:59:15,849] [INFO] [fused_optimizer.py:394:_update_scale] No Grad overflow for 128 iterations
[2023-08-22 16:59:15,849] [INFO] [fused_optimizer.py:396:_update_scale] Increasing dynamic loss scale from 8192.0 to 16384.0
[2023-08-22 16:59:15,849] [INFO] [fused_optimizer.py:394:_update_scale] No Grad overflow for 128 iterations
[2023-08-22 16:59:15,849] [INFO] [fused_optimizer.py:396:_update_scale] Increasing dynamic loss scale from 8192.0 to 16384.0
[2023-08-22 16:59:15,849] [INFO] [fused_optimizer.py:396:_update_scale] Increasing dynamic loss scale from 8192.0 to 16384.0
[2023-08-22 16:59:15,849] [INFO] [fused_optimizer.py:394:_update_scale] No Grad overflow for 128 iterations
[2023-08-22 16:59:15,849] [INFO] [fused_optimizer.py:396:_update_scale] Increasing dynamic loss scale from 8192.0 to 16384.0
[2023-08-22 16:59:15,849] [INFO] [fused_optimizer.py:396:_update_scale] Increasing dynamic loss scale from 8192.0 to 16384.0
[2023-08-22 16:59:15,850] [INFO] [fused_optimizer.py:396:_update_scale] Increasing dynamic loss scale from 8192.0 to 16384.0
[2023-08-22 16:59:15,850] [INFO] [fused_optimizer.py:394:_update_scale] No Grad overflow for 128 iterations
[2023-08-22 16:59:15,851] [INFO] [fused_optimizer.py:396:_update_scale] Increasing dynamic loss scale from 8192.0 to 16384.0
[2023-08-22 16:59:16,696] [INFO] [fused_optimizer.py:383:_update_scale] 
Grad overflow on iteration 6264
[2023-08-22 16:59:16,696] [INFO] [fused_optimizer.py:385:_update_scale] Reducing dynamic loss scale from 16384.0 to 8192.0
[2023-08-22 16:59:16,696] [INFO] [fused_optimizer.py:383:_update_scale] 
Grad overflow on iteration 6264
[2023-08-22 16:59:16,697] [INFO] [fused_optimizer.py:385:_update_scale] Reducing dynamic loss scale from 16384.0 to 8192.0
[2023-08-22 16:59:16,696] [INFO] [fused_optimizer.py:383:_update_scale] 
Grad overflow on iteration 6264
[2023-08-22 16:59:16,697] [INFO] [fused_optimizer.py:385:_update_scale] Reducing dynamic loss scale from 16384.0 to 8192.0
[2023-08-22 16:59:16,696] [INFO] [fused_optimizer.py:383:_update_scale] 
Grad overflow on iteration 6264
[2023-08-22 16:59:16,697] [INFO] [fused_optimizer.py:385:_update_scale] Reducing dynamic loss scale from 16384.0 to 8192.0
[2023-08-22 16:59:16,696] [INFO] [fused_optimizer.py:383:_update_scale] 
Grad overflow on iteration 6264
[2023-08-22 16:59:16,697] [INFO] [fused_optimizer.py:385:_update_scale] Reducing dynamic loss scale from 16384.0 to 8192.0
[2023-08-22 16:59:16,697] [INFO] [fused_optimizer.py:383:_update_scale] 
Grad overflow on iteration 6264
[2023-08-22 16:59:16,697] [INFO] [fused_optimizer.py:385:_update_scale] Reducing dynamic loss scale from 16384.0 to 8192.0
[2023-08-22 16:59:16,711] [INFO] [fused_optimizer.py:383:_update_scale] 
Grad overflow on iteration 6264
[2023-08-22 16:59:16,711] [INFO] [fused_optimizer.py:385:_update_scale] Reducing dynamic loss scale from 16384.0 to 8192.0
[2023-08-22 16:59:16,712] [INFO] [fused_optimizer.py:383:_update_scale] 
Grad overflow on iteration 6264
[2023-08-22 16:59:16,712] [INFO] [fused_optimizer.py:385:_update_scale] Reducing dynamic loss scale from 16384.0 to 8192.0
[2023-08-22 16:59:16,713] [INFO] [logging.py:77:log_dist] [Rank 0] Overflow detected. Skipping step. Attempted loss scale: 16384.0, reducing to 8192.0
TASK EPOCH: [31]  [ 50/201]  eta: 0:02:29  lr: 0.000186  min_lr: 0.000004  loss: 1.9249 (1.8987)  loss_scale: 8192.0000 (8352.6275)  weight_decay: 0.0500 (0.0500)  time: 0.8002  data: 0.0056  max mem: 19534
TASK EPOCH: [31]  [100/201]  eta: 0:01:31  lr: 0.000181  min_lr: 0.000004  loss: 1.6141 (1.9131)  loss_scale: 8192.0000 (8273.1089)  weight_decay: 0.0500 (0.0500)  time: 0.8013  data: 0.0046  max mem: 19534
TASK EPOCH: [31]  [150/201]  eta: 0:00:44  lr: 0.000177  min_lr: 0.000004  loss: 1.9710 (1.9059)  loss_scale: 8192.0000 (8246.2517)  weight_decay: 0.0500 (0.0500)  time: 0.7965  data: 0.0030  max mem: 19534
[2023-08-22 17:01:00,890] [INFO] [fused_optimizer.py:394:_update_scale] No Grad overflow for 128 iterations
[2023-08-22 17:01:00,891] [INFO] [fused_optimizer.py:396:_update_scale] Increasing dynamic loss scale from 8192.0 to 16384.0
[2023-08-22 17:01:00,891] [INFO] [fused_optimizer.py:394:_update_scale] No Grad overflow for 128 iterations
[2023-08-22 17:01:00,891] [INFO] [fused_optimizer.py:394:_update_scale] No Grad overflow for 128 iterations
[2023-08-22 17:01:00,891] [INFO] [fused_optimizer.py:394:_update_scale] No Grad overflow for 128 iterations
[2023-08-22 17:01:00,891] [INFO] [fused_optimizer.py:396:_update_scale] Increasing dynamic loss scale from 8192.0 to 16384.0
[2023-08-22 17:01:00,891] [INFO] [fused_optimizer.py:396:_update_scale] Increasing dynamic loss scale from 8192.0 to 16384.0
[2023-08-22 17:01:00,891] [INFO] [fused_optimizer.py:396:_update_scale] Increasing dynamic loss scale from 8192.0 to 16384.0
[2023-08-22 17:01:00,891] [INFO] [fused_optimizer.py:394:_update_scale] No Grad overflow for 128 iterations
[2023-08-22 17:01:00,891] [INFO] [fused_optimizer.py:394:_update_scale] No Grad overflow for 128 iterations
[2023-08-22 17:01:00,891] [INFO] [fused_optimizer.py:396:_update_scale] Increasing dynamic loss scale from 8192.0 to 16384.0
[2023-08-22 17:01:00,891] [INFO] [fused_optimizer.py:396:_update_scale] Increasing dynamic loss scale from 8192.0 to 16384.0
[2023-08-22 17:01:00,891] [INFO] [fused_optimizer.py:394:_update_scale] No Grad overflow for 128 iterations
[2023-08-22 17:01:00,891] [INFO] [fused_optimizer.py:394:_update_scale] No Grad overflow for 128 iterations
[2023-08-22 17:01:00,891] [INFO] [fused_optimizer.py:396:_update_scale] Increasing dynamic loss scale from 8192.0 to 16384.0
[2023-08-22 17:01:00,891] [INFO] [fused_optimizer.py:396:_update_scale] Increasing dynamic loss scale from 8192.0 to 16384.0
[2023-08-22 17:01:16,911] [INFO] [fused_optimizer.py:383:_update_scale] 
Grad overflow on iteration 6413
[2023-08-22 17:01:16,911] [INFO] [fused_optimizer.py:383:_update_scale] 
Grad overflow on iteration 6413
[2023-08-22 17:01:16,911] [INFO] [fused_optimizer.py:385:_update_scale] Reducing dynamic loss scale from 16384.0 to 8192.0
[2023-08-22 17:01:16,911] [INFO] [fused_optimizer.py:385:_update_scale] Reducing dynamic loss scale from 16384.0 to 8192.0
[2023-08-22 17:01:16,911] [INFO] [fused_optimizer.py:383:_update_scale] 
Grad overflow on iteration 6413
[2023-08-22 17:01:16,911] [INFO] [logging.py:77:log_dist] [Rank 0] Overflow detected. Skipping step. Attempted loss scale: 16384.0, reducing to 8192.0
[2023-08-22 17:01:16,911] [INFO] [fused_optimizer.py:385:_update_scale] Reducing dynamic loss scale from 16384.0 to 8192.0
[2023-08-22 17:01:16,911] [INFO] [fused_optimizer.py:383:_update_scale] 
Grad overflow on iteration 6413
[2023-08-22 17:01:16,912] [INFO] [fused_optimizer.py:385:_update_scale] Reducing dynamic loss scale from 16384.0 to 8192.0
[2023-08-22 17:01:16,912] [INFO] [fused_optimizer.py:383:_update_scale] 
Grad overflow on iteration 6413
[2023-08-22 17:01:16,912] [INFO] [fused_optimizer.py:385:_update_scale] Reducing dynamic loss scale from 16384.0 to 8192.0
[2023-08-22 17:01:16,912] [INFO] [fused_optimizer.py:383:_update_scale] 
Grad overflow on iteration 6413
[2023-08-22 17:01:16,912] [INFO] [fused_optimizer.py:383:_update_scale] 
Grad overflow on iteration 6413
[2023-08-22 17:01:16,912] [INFO] [fused_optimizer.py:385:_update_scale] Reducing dynamic loss scale from 16384.0 to 8192.0
[2023-08-22 17:01:16,912] [INFO] [fused_optimizer.py:385:_update_scale] Reducing dynamic loss scale from 16384.0 to 8192.0
[2023-08-22 17:01:16,912] [INFO] [fused_optimizer.py:383:_update_scale] 
Grad overflow on iteration 6413
[2023-08-22 17:01:16,913] [INFO] [fused_optimizer.py:385:_update_scale] Reducing dynamic loss scale from 16384.0 to 8192.0
TASK EPOCH: [31]  [200/201]  eta: 0:00:00  lr: 0.000173  min_lr: 0.000004  loss: 1.8171 (1.8906)  loss_scale: 8192.0000 (9047.8806)  weight_decay: 0.0500 (0.0500)  time: 0.7677  data: 0.0009  max mem: 19534
TASK EPOCH: [31] Total time: 0:02:51 (0.8518 s / it)
Averaged stats: lr: 0.000173  min_lr: 0.000004  loss: 1.8171 (1.8208)  loss_scale: 8192.0000 (9047.8806)  weight_decay: 0.0500 (0.0500)
TASK EPOCH: [32]  [  0/201]  eta: 0:29:50  lr: 0.000173  min_lr: 0.000004  loss: 1.1885 (1.1885)  loss_scale: 8192.0000 (8192.0000)  weight_decay: 0.0500 (0.0500)  time: 8.9090  data: 8.0082  max mem: 19534
TASK EPOCH: [32]  [ 50/201]  eta: 0:02:30  lr: 0.000169  min_lr: 0.000004  loss: 1.6763 (1.6383)  loss_scale: 8192.0000 (8192.0000)  weight_decay: 0.0500 (0.0500)  time: 0.7991  data: 0.0024  max mem: 19534
TASK EPOCH: [32]  [100/201]  eta: 0:01:30  lr: 0.000165  min_lr: 0.000004  loss: 1.6665 (1.7281)  loss_scale: 8192.0000 (8192.0000)  weight_decay: 0.0500 (0.0500)  time: 0.7982  data: 0.0035  max mem: 19534
[2023-08-22 17:03:10,008] [INFO] [fused_optimizer.py:394:_update_scale] No Grad overflow for 128 iterations
[2023-08-22 17:03:10,008] [INFO] [fused_optimizer.py:394:_update_scale] No Grad overflow for 128 iterations
[2023-08-22 17:03:10,008] [INFO] [fused_optimizer.py:394:_update_scale] No Grad overflow for 128 iterations
[2023-08-22 17:03:10,008] [INFO] [fused_optimizer.py:396:_update_scale] Increasing dynamic loss scale from 8192.0 to 16384.0
[2023-08-22 17:03:10,008] [INFO] [fused_optimizer.py:396:_update_scale] Increasing dynamic loss scale from 8192.0 to 16384.0
[2023-08-22 17:03:10,008] [INFO] [fused_optimizer.py:396:_update_scale] Increasing dynamic loss scale from 8192.0 to 16384.0
[2023-08-22 17:03:10,008] [INFO] [fused_optimizer.py:394:_update_scale] No Grad overflow for 128 iterations
[2023-08-22 17:03:10,008] [INFO] [fused_optimizer.py:394:_update_scale] No Grad overflow for 128 iterations
[2023-08-22 17:03:10,008] [INFO] [fused_optimizer.py:394:_update_scale] No Grad overflow for 128 iterations
[2023-08-22 17:03:10,009] [INFO] [fused_optimizer.py:396:_update_scale] Increasing dynamic loss scale from 8192.0 to 16384.0
[2023-08-22 17:03:10,009] [INFO] [fused_optimizer.py:396:_update_scale] Increasing dynamic loss scale from 8192.0 to 16384.0
[2023-08-22 17:03:10,009] [INFO] [fused_optimizer.py:396:_update_scale] Increasing dynamic loss scale from 8192.0 to 16384.0
[2023-08-22 17:03:10,010] [INFO] [fused_optimizer.py:394:_update_scale] No Grad overflow for 128 iterations
[2023-08-22 17:03:10,010] [INFO] [fused_optimizer.py:396:_update_scale] Increasing dynamic loss scale from 8192.0 to 16384.0
[2023-08-22 17:03:10,024] [INFO] [fused_optimizer.py:394:_update_scale] No Grad overflow for 128 iterations
[2023-08-22 17:03:10,025] [INFO] [fused_optimizer.py:396:_update_scale] Increasing dynamic loss scale from 8192.0 to 16384.0
[2023-08-22 17:03:12,412] [INFO] [fused_optimizer.py:383:_update_scale] 
Grad overflow on iteration 6545
[2023-08-22 17:03:12,412] [INFO] [fused_optimizer.py:383:_update_scale] 
Grad overflow on iteration 6545
[2023-08-22 17:03:12,412] [INFO] [fused_optimizer.py:385:_update_scale] Reducing dynamic loss scale from 16384.0 to 8192.0
[2023-08-22 17:03:12,412] [INFO] [fused_optimizer.py:385:_update_scale] Reducing dynamic loss scale from 16384.0 to 8192.0
[2023-08-22 17:03:12,412] [INFO] [fused_optimizer.py:383:_update_scale] 
Grad overflow on iteration 6545
[2023-08-22 17:03:12,412] [INFO] [fused_optimizer.py:385:_update_scale] Reducing dynamic loss scale from 16384.0 to 8192.0
[2023-08-22 17:03:12,412] [INFO] [fused_optimizer.py:383:_update_scale] 
Grad overflow on iteration 6545
[2023-08-22 17:03:12,412] [INFO] [logging.py:77:log_dist] [Rank 0] Overflow detected. Skipping step. Attempted loss scale: 16384.0, reducing to 8192.0
[2023-08-22 17:03:12,412] [INFO] [fused_optimizer.py:383:_update_scale] 
Grad overflow on iteration 6545
[2023-08-22 17:03:12,412] [INFO] [fused_optimizer.py:385:_update_scale] Reducing dynamic loss scale from 16384.0 to 8192.0
[2023-08-22 17:03:12,412] [INFO] [fused_optimizer.py:385:_update_scale] Reducing dynamic loss scale from 16384.0 to 8192.0
[2023-08-22 17:03:12,413] [INFO] [fused_optimizer.py:383:_update_scale] 
Grad overflow on iteration 6545
[2023-08-22 17:03:12,413] [INFO] [fused_optimizer.py:385:_update_scale] Reducing dynamic loss scale from 16384.0 to 8192.0
[2023-08-22 17:03:12,413] [INFO] [fused_optimizer.py:383:_update_scale] 
Grad overflow on iteration 6545
[2023-08-22 17:03:12,419] [INFO] [fused_optimizer.py:385:_update_scale] Reducing dynamic loss scale from 16384.0 to 8192.0
[2023-08-22 17:03:12,422] [INFO] [fused_optimizer.py:383:_update_scale] 
Grad overflow on iteration 6545
[2023-08-22 17:03:12,422] [INFO] [fused_optimizer.py:385:_update_scale] Reducing dynamic loss scale from 16384.0 to 8192.0
TASK EPOCH: [32]  [150/201]  eta: 0:00:44  lr: 0.000161  min_lr: 0.000004  loss: 1.9549 (1.7685)  loss_scale: 8192.0000 (8354.7550)  weight_decay: 0.0500 (0.0500)  time: 0.7978  data: 0.0054  max mem: 19534
TASK EPOCH: [32]  [200/201]  eta: 0:00:00  lr: 0.000157  min_lr: 0.000004  loss: 1.7738 (1.7715)  loss_scale: 8192.0000 (8314.2687)  weight_decay: 0.0500 (0.0500)  time: 0.7674  data: 0.0014  max mem: 19534
TASK EPOCH: [32] Total time: 0:02:50 (0.8497 s / it)
Averaged stats: lr: 0.000157  min_lr: 0.000004  loss: 1.7738 (1.8056)  loss_scale: 8192.0000 (8314.2687)  weight_decay: 0.0500 (0.0500)
TASK EPOCH: [33]  [  0/201]  eta: 0:33:31  lr: 0.000157  min_lr: 0.000004  loss: 2.4327 (2.4327)  loss_scale: 8192.0000 (8192.0000)  weight_decay: 0.0500 (0.0500)  time: 10.0098  data: 8.9403  max mem: 19534
[2023-08-22 17:05:05,145] [INFO] [fused_optimizer.py:394:_update_scale] No Grad overflow for 128 iterations
[2023-08-22 17:05:05,145] [INFO] [fused_optimizer.py:394:_update_scale] No Grad overflow for 128 iterations
[2023-08-22 17:05:05,145] [INFO] [fused_optimizer.py:396:_update_scale] Increasing dynamic loss scale from 8192.0 to 16384.0
[2023-08-22 17:05:05,145] [INFO] [fused_optimizer.py:396:_update_scale] Increasing dynamic loss scale from 8192.0 to 16384.0
[2023-08-22 17:05:05,145] [INFO] [fused_optimizer.py:394:_update_scale] No Grad overflow for 128 iterations
[2023-08-22 17:05:05,145] [INFO] [fused_optimizer.py:394:_update_scale] No Grad overflow for 128 iterations
[2023-08-22 17:05:05,146] [INFO] [fused_optimizer.py:396:_update_scale] Increasing dynamic loss scale from 8192.0 to 16384.0
[2023-08-22 17:05:05,146] [INFO] [fused_optimizer.py:396:_update_scale] Increasing dynamic loss scale from 8192.0 to 16384.0
[2023-08-22 17:05:05,147] [INFO] [fused_optimizer.py:394:_update_scale] No Grad overflow for 128 iterations
[2023-08-22 17:05:05,148] [INFO] [fused_optimizer.py:396:_update_scale] Increasing dynamic loss scale from 8192.0 to 16384.0
[2023-08-22 17:05:05,149] [INFO] [fused_optimizer.py:394:_update_scale] No Grad overflow for 128 iterations
[2023-08-22 17:05:05,150] [INFO] [fused_optimizer.py:396:_update_scale] Increasing dynamic loss scale from 8192.0 to 16384.0
[2023-08-22 17:05:05,150] [INFO] [fused_optimizer.py:394:_update_scale] No Grad overflow for 128 iterations
[2023-08-22 17:05:05,151] [INFO] [fused_optimizer.py:396:_update_scale] Increasing dynamic loss scale from 8192.0 to 16384.0
[2023-08-22 17:05:05,150] [INFO] [fused_optimizer.py:394:_update_scale] No Grad overflow for 128 iterations
[2023-08-22 17:05:05,151] [INFO] [fused_optimizer.py:396:_update_scale] Increasing dynamic loss scale from 8192.0 to 16384.0
[2023-08-22 17:05:10,000] [INFO] [fused_optimizer.py:383:_update_scale] 
Grad overflow on iteration 6680
[2023-08-22 17:05:10,000] [INFO] [fused_optimizer.py:383:_update_scale] 
Grad overflow on iteration 6680
[2023-08-22 17:05:10,000] [INFO] [fused_optimizer.py:385:_update_scale] Reducing dynamic loss scale from 16384.0 to 8192.0
[2023-08-22 17:05:10,001] [INFO] [fused_optimizer.py:385:_update_scale] Reducing dynamic loss scale from 16384.0 to 8192.0
[2023-08-22 17:05:10,001] [INFO] [fused_optimizer.py:383:_update_scale] 
Grad overflow on iteration 6680
[2023-08-22 17:05:10,001] [INFO] [fused_optimizer.py:385:_update_scale] Reducing dynamic loss scale from 16384.0 to 8192.0
[2023-08-22 17:05:10,000] [INFO] [fused_optimizer.py:383:_update_scale] 
Grad overflow on iteration 6680
[2023-08-22 17:05:10,001] [INFO] [fused_optimizer.py:383:_update_scale] 
Grad overflow on iteration 6680
[2023-08-22 17:05:10,001] [INFO] [fused_optimizer.py:383:_update_scale] 
Grad overflow on iteration 6680
[2023-08-22 17:05:10,001] [INFO] [logging.py:77:log_dist] [Rank 0] Overflow detected. Skipping step. Attempted loss scale: 16384.0, reducing to 8192.0
[2023-08-22 17:05:10,001] [INFO] [fused_optimizer.py:385:_update_scale] Reducing dynamic loss scale from 16384.0 to 8192.0
[2023-08-22 17:05:10,001] [INFO] [fused_optimizer.py:385:_update_scale] Reducing dynamic loss scale from 16384.0 to 8192.0
[2023-08-22 17:05:10,001] [INFO] [fused_optimizer.py:385:_update_scale] Reducing dynamic loss scale from 16384.0 to 8192.0
[2023-08-22 17:05:10,005] [INFO] [fused_optimizer.py:383:_update_scale] 
Grad overflow on iteration 6680
[2023-08-22 17:05:10,006] [INFO] [fused_optimizer.py:385:_update_scale] Reducing dynamic loss scale from 16384.0 to 8192.0
[2023-08-22 17:05:10,006] [INFO] [fused_optimizer.py:383:_update_scale] 
Grad overflow on iteration 6680
[2023-08-22 17:05:10,007] [INFO] [fused_optimizer.py:385:_update_scale] Reducing dynamic loss scale from 16384.0 to 8192.0
TASK EPOCH: [33]  [ 50/201]  eta: 0:02:29  lr: 0.000153  min_lr: 0.000004  loss: 1.5574 (1.7247)  loss_scale: 8192.0000 (9155.7647)  weight_decay: 0.0500 (0.0500)  time: 0.8076  data: 0.0030  max mem: 19534
TASK EPOCH: [33]  [100/201]  eta: 0:01:31  lr: 0.000149  min_lr: 0.000004  loss: 1.9427 (1.8142)  loss_scale: 8192.0000 (8678.6535)  weight_decay: 0.0500 (0.0500)  time: 0.7988  data: 0.0044  max mem: 19534
TASK EPOCH: [33]  [150/201]  eta: 0:00:44  lr: 0.000145  min_lr: 0.000003  loss: 1.9362 (1.7955)  loss_scale: 8192.0000 (8517.5099)  weight_decay: 0.0500 (0.0500)  time: 0.7937  data: 0.0034  max mem: 19534
[2023-08-22 17:06:54,546] [INFO] [fused_optimizer.py:394:_update_scale] No Grad overflow for 128 iterations
[2023-08-22 17:06:54,546] [INFO] [fused_optimizer.py:394:_update_scale] No Grad overflow for 128 iterations
[2023-08-22 17:06:54,546] [INFO] [fused_optimizer.py:396:_update_scale] Increasing dynamic loss scale from 8192.0 to 16384.0
[2023-08-22 17:06:54,546] [INFO] [fused_optimizer.py:396:_update_scale] Increasing dynamic loss scale from 8192.0 to 16384.0
[2023-08-22 17:06:54,546] [INFO] [fused_optimizer.py:394:_update_scale] No Grad overflow for 128 iterations
[2023-08-22 17:06:54,546] [INFO] [fused_optimizer.py:394:_update_scale] No Grad overflow for 128 iterations
[2023-08-22 17:06:54,546] [INFO] [fused_optimizer.py:396:_update_scale] Increasing dynamic loss scale from 8192.0 to 16384.0
[2023-08-22 17:06:54,546] [INFO] [fused_optimizer.py:394:_update_scale] No Grad overflow for 128 iterations
[2023-08-22 17:06:54,546] [INFO] [fused_optimizer.py:396:_update_scale] Increasing dynamic loss scale from 8192.0 to 16384.0
[2023-08-22 17:06:54,547] [INFO] [fused_optimizer.py:396:_update_scale] Increasing dynamic loss scale from 8192.0 to 16384.0
[2023-08-22 17:06:54,546] [INFO] [fused_optimizer.py:394:_update_scale] No Grad overflow for 128 iterations
[2023-08-22 17:06:54,547] [INFO] [fused_optimizer.py:396:_update_scale] Increasing dynamic loss scale from 8192.0 to 16384.0
[2023-08-22 17:06:54,548] [INFO] [fused_optimizer.py:394:_update_scale] No Grad overflow for 128 iterations
[2023-08-22 17:06:54,548] [INFO] [fused_optimizer.py:396:_update_scale] Increasing dynamic loss scale from 8192.0 to 16384.0
[2023-08-22 17:06:54,550] [INFO] [fused_optimizer.py:394:_update_scale] No Grad overflow for 128 iterations
[2023-08-22 17:06:54,550] [INFO] [fused_optimizer.py:396:_update_scale] Increasing dynamic loss scale from 8192.0 to 16384.0
[2023-08-22 17:06:58,529] [INFO] [fused_optimizer.py:383:_update_scale] 
Grad overflow on iteration 6814
[2023-08-22 17:06:58,529] [INFO] [fused_optimizer.py:383:_update_scale] 
Grad overflow on iteration 6814
[2023-08-22 17:06:58,530] [INFO] [fused_optimizer.py:385:_update_scale] Reducing dynamic loss scale from 16384.0 to 8192.0
[2023-08-22 17:06:58,530] [INFO] [fused_optimizer.py:385:_update_scale] Reducing dynamic loss scale from 16384.0 to 8192.0
[2023-08-22 17:06:58,529] [INFO] [fused_optimizer.py:383:_update_scale] 
Grad overflow on iteration 6814
[2023-08-22 17:06:58,530] [INFO] [fused_optimizer.py:385:_update_scale] Reducing dynamic loss scale from 16384.0 to 8192.0
[2023-08-22 17:06:58,530] [INFO] [fused_optimizer.py:383:_update_scale] 
Grad overflow on iteration 6814
[2023-08-22 17:06:58,530] [INFO] [fused_optimizer.py:383:_update_scale] 
Grad overflow on iteration 6814
[2023-08-22 17:06:58,530] [INFO] [fused_optimizer.py:385:_update_scale] Reducing dynamic loss scale from 16384.0 to 8192.0
[2023-08-22 17:06:58,530] [INFO] [fused_optimizer.py:385:_update_scale] Reducing dynamic loss scale from 16384.0 to 8192.0
[2023-08-22 17:06:58,536] [INFO] [fused_optimizer.py:383:_update_scale] 
Grad overflow on iteration 6814
[2023-08-22 17:06:58,536] [INFO] [fused_optimizer.py:385:_update_scale] Reducing dynamic loss scale from 16384.0 to 8192.0
[2023-08-22 17:06:58,540] [INFO] [fused_optimizer.py:383:_update_scale] 
Grad overflow on iteration 6814
[2023-08-22 17:06:58,541] [INFO] [fused_optimizer.py:385:_update_scale] Reducing dynamic loss scale from 16384.0 to 8192.0
[2023-08-22 17:06:58,541] [INFO] [logging.py:77:log_dist] [Rank 0] Overflow detected. Skipping step. Attempted loss scale: 16384.0, reducing to 8192.0
[2023-08-22 17:06:58,542] [INFO] [fused_optimizer.py:383:_update_scale] 
Grad overflow on iteration 6814
[2023-08-22 17:06:58,542] [INFO] [fused_optimizer.py:385:_update_scale] Reducing dynamic loss scale from 16384.0 to 8192.0
TASK EPOCH: [33]  [200/201]  eta: 0:00:00  lr: 0.000141  min_lr: 0.000003  loss: 1.6589 (1.7781)  loss_scale: 8192.0000 (8640.3184)  weight_decay: 0.0500 (0.0500)  time: 0.7629  data: 0.0009  max mem: 19534
TASK EPOCH: [33] Total time: 0:02:51 (0.8535 s / it)
Averaged stats: lr: 0.000141  min_lr: 0.000003  loss: 1.6589 (1.7866)  loss_scale: 8192.0000 (8640.3184)  weight_decay: 0.0500 (0.0500)
TASK EPOCH: [34]  [  0/201]  eta: 0:31:36  lr: 0.000141  min_lr: 0.000003  loss: 1.8520 (1.8520)  loss_scale: 8192.0000 (8192.0000)  weight_decay: 0.0500 (0.0500)  time: 9.4343  data: 8.7514  max mem: 19534
TASK EPOCH: [34]  [ 50/201]  eta: 0:02:33  lr: 0.000137  min_lr: 0.000003  loss: 1.8975 (1.6858)  loss_scale: 8192.0000 (8192.0000)  weight_decay: 0.0500 (0.0500)  time: 0.8315  data: 0.0401  max mem: 19534
TASK EPOCH: [34]  [100/201]  eta: 0:01:32  lr: 0.000133  min_lr: 0.000003  loss: 1.7907 (1.7504)  loss_scale: 8192.0000 (8192.0000)  weight_decay: 0.0500 (0.0500)  time: 0.8025  data: 0.0044  max mem: 19534
[2023-08-22 17:08:52,994] [INFO] [fused_optimizer.py:394:_update_scale] No Grad overflow for 128 iterations
[2023-08-22 17:08:52,994] [INFO] [fused_optimizer.py:396:_update_scale] Increasing dynamic loss scale from 8192.0 to 16384.0
[2023-08-22 17:08:52,994] [INFO] [fused_optimizer.py:394:_update_scale] No Grad overflow for 128 iterations
[2023-08-22 17:08:52,994] [INFO] [fused_optimizer.py:394:_update_scale] No Grad overflow for 128 iterations
[2023-08-22 17:08:52,994] [INFO] [fused_optimizer.py:396:_update_scale] Increasing dynamic loss scale from 8192.0 to 16384.0
[2023-08-22 17:08:52,994] [INFO] [fused_optimizer.py:396:_update_scale] Increasing dynamic loss scale from 8192.0 to 16384.0
[2023-08-22 17:08:52,994] [INFO] [fused_optimizer.py:394:_update_scale] No Grad overflow for 128 iterations
[2023-08-22 17:08:52,994] [INFO] [fused_optimizer.py:394:_update_scale] No Grad overflow for 128 iterations
[2023-08-22 17:08:52,995] [INFO] [fused_optimizer.py:396:_update_scale] Increasing dynamic loss scale from 8192.0 to 16384.0
[2023-08-22 17:08:52,994] [INFO] [fused_optimizer.py:394:_update_scale] No Grad overflow for 128 iterations
[2023-08-22 17:08:52,995] [INFO] [fused_optimizer.py:396:_update_scale] Increasing dynamic loss scale from 8192.0 to 16384.0
[2023-08-22 17:08:52,995] [INFO] [fused_optimizer.py:396:_update_scale] Increasing dynamic loss scale from 8192.0 to 16384.0
[2023-08-22 17:08:52,995] [INFO] [fused_optimizer.py:394:_update_scale] No Grad overflow for 128 iterations
[2023-08-22 17:08:52,995] [INFO] [fused_optimizer.py:394:_update_scale] No Grad overflow for 128 iterations
[2023-08-22 17:08:52,995] [INFO] [fused_optimizer.py:396:_update_scale] Increasing dynamic loss scale from 8192.0 to 16384.0
[2023-08-22 17:08:52,995] [INFO] [fused_optimizer.py:396:_update_scale] Increasing dynamic loss scale from 8192.0 to 16384.0
[2023-08-22 17:09:08,899] [INFO] [fused_optimizer.py:383:_update_scale] 
Grad overflow on iteration 6963
[2023-08-22 17:09:08,899] [INFO] [fused_optimizer.py:383:_update_scale] 
Grad overflow on iteration 6963
[2023-08-22 17:09:08,899] [INFO] [fused_optimizer.py:383:_update_scale] 
Grad overflow on iteration 6963
[2023-08-22 17:09:08,899] [INFO] [fused_optimizer.py:385:_update_scale] Reducing dynamic loss scale from 16384.0 to 8192.0
[2023-08-22 17:09:08,899] [INFO] [fused_optimizer.py:385:_update_scale] Reducing dynamic loss scale from 16384.0 to 8192.0
[2023-08-22 17:09:08,899] [INFO] [fused_optimizer.py:383:_update_scale] 
Grad overflow on iteration 6963
[2023-08-22 17:09:08,899] [INFO] [fused_optimizer.py:385:_update_scale] Reducing dynamic loss scale from 16384.0 to 8192.0
[2023-08-22 17:09:08,899] [INFO] [fused_optimizer.py:383:_update_scale] 
Grad overflow on iteration 6963
[2023-08-22 17:09:08,900] [INFO] [fused_optimizer.py:385:_update_scale] Reducing dynamic loss scale from 16384.0 to 8192.0
[2023-08-22 17:09:08,900] [INFO] [fused_optimizer.py:385:_update_scale] Reducing dynamic loss scale from 16384.0 to 8192.0
[2023-08-22 17:09:08,900] [INFO] [fused_optimizer.py:383:_update_scale] 
Grad overflow on iteration 6963
[2023-08-22 17:09:08,900] [INFO] [fused_optimizer.py:385:_update_scale] Reducing dynamic loss scale from 16384.0 to 8192.0
[2023-08-22 17:09:08,902] [INFO] [fused_optimizer.py:383:_update_scale] 
Grad overflow on iteration 6963
[2023-08-22 17:09:08,902] [INFO] [fused_optimizer.py:383:_update_scale] 
Grad overflow on iteration 6963
[2023-08-22 17:09:08,902] [INFO] [fused_optimizer.py:385:_update_scale] Reducing dynamic loss scale from 16384.0 to 8192.0
[2023-08-22 17:09:08,902] [INFO] [fused_optimizer.py:385:_update_scale] Reducing dynamic loss scale from 16384.0 to 8192.0
[2023-08-22 17:09:08,903] [INFO] [logging.py:77:log_dist] [Rank 0] Overflow detected. Skipping step. Attempted loss scale: 16384.0, reducing to 8192.0
TASK EPOCH: [34]  [150/201]  eta: 0:00:44  lr: 0.000129  min_lr: 0.000003  loss: 1.7791 (1.7411)  loss_scale: 8192.0000 (9277.0331)  weight_decay: 0.0500 (0.0500)  time: 0.8013  data: 0.0041  max mem: 19534
[2023-08-22 17:09:37,748] [INFO] [logging.py:77:log_dist] [Rank 0] step=7000, skipped=46, lr=[3.04304769121429e-06, 2.2797116311319122e-05, 2.2797116311319122e-05, 3.039615508175883e-05, 3.039615508175883e-05, 4.0528206775678444e-05, 4.0528206775678444e-05, 5.403760903423792e-05, 5.403760903423792e-05, 7.205014537898389e-05, 7.205014537898389e-05, 9.606686050531186e-05, 9.606686050531186e-05, 0.00012808914734041581, 0.00012808914734041581], mom=[[0.9, 0.999], [0.9, 0.999], [0.9, 0.999], [0.9, 0.999], [0.9, 0.999], [0.9, 0.999], [0.9, 0.999], [0.9, 0.999], [0.9, 0.999], [0.9, 0.999], [0.9, 0.999], [0.9, 0.999], [0.9, 0.999], [0.9, 0.999], [0.9, 0.999]]
[2023-08-22 17:09:37,757] [INFO] [timer.py:209:stop] epoch=0/micro_step=7000/global_step=7000, RunningAvgSamplesPerSec=180.106552779716, CurrSamplesPerSec=181.10120898100172, MemAllocated=0.82GB, MaxMemAllocated=19.08GB
TASK EPOCH: [34]  [200/201]  eta: 0:00:00  lr: 0.000125  min_lr: 0.000003  loss: 1.6950 (1.7266)  loss_scale: 8192.0000 (9007.1244)  weight_decay: 0.0500 (0.0500)  time: 0.7671  data: 0.0008  max mem: 19534
TASK EPOCH: [34] Total time: 0:02:51 (0.8557 s / it)
Averaged stats: lr: 0.000125  min_lr: 0.000003  loss: 1.6950 (1.7626)  loss_scale: 8192.0000 (9007.1244)  weight_decay: 0.0500 (0.0500)
TASK EPOCH: [35]  [  0/201]  eta: 0:32:56  lr: 0.000125  min_lr: 0.000003  loss: 2.1403 (2.1403)  loss_scale: 8192.0000 (8192.0000)  weight_decay: 0.0500 (0.0500)  time: 9.8344  data: 7.2991  max mem: 19534
TASK EPOCH: [35]  [ 50/201]  eta: 0:02:35  lr: 0.000122  min_lr: 0.000003  loss: 1.8137 (1.8257)  loss_scale: 8192.0000 (8192.0000)  weight_decay: 0.0500 (0.0500)  time: 0.8448  data: 0.0037  max mem: 19534
[2023-08-22 17:11:03,547] [INFO] [fused_optimizer.py:394:_update_scale] No Grad overflow for 128 iterations
[2023-08-22 17:11:03,547] [INFO] [fused_optimizer.py:396:_update_scale] Increasing dynamic loss scale from 8192.0 to 16384.0
[2023-08-22 17:11:03,547] [INFO] [fused_optimizer.py:394:_update_scale] No Grad overflow for 128 iterations
[2023-08-22 17:11:03,547] [INFO] [fused_optimizer.py:396:_update_scale] Increasing dynamic loss scale from 8192.0 to 16384.0
[2023-08-22 17:11:03,547] [INFO] [fused_optimizer.py:394:_update_scale] No Grad overflow for 128 iterations
[2023-08-22 17:11:03,547] [INFO] [fused_optimizer.py:394:_update_scale] No Grad overflow for 128 iterations
[2023-08-22 17:11:03,547] [INFO] [fused_optimizer.py:394:_update_scale] No Grad overflow for 128 iterations
[2023-08-22 17:11:03,547] [INFO] [fused_optimizer.py:394:_update_scale] No Grad overflow for 128 iterations
[2023-08-22 17:11:03,548] [INFO] [fused_optimizer.py:396:_update_scale] Increasing dynamic loss scale from 8192.0 to 16384.0
[2023-08-22 17:11:03,548] [INFO] [fused_optimizer.py:396:_update_scale] Increasing dynamic loss scale from 8192.0 to 16384.0
[2023-08-22 17:11:03,548] [INFO] [fused_optimizer.py:396:_update_scale] Increasing dynamic loss scale from 8192.0 to 16384.0
[2023-08-22 17:11:03,548] [INFO] [fused_optimizer.py:396:_update_scale] Increasing dynamic loss scale from 8192.0 to 16384.0
[2023-08-22 17:11:03,548] [INFO] [fused_optimizer.py:394:_update_scale] No Grad overflow for 128 iterations
[2023-08-22 17:11:03,548] [INFO] [fused_optimizer.py:396:_update_scale] Increasing dynamic loss scale from 8192.0 to 16384.0
[2023-08-22 17:11:03,548] [INFO] [fused_optimizer.py:394:_update_scale] No Grad overflow for 128 iterations
[2023-08-22 17:11:03,549] [INFO] [fused_optimizer.py:396:_update_scale] Increasing dynamic loss scale from 8192.0 to 16384.0
[2023-08-22 17:11:09,095] [INFO] [fused_optimizer.py:383:_update_scale] 
Grad overflow on iteration 7099
[2023-08-22 17:11:09,095] [INFO] [fused_optimizer.py:385:_update_scale] Reducing dynamic loss scale from 16384.0 to 8192.0
[2023-08-22 17:11:09,095] [INFO] [fused_optimizer.py:383:_update_scale] 
Grad overflow on iteration 7099
[2023-08-22 17:11:09,095] [INFO] [fused_optimizer.py:385:_update_scale] Reducing dynamic loss scale from 16384.0 to 8192.0
[2023-08-22 17:11:09,095] [INFO] [fused_optimizer.py:383:_update_scale] 
Grad overflow on iteration 7099
[2023-08-22 17:11:09,095] [INFO] [fused_optimizer.py:383:_update_scale] 
Grad overflow on iteration 7099
[2023-08-22 17:11:09,096] [INFO] [fused_optimizer.py:385:_update_scale] Reducing dynamic loss scale from 16384.0 to 8192.0
[2023-08-22 17:11:09,096] [INFO] [fused_optimizer.py:385:_update_scale] Reducing dynamic loss scale from 16384.0 to 8192.0
[2023-08-22 17:11:09,096] [INFO] [logging.py:77:log_dist] [Rank 0] Overflow detected. Skipping step. Attempted loss scale: 16384.0, reducing to 8192.0
[2023-08-22 17:11:09,096] [INFO] [fused_optimizer.py:383:_update_scale] 
Grad overflow on iteration 7099
[2023-08-22 17:11:09,096] [INFO] [fused_optimizer.py:385:_update_scale] Reducing dynamic loss scale from 16384.0 to 8192.0
[2023-08-22 17:11:09,096] [INFO] [fused_optimizer.py:383:_update_scale] 
Grad overflow on iteration 7099
[2023-08-22 17:11:09,096] [INFO] [fused_optimizer.py:385:_update_scale] Reducing dynamic loss scale from 16384.0 to 8192.0
[2023-08-22 17:11:09,098] [INFO] [fused_optimizer.py:383:_update_scale] 
Grad overflow on iteration 7099
[2023-08-22 17:11:09,098] [INFO] [fused_optimizer.py:385:_update_scale] Reducing dynamic loss scale from 16384.0 to 8192.0
[2023-08-22 17:11:09,100] [INFO] [fused_optimizer.py:383:_update_scale] 
Grad overflow on iteration 7099
[2023-08-22 17:11:09,101] [INFO] [fused_optimizer.py:385:_update_scale] Reducing dynamic loss scale from 16384.0 to 8192.0
TASK EPOCH: [35]  [100/201]  eta: 0:01:32  lr: 0.000118  min_lr: 0.000003  loss: 1.9186 (1.8006)  loss_scale: 8192.0000 (8759.7624)  weight_decay: 0.0500 (0.0500)  time: 0.7984  data: 0.0036  max mem: 19534
TASK EPOCH: [35]  [150/201]  eta: 0:00:44  lr: 0.000114  min_lr: 0.000003  loss: 1.7584 (1.8198)  loss_scale: 8192.0000 (8571.7616)  weight_decay: 0.0500 (0.0500)  time: 0.7959  data: 0.0036  max mem: 19534
[2023-08-22 17:12:51,702] [INFO] [fused_optimizer.py:394:_update_scale] No Grad overflow for 128 iterations
[2023-08-22 17:12:51,702] [INFO] [fused_optimizer.py:394:_update_scale] No Grad overflow for 128 iterations
[2023-08-22 17:12:51,702] [INFO] [fused_optimizer.py:394:_update_scale] No Grad overflow for 128 iterations
[2023-08-22 17:12:51,702] [INFO] [fused_optimizer.py:394:_update_scale] No Grad overflow for 128 iterations
[2023-08-22 17:12:51,702] [INFO] [fused_optimizer.py:396:_update_scale] Increasing dynamic loss scale from 8192.0 to 16384.0
[2023-08-22 17:12:51,702] [INFO] [fused_optimizer.py:396:_update_scale] Increasing dynamic loss scale from 8192.0 to 16384.0
[2023-08-22 17:12:51,702] [INFO] [fused_optimizer.py:394:_update_scale] No Grad overflow for 128 iterations
[2023-08-22 17:12:51,702] [INFO] [fused_optimizer.py:396:_update_scale] Increasing dynamic loss scale from 8192.0 to 16384.0
[2023-08-22 17:12:51,702] [INFO] [fused_optimizer.py:396:_update_scale] Increasing dynamic loss scale from 8192.0 to 16384.0
[2023-08-22 17:12:51,702] [INFO] [fused_optimizer.py:394:_update_scale] No Grad overflow for 128 iterations
[2023-08-22 17:12:51,702] [INFO] [fused_optimizer.py:394:_update_scale] No Grad overflow for 128 iterations
[2023-08-22 17:12:51,702] [INFO] [fused_optimizer.py:396:_update_scale] Increasing dynamic loss scale from 8192.0 to 16384.0
[2023-08-22 17:12:51,702] [INFO] [fused_optimizer.py:396:_update_scale] Increasing dynamic loss scale from 8192.0 to 16384.0
[2023-08-22 17:12:51,702] [INFO] [fused_optimizer.py:396:_update_scale] Increasing dynamic loss scale from 8192.0 to 16384.0
[2023-08-22 17:12:51,702] [INFO] [fused_optimizer.py:394:_update_scale] No Grad overflow for 128 iterations
[2023-08-22 17:12:51,702] [INFO] [fused_optimizer.py:396:_update_scale] Increasing dynamic loss scale from 8192.0 to 16384.0
[2023-08-22 17:12:57,014] [INFO] [fused_optimizer.py:383:_update_scale] 
Grad overflow on iteration 7235
[2023-08-22 17:12:57,014] [INFO] [fused_optimizer.py:383:_update_scale] 
Grad overflow on iteration 7235
[2023-08-22 17:12:57,014] [INFO] [fused_optimizer.py:383:_update_scale] 
Grad overflow on iteration 7235
[2023-08-22 17:12:57,014] [INFO] [fused_optimizer.py:385:_update_scale] Reducing dynamic loss scale from 16384.0 to 8192.0
[2023-08-22 17:12:57,014] [INFO] [fused_optimizer.py:385:_update_scale] Reducing dynamic loss scale from 16384.0 to 8192.0
[2023-08-22 17:12:57,014] [INFO] [fused_optimizer.py:383:_update_scale] 
Grad overflow on iteration 7235
[2023-08-22 17:12:57,014] [INFO] [fused_optimizer.py:385:_update_scale] Reducing dynamic loss scale from 16384.0 to 8192.0
[2023-08-22 17:12:57,014] [INFO] [fused_optimizer.py:383:_update_scale] 
Grad overflow on iteration 7235
[2023-08-22 17:12:57,014] [INFO] [fused_optimizer.py:385:_update_scale] Reducing dynamic loss scale from 16384.0 to 8192.0
[2023-08-22 17:12:57,014] [INFO] [fused_optimizer.py:383:_update_scale] 
Grad overflow on iteration 7235
[2023-08-22 17:12:57,014] [INFO] [logging.py:77:log_dist] [Rank 0] Overflow detected. Skipping step. Attempted loss scale: 16384.0, reducing to 8192.0
[2023-08-22 17:12:57,014] [INFO] [fused_optimizer.py:385:_update_scale] Reducing dynamic loss scale from 16384.0 to 8192.0
[2023-08-22 17:12:57,014] [INFO] [fused_optimizer.py:383:_update_scale] 
Grad overflow on iteration 7235
[2023-08-22 17:12:57,014] [INFO] [fused_optimizer.py:385:_update_scale] Reducing dynamic loss scale from 16384.0 to 8192.0
[2023-08-22 17:12:57,014] [INFO] [fused_optimizer.py:383:_update_scale] 
Grad overflow on iteration 7235
[2023-08-22 17:12:57,014] [INFO] [fused_optimizer.py:385:_update_scale] Reducing dynamic loss scale from 16384.0 to 8192.0
[2023-08-22 17:12:57,014] [INFO] [fused_optimizer.py:385:_update_scale] Reducing dynamic loss scale from 16384.0 to 8192.0
TASK EPOCH: [35]  [200/201]  eta: 0:00:00  lr: 0.000111  min_lr: 0.000003  loss: 1.8018 (1.8091)  loss_scale: 8192.0000 (8762.5871)  weight_decay: 0.0500 (0.0500)  time: 0.7652  data: 0.0009  max mem: 19534
TASK EPOCH: [35] Total time: 0:02:51 (0.8556 s / it)
Averaged stats: lr: 0.000111  min_lr: 0.000003  loss: 1.8018 (1.7777)  loss_scale: 8192.0000 (8762.5871)  weight_decay: 0.0500 (0.0500)
TASK EPOCH: [36]  [  0/201]  eta: 0:34:36  lr: 0.000111  min_lr: 0.000003  loss: 2.3432 (2.3432)  loss_scale: 8192.0000 (8192.0000)  weight_decay: 0.0500 (0.0500)  time: 10.3289  data: 9.6248  max mem: 19534
TASK EPOCH: [36]  [ 50/201]  eta: 0:02:33  lr: 0.000107  min_lr: 0.000003  loss: 1.8272 (1.8301)  loss_scale: 8192.0000 (8192.0000)  weight_decay: 0.0500 (0.0500)  time: 0.8091  data: 0.0301  max mem: 19534
TASK EPOCH: [36]  [100/201]  eta: 0:01:33  lr: 0.000103  min_lr: 0.000002  loss: 1.7697 (1.8078)  loss_scale: 8192.0000 (8192.0000)  weight_decay: 0.0500 (0.0500)  time: 0.7879  data: 0.0035  max mem: 19534
[2023-08-22 17:14:53,058] [INFO] [fused_optimizer.py:394:_update_scale] No Grad overflow for 128 iterations
[2023-08-22 17:14:53,058] [INFO] [fused_optimizer.py:396:_update_scale] Increasing dynamic loss scale from 8192.0 to 16384.0
[2023-08-22 17:14:53,058] [INFO] [fused_optimizer.py:394:_update_scale] No Grad overflow for 128 iterations
[2023-08-22 17:14:53,059] [INFO] [fused_optimizer.py:396:_update_scale] Increasing dynamic loss scale from 8192.0 to 16384.0
[2023-08-22 17:14:53,059] [INFO] [fused_optimizer.py:394:_update_scale] No Grad overflow for 128 iterations
[2023-08-22 17:14:53,059] [INFO] [fused_optimizer.py:396:_update_scale] Increasing dynamic loss scale from 8192.0 to 16384.0
[2023-08-22 17:14:53,059] [INFO] [fused_optimizer.py:394:_update_scale] No Grad overflow for 128 iterations
[2023-08-22 17:14:53,060] [INFO] [fused_optimizer.py:396:_update_scale] Increasing dynamic loss scale from 8192.0 to 16384.0
[2023-08-22 17:14:53,060] [INFO] [fused_optimizer.py:394:_update_scale] No Grad overflow for 128 iterations
[2023-08-22 17:14:53,060] [INFO] [fused_optimizer.py:396:_update_scale] Increasing dynamic loss scale from 8192.0 to 16384.0
[2023-08-22 17:14:53,060] [INFO] [fused_optimizer.py:394:_update_scale] No Grad overflow for 128 iterations
[2023-08-22 17:14:53,061] [INFO] [fused_optimizer.py:396:_update_scale] Increasing dynamic loss scale from 8192.0 to 16384.0
[2023-08-22 17:14:53,061] [INFO] [fused_optimizer.py:394:_update_scale] No Grad overflow for 128 iterations
[2023-08-22 17:14:53,062] [INFO] [fused_optimizer.py:396:_update_scale] Increasing dynamic loss scale from 8192.0 to 16384.0
[2023-08-22 17:14:53,067] [INFO] [fused_optimizer.py:394:_update_scale] No Grad overflow for 128 iterations
[2023-08-22 17:14:53,068] [INFO] [fused_optimizer.py:396:_update_scale] Increasing dynamic loss scale from 8192.0 to 16384.0
[2023-08-22 17:14:53,850] [INFO] [fused_optimizer.py:383:_update_scale] 
Grad overflow on iteration 7365
[2023-08-22 17:14:53,850] [INFO] [fused_optimizer.py:383:_update_scale] 
Grad overflow on iteration 7365
[2023-08-22 17:14:53,850] [INFO] [fused_optimizer.py:383:_update_scale] 
Grad overflow on iteration 7365
[2023-08-22 17:14:53,850] [INFO] [fused_optimizer.py:385:_update_scale] Reducing dynamic loss scale from 16384.0 to 8192.0
[2023-08-22 17:14:53,850] [INFO] [fused_optimizer.py:385:_update_scale] Reducing dynamic loss scale from 16384.0 to 8192.0
[2023-08-22 17:14:53,850] [INFO] [fused_optimizer.py:385:_update_scale] Reducing dynamic loss scale from 16384.0 to 8192.0
[2023-08-22 17:14:53,850] [INFO] [logging.py:77:log_dist] [Rank 0] Overflow detected. Skipping step. Attempted loss scale: 16384.0, reducing to 8192.0
[2023-08-22 17:14:53,850] [INFO] [fused_optimizer.py:383:_update_scale] 
Grad overflow on iteration 7365
[2023-08-22 17:14:53,850] [INFO] [fused_optimizer.py:383:_update_scale] 
Grad overflow on iteration 7365
[2023-08-22 17:14:53,850] [INFO] [fused_optimizer.py:383:_update_scale] 
Grad overflow on iteration 7365
[2023-08-22 17:14:53,851] [INFO] [fused_optimizer.py:385:_update_scale] Reducing dynamic loss scale from 16384.0 to 8192.0
[2023-08-22 17:14:53,851] [INFO] [fused_optimizer.py:385:_update_scale] Reducing dynamic loss scale from 16384.0 to 8192.0
[2023-08-22 17:14:53,851] [INFO] [fused_optimizer.py:385:_update_scale] Reducing dynamic loss scale from 16384.0 to 8192.0
[2023-08-22 17:14:53,865] [INFO] [fused_optimizer.py:383:_update_scale] 
Grad overflow on iteration 7365
[2023-08-22 17:14:53,866] [INFO] [fused_optimizer.py:385:_update_scale] Reducing dynamic loss scale from 16384.0 to 8192.0
[2023-08-22 17:14:53,866] [INFO] [fused_optimizer.py:383:_update_scale] 
Grad overflow on iteration 7365
[2023-08-22 17:14:53,866] [INFO] [fused_optimizer.py:385:_update_scale] Reducing dynamic loss scale from 16384.0 to 8192.0
TASK EPOCH: [36]  [150/201]  eta: 0:00:44  lr: 0.000100  min_lr: 0.000002  loss: 1.8001 (1.8001)  loss_scale: 8192.0000 (8246.2517)  weight_decay: 0.0500 (0.0500)  time: 0.7951  data: 0.0037  max mem: 19534
TASK EPOCH: [36]  [200/201]  eta: 0:00:00  lr: 0.000097  min_lr: 0.000002  loss: 1.8405 (1.7902)  loss_scale: 8192.0000 (8232.7562)  weight_decay: 0.0500 (0.0500)  time: 0.7655  data: 0.0012  max mem: 19534
TASK EPOCH: [36] Total time: 0:02:52 (0.8604 s / it)
Averaged stats: lr: 0.000097  min_lr: 0.000002  loss: 1.8405 (1.7676)  loss_scale: 8192.0000 (8232.7562)  weight_decay: 0.0500 (0.0500)
TASK EPOCH: [37]  [  0/201]  eta: 0:31:26  lr: 0.000096  min_lr: 0.000002  loss: 1.9533 (1.9533)  loss_scale: 8192.0000 (8192.0000)  weight_decay: 0.0500 (0.0500)  time: 9.3880  data: 5.7889  max mem: 19534
TASK EPOCH: [37]  [ 50/201]  eta: 0:02:29  lr: 0.000093  min_lr: 0.000002  loss: 1.6232 (1.6600)  loss_scale: 8192.0000 (8192.0000)  weight_decay: 0.0500 (0.0500)  time: 0.7980  data: 0.0033  max mem: 19534
[2023-08-22 17:16:46,210] [INFO] [fused_optimizer.py:394:_update_scale] No Grad overflow for 128 iterations
[2023-08-22 17:16:46,210] [INFO] [fused_optimizer.py:396:_update_scale] Increasing dynamic loss scale from 8192.0 to 16384.0
[2023-08-22 17:16:46,210] [INFO] [fused_optimizer.py:394:_update_scale] No Grad overflow for 128 iterations
[2023-08-22 17:16:46,210] [INFO] [fused_optimizer.py:394:_update_scale] No Grad overflow for 128 iterations
[2023-08-22 17:16:46,211] [INFO] [fused_optimizer.py:396:_update_scale] Increasing dynamic loss scale from 8192.0 to 16384.0
[2023-08-22 17:16:46,211] [INFO] [fused_optimizer.py:396:_update_scale] Increasing dynamic loss scale from 8192.0 to 16384.0
[2023-08-22 17:16:46,210] [INFO] [fused_optimizer.py:394:_update_scale] No Grad overflow for 128 iterations
[2023-08-22 17:16:46,211] [INFO] [fused_optimizer.py:396:_update_scale] Increasing dynamic loss scale from 8192.0 to 16384.0
[2023-08-22 17:16:46,211] [INFO] [fused_optimizer.py:394:_update_scale] No Grad overflow for 128 iterations
[2023-08-22 17:16:46,211] [INFO] [fused_optimizer.py:394:_update_scale] No Grad overflow for 128 iterations
[2023-08-22 17:16:46,211] [INFO] [fused_optimizer.py:396:_update_scale] Increasing dynamic loss scale from 8192.0 to 16384.0
[2023-08-22 17:16:46,211] [INFO] [fused_optimizer.py:396:_update_scale] Increasing dynamic loss scale from 8192.0 to 16384.0
[2023-08-22 17:16:46,213] [INFO] [fused_optimizer.py:394:_update_scale] No Grad overflow for 128 iterations
[2023-08-22 17:16:46,213] [INFO] [fused_optimizer.py:396:_update_scale] Increasing dynamic loss scale from 8192.0 to 16384.0
[2023-08-22 17:16:46,213] [INFO] [fused_optimizer.py:394:_update_scale] No Grad overflow for 128 iterations
[2023-08-22 17:16:46,213] [INFO] [fused_optimizer.py:396:_update_scale] Increasing dynamic loss scale from 8192.0 to 16384.0
slurmstepd: error: *** JOB 30029 ON ariel-v3 CANCELLED AT 2023-08-22T17:16:48 ***
