ariel-v9
logs/kinetics_10/35
| distributed init (rank 3): env://
| distributed init (rank 4): env://
| distributed init (rank 5): env://
| distributed init (rank 0): env://
| distributed init (rank 1): env://
| distributed init (rank 2): env://
Namespace(aa='rand-m7-n4-mstd0.5-inc1', all_tasks=10, attn_drop_rate=0.0, auto_resume=True, batch_size=16, clip_grad=None, color_jitter=0.4, crop_pct=None, cutmix=1.0, cutmix_minmax=None, data_path='data/kinetics_10_task', data_set='Kinetics-400', deepscale=False, deepscale_config=None, deepspeed=False, deepspeed_config='logs/kinetics_10/35/deepspeed_config.json', deepspeed_mpi=False, device='cuda', disable_eval_during_finetuning=False, dist_eval=True, dist_on_itp=False, dist_url='env://', distributed=True, drop=0.0, drop_path=0.1, enable_deepspeed=True, epochs=50, eval=False, eval_data_path=None, fc_drop_rate=0.0, finetune='/data/bkh178/pretrain/timesformer/videoMAE.pth', gpu=0, grad_from_block=-1, imagenet_default_mean_and_std=True, init_scale=0.001, input_size=224, layer_decay=0.75, local_rank=0, log_dir='logs/kinetics_10/35', lr=0.001, memory_size=4000, memory_video_path=[], min_lr=1e-06, mixup=0.8, mixup_mode='batch', mixup_prob=1.0, mixup_switch_prob=0.5, model='vit_base_patch16_224', model_ema=False, model_ema_decay=0.9999, model_ema_force_cpu=False, model_key='model|module', model_prefix='', momentum=0.9, nb_classes=400, num_frames=16, num_sample=1, num_segments=1, num_workers=10, opt='adamw', opt_betas=[0.9, 0.999], opt_eps=1e-08, output_dir='logs/kinetics_10/35', pin_mem=True, rank=0, recount=1, rehearsal_epochs=30, remode='pixel', reprob=0.25, resplit=False, resume='', sampling_rate=4, save_ckpt=True, save_ckpt_freq=10, seed=0, short_side_size=224, smoothing=0.1, start_epoch=0, test_num_crop=3, test_num_segment=5, train_interpolation='bicubic', tubelet_size=2, update_freq=1, use_checkpoint=False, use_mean_pooling=True, val_freq=5, warmup_epochs=5, warmup_lr=1e-06, warmup_steps=-1, weight_decay=0.05, weight_decay_end=None, world_size=6)
Patch size = (16, 16)
Load ckpt from /data/bkh178/pretrain/timesformer/videoMAE.pth
Load state_dict by model_key = model
Weights of VisionTransformer not initialized from pretrained model: ['cls_token', 'fc_norm.weight', 'fc_norm.bias', 'head.weight', 'head.bias']
Weights from pretrained model not used in VisionTransformer: ['mask_token', 'decoder.blocks.0.norm1.weight', 'decoder.blocks.0.norm1.bias', 'decoder.blocks.0.attn.q_bias', 'decoder.blocks.0.attn.v_bias', 'decoder.blocks.0.attn.qkv.weight', 'decoder.blocks.0.attn.proj.weight', 'decoder.blocks.0.attn.proj.bias', 'decoder.blocks.0.norm2.weight', 'decoder.blocks.0.norm2.bias', 'decoder.blocks.0.mlp.fc1.weight', 'decoder.blocks.0.mlp.fc1.bias', 'decoder.blocks.0.mlp.fc2.weight', 'decoder.blocks.0.mlp.fc2.bias', 'decoder.blocks.1.norm1.weight', 'decoder.blocks.1.norm1.bias', 'decoder.blocks.1.attn.q_bias', 'decoder.blocks.1.attn.v_bias', 'decoder.blocks.1.attn.qkv.weight', 'decoder.blocks.1.attn.proj.weight', 'decoder.blocks.1.attn.proj.bias', 'decoder.blocks.1.norm2.weight', 'decoder.blocks.1.norm2.bias', 'decoder.blocks.1.mlp.fc1.weight', 'decoder.blocks.1.mlp.fc1.bias', 'decoder.blocks.1.mlp.fc2.weight', 'decoder.blocks.1.mlp.fc2.bias', 'decoder.blocks.2.norm1.weight', 'decoder.blocks.2.norm1.bias', 'decoder.blocks.2.attn.q_bias', 'decoder.blocks.2.attn.v_bias', 'decoder.blocks.2.attn.qkv.weight', 'decoder.blocks.2.attn.proj.weight', 'decoder.blocks.2.attn.proj.bias', 'decoder.blocks.2.norm2.weight', 'decoder.blocks.2.norm2.bias', 'decoder.blocks.2.mlp.fc1.weight', 'decoder.blocks.2.mlp.fc1.bias', 'decoder.blocks.2.mlp.fc2.weight', 'decoder.blocks.2.mlp.fc2.bias', 'decoder.blocks.3.norm1.weight', 'decoder.blocks.3.norm1.bias', 'decoder.blocks.3.attn.q_bias', 'decoder.blocks.3.attn.v_bias', 'decoder.blocks.3.attn.qkv.weight', 'decoder.blocks.3.attn.proj.weight', 'decoder.blocks.3.attn.proj.bias', 'decoder.blocks.3.norm2.weight', 'decoder.blocks.3.norm2.bias', 'decoder.blocks.3.mlp.fc1.weight', 'decoder.blocks.3.mlp.fc1.bias', 'decoder.blocks.3.mlp.fc2.weight', 'decoder.blocks.3.mlp.fc2.bias', 'decoder.norm.weight', 'decoder.norm.bias', 'decoder.head.weight', 'decoder.head.bias', 'encoder_to_decoder.weight', 'norm.weight', 'norm.bias']
[2023-08-23 00:12:18,329] [INFO] [logging.py:77:log_dist] [Rank -1] DeepSpeed info: version=0.8.2, git-hash=unknown, git-branch=unknown
[2023-08-23 00:12:18,329] [INFO] [logging.py:77:log_dist] [Rank -1] DeepSpeed info: version=0.8.2, git-hash=unknown, git-branch=unknown
[2023-08-23 00:12:18,369] [INFO] [logging.py:77:log_dist] [Rank -1] DeepSpeed info: version=0.8.2, git-hash=unknown, git-branch=unknown
[2023-08-23 00:12:18,371] [INFO] [logging.py:77:log_dist] [Rank -1] DeepSpeed info: version=0.8.2, git-hash=unknown, git-branch=unknown
[2023-08-23 00:12:18,371] [INFO] [logging.py:77:log_dist] [Rank -1] DeepSpeed info: version=0.8.2, git-hash=unknown, git-branch=unknown
Model = VisionTransformer(
  (patch_embed): PatchEmbed(
    (proj): Conv3d(3, 768, kernel_size=(2, 16, 16), stride=(2, 16, 16))
  )
  (pos_drop): Dropout(p=0.0, inplace=False)
  (blocks): ModuleList(
    (0): Block(
      (norm1): LayerNorm((768,), eps=1e-06, elementwise_affine=True)
      (attn): Attention(
        (qkv): Linear(in_features=768, out_features=2304, bias=False)
        (attn_drop): Dropout(p=0.0, inplace=False)
        (proj): Linear(in_features=768, out_features=768, bias=True)
        (proj_drop): Dropout(p=0.0, inplace=False)
      )
      (drop_path): Identity()
      (norm2): LayerNorm((768,), eps=1e-06, elementwise_affine=True)
      (mlp): Mlp(
        (fc1): Linear(in_features=768, out_features=3072, bias=True)
        (act): GELU(approximate='none')
        (fc2): Linear(in_features=3072, out_features=768, bias=True)
        (drop): Dropout(p=0.0, inplace=False)
      )
    )
    (1): Block(
      (norm1): LayerNorm((768,), eps=1e-06, elementwise_affine=True)
      (attn): Attention(
        (qkv): Linear(in_features=768, out_features=2304, bias=False)
        (attn_drop): Dropout(p=0.0, inplace=False)
        (proj): Linear(in_features=768, out_features=768, bias=True)
        (proj_drop): Dropout(p=0.0, inplace=False)
      )
      (drop_path): DropPath(p=0.00909090880304575)
      (norm2): LayerNorm((768,), eps=1e-06, elementwise_affine=True)
      (mlp): Mlp(
        (fc1): Linear(in_features=768, out_features=3072, bias=True)
        (act): GELU(approximate='none')
        (fc2): Linear(in_features=3072, out_features=768, bias=True)
        (drop): Dropout(p=0.0, inplace=False)
      )
    )
    (2): Block(
      (norm1): LayerNorm((768,), eps=1e-06, elementwise_affine=True)
      (attn): Attention(
        (qkv): Linear(in_features=768, out_features=2304, bias=False)
        (attn_drop): Dropout(p=0.0, inplace=False)
        (proj): Linear(in_features=768, out_features=768, bias=True)
        (proj_drop): Dropout(p=0.0, inplace=False)
      )
      (drop_path): DropPath(p=0.0181818176060915)
      (norm2): LayerNorm((768,), eps=1e-06, elementwise_affine=True)
      (mlp): Mlp(
        (fc1): Linear(in_features=768, out_features=3072, bias=True)
        (act): GELU(approximate='none')
        (fc2): Linear(in_features=3072, out_features=768, bias=True)
        (drop): Dropout(p=0.0, inplace=False)
      )
    )
    (3): Block(
      (norm1): LayerNorm((768,), eps=1e-06, elementwise_affine=True)
      (attn): Attention(
        (qkv): Linear(in_features=768, out_features=2304, bias=False)
        (attn_drop): Dropout(p=0.0, inplace=False)
        (proj): Linear(in_features=768, out_features=768, bias=True)
        (proj_drop): Dropout(p=0.0, inplace=False)
      )
      (drop_path): DropPath(p=0.027272727340459824)
      (norm2): LayerNorm((768,), eps=1e-06, elementwise_affine=True)
      (mlp): Mlp(
        (fc1): Linear(in_features=768, out_features=3072, bias=True)
        (act): GELU(approximate='none')
        (fc2): Linear(in_features=3072, out_features=768, bias=True)
        (drop): Dropout(p=0.0, inplace=False)
      )
    )
    (4): Block(
      (norm1): LayerNorm((768,), eps=1e-06, elementwise_affine=True)
      (attn): Attention(
        (qkv): Linear(in_features=768, out_features=2304, bias=False)
        (attn_drop): Dropout(p=0.0, inplace=False)
        (proj): Linear(in_features=768, out_features=768, bias=True)
        (proj_drop): Dropout(p=0.0, inplace=False)
      )
      (drop_path): DropPath(p=0.036363635212183)
      (norm2): LayerNorm((768,), eps=1e-06, elementwise_affine=True)
      (mlp): Mlp(
        (fc1): Linear(in_features=768, out_features=3072, bias=True)
        (act): GELU(approximate='none')
        (fc2): Linear(in_features=3072, out_features=768, bias=True)
        (drop): Dropout(p=0.0, inplace=False)
      )
    )
    (5): Block(
      (norm1): LayerNorm((768,), eps=1e-06, elementwise_affine=True)
      (attn): Attention(
        (qkv): Linear(in_features=768, out_features=2304, bias=False)
        (attn_drop): Dropout(p=0.0, inplace=False)
        (proj): Linear(in_features=768, out_features=768, bias=True)
        (proj_drop): Dropout(p=0.0, inplace=False)
      )
      (drop_path): DropPath(p=0.045454543083906174)
      (norm2): LayerNorm((768,), eps=1e-06, elementwise_affine=True)
      (mlp): Mlp(
        (fc1): Linear(in_features=768, out_features=3072, bias=True)
        (act): GELU(approximate='none')
        (fc2): Linear(in_features=3072, out_features=768, bias=True)
        (drop): Dropout(p=0.0, inplace=False)
      )
    )
    (6): Block(
      (norm1): LayerNorm((768,), eps=1e-06, elementwise_affine=True)
      (attn): Attention(
        (qkv): Linear(in_features=768, out_features=2304, bias=False)
        (attn_drop): Dropout(p=0.0, inplace=False)
        (proj): Linear(in_features=768, out_features=768, bias=True)
        (proj_drop): Dropout(p=0.0, inplace=False)
      )
      (drop_path): DropPath(p=0.054545458406209946)
      (norm2): LayerNorm((768,), eps=1e-06, elementwise_affine=True)
      (mlp): Mlp(
        (fc1): Linear(in_features=768, out_features=3072, bias=True)
        (act): GELU(approximate='none')
        (fc2): Linear(in_features=3072, out_features=768, bias=True)
        (drop): Dropout(p=0.0, inplace=False)
      )
    )
    (7): Block(
      (norm1): LayerNorm((768,), eps=1e-06, elementwise_affine=True)
      (attn): Attention(
        (qkv): Linear(in_features=768, out_features=2304, bias=False)
        (attn_drop): Dropout(p=0.0, inplace=False)
        (proj): Linear(in_features=768, out_features=768, bias=True)
        (proj_drop): Dropout(p=0.0, inplace=False)
      )
      (drop_path): DropPath(p=0.06363636255264282)
      (norm2): LayerNorm((768,), eps=1e-06, elementwise_affine=True)
      (mlp): Mlp(
        (fc1): Linear(in_features=768, out_features=3072, bias=True)
        (act): GELU(approximate='none')
        (fc2): Linear(in_features=3072, out_features=768, bias=True)
        (drop): Dropout(p=0.0, inplace=False)
      )
    )
    (8): Block(
      (norm1): LayerNorm((768,), eps=1e-06, elementwise_affine=True)
      (attn): Attention(
        (qkv): Linear(in_features=768, out_features=2304, bias=False)
        (attn_drop): Dropout(p=0.0, inplace=False)
        (proj): Linear(in_features=768, out_features=768, bias=True)
        (proj_drop): Dropout(p=0.0, inplace=False)
      )
      (drop_path): DropPath(p=0.0727272778749466)
      (norm2): LayerNorm((768,), eps=1e-06, elementwise_affine=True)
      (mlp): Mlp(
        (fc1): Linear(in_features=768, out_features=3072, bias=True)
        (act): GELU(approximate='none')
        (fc2): Linear(in_features=3072, out_features=768, bias=True)
        (drop): Dropout(p=0.0, inplace=False)
      )
    )
    (9): Block(
      (norm1): LayerNorm((768,), eps=1e-06, elementwise_affine=True)
      (attn): Attention(
        (qkv): Linear(in_features=768, out_features=2304, bias=False)
        (attn_drop): Dropout(p=0.0, inplace=False)
        (proj): Linear(in_features=768, out_features=768, bias=True)
        (proj_drop): Dropout(p=0.0, inplace=False)
      )
      (drop_path): DropPath(p=0.08181818574666977)
      (norm2): LayerNorm((768,), eps=1e-06, elementwise_affine=True)
      (mlp): Mlp(
        (fc1): Linear(in_features=768, out_features=3072, bias=True)
        (act): GELU(approximate='none')
        (fc2): Linear(in_features=3072, out_features=768, bias=True)
        (drop): Dropout(p=0.0, inplace=False)
      )
    )
    (10): Block(
      (norm1): LayerNorm((768,), eps=1e-06, elementwise_affine=True)
      (attn): Attention(
        (qkv): Linear(in_features=768, out_features=2304, bias=False)
        (attn_drop): Dropout(p=0.0, inplace=False)
        (proj): Linear(in_features=768, out_features=768, bias=True)
        (proj_drop): Dropout(p=0.0, inplace=False)
      )
      (drop_path): DropPath(p=0.09090909361839294)
      (norm2): LayerNorm((768,), eps=1e-06, elementwise_affine=True)
      (mlp): Mlp(
        (fc1): Linear(in_features=768, out_features=3072, bias=True)
        (act): GELU(approximate='none')
        (fc2): Linear(in_features=3072, out_features=768, bias=True)
        (drop): Dropout(p=0.0, inplace=False)
      )
    )
    (11): Block(
      (norm1): LayerNorm((768,), eps=1e-06, elementwise_affine=True)
      (attn): Attention(
        (qkv): Linear(in_features=768, out_features=2304, bias=False)
        (attn_drop): Dropout(p=0.0, inplace=False)
        (proj): Linear(in_features=768, out_features=768, bias=True)
        (proj_drop): Dropout(p=0.0, inplace=False)
      )
      (drop_path): DropPath(p=0.10000000149011612)
      (norm2): LayerNorm((768,), eps=1e-06, elementwise_affine=True)
      (mlp): Mlp(
        (fc1): Linear(in_features=768, out_features=3072, bias=True)
        (act): GELU(approximate='none')
        (fc2): Linear(in_features=3072, out_features=768, bias=True)
        (drop): Dropout(p=0.0, inplace=False)
      )
    )
  )
  (norm): Identity()
  (fc_norm): LayerNorm((768,), eps=1e-06, elementwise_affine=True)
  (fc_dropout): Identity()
  (head): Linear(in_features=768, out_features=400, bias=True)
)
number of params: 86535568
LR = 0.00037500
Batch size = 96
Update frequent = 1
Assigned values = [0.023757264018058777, 0.03167635202407837, 0.04223513603210449, 0.056313514709472656, 0.07508468627929688, 0.1001129150390625, 0.13348388671875, 0.177978515625, 0.2373046875, 0.31640625, 0.421875, 0.5625, 0.75, 1.0]
Skip weight decay list:  {'cls_token', 'pos_embed'}
Param groups = {
  "layer_0_no_decay": {
    "weight_decay": 0.0,
    "params": [
      "cls_token",
      "patch_embed.proj.bias"
    ],
    "lr_scale": 0.023757264018058777
  },
  "layer_0_decay": {
    "weight_decay": 0.05,
    "params": [
      "patch_embed.proj.weight"
    ],
    "lr_scale": 0.023757264018058777
  },
  "layer_1_no_decay": {
    "weight_decay": 0.0,
    "params": [
      "blocks.0.norm1.weight",
      "blocks.0.norm1.bias",
      "blocks.0.attn.q_bias",
      "blocks.0.attn.v_bias",
      "blocks.0.attn.proj.bias",
      "blocks.0.norm2.weight",
      "blocks.0.norm2.bias",
      "blocks.0.mlp.fc1.bias",
      "blocks.0.mlp.fc2.bias"
    ],
    "lr_scale": 0.03167635202407837
  },
  "layer_1_decay": {
    "weight_decay": 0.05,
    "params": [
      "blocks.0.attn.qkv.weight",
      "blocks.0.attn.proj.weight",
      "blocks.0.mlp.fc1.weight",
      "blocks.0.mlp.fc2.weight"
    ],
    "lr_scale": 0.03167635202407837
  },
  "layer_2_no_decay": {
    "weight_decay": 0.0,
    "params": [
      "blocks.1.norm1.weight",
      "blocks.1.norm1.bias",
      "blocks.1.attn.q_bias",
      "blocks.1.attn.v_bias",
      "blocks.1.attn.proj.bias",
      "blocks.1.norm2.weight",
      "blocks.1.norm2.bias",
      "blocks.1.mlp.fc1.bias",
      "blocks.1.mlp.fc2.bias"
    ],
    "lr_scale": 0.04223513603210449
  },
  "layer_2_decay": {
    "weight_decay": 0.05,
    "params": [
      "blocks.1.attn.qkv.weight",
      "blocks.1.attn.proj.weight",
      "blocks.1.mlp.fc1.weight",
      "blocks.1.mlp.fc2.weight"
    ],
    "lr_scale": 0.04223513603210449
  },
  "layer_3_no_decay": {
    "weight_decay": 0.0,
    "params": [
      "blocks.2.norm1.weight",
      "blocks.2.norm1.bias",
      "blocks.2.attn.q_bias",
      "blocks.2.attn.v_bias",
      "blocks.2.attn.proj.bias",
      "blocks.2.norm2.weight",
      "blocks.2.norm2.bias",
      "blocks.2.mlp.fc1.bias",
      "blocks.2.mlp.fc2.bias"
    ],
    "lr_scale": 0.056313514709472656
  },
  "layer_3_decay": {
    "weight_decay": 0.05,
    "params": [
      "blocks.2.attn.qkv.weight",
      "blocks.2.attn.proj.weight",
      "blocks.2.mlp.fc1.weight",
      "blocks.2.mlp.fc2.weight"
    ],
    "lr_scale": 0.056313514709472656
  },
  "layer_4_no_decay": {
    "weight_decay": 0.0,
    "params": [
      "blocks.3.norm1.weight",
      "blocks.3.norm1.bias",
      "blocks.3.attn.q_bias",
      "blocks.3.attn.v_bias",
      "blocks.3.attn.proj.bias",
      "blocks.3.norm2.weight",
      "blocks.3.norm2.bias",
      "blocks.3.mlp.fc1.bias",
      "blocks.3.mlp.fc2.bias"
    ],
    "lr_scale": 0.07508468627929688
  },
  "layer_4_decay": {
    "weight_decay": 0.05,
    "params": [
      "blocks.3.attn.qkv.weight",
      "blocks.3.attn.proj.weight",
      "blocks.3.mlp.fc1.weight",
      "blocks.3.mlp.fc2.weight"
    ],
    "lr_scale": 0.07508468627929688
  },
  "layer_5_no_decay": {
    "weight_decay": 0.0,
    "params": [
      "blocks.4.norm1.weight",
      "blocks.4.norm1.bias",
      "blocks.4.attn.q_bias",
      "blocks.4.attn.v_bias",
      "blocks.4.attn.proj.bias",
      "blocks.4.norm2.weight",
      "blocks.4.norm2.bias",
      "blocks.4.mlp.fc1.bias",
      "blocks.4.mlp.fc2.bias"
    ],
    "lr_scale": 0.1001129150390625
  },
  "layer_5_decay": {
    "weight_decay": 0.05,
    "params": [
      "blocks.4.attn.qkv.weight",
      "blocks.4.attn.proj.weight",
      "blocks.4.mlp.fc1.weight",
      "blocks.4.mlp.fc2.weight"
    ],
    "lr_scale": 0.1001129150390625
  },
  "layer_6_no_decay": {
    "weight_decay": 0.0,
    "params": [
      "blocks.5.norm1.weight",
      "blocks.5.norm1.bias",
      "blocks.5.attn.q_bias",
      "blocks.5.attn.v_bias",
      "blocks.5.attn.proj.bias",
      "blocks.5.norm2.weight",
      "blocks.5.norm2.bias",
      "blocks.5.mlp.fc1.bias",
      "blocks.5.mlp.fc2.bias"
    ],
    "lr_scale": 0.13348388671875
  },
  "layer_6_decay": {
    "weight_decay": 0.05,
    "params": [
      "blocks.5.attn.qkv.weight",
      "blocks.5.attn.proj.weight",
      "blocks.5.mlp.fc1.weight",
      "blocks.5.mlp.fc2.weight"
    ],
    "lr_scale": 0.13348388671875
  },
  "layer_7_no_decay": {
    "weight_decay": 0.0,
    "params": [
      "blocks.6.norm1.weight",
      "blocks.6.norm1.bias",
      "blocks.6.attn.q_bias",
      "blocks.6.attn.v_bias",
      "blocks.6.attn.proj.bias",
      "blocks.6.norm2.weight",
      "blocks.6.norm2.bias",
      "blocks.6.mlp.fc1.bias",
      "blocks.6.mlp.fc2.bias"
    ],
    "lr_scale": 0.177978515625
  },
  "layer_7_decay": {
    "weight_decay": 0.05,
    "params": [
      "blocks.6.attn.qkv.weight",
      "blocks.6.attn.proj.weight",
      "blocks.6.mlp.fc1.weight",
      "blocks.6.mlp.fc2.weight"
    ],
    "lr_scale": 0.177978515625
  },
  "layer_8_no_decay": {
    "weight_decay": 0.0,
    "params": [
      "blocks.7.norm1.weight",
      "blocks.7.norm1.bias",
      "blocks.7.attn.q_bias",
      "blocks.7.attn.v_bias",
      "blocks.7.attn.proj.bias",
      "blocks.7.norm2.weight",
      "blocks.7.norm2.bias",
      "blocks.7.mlp.fc1.bias",
      "blocks.7.mlp.fc2.bias"
    ],
    "lr_scale": 0.2373046875
  },
  "layer_8_decay": {
    "weight_decay": 0.05,
    "params": [
      "blocks.7.attn.qkv.weight",
      "blocks.7.attn.proj.weight",
      "blocks.7.mlp.fc1.weight",
      "blocks.7.mlp.fc2.weight"
    ],
    "lr_scale": 0.2373046875
  },
  "layer_9_no_decay": {
    "weight_decay": 0.0,
    "params": [
      "blocks.8.norm1.weight",
      "blocks.8.norm1.bias",
      "blocks.8.attn.q_bias",
      "blocks.8.attn.v_bias",
      "blocks.8.attn.proj.bias",
      "blocks.8.norm2.weight",
      "blocks.8.norm2.bias",
      "blocks.8.mlp.fc1.bias",
      "blocks.8.mlp.fc2.bias"
    ],
    "lr_scale": 0.31640625
  },
  "layer_9_decay": {
    "weight_decay": 0.05,
    "params": [
      "blocks.8.attn.qkv.weight",
      "blocks.8.attn.proj.weight",
      "blocks.8.mlp.fc1.weight",
      "blocks.8.mlp.fc2.weight"
    ],
    "lr_scale": 0.31640625
  },
  "layer_10_no_decay": {
    "weight_decay": 0.0,
    "params": [
      "blocks.9.norm1.weight",
      "blocks.9.norm1.bias",
      "blocks.9.attn.q_bias",
      "blocks.9.attn.v_bias",
      "blocks.9.attn.proj.bias",
      "blocks.9.norm2.weight",
      "blocks.9.norm2.bias",
      "blocks.9.mlp.fc1.bias",
      "blocks.9.mlp.fc2.bias"
    ],
    "lr_scale": 0.421875
  },
  "layer_10_decay": {
    "weight_decay": 0.05,
    "params": [
      "blocks.9.attn.qkv.weight",
      "blocks.9.attn.proj.weight",
      "blocks.9.mlp.fc1.weight",
      "blocks.9.mlp.fc2.weight"
    ],
    "lr_scale": 0.421875
  },
  "layer_11_no_decay": {
    "weight_decay": 0.0,
    "params": [
      "blocks.10.norm1.weight",
      "blocks.10.norm1.bias",
      "blocks.10.attn.q_bias",
      "blocks.10.attn.v_bias",
      "blocks.10.attn.proj.bias",
      "blocks.10.norm2.weight",
      "blocks.10.norm2.bias",
      "blocks.10.mlp.fc1.bias",
      "blocks.10.mlp.fc2.bias"
    ],
    "lr_scale": 0.5625
  },
  "layer_11_decay": {
    "weight_decay": 0.05,
    "params": [
      "blocks.10.attn.qkv.weight",
      "blocks.10.attn.proj.weight",
      "blocks.10.mlp.fc1.weight",
      "blocks.10.mlp.fc2.weight"
    ],
    "lr_scale": 0.5625
  },
  "layer_12_no_decay": {
    "weight_decay": 0.0,
    "params": [
      "blocks.11.norm1.weight",
      "blocks.11.norm1.bias",
      "blocks.11.attn.q_bias",
      "blocks.11.attn.v_bias",
      "blocks.11.attn.proj.bias",
      "blocks.11.norm2.weight",
      "blocks.11.norm2.bias",
      "blocks.11.mlp.fc1.bias",
      "blocks.11.mlp.fc2.bias"
    ],
    "lr_scale": 0.75
  },
  "layer_12_decay": {
    "weight_decay": 0.05,
    "params": [
      "blocks.11.attn.qkv.weight",
      "blocks.11.attn.proj.weight",
      "blocks.11.mlp.fc1.weight",
      "blocks.11.mlp.fc2.weight"
    ],
    "lr_scale": 0.75
  },
  "layer_13_no_decay": {
    "weight_decay": 0.0,
    "params": [
      "fc_norm.weight",
      "fc_norm.bias",
      "head.bias"
    ],
    "lr_scale": 1.0
  },
  "layer_13_decay": {
    "weight_decay": 0.05,
    "params": [
      "head.weight"
    ],
    "lr_scale": 1.0
  }
}
[2023-08-23 00:12:18,393] [INFO] [logging.py:77:log_dist] [Rank -1] DeepSpeed info: version=0.8.2, git-hash=unknown, git-branch=unknown
[2023-08-23 00:12:20,486] [INFO] [logging.py:77:log_dist] [Rank 0] DeepSpeed Flops Profiler Enabled: False
Using /home/bkh178/.cache/torch_extensions/py37_cu117 as PyTorch extensions root...
ninja: no work to do.
Loading extension module fused_adam...
Time to load fused_adam op: 0.40372133255004883 seconds
[2023-08-23 00:12:21,587] [INFO] [logging.py:77:log_dist] [Rank 0] Using DeepSpeed Optimizer param name adam as basic optimizer
[2023-08-23 00:12:21,598] [INFO] [logging.py:77:log_dist] [Rank 0] DeepSpeed Basic Optimizer = FusedAdam
[2023-08-23 00:12:21,598] [INFO] [logging.py:77:log_dist] [Rank 0] Creating fp16 optimizer with dynamic loss scale
[2023-08-23 00:12:21,634] [INFO] [logging.py:77:log_dist] [Rank 0] DeepSpeed Final Optimizer = adam
[2023-08-23 00:12:21,635] [INFO] [logging.py:77:log_dist] [Rank 0] DeepSpeed using client LR scheduler
[2023-08-23 00:12:21,635] [INFO] [logging.py:77:log_dist] [Rank 0] DeepSpeed LR Scheduler = None
[2023-08-23 00:12:21,635] [INFO] [logging.py:77:log_dist] [Rank 0] step=0, skipped=0, lr=[0.001, 0.001, 0.001, 0.001, 0.001, 0.001, 0.001, 0.001, 0.001, 0.001, 0.001, 0.001, 0.001, 0.001, 0.001, 0.001, 0.001, 0.001, 0.001, 0.001, 0.001, 0.001, 0.001, 0.001, 0.001, 0.001, 0.001, 0.001], mom=[[0.9, 0.999], [0.9, 0.999], [0.9, 0.999], [0.9, 0.999], [0.9, 0.999], [0.9, 0.999], [0.9, 0.999], [0.9, 0.999], [0.9, 0.999], [0.9, 0.999], [0.9, 0.999], [0.9, 0.999], [0.9, 0.999], [0.9, 0.999], [0.9, 0.999], [0.9, 0.999], [0.9, 0.999], [0.9, 0.999], [0.9, 0.999], [0.9, 0.999], [0.9, 0.999], [0.9, 0.999], [0.9, 0.999], [0.9, 0.999], [0.9, 0.999], [0.9, 0.999], [0.9, 0.999], [0.9, 0.999]]
[2023-08-23 00:12:21,635] [INFO] [config.py:1010:print] DeepSpeedEngine configuration:
[2023-08-23 00:12:21,636] [INFO] [config.py:1014:print]   activation_checkpointing_config  {
    "partition_activations": false, 
    "contiguous_memory_optimization": false, 
    "cpu_checkpointing": false, 
    "number_checkpoints": null, 
    "synchronize_checkpoint_boundary": false, 
    "profile": false
}
[2023-08-23 00:12:21,636] [INFO] [config.py:1014:print]   aio_config ................... {'block_size': 1048576, 'queue_depth': 8, 'thread_count': 1, 'single_submit': False, 'overlap_events': True}
[2023-08-23 00:12:21,636] [INFO] [config.py:1014:print]   amp_enabled .................. False
[2023-08-23 00:12:21,636] [INFO] [config.py:1014:print]   amp_params ................... False
[2023-08-23 00:12:21,636] [INFO] [config.py:1014:print]   autotuning_config ............ {
    "enabled": false, 
    "start_step": null, 
    "end_step": null, 
    "metric_path": null, 
    "arg_mappings": null, 
    "metric": "throughput", 
    "model_info": null, 
    "results_dir": "autotuning_results", 
    "exps_dir": "autotuning_exps", 
    "overwrite": true, 
    "fast": true, 
    "start_profile_step": 3, 
    "end_profile_step": 5, 
    "tuner_type": "gridsearch", 
    "tuner_early_stopping": 5, 
    "tuner_num_trials": 50, 
    "model_info_path": null, 
    "mp_size": 1, 
    "max_train_batch_size": null, 
    "min_train_batch_size": 1, 
    "max_train_micro_batch_size_per_gpu": 1.024000e+03, 
    "min_train_micro_batch_size_per_gpu": 1, 
    "num_tuning_micro_batch_sizes": 3
}
[2023-08-23 00:12:21,636] [INFO] [config.py:1014:print]   bfloat16_enabled ............. False
[2023-08-23 00:12:21,636] [INFO] [config.py:1014:print]   checkpoint_parallel_write_pipeline  False
[2023-08-23 00:12:21,636] [INFO] [config.py:1014:print]   checkpoint_tag_validation_enabled  True
[2023-08-23 00:12:21,636] [INFO] [config.py:1014:print]   checkpoint_tag_validation_fail  False
[2023-08-23 00:12:21,636] [INFO] [config.py:1014:print]   comms_config ................. <deepspeed.comm.config.DeepSpeedCommsConfig object at 0x7eff7e40d6d0>
[2023-08-23 00:12:21,636] [INFO] [config.py:1014:print]   communication_data_type ...... None
[2023-08-23 00:12:21,636] [INFO] [config.py:1014:print]   compression_config ........... {'weight_quantization': {'shared_parameters': {'enabled': False, 'quantizer_kernel': False, 'schedule_offset': 0, 'quantize_groups': 1, 'quantize_verbose': False, 'quantization_type': 'symmetric', 'quantize_weight_in_forward': False, 'rounding': 'nearest', 'fp16_mixed_quantize': False, 'quantize_change_ratio': 0.001}, 'different_groups': {}}, 'activation_quantization': {'shared_parameters': {'enabled': False, 'quantization_type': 'symmetric', 'range_calibration': 'dynamic', 'schedule_offset': 1000}, 'different_groups': {}}, 'sparse_pruning': {'shared_parameters': {'enabled': False, 'method': 'l1', 'schedule_offset': 1000}, 'different_groups': {}}, 'row_pruning': {'shared_parameters': {'enabled': False, 'method': 'l1', 'schedule_offset': 1000}, 'different_groups': {}}, 'head_pruning': {'shared_parameters': {'enabled': False, 'method': 'topk', 'schedule_offset': 1000}, 'different_groups': {}}, 'channel_pruning': {'shared_parameters': {'enabled': False, 'method': 'l1', 'schedule_offset': 1000}, 'different_groups': {}}, 'layer_reduction': {'enabled': False}}
[2023-08-23 00:12:21,636] [INFO] [config.py:1014:print]   curriculum_enabled_legacy .... False
[2023-08-23 00:12:21,636] [INFO] [config.py:1014:print]   curriculum_params_legacy ..... False
[2023-08-23 00:12:21,636] [INFO] [config.py:1014:print]   data_efficiency_config ....... {'enabled': False, 'seed': 1234, 'data_sampling': {'enabled': False, 'num_epochs': 1000, 'num_workers': 0, 'curriculum_learning': {'enabled': False}}, 'data_routing': {'enabled': False, 'random_ltd': {'enabled': False, 'layer_token_lr_schedule': {'enabled': False}}}}
[2023-08-23 00:12:21,636] [INFO] [config.py:1014:print]   data_efficiency_enabled ...... False
[2023-08-23 00:12:21,636] [INFO] [config.py:1014:print]   dataloader_drop_last ......... False
[2023-08-23 00:12:21,636] [INFO] [config.py:1014:print]   disable_allgather ............ False
[2023-08-23 00:12:21,636] [INFO] [config.py:1014:print]   dump_state ................... False
[2023-08-23 00:12:21,636] [INFO] [config.py:1014:print]   dynamic_loss_scale_args ...... {'init_scale': 128, 'scale_window': 128, 'delayed_shift': 2, 'min_scale': 1}
[2023-08-23 00:12:21,636] [INFO] [config.py:1014:print]   eigenvalue_enabled ........... False
[2023-08-23 00:12:21,636] [INFO] [config.py:1014:print]   eigenvalue_gas_boundary_resolution  1
[2023-08-23 00:12:21,636] [INFO] [config.py:1014:print]   eigenvalue_layer_name ........ bert.encoder.layer
[2023-08-23 00:12:21,636] [INFO] [config.py:1014:print]   eigenvalue_layer_num ......... 0
[2023-08-23 00:12:21,636] [INFO] [config.py:1014:print]   eigenvalue_max_iter .......... 100
[2023-08-23 00:12:21,636] [INFO] [config.py:1014:print]   eigenvalue_stability ......... 1e-06
[2023-08-23 00:12:21,636] [INFO] [config.py:1014:print]   eigenvalue_tol ............... 0.01
[2023-08-23 00:12:21,636] [INFO] [config.py:1014:print]   eigenvalue_verbose ........... False
[2023-08-23 00:12:21,636] [INFO] [config.py:1014:print]   elasticity_enabled ........... False
[2023-08-23 00:12:21,636] [INFO] [config.py:1014:print]   flops_profiler_config ........ {
    "enabled": false, 
    "profile_step": 1, 
    "module_depth": -1, 
    "top_modules": 1, 
    "detailed": true, 
    "output_file": null
}
[2023-08-23 00:12:21,636] [INFO] [config.py:1014:print]   fp16_auto_cast ............... False
[2023-08-23 00:12:21,636] [INFO] [config.py:1014:print]   fp16_enabled ................. True
[2023-08-23 00:12:21,636] [INFO] [config.py:1014:print]   fp16_master_weights_and_gradients  False
[2023-08-23 00:12:21,636] [INFO] [config.py:1014:print]   global_rank .................. 0
[2023-08-23 00:12:21,636] [INFO] [config.py:1014:print]   grad_accum_dtype ............. None
[2023-08-23 00:12:21,636] [INFO] [config.py:1014:print]   gradient_accumulation_steps .. 1
[2023-08-23 00:12:21,636] [INFO] [config.py:1014:print]   gradient_clipping ............ 0.0
[2023-08-23 00:12:21,636] [INFO] [config.py:1014:print]   gradient_predivide_factor .... 1.0
[2023-08-23 00:12:21,636] [INFO] [config.py:1014:print]   initial_dynamic_scale ........ 128
[2023-08-23 00:12:21,637] [INFO] [config.py:1014:print]   load_universal_checkpoint .... False
[2023-08-23 00:12:21,637] [INFO] [config.py:1014:print]   loss_scale ................... 0
[2023-08-23 00:12:21,637] [INFO] [config.py:1014:print]   memory_breakdown ............. False
[2023-08-23 00:12:21,637] [INFO] [config.py:1014:print]   monitor_config ............... tensorboard=TensorBoardConfig(enabled=False, output_path='', job_name='DeepSpeedJobName') wandb=WandbConfig(enabled=False, group=None, team=None, project='deepspeed') csv_monitor=CSVConfig(enabled=False, output_path='', job_name='DeepSpeedJobName') enabled=False
[2023-08-23 00:12:21,637] [INFO] [config.py:1014:print]   nebula_config ................ {
    "enabled": false, 
    "persistent_storage_path": null, 
    "persistent_time_interval": 100, 
    "num_of_version_in_retention": 2, 
    "enable_nebula_load": true, 
    "load_path": null
}
[2023-08-23 00:12:21,637] [INFO] [config.py:1014:print]   optimizer_legacy_fusion ...... False
[2023-08-23 00:12:21,637] [INFO] [config.py:1014:print]   optimizer_name ............... adam
[2023-08-23 00:12:21,637] [INFO] [config.py:1014:print]   optimizer_params ............. {'lr': 0.001, 'weight_decay': 0.05, 'bias_correction': True, 'betas': [0.9, 0.999], 'eps': 1e-08}
[2023-08-23 00:12:21,637] [INFO] [config.py:1014:print]   pipeline ..................... {'stages': 'auto', 'partition': 'best', 'seed_layers': False, 'activation_checkpoint_interval': 0}
[2023-08-23 00:12:21,637] [INFO] [config.py:1014:print]   pld_enabled .................. False
[2023-08-23 00:12:21,637] [INFO] [config.py:1014:print]   pld_params ................... False
[2023-08-23 00:12:21,637] [INFO] [config.py:1014:print]   prescale_gradients ........... False
[2023-08-23 00:12:21,637] [INFO] [config.py:1014:print]   scheduler_name ............... None
[2023-08-23 00:12:21,637] [INFO] [config.py:1014:print]   scheduler_params ............. None
[2023-08-23 00:12:21,637] [INFO] [config.py:1014:print]   sparse_attention ............. None
[2023-08-23 00:12:21,637] [INFO] [config.py:1014:print]   sparse_gradients_enabled ..... False
[2023-08-23 00:12:21,637] [INFO] [config.py:1014:print]   steps_per_print .............. 1000
[2023-08-23 00:12:21,637] [INFO] [config.py:1014:print]   train_batch_size ............. 96
[2023-08-23 00:12:21,637] [INFO] [config.py:1014:print]   train_micro_batch_size_per_gpu  16
[2023-08-23 00:12:21,637] [INFO] [config.py:1014:print]   use_node_local_storage ....... False
[2023-08-23 00:12:21,637] [INFO] [config.py:1014:print]   wall_clock_breakdown ......... False
[2023-08-23 00:12:21,637] [INFO] [config.py:1014:print]   world_size ................... 6
[2023-08-23 00:12:21,637] [INFO] [config.py:1014:print]   zero_allow_untested_optimizer  False
[2023-08-23 00:12:21,637] [INFO] [config.py:1014:print]   zero_config .................. stage=0 contiguous_gradients=True reduce_scatter=True reduce_bucket_size=500,000,000 allgather_partitions=True allgather_bucket_size=500,000,000 overlap_comm=False load_from_fp32_weights=True elastic_checkpoint=False offload_param=None offload_optimizer=None sub_group_size=1,000,000,000 cpu_offload_param=None cpu_offload_use_pin_memory=None cpu_offload=None prefetch_bucket_size=50,000,000 param_persistence_threshold=100,000 model_persistence_threshold=sys.maxsize max_live_parameters=1,000,000,000 max_reuse_distance=1,000,000,000 gather_16bit_weights_on_model_save=False stage3_gather_fp16_weights_on_model_save=False ignore_unused_parameters=True legacy_stage1=False round_robin_gradients=False
[2023-08-23 00:12:21,637] [INFO] [config.py:1014:print]   zero_enabled ................. False
[2023-08-23 00:12:21,637] [INFO] [config.py:1014:print]   zero_optimization_stage ...... 0
[2023-08-23 00:12:21,637] [INFO] [config.py:1005:print_user_config]   json = {
    "train_batch_size": 96, 
    "train_micro_batch_size_per_gpu": 16, 
    "steps_per_print": 1000, 
    "optimizer": {
        "type": "Adam", 
        "adam_w_mode": true, 
        "params": {
            "lr": 0.001, 
            "weight_decay": 0.05, 
            "bias_correction": true, 
            "betas": [0.9, 0.999], 
            "eps": 1e-08
        }
    }, 
    "fp16": {
        "enabled": true, 
        "loss_scale": 0, 
        "initial_scale_power": 7, 
        "loss_scale_window": 128
    }
}
Using /home/bkh178/.cache/torch_extensions/py37_cu117 as PyTorch extensions root...
ninja: no work to do.
Loading extension module utils...
Time to load utils op: 0.30333757400512695 seconds
model.gradient_accumulation_steps() = 1
Mixup is activated!
criterion = SoftTargetCrossEntropy()
start video cil learning!
current task : 1 | train | Number of the class = 400
current task : 1 | validation | Number of the class = 400
current task : 1 | validation | Number of the class = 400
Sampler_train = <torch.utils.data.distributed.DistributedSampler object at 0x7efeb9307110>
Sampler_rehearsal = <torch.utils.data.distributed.DistributedSampler object at 0x7effce641ad0>
Warning: Enabling distributed evaluation with an eval dataset not divisible by process number. This will slightly alter validation results as extra duplicate entries are added to achieve equal num of samples per-process.
Number of training examples = 25832
Number of training training per epoch = 269
Number of rehearsal training examples = 4000
Number of rehearsal training training per epoch = 41
Use step level LR scheduler!
Set warmup steps = 1345
Set warmup steps = 0
Max WD = 0.0500000, Min WD = 0.0500000
Use step level LR scheduler!
Set warmup steps = 205
Set warmup steps = 0
Max WD = 0.0500000, Min WD = 0.0500000
==================================================
==================================================
==================================================
==================================================
Current task index : 1/10
==================================================
==================================================
==================================================
==================================================
Start training for 50 epochs
TASK EPOCH: [0]  [  0/269]  eta: 1:44:10  lr: 0.000000  min_lr: 0.000000  loss: 3.3571 (3.3571)  loss_scale: 128.0000 (128.0000)  weight_decay: 0.0500 (0.0500)  time: 23.2376  data: 8.6416  max mem: 21507
TASK EPOCH: [0]  [ 50/269]  eta: 0:04:34  lr: 0.000014  min_lr: 0.000000  loss: 3.3421 (3.3501)  loss_scale: 128.0000 (128.0000)  weight_decay: 0.0500 (0.0500)  time: 0.8209  data: 0.0018  max mem: 21507
TASK EPOCH: [0]  [100/269]  eta: 0:02:56  lr: 0.000028  min_lr: 0.000001  loss: 3.2860 (3.3282)  loss_scale: 128.0000 (128.0000)  weight_decay: 0.0500 (0.0500)  time: 0.8274  data: 0.0022  max mem: 21507
[2023-08-23 00:14:30,963] [INFO] [fused_optimizer.py:394:_update_scale] No Grad overflow for 128 iterations
[2023-08-23 00:14:30,963] [INFO] [fused_optimizer.py:394:_update_scale] No Grad overflow for 128 iterations
[2023-08-23 00:14:30,963] [INFO] [fused_optimizer.py:396:_update_scale] Increasing dynamic loss scale from 128 to 256
[2023-08-23 00:14:30,963] [INFO] [fused_optimizer.py:396:_update_scale] Increasing dynamic loss scale from 128 to 256
[2023-08-23 00:14:30,963] [INFO] [fused_optimizer.py:394:_update_scale] No Grad overflow for 128 iterations
[2023-08-23 00:14:30,963] [INFO] [fused_optimizer.py:394:_update_scale] No Grad overflow for 128 iterations
[2023-08-23 00:14:30,963] [INFO] [fused_optimizer.py:396:_update_scale] Increasing dynamic loss scale from 128 to 256
[2023-08-23 00:14:30,963] [INFO] [fused_optimizer.py:396:_update_scale] Increasing dynamic loss scale from 128 to 256
[2023-08-23 00:14:30,963] [INFO] [fused_optimizer.py:394:_update_scale] No Grad overflow for 128 iterations
[2023-08-23 00:14:30,963] [INFO] [fused_optimizer.py:394:_update_scale] No Grad overflow for 128 iterations
[2023-08-23 00:14:30,964] [INFO] [fused_optimizer.py:396:_update_scale] Increasing dynamic loss scale from 128 to 256
[2023-08-23 00:14:30,964] [INFO] [fused_optimizer.py:396:_update_scale] Increasing dynamic loss scale from 128 to 256
TASK EPOCH: [0]  [150/269]  eta: 0:01:55  lr: 0.000042  min_lr: 0.000001  loss: 3.2557 (3.3069)  loss_scale: 256.0000 (147.4967)  weight_decay: 0.0500 (0.0500)  time: 0.8339  data: 0.0021  max mem: 21507
TASK EPOCH: [0]  [200/269]  eta: 0:01:04  lr: 0.000056  min_lr: 0.000001  loss: 3.1664 (3.2813)  loss_scale: 256.0000 (174.4876)  weight_decay: 0.0500 (0.0500)  time: 0.8321  data: 0.0012  max mem: 21507
TASK EPOCH: [0]  [250/269]  eta: 0:00:17  lr: 0.000070  min_lr: 0.000002  loss: 3.0450 (3.2429)  loss_scale: 256.0000 (190.7251)  weight_decay: 0.0500 (0.0500)  time: 0.8279  data: 0.0015  max mem: 21507
[2023-08-23 00:16:17,060] [INFO] [fused_optimizer.py:394:_update_scale] No Grad overflow for 128 iterations
[2023-08-23 00:16:17,060] [INFO] [fused_optimizer.py:394:_update_scale] No Grad overflow for 128 iterations
[2023-08-23 00:16:17,060] [INFO] [fused_optimizer.py:394:_update_scale] No Grad overflow for 128 iterations
[2023-08-23 00:16:17,060] [INFO] [fused_optimizer.py:394:_update_scale] No Grad overflow for 128 iterations
[2023-08-23 00:16:17,097] [INFO] [fused_optimizer.py:396:_update_scale] Increasing dynamic loss scale from 256 to 512
[2023-08-23 00:16:17,061] [INFO] [fused_optimizer.py:394:_update_scale] No Grad overflow for 128 iterations
[2023-08-23 00:16:17,097] [INFO] [fused_optimizer.py:396:_update_scale] Increasing dynamic loss scale from 256 to 512
[2023-08-23 00:16:17,061] [INFO] [fused_optimizer.py:394:_update_scale] No Grad overflow for 128 iterations
[2023-08-23 00:16:17,097] [INFO] [fused_optimizer.py:396:_update_scale] Increasing dynamic loss scale from 256 to 512
[2023-08-23 00:16:17,098] [INFO] [fused_optimizer.py:396:_update_scale] Increasing dynamic loss scale from 256 to 512
[2023-08-23 00:16:17,098] [INFO] [fused_optimizer.py:396:_update_scale] Increasing dynamic loss scale from 256 to 512
[2023-08-23 00:16:17,098] [INFO] [fused_optimizer.py:396:_update_scale] Increasing dynamic loss scale from 256 to 512
TASK EPOCH: [0]  [268/269]  eta: 0:00:00  lr: 0.000075  min_lr: 0.000002  loss: 3.0223 (3.2281)  loss_scale: 512.0000 (207.4647)  weight_decay: 0.0500 (0.0500)  time: 0.7821  data: 0.0006  max mem: 21507
TASK EPOCH: [0] Total time: 0:04:04 (0.9076 s / it)
Averaged stats: lr: 0.000075  min_lr: 0.000002  loss: 3.0223 (3.2295)  loss_scale: 512.0000 (207.4647)  weight_decay: 0.0500 (0.0500)
TASK EPOCH: [1]  [  0/269]  eta: 0:48:26  lr: 0.000075  min_lr: 0.000002  loss: 3.0605 (3.0605)  loss_scale: 512.0000 (512.0000)  weight_decay: 0.0500 (0.0500)  time: 10.8042  data: 7.8494  max mem: 21507
TASK EPOCH: [1]  [ 50/269]  eta: 0:04:00  lr: 0.000089  min_lr: 0.000002  loss: 2.9302 (2.9521)  loss_scale: 512.0000 (512.0000)  weight_decay: 0.0500 (0.0500)  time: 0.9140  data: 0.0038  max mem: 21507
TASK EPOCH: [1]  [100/269]  eta: 0:02:46  lr: 0.000103  min_lr: 0.000002  loss: 2.9291 (2.9329)  loss_scale: 512.0000 (512.0000)  weight_decay: 0.0500 (0.0500)  time: 0.8748  data: 0.0021  max mem: 21507
[2023-08-23 00:18:19,061] [INFO] [fused_optimizer.py:394:_update_scale] No Grad overflow for 128 iterations
[2023-08-23 00:18:19,061] [INFO] [fused_optimizer.py:394:_update_scale] No Grad overflow for 128 iterations
[2023-08-23 00:18:19,062] [INFO] [fused_optimizer.py:396:_update_scale] Increasing dynamic loss scale from 512 to 1024
[2023-08-23 00:18:19,062] [INFO] [fused_optimizer.py:396:_update_scale] Increasing dynamic loss scale from 512 to 1024
[2023-08-23 00:18:19,062] [INFO] [fused_optimizer.py:394:_update_scale] No Grad overflow for 128 iterations
[2023-08-23 00:18:19,062] [INFO] [fused_optimizer.py:394:_update_scale] No Grad overflow for 128 iterations
[2023-08-23 00:18:19,062] [INFO] [fused_optimizer.py:396:_update_scale] Increasing dynamic loss scale from 512 to 1024
[2023-08-23 00:18:19,062] [INFO] [fused_optimizer.py:396:_update_scale] Increasing dynamic loss scale from 512 to 1024
[2023-08-23 00:18:19,062] [INFO] [fused_optimizer.py:394:_update_scale] No Grad overflow for 128 iterations
[2023-08-23 00:18:19,063] [INFO] [fused_optimizer.py:396:_update_scale] Increasing dynamic loss scale from 512 to 1024
[2023-08-23 00:18:19,064] [INFO] [fused_optimizer.py:394:_update_scale] No Grad overflow for 128 iterations
[2023-08-23 00:18:19,064] [INFO] [fused_optimizer.py:396:_update_scale] Increasing dynamic loss scale from 512 to 1024
TASK EPOCH: [1]  [150/269]  eta: 0:01:52  lr: 0.000117  min_lr: 0.000003  loss: 2.9154 (2.9029)  loss_scale: 1024.0000 (634.0662)  weight_decay: 0.0500 (0.0500)  time: 0.8505  data: 0.0016  max mem: 21507
TASK EPOCH: [1]  [200/269]  eta: 0:01:03  lr: 0.000131  min_lr: 0.000003  loss: 2.6739 (2.8682)  loss_scale: 1024.0000 (731.0647)  weight_decay: 0.0500 (0.0500)  time: 0.8519  data: 0.0023  max mem: 21507
[2023-08-23 00:20:08,095] [INFO] [fused_optimizer.py:394:_update_scale] No Grad overflow for 128 iterations
[2023-08-23 00:20:08,096] [INFO] [fused_optimizer.py:396:_update_scale] Increasing dynamic loss scale from 1024 to 2048
[2023-08-23 00:20:08,096] [INFO] [fused_optimizer.py:394:_update_scale] No Grad overflow for 128 iterations
[2023-08-23 00:20:08,096] [INFO] [fused_optimizer.py:396:_update_scale] Increasing dynamic loss scale from 1024 to 2048
[2023-08-23 00:20:08,096] [INFO] [fused_optimizer.py:394:_update_scale] No Grad overflow for 128 iterations
[2023-08-23 00:20:08,096] [INFO] [fused_optimizer.py:394:_update_scale] No Grad overflow for 128 iterations
[2023-08-23 00:20:08,096] [INFO] [fused_optimizer.py:396:_update_scale] Increasing dynamic loss scale from 1024 to 2048
[2023-08-23 00:20:08,097] [INFO] [fused_optimizer.py:396:_update_scale] Increasing dynamic loss scale from 1024 to 2048
[2023-08-23 00:20:08,097] [INFO] [fused_optimizer.py:394:_update_scale] No Grad overflow for 128 iterations
[2023-08-23 00:20:08,097] [INFO] [fused_optimizer.py:396:_update_scale] Increasing dynamic loss scale from 1024 to 2048
[2023-08-23 00:20:08,099] [INFO] [fused_optimizer.py:394:_update_scale] No Grad overflow for 128 iterations
[2023-08-23 00:20:08,099] [INFO] [fused_optimizer.py:396:_update_scale] Increasing dynamic loss scale from 1024 to 2048
TASK EPOCH: [1]  [250/269]  eta: 0:00:17  lr: 0.000145  min_lr: 0.000003  loss: 2.7919 (2.8456)  loss_scale: 1024.0000 (822.0558)  weight_decay: 0.0500 (0.0500)  time: 0.8471  data: 0.0012  max mem: 21507
TASK EPOCH: [1]  [268/269]  eta: 0:00:00  lr: 0.000150  min_lr: 0.000004  loss: 2.5702 (2.8279)  loss_scale: 2048.0000 (904.0892)  weight_decay: 0.0500 (0.0500)  time: 0.7885  data: 0.0007  max mem: 21507
TASK EPOCH: [1] Total time: 0:04:01 (0.8988 s / it)
Averaged stats: lr: 0.000150  min_lr: 0.000004  loss: 2.5702 (2.8319)  loss_scale: 2048.0000 (904.0892)  weight_decay: 0.0500 (0.0500)
TASK EPOCH: [2]  [  0/269]  eta: 0:44:22  lr: 0.000150  min_lr: 0.000004  loss: 2.6538 (2.6538)  loss_scale: 2048.0000 (2048.0000)  weight_decay: 0.0500 (0.0500)  time: 9.8977  data: 7.2527  max mem: 21507
TASK EPOCH: [2]  [ 50/269]  eta: 0:03:54  lr: 0.000164  min_lr: 0.000004  loss: 2.5498 (2.5840)  loss_scale: 2048.0000 (2048.0000)  weight_decay: 0.0500 (0.0500)  time: 0.8617  data: 0.0020  max mem: 21507
TASK EPOCH: [2]  [100/269]  eta: 0:02:44  lr: 0.000178  min_lr: 0.000004  loss: 2.6906 (2.6035)  loss_scale: 2048.0000 (2048.0000)  weight_decay: 0.0500 (0.0500)  time: 0.8561  data: 0.0021  max mem: 21507
[2023-08-23 00:22:08,471] [INFO] [fused_optimizer.py:394:_update_scale] No Grad overflow for 128 iterations
[2023-08-23 00:22:08,471] [INFO] [fused_optimizer.py:396:_update_scale] Increasing dynamic loss scale from 2048 to 4096
[2023-08-23 00:22:08,472] [INFO] [fused_optimizer.py:394:_update_scale] No Grad overflow for 128 iterations
[2023-08-23 00:22:08,472] [INFO] [fused_optimizer.py:396:_update_scale] Increasing dynamic loss scale from 2048 to 4096
[2023-08-23 00:22:08,472] [INFO] [fused_optimizer.py:394:_update_scale] No Grad overflow for 128 iterations
[2023-08-23 00:22:08,472] [INFO] [fused_optimizer.py:396:_update_scale] Increasing dynamic loss scale from 2048 to 4096
[2023-08-23 00:22:08,472] [INFO] [fused_optimizer.py:394:_update_scale] No Grad overflow for 128 iterations
[2023-08-23 00:22:08,472] [INFO] [fused_optimizer.py:394:_update_scale] No Grad overflow for 128 iterations
[2023-08-23 00:22:08,473] [INFO] [fused_optimizer.py:396:_update_scale] Increasing dynamic loss scale from 2048 to 4096
[2023-08-23 00:22:08,473] [INFO] [fused_optimizer.py:396:_update_scale] Increasing dynamic loss scale from 2048 to 4096
[2023-08-23 00:22:08,474] [INFO] [fused_optimizer.py:394:_update_scale] No Grad overflow for 128 iterations
[2023-08-23 00:22:08,475] [INFO] [fused_optimizer.py:396:_update_scale] Increasing dynamic loss scale from 2048 to 4096
TASK EPOCH: [2]  [150/269]  eta: 0:01:50  lr: 0.000192  min_lr: 0.000005  loss: 2.6087 (2.5535)  loss_scale: 4096.0000 (2712.5828)  weight_decay: 0.0500 (0.0500)  time: 0.8488  data: 0.0027  max mem: 21507
TASK EPOCH: [2]  [200/269]  eta: 0:01:02  lr: 0.000206  min_lr: 0.000005  loss: 2.5810 (2.5437)  loss_scale: 4096.0000 (3056.7164)  weight_decay: 0.0500 (0.0500)  time: 0.8342  data: 0.0028  max mem: 21507
[2023-08-23 00:23:56,223] [INFO] [fused_optimizer.py:394:_update_scale] No Grad overflow for 128 iterations
[2023-08-23 00:23:56,223] [INFO] [fused_optimizer.py:396:_update_scale] Increasing dynamic loss scale from 4096 to 8192
[2023-08-23 00:23:56,222] [INFO] [fused_optimizer.py:394:_update_scale] No Grad overflow for 128 iterations
[2023-08-23 00:23:56,223] [INFO] [fused_optimizer.py:396:_update_scale] Increasing dynamic loss scale from 4096 to 8192
[2023-08-23 00:23:56,223] [INFO] [fused_optimizer.py:394:_update_scale] No Grad overflow for 128 iterations
[2023-08-23 00:23:56,223] [INFO] [fused_optimizer.py:396:_update_scale] Increasing dynamic loss scale from 4096 to 8192
[2023-08-23 00:23:56,223] [INFO] [fused_optimizer.py:394:_update_scale] No Grad overflow for 128 iterations
[2023-08-23 00:23:56,223] [INFO] [fused_optimizer.py:394:_update_scale] No Grad overflow for 128 iterations
[2023-08-23 00:23:56,224] [INFO] [fused_optimizer.py:396:_update_scale] Increasing dynamic loss scale from 4096 to 8192
[2023-08-23 00:23:56,224] [INFO] [fused_optimizer.py:396:_update_scale] Increasing dynamic loss scale from 4096 to 8192
[2023-08-23 00:23:56,224] [INFO] [fused_optimizer.py:394:_update_scale] No Grad overflow for 128 iterations
[2023-08-23 00:23:56,224] [INFO] [fused_optimizer.py:396:_update_scale] Increasing dynamic loss scale from 4096 to 8192
TASK EPOCH: [2]  [250/269]  eta: 0:00:16  lr: 0.000220  min_lr: 0.000005  loss: 2.5593 (2.5348)  loss_scale: 8192.0000 (3606.4382)  weight_decay: 0.0500 (0.0500)  time: 0.8315  data: 0.0015  max mem: 21507
TASK EPOCH: [2]  [268/269]  eta: 0:00:00  lr: 0.000225  min_lr: 0.000005  loss: 2.4731 (2.5288)  loss_scale: 8192.0000 (3913.2788)  weight_decay: 0.0500 (0.0500)  time: 0.7875  data: 0.0007  max mem: 21507
TASK EPOCH: [2] Total time: 0:03:58 (0.8877 s / it)
Averaged stats: lr: 0.000225  min_lr: 0.000005  loss: 2.4731 (2.5194)  loss_scale: 8192.0000 (3913.2788)  weight_decay: 0.0500 (0.0500)
TASK EPOCH: [3]  [  0/269]  eta: 0:44:10  lr: 0.000225  min_lr: 0.000005  loss: 2.8413 (2.8413)  loss_scale: 8192.0000 (8192.0000)  weight_decay: 0.0500 (0.0500)  time: 9.8538  data: 7.6765  max mem: 21507
TASK EPOCH: [3]  [ 50/269]  eta: 0:03:48  lr: 0.000239  min_lr: 0.000006  loss: 2.4912 (2.3469)  loss_scale: 8192.0000 (8192.0000)  weight_decay: 0.0500 (0.0500)  time: 0.8689  data: 0.0020  max mem: 21507
[2023-08-23 00:25:53,987] [INFO] [fused_optimizer.py:394:_update_scale] No Grad overflow for 128 iterations
[2023-08-23 00:25:53,987] [INFO] [fused_optimizer.py:396:_update_scale] Increasing dynamic loss scale from 8192 to 16384
[2023-08-23 00:25:53,987] [INFO] [fused_optimizer.py:394:_update_scale] No Grad overflow for 128 iterations
[2023-08-23 00:25:53,988] [INFO] [fused_optimizer.py:396:_update_scale] Increasing dynamic loss scale from 8192 to 16384
[2023-08-23 00:25:53,988] [INFO] [fused_optimizer.py:394:_update_scale] No Grad overflow for 128 iterations
[2023-08-23 00:25:53,988] [INFO] [fused_optimizer.py:396:_update_scale] Increasing dynamic loss scale from 8192 to 16384
[2023-08-23 00:25:53,989] [INFO] [fused_optimizer.py:394:_update_scale] No Grad overflow for 128 iterations
[2023-08-23 00:25:53,989] [INFO] [fused_optimizer.py:396:_update_scale] Increasing dynamic loss scale from 8192 to 16384
[2023-08-23 00:25:53,989] [INFO] [fused_optimizer.py:394:_update_scale] No Grad overflow for 128 iterations
[2023-08-23 00:25:53,989] [INFO] [fused_optimizer.py:394:_update_scale] No Grad overflow for 128 iterations
[2023-08-23 00:25:53,989] [INFO] [fused_optimizer.py:396:_update_scale] Increasing dynamic loss scale from 8192 to 16384
[2023-08-23 00:25:53,989] [INFO] [fused_optimizer.py:396:_update_scale] Increasing dynamic loss scale from 8192 to 16384
TASK EPOCH: [3]  [100/269]  eta: 0:02:40  lr: 0.000253  min_lr: 0.000006  loss: 2.3729 (2.3655)  loss_scale: 16384.0000 (9165.3069)  weight_decay: 0.0500 (0.0500)  time: 0.8511  data: 0.0015  max mem: 21507
TASK EPOCH: [3]  [150/269]  eta: 0:01:49  lr: 0.000267  min_lr: 0.000006  loss: 2.4033 (2.3652)  loss_scale: 16384.0000 (11555.6026)  weight_decay: 0.0500 (0.0500)  time: 0.8418  data: 0.0020  max mem: 21507
[2023-08-23 00:27:21,312] [INFO] [logging.py:77:log_dist] [Rank 0] step=1000, skipped=0, lr=[6.622072196997969e-06, 6.622072196997969e-06, 8.829429595997293e-06, 8.829429595997293e-06, 1.1772572794663056e-05, 1.1772572794663056e-05, 1.569676372621741e-05, 1.569676372621741e-05, 2.0929018301623213e-05, 2.0929018301623213e-05, 2.7905357735497615e-05, 2.7905357735497615e-05, 3.7207143647330153e-05, 3.7207143647330153e-05, 4.9609524863106874e-05, 4.9609524863106874e-05, 6.614603315080916e-05, 6.614603315080916e-05, 8.819471086774554e-05, 8.819471086774554e-05, 0.00011759294782366074, 0.00011759294782366074, 0.00015679059709821432, 0.00015679059709821432, 0.00020905412946428575, 0.00020905412946428575, 0.00027873883928571433, 0.00027873883928571433], mom=[[0.9, 0.999], [0.9, 0.999], [0.9, 0.999], [0.9, 0.999], [0.9, 0.999], [0.9, 0.999], [0.9, 0.999], [0.9, 0.999], [0.9, 0.999], [0.9, 0.999], [0.9, 0.999], [0.9, 0.999], [0.9, 0.999], [0.9, 0.999], [0.9, 0.999], [0.9, 0.999], [0.9, 0.999], [0.9, 0.999], [0.9, 0.999], [0.9, 0.999], [0.9, 0.999], [0.9, 0.999], [0.9, 0.999], [0.9, 0.999], [0.9, 0.999], [0.9, 0.999], [0.9, 0.999], [0.9, 0.999]]
[2023-08-23 00:27:21,313] [INFO] [timer.py:209:stop] epoch=0/micro_step=1000/global_step=1000, RunningAvgSamplesPerSec=123.95080869967698, CurrSamplesPerSec=126.2209176170908, MemAllocated=1.24GB, MaxMemAllocated=21.0GB
TASK EPOCH: [3]  [200/269]  eta: 0:01:01  lr: 0.000281  min_lr: 0.000007  loss: 2.4104 (2.3700)  loss_scale: 16384.0000 (12756.6965)  weight_decay: 0.0500 (0.0500)  time: 0.8377  data: 0.0014  max mem: 21507
[2023-08-23 00:27:42,208] [INFO] [fused_optimizer.py:394:_update_scale] No Grad overflow for 128 iterations
[2023-08-23 00:27:42,208] [INFO] [fused_optimizer.py:394:_update_scale] No Grad overflow for 128 iterations
[2023-08-23 00:27:42,208] [INFO] [fused_optimizer.py:396:_update_scale] Increasing dynamic loss scale from 16384 to 32768
[2023-08-23 00:27:42,208] [INFO] [fused_optimizer.py:396:_update_scale] Increasing dynamic loss scale from 16384 to 32768
[2023-08-23 00:27:42,208] [INFO] [fused_optimizer.py:394:_update_scale] No Grad overflow for 128 iterations
[2023-08-23 00:27:42,209] [INFO] [fused_optimizer.py:396:_update_scale] Increasing dynamic loss scale from 16384 to 32768
[2023-08-23 00:27:42,209] [INFO] [fused_optimizer.py:394:_update_scale] No Grad overflow for 128 iterations
[2023-08-23 00:27:42,209] [INFO] [fused_optimizer.py:396:_update_scale] Increasing dynamic loss scale from 16384 to 32768
[2023-08-23 00:27:42,210] [INFO] [fused_optimizer.py:394:_update_scale] No Grad overflow for 128 iterations
[2023-08-23 00:27:42,210] [INFO] [fused_optimizer.py:396:_update_scale] Increasing dynamic loss scale from 16384 to 32768
[2023-08-23 00:27:42,210] [INFO] [fused_optimizer.py:394:_update_scale] No Grad overflow for 128 iterations
[2023-08-23 00:27:42,211] [INFO] [fused_optimizer.py:396:_update_scale] Increasing dynamic loss scale from 16384 to 32768
[2023-08-23 00:27:43,028] [INFO] [fused_optimizer.py:383:_update_scale] 
Grad overflow on iteration 1025
[2023-08-23 00:27:43,028] [INFO] [fused_optimizer.py:383:_update_scale] 
Grad overflow on iteration 1025
[2023-08-23 00:27:43,028] [INFO] [fused_optimizer.py:385:_update_scale] Reducing dynamic loss scale from 32768 to 16384.0
[2023-08-23 00:27:43,028] [INFO] [fused_optimizer.py:385:_update_scale] Reducing dynamic loss scale from 32768 to 16384.0
[2023-08-23 00:27:43,029] [INFO] [fused_optimizer.py:383:_update_scale] 
Grad overflow on iteration 1025
[2023-08-23 00:27:43,029] [INFO] [fused_optimizer.py:385:_update_scale] Reducing dynamic loss scale from 32768 to 16384.0
[2023-08-23 00:27:43,029] [INFO] [fused_optimizer.py:383:_update_scale] 
Grad overflow on iteration 1025
[2023-08-23 00:27:43,029] [INFO] [fused_optimizer.py:383:_update_scale] 
Grad overflow on iteration 1025
[2023-08-23 00:27:43,029] [INFO] [fused_optimizer.py:385:_update_scale] Reducing dynamic loss scale from 32768 to 16384.0
[2023-08-23 00:27:43,029] [INFO] [fused_optimizer.py:385:_update_scale] Reducing dynamic loss scale from 32768 to 16384.0
[2023-08-23 00:27:43,029] [INFO] [logging.py:77:log_dist] [Rank 0] Overflow detected. Skipping step. Attempted loss scale: 32768, reducing to 16384.0
[2023-08-23 00:27:43,032] [INFO] [fused_optimizer.py:383:_update_scale] 
Grad overflow on iteration 1025
[2023-08-23 00:27:43,032] [INFO] [fused_optimizer.py:385:_update_scale] Reducing dynamic loss scale from 32768 to 16384.0
[2023-08-23 00:28:04,718] [INFO] [fused_optimizer.py:383:_update_scale] 
Grad overflow on iteration 1051
[2023-08-23 00:28:04,718] [INFO] [fused_optimizer.py:383:_update_scale] 
Grad overflow on iteration 1051
[2023-08-23 00:28:04,718] [INFO] [fused_optimizer.py:385:_update_scale] Reducing dynamic loss scale from 16384.0 to 8192.0
[2023-08-23 00:28:04,718] [INFO] [fused_optimizer.py:385:_update_scale] Reducing dynamic loss scale from 16384.0 to 8192.0
[2023-08-23 00:28:04,718] [INFO] [fused_optimizer.py:383:_update_scale] 
Grad overflow on iteration 1051
[2023-08-23 00:28:04,718] [INFO] [fused_optimizer.py:383:_update_scale] 
Grad overflow on iteration 1051
[2023-08-23 00:28:04,718] [INFO] [fused_optimizer.py:383:_update_scale] 
Grad overflow on iteration 1051
[2023-08-23 00:28:04,718] [INFO] [fused_optimizer.py:383:_update_scale] 
Grad overflow on iteration 1051
[2023-08-23 00:28:04,718] [INFO] [fused_optimizer.py:385:_update_scale] Reducing dynamic loss scale from 16384.0 to 8192.0
[2023-08-23 00:28:04,718] [INFO] [fused_optimizer.py:385:_update_scale] Reducing dynamic loss scale from 16384.0 to 8192.0
[2023-08-23 00:28:04,718] [INFO] [fused_optimizer.py:385:_update_scale] Reducing dynamic loss scale from 16384.0 to 8192.0
[2023-08-23 00:28:04,718] [INFO] [fused_optimizer.py:385:_update_scale] Reducing dynamic loss scale from 16384.0 to 8192.0
[2023-08-23 00:28:04,718] [INFO] [logging.py:77:log_dist] [Rank 0] Overflow detected. Skipping step. Attempted loss scale: 16384.0, reducing to 8192.0
TASK EPOCH: [3]  [250/269]  eta: 0:00:16  lr: 0.000295  min_lr: 0.000007  loss: 2.3875 (2.3701)  loss_scale: 16384.0000 (13316.0797)  weight_decay: 0.0500 (0.0500)  time: 0.8357  data: 0.0014  max mem: 21507
TASK EPOCH: [3]  [268/269]  eta: 0:00:00  lr: 0.000300  min_lr: 0.000007  loss: 2.3703 (2.3626)  loss_scale: 8192.0000 (12973.2045)  weight_decay: 0.0500 (0.0500)  time: 0.7854  data: 0.0007  max mem: 21507
TASK EPOCH: [3] Total time: 0:03:56 (0.8802 s / it)
Averaged stats: lr: 0.000300  min_lr: 0.000007  loss: 2.3703 (2.3813)  loss_scale: 8192.0000 (12973.2045)  weight_decay: 0.0500 (0.0500)
TASK EPOCH: [4]  [  0/269]  eta: 0:46:42  lr: 0.000300  min_lr: 0.000007  loss: 2.8890 (2.8890)  loss_scale: 8192.0000 (8192.0000)  weight_decay: 0.0500 (0.0500)  time: 10.4165  data: 6.1340  max mem: 21507
TASK EPOCH: [4]  [ 50/269]  eta: 0:03:56  lr: 0.000314  min_lr: 0.000007  loss: 2.3862 (2.3370)  loss_scale: 8192.0000 (8192.0000)  weight_decay: 0.0500 (0.0500)  time: 0.8593  data: 0.0016  max mem: 21507
TASK EPOCH: [4]  [100/269]  eta: 0:02:44  lr: 0.000328  min_lr: 0.000008  loss: 2.3095 (2.3343)  loss_scale: 8192.0000 (8192.0000)  weight_decay: 0.0500 (0.0500)  time: 0.8675  data: 0.0021  max mem: 21507
[2023-08-23 00:30:05,722] [INFO] [fused_optimizer.py:394:_update_scale] No Grad overflow for 128 iterations
[2023-08-23 00:30:05,723] [INFO] [fused_optimizer.py:396:_update_scale] Increasing dynamic loss scale from 8192.0 to 16384.0
[2023-08-23 00:30:05,723] [INFO] [fused_optimizer.py:394:_update_scale] No Grad overflow for 128 iterations
[2023-08-23 00:30:05,724] [INFO] [fused_optimizer.py:396:_update_scale] Increasing dynamic loss scale from 8192.0 to 16384.0
[2023-08-23 00:30:05,724] [INFO] [fused_optimizer.py:394:_update_scale] No Grad overflow for 128 iterations
[2023-08-23 00:30:05,725] [INFO] [fused_optimizer.py:396:_update_scale] Increasing dynamic loss scale from 8192.0 to 16384.0
[2023-08-23 00:30:05,725] [INFO] [fused_optimizer.py:394:_update_scale] No Grad overflow for 128 iterations
[2023-08-23 00:30:05,725] [INFO] [fused_optimizer.py:396:_update_scale] Increasing dynamic loss scale from 8192.0 to 16384.0
[2023-08-23 00:30:05,725] [INFO] [fused_optimizer.py:394:_update_scale] No Grad overflow for 128 iterations
[2023-08-23 00:30:05,725] [INFO] [fused_optimizer.py:396:_update_scale] Increasing dynamic loss scale from 8192.0 to 16384.0
[2023-08-23 00:30:05,735] [INFO] [fused_optimizer.py:394:_update_scale] No Grad overflow for 128 iterations
[2023-08-23 00:30:05,735] [INFO] [fused_optimizer.py:396:_update_scale] Increasing dynamic loss scale from 8192.0 to 16384.0
[2023-08-23 00:30:07,398] [INFO] [fused_optimizer.py:383:_update_scale] 
Grad overflow on iteration 1182
[2023-08-23 00:30:07,398] [INFO] [fused_optimizer.py:385:_update_scale] Reducing dynamic loss scale from 16384.0 to 8192.0
[2023-08-23 00:30:07,398] [INFO] [fused_optimizer.py:383:_update_scale] 
Grad overflow on iteration 1182
[2023-08-23 00:30:07,399] [INFO] [fused_optimizer.py:385:_update_scale] Reducing dynamic loss scale from 16384.0 to 8192.0
[2023-08-23 00:30:07,398] [INFO] [fused_optimizer.py:383:_update_scale] 
Grad overflow on iteration 1182
[2023-08-23 00:30:07,398] [INFO] [fused_optimizer.py:383:_update_scale] 
Grad overflow on iteration 1182
[2023-08-23 00:30:07,399] [INFO] [fused_optimizer.py:383:_update_scale] 
Grad overflow on iteration 1182
[2023-08-23 00:30:07,399] [INFO] [fused_optimizer.py:385:_update_scale] Reducing dynamic loss scale from 16384.0 to 8192.0
[2023-08-23 00:30:07,399] [INFO] [fused_optimizer.py:385:_update_scale] Reducing dynamic loss scale from 16384.0 to 8192.0
[2023-08-23 00:30:07,399] [INFO] [fused_optimizer.py:385:_update_scale] Reducing dynamic loss scale from 16384.0 to 8192.0
[2023-08-23 00:30:07,399] [INFO] [fused_optimizer.py:383:_update_scale] 
Grad overflow on iteration 1182
[2023-08-23 00:30:07,399] [INFO] [logging.py:77:log_dist] [Rank 0] Overflow detected. Skipping step. Attempted loss scale: 16384.0, reducing to 8192.0
[2023-08-23 00:30:07,399] [INFO] [fused_optimizer.py:385:_update_scale] Reducing dynamic loss scale from 16384.0 to 8192.0
TASK EPOCH: [4]  [150/269]  eta: 0:01:50  lr: 0.000342  min_lr: 0.000008  loss: 2.2364 (2.3440)  loss_scale: 8192.0000 (8300.5033)  weight_decay: 0.0500 (0.0500)  time: 0.8443  data: 0.0013  max mem: 21507
TASK EPOCH: [4]  [200/269]  eta: 0:01:02  lr: 0.000356  min_lr: 0.000008  loss: 2.3822 (2.3396)  loss_scale: 8192.0000 (8273.5124)  weight_decay: 0.0500 (0.0500)  time: 0.8457  data: 0.0024  max mem: 21507
[2023-08-23 00:31:56,820] [INFO] [fused_optimizer.py:394:_update_scale] No Grad overflow for 128 iterations
[2023-08-23 00:31:56,820] [INFO] [fused_optimizer.py:394:_update_scale] No Grad overflow for 128 iterations
[2023-08-23 00:31:56,820] [INFO] [fused_optimizer.py:396:_update_scale] Increasing dynamic loss scale from 8192.0 to 16384.0
[2023-08-23 00:31:56,820] [INFO] [fused_optimizer.py:396:_update_scale] Increasing dynamic loss scale from 8192.0 to 16384.0
[2023-08-23 00:31:56,820] [INFO] [fused_optimizer.py:394:_update_scale] No Grad overflow for 128 iterations
[2023-08-23 00:31:56,820] [INFO] [fused_optimizer.py:396:_update_scale] Increasing dynamic loss scale from 8192.0 to 16384.0
[2023-08-23 00:31:56,821] [INFO] [fused_optimizer.py:394:_update_scale] No Grad overflow for 128 iterations
[2023-08-23 00:31:56,821] [INFO] [fused_optimizer.py:396:_update_scale] Increasing dynamic loss scale from 8192.0 to 16384.0
[2023-08-23 00:31:56,823] [INFO] [fused_optimizer.py:394:_update_scale] No Grad overflow for 128 iterations
[2023-08-23 00:31:56,823] [INFO] [fused_optimizer.py:396:_update_scale] Increasing dynamic loss scale from 8192.0 to 16384.0
[2023-08-23 00:31:56,824] [INFO] [fused_optimizer.py:394:_update_scale] No Grad overflow for 128 iterations
[2023-08-23 00:31:56,824] [INFO] [fused_optimizer.py:396:_update_scale] Increasing dynamic loss scale from 8192.0 to 16384.0
[2023-08-23 00:32:01,884] [INFO] [fused_optimizer.py:383:_update_scale] 
Grad overflow on iteration 1317
[2023-08-23 00:32:01,884] [INFO] [fused_optimizer.py:385:_update_scale] Reducing dynamic loss scale from 16384.0 to 8192.0
[2023-08-23 00:32:01,884] [INFO] [fused_optimizer.py:383:_update_scale] 
Grad overflow on iteration 1317
[2023-08-23 00:32:01,884] [INFO] [fused_optimizer.py:383:_update_scale] 
Grad overflow on iteration 1317
[2023-08-23 00:32:01,885] [INFO] [fused_optimizer.py:385:_update_scale] Reducing dynamic loss scale from 16384.0 to 8192.0
[2023-08-23 00:32:01,885] [INFO] [fused_optimizer.py:385:_update_scale] Reducing dynamic loss scale from 16384.0 to 8192.0
[2023-08-23 00:32:01,885] [INFO] [fused_optimizer.py:383:_update_scale] 
Grad overflow on iteration 1317
[2023-08-23 00:32:01,886] [INFO] [fused_optimizer.py:383:_update_scale] 
Grad overflow on iteration 1317
[2023-08-23 00:32:01,886] [INFO] [fused_optimizer.py:385:_update_scale] Reducing dynamic loss scale from 16384.0 to 8192.0
[2023-08-23 00:32:01,886] [INFO] [fused_optimizer.py:385:_update_scale] Reducing dynamic loss scale from 16384.0 to 8192.0
[2023-08-23 00:32:01,886] [INFO] [logging.py:77:log_dist] [Rank 0] Overflow detected. Skipping step. Attempted loss scale: 16384.0, reducing to 8192.0
[2023-08-23 00:32:01,889] [INFO] [fused_optimizer.py:383:_update_scale] 
Grad overflow on iteration 1317
[2023-08-23 00:32:01,889] [INFO] [fused_optimizer.py:385:_update_scale] Reducing dynamic loss scale from 16384.0 to 8192.0
TASK EPOCH: [4]  [250/269]  eta: 0:00:17  lr: 0.000370  min_lr: 0.000009  loss: 2.0222 (2.3196)  loss_scale: 8192.0000 (8453.0996)  weight_decay: 0.0500 (0.0500)  time: 0.8440  data: 0.0018  max mem: 21507
TASK EPOCH: [4]  [268/269]  eta: 0:00:00  lr: 0.000375  min_lr: 0.000009  loss: 2.2502 (2.3172)  loss_scale: 8192.0000 (8435.6283)  weight_decay: 0.0500 (0.0500)  time: 0.7904  data: 0.0007  max mem: 21507
TASK EPOCH: [4] Total time: 0:03:59 (0.8915 s / it)
Averaged stats: lr: 0.000375  min_lr: 0.000009  loss: 2.2502 (2.3106)  loss_scale: 8192.0000 (8435.6283)  weight_decay: 0.0500 (0.0500)
TASK EPOCH: [5]  [  0/269]  eta: 0:51:51  lr: 0.000375  min_lr: 0.000009  loss: 1.8040 (1.8040)  loss_scale: 8192.0000 (8192.0000)  weight_decay: 0.0500 (0.0500)  time: 11.5664  data: 9.3345  max mem: 21507
TASK EPOCH: [5]  [ 50/269]  eta: 0:04:03  lr: 0.000375  min_lr: 0.000009  loss: 2.2810 (2.3336)  loss_scale: 8192.0000 (8192.0000)  weight_decay: 0.0500 (0.0500)  time: 0.8812  data: 0.0018  max mem: 21507
TASK EPOCH: [5]  [100/269]  eta: 0:02:46  lr: 0.000375  min_lr: 0.000009  loss: 2.2307 (2.3138)  loss_scale: 8192.0000 (8192.0000)  weight_decay: 0.0500 (0.0500)  time: 0.8540  data: 0.0019  max mem: 21507
[2023-08-23 00:34:04,327] [INFO] [fused_optimizer.py:394:_update_scale] No Grad overflow for 128 iterations
[2023-08-23 00:34:04,327] [INFO] [fused_optimizer.py:396:_update_scale] Increasing dynamic loss scale from 8192.0 to 16384.0
[2023-08-23 00:34:04,327] [INFO] [fused_optimizer.py:394:_update_scale] No Grad overflow for 128 iterations
[2023-08-23 00:34:04,328] [INFO] [fused_optimizer.py:396:_update_scale] Increasing dynamic loss scale from 8192.0 to 16384.0
[2023-08-23 00:34:04,328] [INFO] [fused_optimizer.py:394:_update_scale] No Grad overflow for 128 iterations
[2023-08-23 00:34:04,328] [INFO] [fused_optimizer.py:394:_update_scale] No Grad overflow for 128 iterations
[2023-08-23 00:34:04,328] [INFO] [fused_optimizer.py:396:_update_scale] Increasing dynamic loss scale from 8192.0 to 16384.0
[2023-08-23 00:34:04,328] [INFO] [fused_optimizer.py:396:_update_scale] Increasing dynamic loss scale from 8192.0 to 16384.0
[2023-08-23 00:34:04,329] [INFO] [fused_optimizer.py:394:_update_scale] No Grad overflow for 128 iterations
[2023-08-23 00:34:04,329] [INFO] [fused_optimizer.py:396:_update_scale] Increasing dynamic loss scale from 8192.0 to 16384.0
[2023-08-23 00:34:04,329] [INFO] [fused_optimizer.py:394:_update_scale] No Grad overflow for 128 iterations
[2023-08-23 00:34:04,330] [INFO] [fused_optimizer.py:396:_update_scale] Increasing dynamic loss scale from 8192.0 to 16384.0
[2023-08-23 00:34:06,069] [INFO] [fused_optimizer.py:383:_update_scale] 
Grad overflow on iteration 1448
[2023-08-23 00:34:06,069] [INFO] [fused_optimizer.py:385:_update_scale] Reducing dynamic loss scale from 16384.0 to 8192.0
[2023-08-23 00:34:06,069] [INFO] [fused_optimizer.py:383:_update_scale] 
Grad overflow on iteration 1448
[2023-08-23 00:34:06,069] [INFO] [fused_optimizer.py:383:_update_scale] 
Grad overflow on iteration 1448
[2023-08-23 00:34:06,069] [INFO] [fused_optimizer.py:385:_update_scale] Reducing dynamic loss scale from 16384.0 to 8192.0
[2023-08-23 00:34:06,069] [INFO] [fused_optimizer.py:385:_update_scale] Reducing dynamic loss scale from 16384.0 to 8192.0
[2023-08-23 00:34:06,069] [INFO] [fused_optimizer.py:383:_update_scale] 
Grad overflow on iteration 1448
[2023-08-23 00:34:06,069] [INFO] [fused_optimizer.py:385:_update_scale] Reducing dynamic loss scale from 16384.0 to 8192.0
[2023-08-23 00:34:06,070] [INFO] [fused_optimizer.py:383:_update_scale] 
Grad overflow on iteration 1448
[2023-08-23 00:34:06,070] [INFO] [fused_optimizer.py:385:_update_scale] Reducing dynamic loss scale from 16384.0 to 8192.0
[2023-08-23 00:34:06,071] [INFO] [logging.py:77:log_dist] [Rank 0] Overflow detected. Skipping step. Attempted loss scale: 16384.0, reducing to 8192.0
[2023-08-23 00:34:06,082] [INFO] [fused_optimizer.py:383:_update_scale] 
Grad overflow on iteration 1448
[2023-08-23 00:34:06,082] [INFO] [fused_optimizer.py:385:_update_scale] Reducing dynamic loss scale from 16384.0 to 8192.0
TASK EPOCH: [5]  [150/269]  eta: 0:01:51  lr: 0.000375  min_lr: 0.000009  loss: 1.9407 (2.2512)  loss_scale: 8192.0000 (8300.5033)  weight_decay: 0.0500 (0.0500)  time: 0.8501  data: 0.0014  max mem: 21507
TASK EPOCH: [5]  [200/269]  eta: 0:01:03  lr: 0.000375  min_lr: 0.000009  loss: 2.2509 (2.2681)  loss_scale: 8192.0000 (8273.5124)  weight_decay: 0.0500 (0.0500)  time: 0.8459  data: 0.0019  max mem: 21507
[2023-08-23 00:35:55,642] [INFO] [fused_optimizer.py:394:_update_scale] No Grad overflow for 128 iterations
[2023-08-23 00:35:55,642] [INFO] [fused_optimizer.py:394:_update_scale] No Grad overflow for 128 iterations
[2023-08-23 00:35:55,643] [INFO] [fused_optimizer.py:394:_update_scale] No Grad overflow for 128 iterations
[2023-08-23 00:35:55,643] [INFO] [fused_optimizer.py:394:_update_scale] No Grad overflow for 128 iterations
[2023-08-23 00:35:55,643] [INFO] [fused_optimizer.py:396:_update_scale] Increasing dynamic loss scale from 8192.0 to 16384.0
[2023-08-23 00:35:55,643] [INFO] [fused_optimizer.py:396:_update_scale] Increasing dynamic loss scale from 8192.0 to 16384.0
[2023-08-23 00:35:55,643] [INFO] [fused_optimizer.py:396:_update_scale] Increasing dynamic loss scale from 8192.0 to 16384.0
[2023-08-23 00:35:55,643] [INFO] [fused_optimizer.py:396:_update_scale] Increasing dynamic loss scale from 8192.0 to 16384.0
[2023-08-23 00:35:55,644] [INFO] [fused_optimizer.py:394:_update_scale] No Grad overflow for 128 iterations
[2023-08-23 00:35:55,644] [INFO] [fused_optimizer.py:396:_update_scale] Increasing dynamic loss scale from 8192.0 to 16384.0
[2023-08-23 00:35:55,650] [INFO] [fused_optimizer.py:394:_update_scale] No Grad overflow for 128 iterations
[2023-08-23 00:35:55,650] [INFO] [fused_optimizer.py:396:_update_scale] Increasing dynamic loss scale from 8192.0 to 16384.0
TASK EPOCH: [5]  [250/269]  eta: 0:00:17  lr: 0.000375  min_lr: 0.000009  loss: 2.2388 (2.2452)  loss_scale: 16384.0000 (8877.3865)  weight_decay: 0.0500 (0.0500)  time: 0.8462  data: 0.0020  max mem: 21507
[2023-08-23 00:36:17,219] [INFO] [fused_optimizer.py:383:_update_scale] 
Grad overflow on iteration 1603
[2023-08-23 00:36:17,219] [INFO] [fused_optimizer.py:383:_update_scale] 
Grad overflow on iteration 1603
[2023-08-23 00:36:17,219] [INFO] [fused_optimizer.py:383:_update_scale] 
Grad overflow on iteration 1603
[2023-08-23 00:36:17,219] [INFO] [fused_optimizer.py:385:_update_scale] Reducing dynamic loss scale from 16384.0 to 8192.0
[2023-08-23 00:36:17,219] [INFO] [fused_optimizer.py:385:_update_scale] Reducing dynamic loss scale from 16384.0 to 8192.0
[2023-08-23 00:36:17,219] [INFO] [fused_optimizer.py:383:_update_scale] 
Grad overflow on iteration 1603
[2023-08-23 00:36:17,219] [INFO] [fused_optimizer.py:385:_update_scale] Reducing dynamic loss scale from 16384.0 to 8192.0
[2023-08-23 00:36:17,219] [INFO] [fused_optimizer.py:385:_update_scale] Reducing dynamic loss scale from 16384.0 to 8192.0
[2023-08-23 00:36:17,219] [INFO] [fused_optimizer.py:383:_update_scale] 
Grad overflow on iteration 1603
[2023-08-23 00:36:17,219] [INFO] [fused_optimizer.py:385:_update_scale] Reducing dynamic loss scale from 16384.0 to 8192.0
[2023-08-23 00:36:17,219] [INFO] [fused_optimizer.py:383:_update_scale] 
Grad overflow on iteration 1603
[2023-08-23 00:36:17,220] [INFO] [fused_optimizer.py:385:_update_scale] Reducing dynamic loss scale from 16384.0 to 8192.0
[2023-08-23 00:36:17,220] [INFO] [logging.py:77:log_dist] [Rank 0] Overflow detected. Skipping step. Attempted loss scale: 16384.0, reducing to 8192.0
TASK EPOCH: [5]  [268/269]  eta: 0:00:00  lr: 0.000375  min_lr: 0.000009  loss: 2.3678 (2.2507)  loss_scale: 8192.0000 (9044.6989)  weight_decay: 0.0500 (0.0500)  time: 0.7894  data: 0.0006  max mem: 21507
TASK EPOCH: [5] Total time: 0:04:01 (0.8975 s / it)
Averaged stats: lr: 0.000375  min_lr: 0.000009  loss: 2.3678 (2.2484)  loss_scale: 8192.0000 (9044.6989)  weight_decay: 0.0500 (0.0500)
TASK EPOCH: [6]  [  0/269]  eta: 0:46:22  lr: 0.000375  min_lr: 0.000009  loss: 1.7284 (1.7284)  loss_scale: 8192.0000 (8192.0000)  weight_decay: 0.0500 (0.0500)  time: 10.3436  data: 5.6321  max mem: 21507
TASK EPOCH: [6]  [ 50/269]  eta: 0:03:52  lr: 0.000374  min_lr: 0.000009  loss: 1.9367 (2.0982)  loss_scale: 8192.0000 (8192.0000)  weight_decay: 0.0500 (0.0500)  time: 0.8501  data: 0.0018  max mem: 21507
TASK EPOCH: [6]  [100/269]  eta: 0:02:42  lr: 0.000374  min_lr: 0.000009  loss: 2.3628 (2.1677)  loss_scale: 8192.0000 (8192.0000)  weight_decay: 0.0500 (0.0500)  time: 0.8507  data: 0.0015  max mem: 21507
[2023-08-23 00:38:17,763] [INFO] [fused_optimizer.py:394:_update_scale] No Grad overflow for 128 iterations
[2023-08-23 00:38:17,764] [INFO] [fused_optimizer.py:394:_update_scale] No Grad overflow for 128 iterations
[2023-08-23 00:38:17,764] [INFO] [fused_optimizer.py:396:_update_scale] Increasing dynamic loss scale from 8192.0 to 16384.0
[2023-08-23 00:38:17,764] [INFO] [fused_optimizer.py:396:_update_scale] Increasing dynamic loss scale from 8192.0 to 16384.0
[2023-08-23 00:38:17,764] [INFO] [fused_optimizer.py:394:_update_scale] No Grad overflow for 128 iterations
[2023-08-23 00:38:17,764] [INFO] [fused_optimizer.py:396:_update_scale] Increasing dynamic loss scale from 8192.0 to 16384.0
[2023-08-23 00:38:17,765] [INFO] [fused_optimizer.py:394:_update_scale] No Grad overflow for 128 iterations
[2023-08-23 00:38:17,765] [INFO] [fused_optimizer.py:394:_update_scale] No Grad overflow for 128 iterations
[2023-08-23 00:38:17,765] [INFO] [fused_optimizer.py:396:_update_scale] Increasing dynamic loss scale from 8192.0 to 16384.0
[2023-08-23 00:38:17,765] [INFO] [fused_optimizer.py:396:_update_scale] Increasing dynamic loss scale from 8192.0 to 16384.0
[2023-08-23 00:38:17,774] [INFO] [fused_optimizer.py:394:_update_scale] No Grad overflow for 128 iterations
[2023-08-23 00:38:17,774] [INFO] [fused_optimizer.py:396:_update_scale] Increasing dynamic loss scale from 8192.0 to 16384.0
[2023-08-23 00:38:22,895] [INFO] [fused_optimizer.py:383:_update_scale] 
Grad overflow on iteration 1738
[2023-08-23 00:38:22,895] [INFO] [fused_optimizer.py:385:_update_scale] Reducing dynamic loss scale from 16384.0 to 8192.0
[2023-08-23 00:38:22,895] [INFO] [fused_optimizer.py:383:_update_scale] 
Grad overflow on iteration 1738
[2023-08-23 00:38:22,895] [INFO] [fused_optimizer.py:385:_update_scale] Reducing dynamic loss scale from 16384.0 to 8192.0
[2023-08-23 00:38:22,896] [INFO] [logging.py:77:log_dist] [Rank 0] Overflow detected. Skipping step. Attempted loss scale: 16384.0, reducing to 8192.0
[2023-08-23 00:38:22,897] [INFO] [fused_optimizer.py:383:_update_scale] 
Grad overflow on iteration 1738
[2023-08-23 00:38:22,897] [INFO] [fused_optimizer.py:385:_update_scale] Reducing dynamic loss scale from 16384.0 to 8192.0
[2023-08-23 00:38:22,898] [INFO] [fused_optimizer.py:383:_update_scale] 
Grad overflow on iteration 1738
[2023-08-23 00:38:22,899] [INFO] [fused_optimizer.py:385:_update_scale] Reducing dynamic loss scale from 16384.0 to 8192.0
[2023-08-23 00:38:22,902] [INFO] [fused_optimizer.py:383:_update_scale] 
Grad overflow on iteration 1738
[2023-08-23 00:38:22,902] [INFO] [fused_optimizer.py:385:_update_scale] Reducing dynamic loss scale from 16384.0 to 8192.0
[2023-08-23 00:38:22,906] [INFO] [fused_optimizer.py:383:_update_scale] 
Grad overflow on iteration 1738
[2023-08-23 00:38:22,906] [INFO] [fused_optimizer.py:385:_update_scale] Reducing dynamic loss scale from 16384.0 to 8192.0
TASK EPOCH: [6]  [150/269]  eta: 0:01:49  lr: 0.000374  min_lr: 0.000009  loss: 2.0704 (2.1691)  loss_scale: 8192.0000 (8517.5099)  weight_decay: 0.0500 (0.0500)  time: 0.8503  data: 0.0022  max mem: 21507
TASK EPOCH: [6]  [200/269]  eta: 0:01:02  lr: 0.000374  min_lr: 0.000009  loss: 2.1288 (2.1762)  loss_scale: 8192.0000 (8436.5373)  weight_decay: 0.0500 (0.0500)  time: 0.8399  data: 0.0022  max mem: 21507
TASK EPOCH: [6]  [250/269]  eta: 0:00:16  lr: 0.000373  min_lr: 0.000009  loss: 2.1835 (2.1702)  loss_scale: 8192.0000 (8387.8247)  weight_decay: 0.0500 (0.0500)  time: 0.8366  data: 0.0012  max mem: 21507
[2023-08-23 00:40:11,250] [INFO] [fused_optimizer.py:394:_update_scale] No Grad overflow for 128 iterations
[2023-08-23 00:40:11,250] [INFO] [fused_optimizer.py:396:_update_scale] Increasing dynamic loss scale from 8192.0 to 16384.0
[2023-08-23 00:40:11,250] [INFO] [fused_optimizer.py:394:_update_scale] No Grad overflow for 128 iterations
[2023-08-23 00:40:11,250] [INFO] [fused_optimizer.py:394:_update_scale] No Grad overflow for 128 iterations
[2023-08-23 00:40:11,250] [INFO] [fused_optimizer.py:396:_update_scale] Increasing dynamic loss scale from 8192.0 to 16384.0
[2023-08-23 00:40:11,250] [INFO] [fused_optimizer.py:394:_update_scale] No Grad overflow for 128 iterations
[2023-08-23 00:40:11,250] [INFO] [fused_optimizer.py:396:_update_scale] Increasing dynamic loss scale from 8192.0 to 16384.0
[2023-08-23 00:40:11,250] [INFO] [fused_optimizer.py:396:_update_scale] Increasing dynamic loss scale from 8192.0 to 16384.0
[2023-08-23 00:40:11,251] [INFO] [fused_optimizer.py:394:_update_scale] No Grad overflow for 128 iterations
[2023-08-23 00:40:11,251] [INFO] [fused_optimizer.py:396:_update_scale] Increasing dynamic loss scale from 8192.0 to 16384.0
[2023-08-23 00:40:11,251] [INFO] [fused_optimizer.py:394:_update_scale] No Grad overflow for 128 iterations
[2023-08-23 00:40:11,251] [INFO] [fused_optimizer.py:396:_update_scale] Increasing dynamic loss scale from 8192.0 to 16384.0
[2023-08-23 00:40:15,181] [INFO] [fused_optimizer.py:383:_update_scale] 
Grad overflow on iteration 1872
[2023-08-23 00:40:15,181] [INFO] [fused_optimizer.py:385:_update_scale] Reducing dynamic loss scale from 16384.0 to 8192.0
[2023-08-23 00:40:15,181] [INFO] [fused_optimizer.py:383:_update_scale] 
Grad overflow on iteration 1872
[2023-08-23 00:40:15,181] [INFO] [fused_optimizer.py:383:_update_scale] 
Grad overflow on iteration 1872
[2023-08-23 00:40:15,181] [INFO] [fused_optimizer.py:383:_update_scale] 
Grad overflow on iteration 1872
[2023-08-23 00:40:15,182] [INFO] [fused_optimizer.py:385:_update_scale] Reducing dynamic loss scale from 16384.0 to 8192.0
[2023-08-23 00:40:15,182] [INFO] [fused_optimizer.py:385:_update_scale] Reducing dynamic loss scale from 16384.0 to 8192.0
[2023-08-23 00:40:15,182] [INFO] [fused_optimizer.py:383:_update_scale] 
Grad overflow on iteration 1872
[2023-08-23 00:40:15,182] [INFO] [fused_optimizer.py:385:_update_scale] Reducing dynamic loss scale from 16384.0 to 8192.0
[2023-08-23 00:40:15,182] [INFO] [logging.py:77:log_dist] [Rank 0] Overflow detected. Skipping step. Attempted loss scale: 16384.0, reducing to 8192.0
[2023-08-23 00:40:15,182] [INFO] [fused_optimizer.py:385:_update_scale] Reducing dynamic loss scale from 16384.0 to 8192.0
[2023-08-23 00:40:15,182] [INFO] [fused_optimizer.py:383:_update_scale] 
Grad overflow on iteration 1872
[2023-08-23 00:40:15,182] [INFO] [fused_optimizer.py:385:_update_scale] Reducing dynamic loss scale from 16384.0 to 8192.0
TASK EPOCH: [6]  [268/269]  eta: 0:00:00  lr: 0.000373  min_lr: 0.000009  loss: 2.1273 (2.1639)  loss_scale: 8192.0000 (8526.9888)  weight_decay: 0.0500 (0.0500)  time: 0.7875  data: 0.0007  max mem: 21507
TASK EPOCH: [6] Total time: 0:03:57 (0.8847 s / it)
Averaged stats: lr: 0.000373  min_lr: 0.000009  loss: 2.1273 (2.1809)  loss_scale: 8192.0000 (8526.9888)  weight_decay: 0.0500 (0.0500)
TASK EPOCH: [7]  [  0/269]  eta: 0:47:34  lr: 0.000373  min_lr: 0.000009  loss: 2.7732 (2.7732)  loss_scale: 8192.0000 (8192.0000)  weight_decay: 0.0500 (0.0500)  time: 10.6130  data: 5.0021  max mem: 21507
TASK EPOCH: [7]  [ 50/269]  eta: 0:04:00  lr: 0.000373  min_lr: 0.000009  loss: 2.0117 (2.0817)  loss_scale: 8192.0000 (8192.0000)  weight_decay: 0.0500 (0.0500)  time: 0.8600  data: 0.0013  max mem: 21507
TASK EPOCH: [7]  [100/269]  eta: 0:02:46  lr: 0.000372  min_lr: 0.000009  loss: 2.0147 (2.0604)  loss_scale: 8192.0000 (8192.0000)  weight_decay: 0.0500 (0.0500)  time: 0.8874  data: 0.0018  max mem: 21507
[2023-08-23 00:42:16,054] [INFO] [logging.py:77:log_dist] [Rank 0] step=2000, skipped=8, lr=[8.845027626442093e-06, 8.845027626442093e-06, 1.1793370168589456e-05, 1.1793370168589456e-05, 1.5724493558119275e-05, 1.5724493558119275e-05, 2.09659914108257e-05, 2.09659914108257e-05, 2.7954655214434267e-05, 2.7954655214434267e-05, 3.727287361924569e-05, 3.727287361924569e-05, 4.9697164825660914e-05, 4.9697164825660914e-05, 6.626288643421456e-05, 6.626288643421456e-05, 8.835051524561941e-05, 8.835051524561941e-05, 0.00011780068699415921, 0.00011780068699415921, 0.00015706758265887895, 0.00015706758265887895, 0.00020942344354517192, 0.00020942344354517192, 0.00027923125806022923, 0.00027923125806022923, 0.00037230834408030566, 0.00037230834408030566], mom=[[0.9, 0.999], [0.9, 0.999], [0.9, 0.999], [0.9, 0.999], [0.9, 0.999], [0.9, 0.999], [0.9, 0.999], [0.9, 0.999], [0.9, 0.999], [0.9, 0.999], [0.9, 0.999], [0.9, 0.999], [0.9, 0.999], [0.9, 0.999], [0.9, 0.999], [0.9, 0.999], [0.9, 0.999], [0.9, 0.999], [0.9, 0.999], [0.9, 0.999], [0.9, 0.999], [0.9, 0.999], [0.9, 0.999], [0.9, 0.999], [0.9, 0.999], [0.9, 0.999], [0.9, 0.999], [0.9, 0.999]]
[2023-08-23 00:42:16,057] [INFO] [timer.py:209:stop] epoch=0/micro_step=2000/global_step=2000, RunningAvgSamplesPerSec=122.62708024597838, CurrSamplesPerSec=127.29005179129338, MemAllocated=1.24GB, MaxMemAllocated=21.0GB
[2023-08-23 00:42:17,709] [INFO] [fused_optimizer.py:394:_update_scale] No Grad overflow for 128 iterations
[2023-08-23 00:42:17,709] [INFO] [fused_optimizer.py:396:_update_scale] Increasing dynamic loss scale from 8192.0 to 16384.0
[2023-08-23 00:42:17,709] [INFO] [fused_optimizer.py:394:_update_scale] No Grad overflow for 128 iterations
[2023-08-23 00:42:17,709] [INFO] [fused_optimizer.py:394:_update_scale] No Grad overflow for 128 iterations
[2023-08-23 00:42:17,709] [INFO] [fused_optimizer.py:394:_update_scale] No Grad overflow for 128 iterations
[2023-08-23 00:42:17,709] [INFO] [fused_optimizer.py:396:_update_scale] Increasing dynamic loss scale from 8192.0 to 16384.0
[2023-08-23 00:42:17,709] [INFO] [fused_optimizer.py:396:_update_scale] Increasing dynamic loss scale from 8192.0 to 16384.0
[2023-08-23 00:42:17,709] [INFO] [fused_optimizer.py:396:_update_scale] Increasing dynamic loss scale from 8192.0 to 16384.0
[2023-08-23 00:42:17,709] [INFO] [fused_optimizer.py:394:_update_scale] No Grad overflow for 128 iterations
[2023-08-23 00:42:17,709] [INFO] [fused_optimizer.py:396:_update_scale] Increasing dynamic loss scale from 8192.0 to 16384.0
[2023-08-23 00:42:17,709] [INFO] [fused_optimizer.py:394:_update_scale] No Grad overflow for 128 iterations
[2023-08-23 00:42:17,709] [INFO] [fused_optimizer.py:396:_update_scale] Increasing dynamic loss scale from 8192.0 to 16384.0
[2023-08-23 00:42:20,257] [INFO] [fused_optimizer.py:383:_update_scale] 
Grad overflow on iteration 2004
[2023-08-23 00:42:20,257] [INFO] [fused_optimizer.py:385:_update_scale] Reducing dynamic loss scale from 16384.0 to 8192.0
[2023-08-23 00:42:20,257] [INFO] [logging.py:77:log_dist] [Rank 0] Overflow detected. Skipping step. Attempted loss scale: 16384.0, reducing to 8192.0
[2023-08-23 00:42:20,257] [INFO] [fused_optimizer.py:383:_update_scale] 
Grad overflow on iteration 2004
[2023-08-23 00:42:20,257] [INFO] [fused_optimizer.py:383:_update_scale] 
Grad overflow on iteration 2004
[2023-08-23 00:42:20,258] [INFO] [fused_optimizer.py:385:_update_scale] Reducing dynamic loss scale from 16384.0 to 8192.0
[2023-08-23 00:42:20,258] [INFO] [fused_optimizer.py:385:_update_scale] Reducing dynamic loss scale from 16384.0 to 8192.0
[2023-08-23 00:42:20,258] [INFO] [fused_optimizer.py:383:_update_scale] 
Grad overflow on iteration 2004
[2023-08-23 00:42:20,258] [INFO] [fused_optimizer.py:385:_update_scale] Reducing dynamic loss scale from 16384.0 to 8192.0
[2023-08-23 00:42:20,258] [INFO] [fused_optimizer.py:383:_update_scale] 
Grad overflow on iteration 2004
[2023-08-23 00:42:20,258] [INFO] [fused_optimizer.py:385:_update_scale] Reducing dynamic loss scale from 16384.0 to 8192.0
[2023-08-23 00:42:20,258] [INFO] [fused_optimizer.py:383:_update_scale] 
Grad overflow on iteration 2004
[2023-08-23 00:42:20,259] [INFO] [fused_optimizer.py:385:_update_scale] Reducing dynamic loss scale from 16384.0 to 8192.0
TASK EPOCH: [7]  [150/269]  eta: 0:01:51  lr: 0.000372  min_lr: 0.000009  loss: 2.2602 (2.1248)  loss_scale: 8192.0000 (8354.7550)  weight_decay: 0.0500 (0.0500)  time: 0.8458  data: 0.0018  max mem: 21507
TASK EPOCH: [7]  [200/269]  eta: 0:01:02  lr: 0.000372  min_lr: 0.000009  loss: 2.1232 (2.1089)  loss_scale: 8192.0000 (8314.2687)  weight_decay: 0.0500 (0.0500)  time: 0.8342  data: 0.0011  max mem: 21507
[2023-08-23 00:44:08,291] [INFO] [fused_optimizer.py:394:_update_scale] No Grad overflow for 128 iterations
[2023-08-23 00:44:08,291] [INFO] [fused_optimizer.py:396:_update_scale] Increasing dynamic loss scale from 8192.0 to 16384.0
[2023-08-23 00:44:08,291] [INFO] [fused_optimizer.py:394:_update_scale] No Grad overflow for 128 iterations
[2023-08-23 00:44:08,291] [INFO] [fused_optimizer.py:396:_update_scale] Increasing dynamic loss scale from 8192.0 to 16384.0
[2023-08-23 00:44:08,292] [INFO] [fused_optimizer.py:394:_update_scale] No Grad overflow for 128 iterations
[2023-08-23 00:44:08,292] [INFO] [fused_optimizer.py:396:_update_scale] Increasing dynamic loss scale from 8192.0 to 16384.0
[2023-08-23 00:44:08,296] [INFO] [fused_optimizer.py:394:_update_scale] No Grad overflow for 128 iterations
[2023-08-23 00:44:08,296] [INFO] [fused_optimizer.py:396:_update_scale] Increasing dynamic loss scale from 8192.0 to 16384.0
[2023-08-23 00:44:08,297] [INFO] [fused_optimizer.py:394:_update_scale] No Grad overflow for 128 iterations
[2023-08-23 00:44:08,297] [INFO] [fused_optimizer.py:396:_update_scale] Increasing dynamic loss scale from 8192.0 to 16384.0
[2023-08-23 00:44:08,297] [INFO] [fused_optimizer.py:394:_update_scale] No Grad overflow for 128 iterations
[2023-08-23 00:44:08,297] [INFO] [fused_optimizer.py:396:_update_scale] Increasing dynamic loss scale from 8192.0 to 16384.0
TASK EPOCH: [7]  [250/269]  eta: 0:00:17  lr: 0.000371  min_lr: 0.000009  loss: 2.0850 (2.1216)  loss_scale: 8192.0000 (8322.5498)  weight_decay: 0.0500 (0.0500)  time: 0.8380  data: 0.0015  max mem: 21507
[2023-08-23 00:44:18,477] [INFO] [fused_optimizer.py:383:_update_scale] 
Grad overflow on iteration 2146
[2023-08-23 00:44:18,477] [INFO] [fused_optimizer.py:385:_update_scale] Reducing dynamic loss scale from 16384.0 to 8192.0
[2023-08-23 00:44:18,477] [INFO] [fused_optimizer.py:383:_update_scale] 
Grad overflow on iteration 2146
[2023-08-23 00:44:18,477] [INFO] [fused_optimizer.py:383:_update_scale] 
Grad overflow on iteration 2146
[2023-08-23 00:44:18,477] [INFO] [fused_optimizer.py:385:_update_scale] Reducing dynamic loss scale from 16384.0 to 8192.0
[2023-08-23 00:44:18,477] [INFO] [fused_optimizer.py:385:_update_scale] Reducing dynamic loss scale from 16384.0 to 8192.0
[2023-08-23 00:44:18,477] [INFO] [fused_optimizer.py:383:_update_scale] 
Grad overflow on iteration 2146
[2023-08-23 00:44:18,477] [INFO] [fused_optimizer.py:385:_update_scale] Reducing dynamic loss scale from 16384.0 to 8192.0
[2023-08-23 00:44:18,477] [INFO] [fused_optimizer.py:383:_update_scale] 
Grad overflow on iteration 2146
[2023-08-23 00:44:18,478] [INFO] [fused_optimizer.py:385:_update_scale] Reducing dynamic loss scale from 16384.0 to 8192.0
[2023-08-23 00:44:18,478] [INFO] [fused_optimizer.py:383:_update_scale] 
Grad overflow on iteration 2146
[2023-08-23 00:44:18,478] [INFO] [fused_optimizer.py:385:_update_scale] Reducing dynamic loss scale from 16384.0 to 8192.0
[2023-08-23 00:44:18,478] [INFO] [logging.py:77:log_dist] [Rank 0] Overflow detected. Skipping step. Attempted loss scale: 16384.0, reducing to 8192.0
TASK EPOCH: [7]  [268/269]  eta: 0:00:00  lr: 0.000371  min_lr: 0.000009  loss: 2.3063 (2.1256)  loss_scale: 16384.0000 (8679.2565)  weight_decay: 0.0500 (0.0500)  time: 0.7857  data: 0.0007  max mem: 21507
TASK EPOCH: [7] Total time: 0:03:59 (0.8900 s / it)
Averaged stats: lr: 0.000371  min_lr: 0.000009  loss: 2.3063 (2.1287)  loss_scale: 16384.0000 (8679.2565)  weight_decay: 0.0500 (0.0500)
TASK EPOCH: [8]  [  0/269]  eta: 0:46:03  lr: 0.000371  min_lr: 0.000009  loss: 2.4541 (2.4541)  loss_scale: 8192.0000 (8192.0000)  weight_decay: 0.0500 (0.0500)  time: 10.2731  data: 6.4285  max mem: 21507
TASK EPOCH: [8]  [ 50/269]  eta: 0:03:48  lr: 0.000370  min_lr: 0.000009  loss: 2.4431 (2.1531)  loss_scale: 8192.0000 (8192.0000)  weight_decay: 0.0500 (0.0500)  time: 0.8612  data: 0.0017  max mem: 21507
TASK EPOCH: [8]  [100/269]  eta: 0:02:41  lr: 0.000370  min_lr: 0.000009  loss: 1.9980 (2.0863)  loss_scale: 8192.0000 (8192.0000)  weight_decay: 0.0500 (0.0500)  time: 0.8559  data: 0.0025  max mem: 21507
[2023-08-23 00:46:18,587] [INFO] [fused_optimizer.py:394:_update_scale] No Grad overflow for 128 iterations
[2023-08-23 00:46:18,587] [INFO] [fused_optimizer.py:396:_update_scale] Increasing dynamic loss scale from 8192.0 to 16384.0
[2023-08-23 00:46:18,588] [INFO] [fused_optimizer.py:394:_update_scale] No Grad overflow for 128 iterations
[2023-08-23 00:46:18,588] [INFO] [fused_optimizer.py:396:_update_scale] Increasing dynamic loss scale from 8192.0 to 16384.0
[2023-08-23 00:46:18,588] [INFO] [fused_optimizer.py:394:_update_scale] No Grad overflow for 128 iterations
[2023-08-23 00:46:18,588] [INFO] [fused_optimizer.py:396:_update_scale] Increasing dynamic loss scale from 8192.0 to 16384.0
[2023-08-23 00:46:18,589] [INFO] [fused_optimizer.py:394:_update_scale] No Grad overflow for 128 iterations
[2023-08-23 00:46:18,589] [INFO] [fused_optimizer.py:396:_update_scale] Increasing dynamic loss scale from 8192.0 to 16384.0
[2023-08-23 00:46:18,590] [INFO] [fused_optimizer.py:394:_update_scale] No Grad overflow for 128 iterations
[2023-08-23 00:46:18,590] [INFO] [fused_optimizer.py:396:_update_scale] Increasing dynamic loss scale from 8192.0 to 16384.0
[2023-08-23 00:46:18,645] [INFO] [fused_optimizer.py:394:_update_scale] No Grad overflow for 128 iterations
[2023-08-23 00:46:18,645] [INFO] [fused_optimizer.py:396:_update_scale] Increasing dynamic loss scale from 8192.0 to 16384.0
[2023-08-23 00:46:20,281] [INFO] [fused_optimizer.py:383:_update_scale] 
Grad overflow on iteration 2277
[2023-08-23 00:46:20,281] [INFO] [fused_optimizer.py:385:_update_scale] Reducing dynamic loss scale from 16384.0 to 8192.0
[2023-08-23 00:46:20,282] [INFO] [logging.py:77:log_dist] [Rank 0] Overflow detected. Skipping step. Attempted loss scale: 16384.0, reducing to 8192.0
[2023-08-23 00:46:20,283] [INFO] [fused_optimizer.py:383:_update_scale] 
Grad overflow on iteration 2277
[2023-08-23 00:46:20,283] [INFO] [fused_optimizer.py:385:_update_scale] Reducing dynamic loss scale from 16384.0 to 8192.0
[2023-08-23 00:46:20,284] [INFO] [fused_optimizer.py:383:_update_scale] 
Grad overflow on iteration 2277
[2023-08-23 00:46:20,284] [INFO] [fused_optimizer.py:385:_update_scale] Reducing dynamic loss scale from 16384.0 to 8192.0
[2023-08-23 00:46:20,284] [INFO] [fused_optimizer.py:383:_update_scale] 
Grad overflow on iteration 2277
[2023-08-23 00:46:20,284] [INFO] [fused_optimizer.py:385:_update_scale] Reducing dynamic loss scale from 16384.0 to 8192.0
[2023-08-23 00:46:20,285] [INFO] [fused_optimizer.py:383:_update_scale] 
Grad overflow on iteration 2277
[2023-08-23 00:46:20,285] [INFO] [fused_optimizer.py:385:_update_scale] Reducing dynamic loss scale from 16384.0 to 8192.0
[2023-08-23 00:46:20,285] [INFO] [fused_optimizer.py:383:_update_scale] 
Grad overflow on iteration 2277
[2023-08-23 00:46:20,286] [INFO] [fused_optimizer.py:385:_update_scale] Reducing dynamic loss scale from 16384.0 to 8192.0
TASK EPOCH: [8]  [150/269]  eta: 0:01:49  lr: 0.000369  min_lr: 0.000009  loss: 2.0663 (2.0792)  loss_scale: 8192.0000 (8300.5033)  weight_decay: 0.0500 (0.0500)  time: 0.8469  data: 0.0023  max mem: 21507
TASK EPOCH: [8]  [200/269]  eta: 0:01:02  lr: 0.000369  min_lr: 0.000009  loss: 2.0863 (2.0957)  loss_scale: 8192.0000 (8273.5124)  weight_decay: 0.0500 (0.0500)  time: 0.8403  data: 0.0020  max mem: 21507
TASK EPOCH: [8]  [250/269]  eta: 0:00:16  lr: 0.000368  min_lr: 0.000009  loss: 1.9933 (2.0795)  loss_scale: 8192.0000 (8257.2749)  weight_decay: 0.0500 (0.0500)  time: 0.8424  data: 0.0013  max mem: 21507
[2023-08-23 00:48:09,057] [INFO] [fused_optimizer.py:394:_update_scale] No Grad overflow for 128 iterations
[2023-08-23 00:48:09,057] [INFO] [fused_optimizer.py:394:_update_scale] No Grad overflow for 128 iterations
[2023-08-23 00:48:09,057] [INFO] [fused_optimizer.py:396:_update_scale] Increasing dynamic loss scale from 8192.0 to 16384.0
[2023-08-23 00:48:09,057] [INFO] [fused_optimizer.py:396:_update_scale] Increasing dynamic loss scale from 8192.0 to 16384.0
[2023-08-23 00:48:09,057] [INFO] [fused_optimizer.py:394:_update_scale] No Grad overflow for 128 iterations
[2023-08-23 00:48:09,057] [INFO] [fused_optimizer.py:396:_update_scale] Increasing dynamic loss scale from 8192.0 to 16384.0
[2023-08-23 00:48:09,057] [INFO] [fused_optimizer.py:394:_update_scale] No Grad overflow for 128 iterations
[2023-08-23 00:48:09,057] [INFO] [fused_optimizer.py:396:_update_scale] Increasing dynamic loss scale from 8192.0 to 16384.0
[2023-08-23 00:48:09,057] [INFO] [fused_optimizer.py:394:_update_scale] No Grad overflow for 128 iterations
[2023-08-23 00:48:09,057] [INFO] [fused_optimizer.py:396:_update_scale] Increasing dynamic loss scale from 8192.0 to 16384.0
[2023-08-23 00:48:09,057] [INFO] [fused_optimizer.py:394:_update_scale] No Grad overflow for 128 iterations
[2023-08-23 00:48:09,058] [INFO] [fused_optimizer.py:396:_update_scale] Increasing dynamic loss scale from 8192.0 to 16384.0
[2023-08-23 00:48:09,831] [INFO] [fused_optimizer.py:383:_update_scale] 
Grad overflow on iteration 2407
[2023-08-23 00:48:09,831] [INFO] [fused_optimizer.py:385:_update_scale] Reducing dynamic loss scale from 16384.0 to 8192.0
[2023-08-23 00:48:09,831] [INFO] [fused_optimizer.py:383:_update_scale] 
Grad overflow on iteration 2407
[2023-08-23 00:48:09,831] [INFO] [fused_optimizer.py:385:_update_scale] Reducing dynamic loss scale from 16384.0 to 8192.0
[2023-08-23 00:48:09,831] [INFO] [fused_optimizer.py:383:_update_scale] 
Grad overflow on iteration 2407
[2023-08-23 00:48:09,831] [INFO] [fused_optimizer.py:385:_update_scale] Reducing dynamic loss scale from 16384.0 to 8192.0
[2023-08-23 00:48:09,832] [INFO] [fused_optimizer.py:383:_update_scale] 
Grad overflow on iteration 2407
[2023-08-23 00:48:09,832] [INFO] [fused_optimizer.py:385:_update_scale] Reducing dynamic loss scale from 16384.0 to 8192.0
[2023-08-23 00:48:09,832] [INFO] [fused_optimizer.py:383:_update_scale] 
Grad overflow on iteration 2407
[2023-08-23 00:48:09,832] [INFO] [fused_optimizer.py:385:_update_scale] Reducing dynamic loss scale from 16384.0 to 8192.0
[2023-08-23 00:48:09,832] [INFO] [logging.py:77:log_dist] [Rank 0] Overflow detected. Skipping step. Attempted loss scale: 16384.0, reducing to 8192.0
[2023-08-23 00:48:09,832] [INFO] [fused_optimizer.py:383:_update_scale] 
Grad overflow on iteration 2407
[2023-08-23 00:48:09,832] [INFO] [fused_optimizer.py:385:_update_scale] Reducing dynamic loss scale from 16384.0 to 8192.0
TASK EPOCH: [8]  [268/269]  eta: 0:00:00  lr: 0.000368  min_lr: 0.000009  loss: 2.1073 (2.0828)  loss_scale: 8192.0000 (8283.3606)  weight_decay: 0.0500 (0.0500)  time: 0.7860  data: 0.0006  max mem: 21507
TASK EPOCH: [8] Total time: 0:03:57 (0.8830 s / it)
Averaged stats: lr: 0.000368  min_lr: 0.000009  loss: 2.1073 (2.0904)  loss_scale: 8192.0000 (8283.3606)  weight_decay: 0.0500 (0.0500)
TASK EPOCH: [9]  [  0/269]  eta: 0:48:36  lr: 0.000368  min_lr: 0.000009  loss: 1.6485 (1.6485)  loss_scale: 8192.0000 (8192.0000)  weight_decay: 0.0500 (0.0500)  time: 10.8430  data: 7.0822  max mem: 21507
TASK EPOCH: [9]  [ 50/269]  eta: 0:03:54  lr: 0.000367  min_lr: 0.000009  loss: 2.1043 (2.1160)  loss_scale: 8192.0000 (8192.0000)  weight_decay: 0.0500 (0.0500)  time: 0.8715  data: 0.0014  max mem: 21507
TASK EPOCH: [9]  [100/269]  eta: 0:02:44  lr: 0.000366  min_lr: 0.000009  loss: 2.0339 (2.0870)  loss_scale: 8192.0000 (8192.0000)  weight_decay: 0.0500 (0.0500)  time: 0.8606  data: 0.0016  max mem: 21507
[2023-08-23 00:50:11,683] [INFO] [fused_optimizer.py:394:_update_scale] No Grad overflow for 128 iterations
[2023-08-23 00:50:11,684] [INFO] [fused_optimizer.py:396:_update_scale] Increasing dynamic loss scale from 8192.0 to 16384.0
[2023-08-23 00:50:11,684] [INFO] [fused_optimizer.py:394:_update_scale] No Grad overflow for 128 iterations
[2023-08-23 00:50:11,684] [INFO] [fused_optimizer.py:396:_update_scale] Increasing dynamic loss scale from 8192.0 to 16384.0
[2023-08-23 00:50:11,684] [INFO] [fused_optimizer.py:394:_update_scale] No Grad overflow for 128 iterations
[2023-08-23 00:50:11,684] [INFO] [fused_optimizer.py:394:_update_scale] No Grad overflow for 128 iterations
[2023-08-23 00:50:11,685] [INFO] [fused_optimizer.py:396:_update_scale] Increasing dynamic loss scale from 8192.0 to 16384.0
[2023-08-23 00:50:11,685] [INFO] [fused_optimizer.py:396:_update_scale] Increasing dynamic loss scale from 8192.0 to 16384.0
[2023-08-23 00:50:11,685] [INFO] [fused_optimizer.py:394:_update_scale] No Grad overflow for 128 iterations
[2023-08-23 00:50:11,685] [INFO] [fused_optimizer.py:396:_update_scale] Increasing dynamic loss scale from 8192.0 to 16384.0
[2023-08-23 00:50:11,686] [INFO] [fused_optimizer.py:394:_update_scale] No Grad overflow for 128 iterations
[2023-08-23 00:50:11,686] [INFO] [fused_optimizer.py:396:_update_scale] Increasing dynamic loss scale from 8192.0 to 16384.0
[2023-08-23 00:50:32,341] [INFO] [fused_optimizer.py:383:_update_scale] 
Grad overflow on iteration 2560
[2023-08-23 00:50:32,341] [INFO] [fused_optimizer.py:385:_update_scale] Reducing dynamic loss scale from 16384.0 to 8192.0
[2023-08-23 00:50:32,342] [INFO] [logging.py:77:log_dist] [Rank 0] Overflow detected. Skipping step. Attempted loss scale: 16384.0, reducing to 8192.0
[2023-08-23 00:50:32,341] [INFO] [fused_optimizer.py:383:_update_scale] 
Grad overflow on iteration 2560
[2023-08-23 00:50:32,342] [INFO] [fused_optimizer.py:385:_update_scale] Reducing dynamic loss scale from 16384.0 to 8192.0
[2023-08-23 00:50:32,343] [INFO] [fused_optimizer.py:383:_update_scale] 
Grad overflow on iteration 2560
[2023-08-23 00:50:32,343] [INFO] [fused_optimizer.py:385:_update_scale] Reducing dynamic loss scale from 16384.0 to 8192.0
[2023-08-23 00:50:32,343] [INFO] [fused_optimizer.py:383:_update_scale] 
Grad overflow on iteration 2560
[2023-08-23 00:50:32,343] [INFO] [fused_optimizer.py:383:_update_scale] 
Grad overflow on iteration 2560
[2023-08-23 00:50:32,344] [INFO] [fused_optimizer.py:385:_update_scale] Reducing dynamic loss scale from 16384.0 to 8192.0
[2023-08-23 00:50:32,344] [INFO] [fused_optimizer.py:385:_update_scale] Reducing dynamic loss scale from 16384.0 to 8192.0
[2023-08-23 00:50:32,357] [INFO] [fused_optimizer.py:383:_update_scale] 
Grad overflow on iteration 2560
[2023-08-23 00:50:32,358] [INFO] [fused_optimizer.py:385:_update_scale] Reducing dynamic loss scale from 16384.0 to 8192.0
TASK EPOCH: [9]  [150/269]  eta: 0:01:51  lr: 0.000366  min_lr: 0.000009  loss: 2.2440 (2.1046)  loss_scale: 8192.0000 (9494.0397)  weight_decay: 0.0500 (0.0500)  time: 0.8696  data: 0.0028  max mem: 21507
TASK EPOCH: [9]  [200/269]  eta: 0:01:03  lr: 0.000365  min_lr: 0.000009  loss: 1.8971 (2.0798)  loss_scale: 8192.0000 (9170.1493)  weight_decay: 0.0500 (0.0500)  time: 0.8585  data: 0.0024  max mem: 21507
TASK EPOCH: [9]  [250/269]  eta: 0:00:17  lr: 0.000364  min_lr: 0.000009  loss: 2.2035 (2.0869)  loss_scale: 8192.0000 (8975.2988)  weight_decay: 0.0500 (0.0500)  time: 0.8387  data: 0.0016  max mem: 21507
[2023-08-23 00:52:21,101] [INFO] [fused_optimizer.py:394:_update_scale] No Grad overflow for 128 iterations
[2023-08-23 00:52:21,101] [INFO] [fused_optimizer.py:394:_update_scale] No Grad overflow for 128 iterations
[2023-08-23 00:52:21,101] [INFO] [fused_optimizer.py:396:_update_scale] Increasing dynamic loss scale from 8192.0 to 16384.0
[2023-08-23 00:52:21,101] [INFO] [fused_optimizer.py:396:_update_scale] Increasing dynamic loss scale from 8192.0 to 16384.0
[2023-08-23 00:52:21,101] [INFO] [fused_optimizer.py:394:_update_scale] No Grad overflow for 128 iterations
[2023-08-23 00:52:21,102] [INFO] [fused_optimizer.py:396:_update_scale] Increasing dynamic loss scale from 8192.0 to 16384.0
[2023-08-23 00:52:21,102] [INFO] [fused_optimizer.py:394:_update_scale] No Grad overflow for 128 iterations
[2023-08-23 00:52:21,102] [INFO] [fused_optimizer.py:394:_update_scale] No Grad overflow for 128 iterations
[2023-08-23 00:52:21,102] [INFO] [fused_optimizer.py:396:_update_scale] Increasing dynamic loss scale from 8192.0 to 16384.0
[2023-08-23 00:52:21,102] [INFO] [fused_optimizer.py:396:_update_scale] Increasing dynamic loss scale from 8192.0 to 16384.0
[2023-08-23 00:52:21,102] [INFO] [fused_optimizer.py:394:_update_scale] No Grad overflow for 128 iterations
[2023-08-23 00:52:21,102] [INFO] [fused_optimizer.py:396:_update_scale] Increasing dynamic loss scale from 8192.0 to 16384.0
TASK EPOCH: [9]  [268/269]  eta: 0:00:00  lr: 0.000364  min_lr: 0.000009  loss: 2.2332 (2.0919)  loss_scale: 8192.0000 (8953.3383)  weight_decay: 0.0500 (0.0500)  time: 0.7861  data: 0.0007  max mem: 21507
TASK EPOCH: [9] Total time: 0:04:01 (0.8965 s / it)
Averaged stats: lr: 0.000364  min_lr: 0.000009  loss: 2.2332 (2.0611)  loss_scale: 8192.0000 (8953.3383)  weight_decay: 0.0500 (0.0500)
[2023-08-23 00:52:32,015] [INFO] [fused_optimizer.py:383:_update_scale] 
Grad overflow on iteration 2690
[2023-08-23 00:52:32,015] [INFO] [fused_optimizer.py:385:_update_scale] Reducing dynamic loss scale from 16384.0 to 8192.0
[2023-08-23 00:52:32,015] [INFO] [logging.py:77:log_dist] [Rank 0] Overflow detected. Skipping step. Attempted loss scale: 16384.0, reducing to 8192.0
[2023-08-23 00:52:32,016] [INFO] [fused_optimizer.py:383:_update_scale] 
Grad overflow on iteration 2690
[2023-08-23 00:52:32,016] [INFO] [fused_optimizer.py:385:_update_scale] Reducing dynamic loss scale from 16384.0 to 8192.0
[2023-08-23 00:52:32,017] [INFO] [fused_optimizer.py:383:_update_scale] 
Grad overflow on iteration 2690
[2023-08-23 00:52:32,018] [INFO] [fused_optimizer.py:385:_update_scale] Reducing dynamic loss scale from 16384.0 to 8192.0
[2023-08-23 00:52:32,017] [INFO] [fused_optimizer.py:383:_update_scale] 
Grad overflow on iteration 2690
[2023-08-23 00:52:32,017] [INFO] [fused_optimizer.py:383:_update_scale] 
Grad overflow on iteration 2690
[2023-08-23 00:52:32,018] [INFO] [fused_optimizer.py:385:_update_scale] Reducing dynamic loss scale from 16384.0 to 8192.0
[2023-08-23 00:52:32,018] [INFO] [fused_optimizer.py:385:_update_scale] Reducing dynamic loss scale from 16384.0 to 8192.0
[2023-08-23 00:52:32,018] [INFO] [fused_optimizer.py:383:_update_scale] 
Grad overflow on iteration 2690
[2023-08-23 00:52:32,018] [INFO] [fused_optimizer.py:385:_update_scale] Reducing dynamic loss scale from 16384.0 to 8192.0
TASK EPOCH: [10]  [  0/269]  eta: 0:47:05  lr: 0.000364  min_lr: 0.000009  loss: 2.4693 (2.4693)  loss_scale: 8192.0000 (8192.0000)  weight_decay: 0.0500 (0.0500)  time: 10.5024  data: 7.1759  max mem: 21507
TASK EPOCH: [10]  [ 50/269]  eta: 0:03:56  lr: 0.000363  min_lr: 0.000009  loss: 2.0949 (2.0961)  loss_scale: 8192.0000 (8192.0000)  weight_decay: 0.0500 (0.0500)  time: 0.8648  data: 0.0022  max mem: 21507
TASK EPOCH: [10]  [100/269]  eta: 0:02:43  lr: 0.000362  min_lr: 0.000009  loss: 1.9515 (2.0788)  loss_scale: 8192.0000 (8192.0000)  weight_decay: 0.0500 (0.0500)  time: 0.8541  data: 0.0019  max mem: 21507
[2023-08-23 00:54:24,545] [INFO] [fused_optimizer.py:394:_update_scale] No Grad overflow for 128 iterations
[2023-08-23 00:54:24,546] [INFO] [fused_optimizer.py:396:_update_scale] Increasing dynamic loss scale from 8192.0 to 16384.0
[2023-08-23 00:54:24,546] [INFO] [fused_optimizer.py:394:_update_scale] No Grad overflow for 128 iterations
[2023-08-23 00:54:24,546] [INFO] [fused_optimizer.py:396:_update_scale] Increasing dynamic loss scale from 8192.0 to 16384.0
[2023-08-23 00:54:24,546] [INFO] [fused_optimizer.py:394:_update_scale] No Grad overflow for 128 iterations
[2023-08-23 00:54:24,546] [INFO] [fused_optimizer.py:396:_update_scale] Increasing dynamic loss scale from 8192.0 to 16384.0
[2023-08-23 00:54:24,549] [INFO] [fused_optimizer.py:394:_update_scale] No Grad overflow for 128 iterations
[2023-08-23 00:54:24,550] [INFO] [fused_optimizer.py:396:_update_scale] Increasing dynamic loss scale from 8192.0 to 16384.0
[2023-08-23 00:54:24,552] [INFO] [fused_optimizer.py:394:_update_scale] No Grad overflow for 128 iterations
[2023-08-23 00:54:24,552] [INFO] [fused_optimizer.py:396:_update_scale] Increasing dynamic loss scale from 8192.0 to 16384.0
[2023-08-23 00:54:24,555] [INFO] [fused_optimizer.py:394:_update_scale] No Grad overflow for 128 iterations
[2023-08-23 00:54:24,555] [INFO] [fused_optimizer.py:396:_update_scale] Increasing dynamic loss scale from 8192.0 to 16384.0
[2023-08-23 00:54:28,794] [INFO] [fused_optimizer.py:383:_update_scale] 
Grad overflow on iteration 2824
[2023-08-23 00:54:28,794] [INFO] [fused_optimizer.py:383:_update_scale] 
Grad overflow on iteration 2824
[2023-08-23 00:54:28,794] [INFO] [fused_optimizer.py:385:_update_scale] Reducing dynamic loss scale from 16384.0 to 8192.0
[2023-08-23 00:54:28,794] [INFO] [fused_optimizer.py:385:_update_scale] Reducing dynamic loss scale from 16384.0 to 8192.0
[2023-08-23 00:54:28,794] [INFO] [fused_optimizer.py:383:_update_scale] 
Grad overflow on iteration 2824
[2023-08-23 00:54:28,795] [INFO] [logging.py:77:log_dist] [Rank 0] Overflow detected. Skipping step. Attempted loss scale: 16384.0, reducing to 8192.0
[2023-08-23 00:54:28,795] [INFO] [fused_optimizer.py:385:_update_scale] Reducing dynamic loss scale from 16384.0 to 8192.0
[2023-08-23 00:54:28,795] [INFO] [fused_optimizer.py:383:_update_scale] 
Grad overflow on iteration 2824
[2023-08-23 00:54:28,795] [INFO] [fused_optimizer.py:385:_update_scale] Reducing dynamic loss scale from 16384.0 to 8192.0
[2023-08-23 00:54:28,799] [INFO] [fused_optimizer.py:383:_update_scale] 
Grad overflow on iteration 2824
[2023-08-23 00:54:28,800] [INFO] [fused_optimizer.py:385:_update_scale] Reducing dynamic loss scale from 16384.0 to 8192.0
[2023-08-23 00:54:28,800] [INFO] [fused_optimizer.py:383:_update_scale] 
Grad overflow on iteration 2824
[2023-08-23 00:54:28,800] [INFO] [fused_optimizer.py:385:_update_scale] Reducing dynamic loss scale from 16384.0 to 8192.0
TASK EPOCH: [10]  [150/269]  eta: 0:01:51  lr: 0.000361  min_lr: 0.000009  loss: 1.6941 (2.0428)  loss_scale: 8192.0000 (8463.2583)  weight_decay: 0.0500 (0.0500)  time: 0.8596  data: 0.0018  max mem: 21507
TASK EPOCH: [10]  [200/269]  eta: 0:01:03  lr: 0.000360  min_lr: 0.000009  loss: 1.9512 (2.0008)  loss_scale: 8192.0000 (8395.7811)  weight_decay: 0.0500 (0.0500)  time: 0.8548  data: 0.0014  max mem: 21507
TASK EPOCH: [10]  [250/269]  eta: 0:00:17  lr: 0.000359  min_lr: 0.000009  loss: 2.1914 (2.0194)  loss_scale: 8192.0000 (8355.1873)  weight_decay: 0.0500 (0.0500)  time: 0.8471  data: 0.0023  max mem: 21507
[2023-08-23 00:56:17,843] [INFO] [fused_optimizer.py:394:_update_scale] No Grad overflow for 128 iterations
[2023-08-23 00:56:17,843] [INFO] [fused_optimizer.py:396:_update_scale] Increasing dynamic loss scale from 8192.0 to 16384.0
[2023-08-23 00:56:17,843] [INFO] [fused_optimizer.py:394:_update_scale] No Grad overflow for 128 iterations
[2023-08-23 00:56:17,843] [INFO] [fused_optimizer.py:396:_update_scale] Increasing dynamic loss scale from 8192.0 to 16384.0
[2023-08-23 00:56:17,843] [INFO] [fused_optimizer.py:394:_update_scale] No Grad overflow for 128 iterations
[2023-08-23 00:56:17,843] [INFO] [fused_optimizer.py:396:_update_scale] Increasing dynamic loss scale from 8192.0 to 16384.0
[2023-08-23 00:56:17,843] [INFO] [fused_optimizer.py:394:_update_scale] No Grad overflow for 128 iterations
[2023-08-23 00:56:17,843] [INFO] [fused_optimizer.py:396:_update_scale] Increasing dynamic loss scale from 8192.0 to 16384.0
[2023-08-23 00:56:17,843] [INFO] [fused_optimizer.py:394:_update_scale] No Grad overflow for 128 iterations
[2023-08-23 00:56:17,843] [INFO] [fused_optimizer.py:396:_update_scale] Increasing dynamic loss scale from 8192.0 to 16384.0
[2023-08-23 00:56:17,843] [INFO] [fused_optimizer.py:394:_update_scale] No Grad overflow for 128 iterations
[2023-08-23 00:56:17,844] [INFO] [fused_optimizer.py:396:_update_scale] Increasing dynamic loss scale from 8192.0 to 16384.0
[2023-08-23 00:56:19,395] [INFO] [fused_optimizer.py:383:_update_scale] 
Grad overflow on iteration 2955
[2023-08-23 00:56:19,395] [INFO] [fused_optimizer.py:385:_update_scale] Reducing dynamic loss scale from 16384.0 to 8192.0
[2023-08-23 00:56:19,395] [INFO] [fused_optimizer.py:383:_update_scale] 
Grad overflow on iteration 2955
[2023-08-23 00:56:19,395] [INFO] [fused_optimizer.py:385:_update_scale] Reducing dynamic loss scale from 16384.0 to 8192.0
[2023-08-23 00:56:19,395] [INFO] [fused_optimizer.py:383:_update_scale] 
Grad overflow on iteration 2955
[2023-08-23 00:56:19,395] [INFO] [fused_optimizer.py:383:_update_scale] 
Grad overflow on iteration 2955
[2023-08-23 00:56:19,395] [INFO] [fused_optimizer.py:385:_update_scale] Reducing dynamic loss scale from 16384.0 to 8192.0
[2023-08-23 00:56:19,395] [INFO] [fused_optimizer.py:385:_update_scale] Reducing dynamic loss scale from 16384.0 to 8192.0
[2023-08-23 00:56:19,395] [INFO] [logging.py:77:log_dist] [Rank 0] Overflow detected. Skipping step. Attempted loss scale: 16384.0, reducing to 8192.0
[2023-08-23 00:56:19,396] [INFO] [fused_optimizer.py:383:_update_scale] 
Grad overflow on iteration 2955
[2023-08-23 00:56:19,396] [INFO] [fused_optimizer.py:385:_update_scale] Reducing dynamic loss scale from 16384.0 to 8192.0
[2023-08-23 00:56:19,396] [INFO] [fused_optimizer.py:383:_update_scale] 
Grad overflow on iteration 2955
[2023-08-23 00:56:19,396] [INFO] [fused_optimizer.py:385:_update_scale] Reducing dynamic loss scale from 16384.0 to 8192.0
TASK EPOCH: [10]  [268/269]  eta: 0:00:00  lr: 0.000359  min_lr: 0.000009  loss: 1.9233 (2.0075)  loss_scale: 8192.0000 (8405.1747)  weight_decay: 0.0500 (0.0500)  time: 0.7879  data: 0.0006  max mem: 21507
TASK EPOCH: [10] Total time: 0:04:00 (0.8945 s / it)
Averaged stats: lr: 0.000359  min_lr: 0.000009  loss: 1.9233 (2.0352)  loss_scale: 8192.0000 (8405.1747)  weight_decay: 0.0500 (0.0500)
TASK EPOCH: [11]  [  0/269]  eta: 0:41:32  lr: 0.000359  min_lr: 0.000009  loss: 2.1621 (2.1621)  loss_scale: 8192.0000 (8192.0000)  weight_decay: 0.0500 (0.0500)  time: 9.2659  data: 7.6180  max mem: 21507
[2023-08-23 00:57:05,435] [INFO] [logging.py:77:log_dist] [Rank 0] step=3000, skipped=16, lr=[8.505239992470069e-06, 8.505239992470069e-06, 1.1340319989960092e-05, 1.1340319989960092e-05, 1.5120426653280123e-05, 1.5120426653280123e-05, 2.0160568871040162e-05, 2.0160568871040162e-05, 2.688075849472022e-05, 2.688075849472022e-05, 3.584101132629363e-05, 3.584101132629363e-05, 4.778801510172483e-05, 4.778801510172483e-05, 6.371735346896644e-05, 6.371735346896644e-05, 8.495647129195525e-05, 8.495647129195525e-05, 0.00011327529505594034, 0.00011327529505594034, 0.00015103372674125378, 0.00015103372674125378, 0.0002013783023216717, 0.0002013783023216717, 0.0002685044030955623, 0.0002685044030955623, 0.00035800587079408305, 0.00035800587079408305], mom=[[0.9, 0.999], [0.9, 0.999], [0.9, 0.999], [0.9, 0.999], [0.9, 0.999], [0.9, 0.999], [0.9, 0.999], [0.9, 0.999], [0.9, 0.999], [0.9, 0.999], [0.9, 0.999], [0.9, 0.999], [0.9, 0.999], [0.9, 0.999], [0.9, 0.999], [0.9, 0.999], [0.9, 0.999], [0.9, 0.999], [0.9, 0.999], [0.9, 0.999], [0.9, 0.999], [0.9, 0.999], [0.9, 0.999], [0.9, 0.999], [0.9, 0.999], [0.9, 0.999], [0.9, 0.999], [0.9, 0.999]]
[2023-08-23 00:57:05,437] [INFO] [timer.py:209:stop] epoch=0/micro_step=3000/global_step=3000, RunningAvgSamplesPerSec=122.58718175025466, CurrSamplesPerSec=125.7026709694217, MemAllocated=1.24GB, MaxMemAllocated=21.0GB
TASK EPOCH: [11]  [ 50/269]  eta: 0:03:41  lr: 0.000358  min_lr: 0.000009  loss: 2.1322 (2.0261)  loss_scale: 8192.0000 (8192.0000)  weight_decay: 0.0500 (0.0500)  time: 0.8467  data: 0.0058  max mem: 21507
TASK EPOCH: [11]  [100/269]  eta: 0:02:37  lr: 0.000357  min_lr: 0.000008  loss: 1.9353 (2.0219)  loss_scale: 8192.0000 (8192.0000)  weight_decay: 0.0500 (0.0500)  time: 0.8431  data: 0.0027  max mem: 21507
[2023-08-23 00:58:17,231] [INFO] [fused_optimizer.py:394:_update_scale] No Grad overflow for 128 iterations
[2023-08-23 00:58:17,232] [INFO] [fused_optimizer.py:396:_update_scale] Increasing dynamic loss scale from 8192.0 to 16384.0
[2023-08-23 00:58:17,232] [INFO] [fused_optimizer.py:394:_update_scale] No Grad overflow for 128 iterations
[2023-08-23 00:58:17,232] [INFO] [fused_optimizer.py:394:_update_scale] No Grad overflow for 128 iterations
[2023-08-23 00:58:17,232] [INFO] [fused_optimizer.py:396:_update_scale] Increasing dynamic loss scale from 8192.0 to 16384.0
[2023-08-23 00:58:17,232] [INFO] [fused_optimizer.py:396:_update_scale] Increasing dynamic loss scale from 8192.0 to 16384.0
[2023-08-23 00:58:17,232] [INFO] [fused_optimizer.py:394:_update_scale] No Grad overflow for 128 iterations
[2023-08-23 00:58:17,232] [INFO] [fused_optimizer.py:396:_update_scale] Increasing dynamic loss scale from 8192.0 to 16384.0
[2023-08-23 00:58:17,233] [INFO] [fused_optimizer.py:394:_update_scale] No Grad overflow for 128 iterations
[2023-08-23 00:58:17,233] [INFO] [fused_optimizer.py:396:_update_scale] Increasing dynamic loss scale from 8192.0 to 16384.0
[2023-08-23 00:58:17,234] [INFO] [fused_optimizer.py:394:_update_scale] No Grad overflow for 128 iterations
[2023-08-23 00:58:17,234] [INFO] [fused_optimizer.py:396:_update_scale] Increasing dynamic loss scale from 8192.0 to 16384.0
[2023-08-23 00:58:20,582] [INFO] [fused_optimizer.py:383:_update_scale] 
Grad overflow on iteration 3088
[2023-08-23 00:58:20,582] [INFO] [fused_optimizer.py:385:_update_scale] Reducing dynamic loss scale from 16384.0 to 8192.0
[2023-08-23 00:58:20,582] [INFO] [logging.py:77:log_dist] [Rank 0] Overflow detected. Skipping step. Attempted loss scale: 16384.0, reducing to 8192.0
[2023-08-23 00:58:20,582] [INFO] [fused_optimizer.py:383:_update_scale] 
Grad overflow on iteration 3088
[2023-08-23 00:58:20,582] [INFO] [fused_optimizer.py:383:_update_scale] 
Grad overflow on iteration 3088
[2023-08-23 00:58:20,583] [INFO] [fused_optimizer.py:385:_update_scale] Reducing dynamic loss scale from 16384.0 to 8192.0
[2023-08-23 00:58:20,583] [INFO] [fused_optimizer.py:385:_update_scale] Reducing dynamic loss scale from 16384.0 to 8192.0
[2023-08-23 00:58:20,583] [INFO] [fused_optimizer.py:383:_update_scale] 
Grad overflow on iteration 3088
[2023-08-23 00:58:20,583] [INFO] [fused_optimizer.py:383:_update_scale] 
Grad overflow on iteration 3088
[2023-08-23 00:58:20,583] [INFO] [fused_optimizer.py:385:_update_scale] Reducing dynamic loss scale from 16384.0 to 8192.0
[2023-08-23 00:58:20,583] [INFO] [fused_optimizer.py:385:_update_scale] Reducing dynamic loss scale from 16384.0 to 8192.0
[2023-08-23 00:58:20,584] [INFO] [fused_optimizer.py:383:_update_scale] 
Grad overflow on iteration 3088
[2023-08-23 00:58:20,584] [INFO] [fused_optimizer.py:385:_update_scale] Reducing dynamic loss scale from 16384.0 to 8192.0
TASK EPOCH: [11]  [150/269]  eta: 0:01:47  lr: 0.000356  min_lr: 0.000008  loss: 2.0076 (1.9888)  loss_scale: 8192.0000 (8409.0066)  weight_decay: 0.0500 (0.0500)  time: 0.8365  data: 0.0020  max mem: 21507
TASK EPOCH: [11]  [200/269]  eta: 0:01:00  lr: 0.000355  min_lr: 0.000008  loss: 1.9761 (1.9648)  loss_scale: 8192.0000 (8355.0249)  weight_decay: 0.0500 (0.0500)  time: 0.8330  data: 0.0015  max mem: 21507
TASK EPOCH: [11]  [250/269]  eta: 0:00:16  lr: 0.000354  min_lr: 0.000008  loss: 1.9583 (1.9681)  loss_scale: 8192.0000 (8322.5498)  weight_decay: 0.0500 (0.0500)  time: 0.8281  data: 0.0017  max mem: 21507
[2023-08-23 01:00:07,389] [INFO] [fused_optimizer.py:394:_update_scale] No Grad overflow for 128 iterations
[2023-08-23 01:00:07,389] [INFO] [fused_optimizer.py:396:_update_scale] Increasing dynamic loss scale from 8192.0 to 16384.0
[2023-08-23 01:00:07,389] [INFO] [fused_optimizer.py:394:_update_scale] No Grad overflow for 128 iterations
[2023-08-23 01:00:07,390] [INFO] [fused_optimizer.py:396:_update_scale] Increasing dynamic loss scale from 8192.0 to 16384.0
[2023-08-23 01:00:07,389] [INFO] [fused_optimizer.py:394:_update_scale] No Grad overflow for 128 iterations
[2023-08-23 01:00:07,390] [INFO] [fused_optimizer.py:396:_update_scale] Increasing dynamic loss scale from 8192.0 to 16384.0
[2023-08-23 01:00:07,390] [INFO] [fused_optimizer.py:394:_update_scale] No Grad overflow for 128 iterations
[2023-08-23 01:00:07,390] [INFO] [fused_optimizer.py:396:_update_scale] Increasing dynamic loss scale from 8192.0 to 16384.0
[2023-08-23 01:00:07,390] [INFO] [fused_optimizer.py:394:_update_scale] No Grad overflow for 128 iterations
[2023-08-23 01:00:07,390] [INFO] [fused_optimizer.py:396:_update_scale] Increasing dynamic loss scale from 8192.0 to 16384.0
[2023-08-23 01:00:07,390] [INFO] [fused_optimizer.py:394:_update_scale] No Grad overflow for 128 iterations
[2023-08-23 01:00:07,390] [INFO] [fused_optimizer.py:396:_update_scale] Increasing dynamic loss scale from 8192.0 to 16384.0
[2023-08-23 01:00:09,716] [INFO] [fused_optimizer.py:383:_update_scale] 
Grad overflow on iteration 3220
[2023-08-23 01:00:09,716] [INFO] [fused_optimizer.py:385:_update_scale] Reducing dynamic loss scale from 16384.0 to 8192.0
[2023-08-23 01:00:09,716] [INFO] [fused_optimizer.py:383:_update_scale] 
Grad overflow on iteration 3220
[2023-08-23 01:00:09,716] [INFO] [fused_optimizer.py:385:_update_scale] Reducing dynamic loss scale from 16384.0 to 8192.0
[2023-08-23 01:00:09,716] [INFO] [fused_optimizer.py:383:_update_scale] 
Grad overflow on iteration 3220
[2023-08-23 01:00:09,716] [INFO] [fused_optimizer.py:383:_update_scale] 
Grad overflow on iteration 3220
[2023-08-23 01:00:09,716] [INFO] [fused_optimizer.py:385:_update_scale] Reducing dynamic loss scale from 16384.0 to 8192.0
[2023-08-23 01:00:09,716] [INFO] [fused_optimizer.py:385:_update_scale] Reducing dynamic loss scale from 16384.0 to 8192.0
[2023-08-23 01:00:09,716] [INFO] [fused_optimizer.py:383:_update_scale] 
Grad overflow on iteration 3220
[2023-08-23 01:00:09,716] [INFO] [fused_optimizer.py:385:_update_scale] Reducing dynamic loss scale from 16384.0 to 8192.0
[2023-08-23 01:00:09,716] [INFO] [fused_optimizer.py:383:_update_scale] 
Grad overflow on iteration 3220
[2023-08-23 01:00:09,717] [INFO] [fused_optimizer.py:385:_update_scale] Reducing dynamic loss scale from 16384.0 to 8192.0
[2023-08-23 01:00:09,717] [INFO] [logging.py:77:log_dist] [Rank 0] Overflow detected. Skipping step. Attempted loss scale: 16384.0, reducing to 8192.0
TASK EPOCH: [11]  [268/269]  eta: 0:00:00  lr: 0.000353  min_lr: 0.000008  loss: 1.9220 (1.9737)  loss_scale: 8192.0000 (8405.1747)  weight_decay: 0.0500 (0.0500)  time: 0.7841  data: 0.0006  max mem: 21507
TASK EPOCH: [11] Total time: 0:03:53 (0.8676 s / it)
Averaged stats: lr: 0.000353  min_lr: 0.000008  loss: 1.9220 (2.0156)  loss_scale: 8192.0000 (8405.1747)  weight_decay: 0.0500 (0.0500)
TASK EPOCH: [12]  [  0/269]  eta: 0:45:15  lr: 0.000353  min_lr: 0.000008  loss: 2.4468 (2.4468)  loss_scale: 8192.0000 (8192.0000)  weight_decay: 0.0500 (0.0500)  time: 10.0958  data: 7.7850  max mem: 21507
TASK EPOCH: [12]  [ 50/269]  eta: 0:03:46  lr: 0.000352  min_lr: 0.000008  loss: 1.8045 (2.0419)  loss_scale: 8192.0000 (8192.0000)  weight_decay: 0.0500 (0.0500)  time: 0.8542  data: 0.0025  max mem: 21507
TASK EPOCH: [12]  [100/269]  eta: 0:02:39  lr: 0.000351  min_lr: 0.000008  loss: 1.9678 (1.9906)  loss_scale: 8192.0000 (8192.0000)  weight_decay: 0.0500 (0.0500)  time: 0.8596  data: 0.0028  max mem: 21507
[2023-08-23 01:02:08,655] [INFO] [fused_optimizer.py:394:_update_scale] No Grad overflow for 128 iterations
[2023-08-23 01:02:08,655] [INFO] [fused_optimizer.py:396:_update_scale] Increasing dynamic loss scale from 8192.0 to 16384.0
[2023-08-23 01:02:08,656] [INFO] [fused_optimizer.py:394:_update_scale] No Grad overflow for 128 iterations
[2023-08-23 01:02:08,656] [INFO] [fused_optimizer.py:396:_update_scale] Increasing dynamic loss scale from 8192.0 to 16384.0
[2023-08-23 01:02:08,656] [INFO] [fused_optimizer.py:394:_update_scale] No Grad overflow for 128 iterations
[2023-08-23 01:02:08,657] [INFO] [fused_optimizer.py:396:_update_scale] Increasing dynamic loss scale from 8192.0 to 16384.0
[2023-08-23 01:02:08,658] [INFO] [fused_optimizer.py:394:_update_scale] No Grad overflow for 128 iterations
[2023-08-23 01:02:08,658] [INFO] [fused_optimizer.py:396:_update_scale] Increasing dynamic loss scale from 8192.0 to 16384.0
[2023-08-23 01:02:08,658] [INFO] [fused_optimizer.py:394:_update_scale] No Grad overflow for 128 iterations
[2023-08-23 01:02:08,659] [INFO] [fused_optimizer.py:396:_update_scale] Increasing dynamic loss scale from 8192.0 to 16384.0
[2023-08-23 01:02:08,661] [INFO] [fused_optimizer.py:394:_update_scale] No Grad overflow for 128 iterations
[2023-08-23 01:02:08,662] [INFO] [fused_optimizer.py:396:_update_scale] Increasing dynamic loss scale from 8192.0 to 16384.0
[2023-08-23 01:02:10,332] [INFO] [fused_optimizer.py:383:_update_scale] 
Grad overflow on iteration 3351
[2023-08-23 01:02:10,332] [INFO] [fused_optimizer.py:385:_update_scale] Reducing dynamic loss scale from 16384.0 to 8192.0
[2023-08-23 01:02:10,332] [INFO] [fused_optimizer.py:383:_update_scale] 
Grad overflow on iteration 3351
[2023-08-23 01:02:10,333] [INFO] [fused_optimizer.py:385:_update_scale] Reducing dynamic loss scale from 16384.0 to 8192.0
[2023-08-23 01:02:10,333] [INFO] [fused_optimizer.py:383:_update_scale] 
Grad overflow on iteration 3351
[2023-08-23 01:02:10,333] [INFO] [fused_optimizer.py:385:_update_scale] Reducing dynamic loss scale from 16384.0 to 8192.0
[2023-08-23 01:02:10,333] [INFO] [fused_optimizer.py:383:_update_scale] 
Grad overflow on iteration 3351
[2023-08-23 01:02:10,333] [INFO] [fused_optimizer.py:385:_update_scale] Reducing dynamic loss scale from 16384.0 to 8192.0
[2023-08-23 01:02:10,335] [INFO] [fused_optimizer.py:383:_update_scale] 
Grad overflow on iteration 3351
[2023-08-23 01:02:10,335] [INFO] [fused_optimizer.py:385:_update_scale] Reducing dynamic loss scale from 16384.0 to 8192.0
[2023-08-23 01:02:10,335] [INFO] [logging.py:77:log_dist] [Rank 0] Overflow detected. Skipping step. Attempted loss scale: 16384.0, reducing to 8192.0
[2023-08-23 01:02:10,338] [INFO] [fused_optimizer.py:383:_update_scale] 
Grad overflow on iteration 3351
[2023-08-23 01:02:10,339] [INFO] [fused_optimizer.py:385:_update_scale] Reducing dynamic loss scale from 16384.0 to 8192.0
TASK EPOCH: [12]  [150/269]  eta: 0:01:48  lr: 0.000350  min_lr: 0.000008  loss: 2.0851 (1.9769)  loss_scale: 8192.0000 (8300.5033)  weight_decay: 0.0500 (0.0500)  time: 0.8538  data: 0.0018  max mem: 21507
TASK EPOCH: [12]  [200/269]  eta: 0:01:01  lr: 0.000348  min_lr: 0.000008  loss: 2.0235 (1.9900)  loss_scale: 8192.0000 (8273.5124)  weight_decay: 0.0500 (0.0500)  time: 0.8341  data: 0.0014  max mem: 21507
TASK EPOCH: [12]  [250/269]  eta: 0:00:16  lr: 0.000347  min_lr: 0.000008  loss: 1.9863 (1.9750)  loss_scale: 8192.0000 (8257.2749)  weight_decay: 0.0500 (0.0500)  time: 0.8323  data: 0.0018  max mem: 21507
[2023-08-23 01:03:58,627] [INFO] [fused_optimizer.py:394:_update_scale] No Grad overflow for 128 iterations
[2023-08-23 01:03:58,627] [INFO] [fused_optimizer.py:396:_update_scale] Increasing dynamic loss scale from 8192.0 to 16384.0
[2023-08-23 01:03:58,627] [INFO] [fused_optimizer.py:394:_update_scale] No Grad overflow for 128 iterations
[2023-08-23 01:03:58,627] [INFO] [fused_optimizer.py:396:_update_scale] Increasing dynamic loss scale from 8192.0 to 16384.0
[2023-08-23 01:03:58,627] [INFO] [fused_optimizer.py:394:_update_scale] No Grad overflow for 128 iterations
[2023-08-23 01:03:58,628] [INFO] [fused_optimizer.py:396:_update_scale] Increasing dynamic loss scale from 8192.0 to 16384.0
[2023-08-23 01:03:58,628] [INFO] [fused_optimizer.py:394:_update_scale] No Grad overflow for 128 iterations
[2023-08-23 01:03:58,628] [INFO] [fused_optimizer.py:394:_update_scale] No Grad overflow for 128 iterations
[2023-08-23 01:03:58,628] [INFO] [fused_optimizer.py:396:_update_scale] Increasing dynamic loss scale from 8192.0 to 16384.0
[2023-08-23 01:03:58,628] [INFO] [fused_optimizer.py:396:_update_scale] Increasing dynamic loss scale from 8192.0 to 16384.0
[2023-08-23 01:03:58,629] [INFO] [fused_optimizer.py:394:_update_scale] No Grad overflow for 128 iterations
[2023-08-23 01:03:58,629] [INFO] [fused_optimizer.py:396:_update_scale] Increasing dynamic loss scale from 8192.0 to 16384.0
[2023-08-23 01:04:01,746] [INFO] [fused_optimizer.py:383:_update_scale] 
Grad overflow on iteration 3484
[2023-08-23 01:04:01,746] [INFO] [fused_optimizer.py:385:_update_scale] Reducing dynamic loss scale from 16384.0 to 8192.0
[2023-08-23 01:04:01,746] [INFO] [fused_optimizer.py:383:_update_scale] 
Grad overflow on iteration 3484
[2023-08-23 01:04:01,746] [INFO] [fused_optimizer.py:385:_update_scale] Reducing dynamic loss scale from 16384.0 to 8192.0
[2023-08-23 01:04:01,746] [INFO] [logging.py:77:log_dist] [Rank 0] Overflow detected. Skipping step. Attempted loss scale: 16384.0, reducing to 8192.0
[2023-08-23 01:04:01,746] [INFO] [fused_optimizer.py:383:_update_scale] 
Grad overflow on iteration 3484
[2023-08-23 01:04:01,746] [INFO] [fused_optimizer.py:383:_update_scale] 
Grad overflow on iteration 3484
[2023-08-23 01:04:01,746] [INFO] [fused_optimizer.py:385:_update_scale] Reducing dynamic loss scale from 16384.0 to 8192.0
[2023-08-23 01:04:01,746] [INFO] [fused_optimizer.py:385:_update_scale] Reducing dynamic loss scale from 16384.0 to 8192.0
[2023-08-23 01:04:01,747] [INFO] [fused_optimizer.py:383:_update_scale] 
Grad overflow on iteration 3484
[2023-08-23 01:04:01,747] [INFO] [fused_optimizer.py:385:_update_scale] Reducing dynamic loss scale from 16384.0 to 8192.0
[2023-08-23 01:04:01,748] [INFO] [fused_optimizer.py:383:_update_scale] 
Grad overflow on iteration 3484
[2023-08-23 01:04:01,748] [INFO] [fused_optimizer.py:385:_update_scale] Reducing dynamic loss scale from 16384.0 to 8192.0
TASK EPOCH: [12]  [268/269]  eta: 0:00:00  lr: 0.000347  min_lr: 0.000008  loss: 2.0289 (1.9788)  loss_scale: 8192.0000 (8374.7212)  weight_decay: 0.0500 (0.0500)  time: 0.7869  data: 0.0006  max mem: 21507
TASK EPOCH: [12] Total time: 0:03:55 (0.8771 s / it)
Averaged stats: lr: 0.000347  min_lr: 0.000008  loss: 2.0289 (1.9897)  loss_scale: 8192.0000 (8374.7212)  weight_decay: 0.0500 (0.0500)
TASK EPOCH: [13]  [  0/269]  eta: 0:43:32  lr: 0.000347  min_lr: 0.000008  loss: 2.2014 (2.2014)  loss_scale: 8192.0000 (8192.0000)  weight_decay: 0.0500 (0.0500)  time: 9.7125  data: 7.7571  max mem: 21507
TASK EPOCH: [13]  [ 50/269]  eta: 0:03:52  lr: 0.000345  min_lr: 0.000008  loss: 1.9431 (1.9548)  loss_scale: 8192.0000 (8192.0000)  weight_decay: 0.0500 (0.0500)  time: 0.8518  data: 0.0017  max mem: 21507
TASK EPOCH: [13]  [100/269]  eta: 0:02:41  lr: 0.000344  min_lr: 0.000008  loss: 2.0336 (1.9901)  loss_scale: 8192.0000 (8192.0000)  weight_decay: 0.0500 (0.0500)  time: 0.8487  data: 0.0014  max mem: 21507
[2023-08-23 01:06:01,730] [INFO] [fused_optimizer.py:394:_update_scale] No Grad overflow for 128 iterations
[2023-08-23 01:06:01,730] [INFO] [fused_optimizer.py:396:_update_scale] Increasing dynamic loss scale from 8192.0 to 16384.0
[2023-08-23 01:06:01,730] [INFO] [fused_optimizer.py:394:_update_scale] No Grad overflow for 128 iterations
[2023-08-23 01:06:01,731] [INFO] [fused_optimizer.py:396:_update_scale] Increasing dynamic loss scale from 8192.0 to 16384.0
[2023-08-23 01:06:01,731] [INFO] [fused_optimizer.py:394:_update_scale] No Grad overflow for 128 iterations
[2023-08-23 01:06:01,731] [INFO] [fused_optimizer.py:394:_update_scale] No Grad overflow for 128 iterations
[2023-08-23 01:06:01,731] [INFO] [fused_optimizer.py:396:_update_scale] Increasing dynamic loss scale from 8192.0 to 16384.0
[2023-08-23 01:06:01,731] [INFO] [fused_optimizer.py:396:_update_scale] Increasing dynamic loss scale from 8192.0 to 16384.0
[2023-08-23 01:06:01,731] [INFO] [fused_optimizer.py:394:_update_scale] No Grad overflow for 128 iterations
[2023-08-23 01:06:01,732] [INFO] [fused_optimizer.py:396:_update_scale] Increasing dynamic loss scale from 8192.0 to 16384.0
[2023-08-23 01:06:01,738] [INFO] [fused_optimizer.py:394:_update_scale] No Grad overflow for 128 iterations
[2023-08-23 01:06:01,738] [INFO] [fused_optimizer.py:396:_update_scale] Increasing dynamic loss scale from 8192.0 to 16384.0
[2023-08-23 01:06:07,638] [INFO] [fused_optimizer.py:383:_update_scale] 
Grad overflow on iteration 3620
[2023-08-23 01:06:07,638] [INFO] [fused_optimizer.py:383:_update_scale] 
Grad overflow on iteration 3620
[2023-08-23 01:06:07,638] [INFO] [fused_optimizer.py:383:_update_scale] 
Grad overflow on iteration 3620
[2023-08-23 01:06:07,638] [INFO] [fused_optimizer.py:385:_update_scale] Reducing dynamic loss scale from 16384.0 to 8192.0
[2023-08-23 01:06:07,638] [INFO] [fused_optimizer.py:385:_update_scale] Reducing dynamic loss scale from 16384.0 to 8192.0
[2023-08-23 01:06:07,638] [INFO] [fused_optimizer.py:385:_update_scale] Reducing dynamic loss scale from 16384.0 to 8192.0
[2023-08-23 01:06:07,639] [INFO] [logging.py:77:log_dist] [Rank 0] Overflow detected. Skipping step. Attempted loss scale: 16384.0, reducing to 8192.0
[2023-08-23 01:06:07,638] [INFO] [fused_optimizer.py:383:_update_scale] 
Grad overflow on iteration 3620
[2023-08-23 01:06:07,639] [INFO] [fused_optimizer.py:385:_update_scale] Reducing dynamic loss scale from 16384.0 to 8192.0
[2023-08-23 01:06:07,640] [INFO] [fused_optimizer.py:383:_update_scale] 
Grad overflow on iteration 3620
[2023-08-23 01:06:07,640] [INFO] [fused_optimizer.py:385:_update_scale] Reducing dynamic loss scale from 16384.0 to 8192.0
[2023-08-23 01:06:07,643] [INFO] [fused_optimizer.py:383:_update_scale] 
Grad overflow on iteration 3620
[2023-08-23 01:06:07,643] [INFO] [fused_optimizer.py:385:_update_scale] Reducing dynamic loss scale from 16384.0 to 8192.0
TASK EPOCH: [13]  [150/269]  eta: 0:01:49  lr: 0.000343  min_lr: 0.000008  loss: 2.0642 (2.0062)  loss_scale: 8192.0000 (8571.7616)  weight_decay: 0.0500 (0.0500)  time: 0.8420  data: 0.0018  max mem: 21507
TASK EPOCH: [13]  [200/269]  eta: 0:01:01  lr: 0.000341  min_lr: 0.000008  loss: 1.9212 (1.9929)  loss_scale: 8192.0000 (8477.2935)  weight_decay: 0.0500 (0.0500)  time: 0.8318  data: 0.0018  max mem: 21507
TASK EPOCH: [13]  [250/269]  eta: 0:00:16  lr: 0.000340  min_lr: 0.000008  loss: 2.1465 (1.9986)  loss_scale: 8192.0000 (8420.4622)  weight_decay: 0.0500 (0.0500)  time: 0.8365  data: 0.0015  max mem: 21507
[2023-08-23 01:07:55,346] [INFO] [fused_optimizer.py:394:_update_scale] No Grad overflow for 128 iterations
[2023-08-23 01:07:55,347] [INFO] [fused_optimizer.py:396:_update_scale] Increasing dynamic loss scale from 8192.0 to 16384.0
[2023-08-23 01:07:55,347] [INFO] [fused_optimizer.py:394:_update_scale] No Grad overflow for 128 iterations
[2023-08-23 01:07:55,347] [INFO] [fused_optimizer.py:396:_update_scale] Increasing dynamic loss scale from 8192.0 to 16384.0
[2023-08-23 01:07:55,347] [INFO] [fused_optimizer.py:394:_update_scale] No Grad overflow for 128 iterations
[2023-08-23 01:07:55,347] [INFO] [fused_optimizer.py:394:_update_scale] No Grad overflow for 128 iterations
[2023-08-23 01:07:55,347] [INFO] [fused_optimizer.py:396:_update_scale] Increasing dynamic loss scale from 8192.0 to 16384.0
[2023-08-23 01:07:55,347] [INFO] [fused_optimizer.py:396:_update_scale] Increasing dynamic loss scale from 8192.0 to 16384.0
[2023-08-23 01:07:55,347] [INFO] [fused_optimizer.py:394:_update_scale] No Grad overflow for 128 iterations
[2023-08-23 01:07:55,347] [INFO] [fused_optimizer.py:396:_update_scale] Increasing dynamic loss scale from 8192.0 to 16384.0
[2023-08-23 01:07:55,347] [INFO] [fused_optimizer.py:394:_update_scale] No Grad overflow for 128 iterations
[2023-08-23 01:07:55,347] [INFO] [fused_optimizer.py:396:_update_scale] Increasing dynamic loss scale from 8192.0 to 16384.0
[2023-08-23 01:07:56,127] [INFO] [fused_optimizer.py:383:_update_scale] 
Grad overflow on iteration 3750
[2023-08-23 01:07:56,127] [INFO] [fused_optimizer.py:385:_update_scale] Reducing dynamic loss scale from 16384.0 to 8192.0
[2023-08-23 01:07:56,127] [INFO] [fused_optimizer.py:383:_update_scale] 
Grad overflow on iteration 3750
[2023-08-23 01:07:56,127] [INFO] [fused_optimizer.py:383:_update_scale] 
Grad overflow on iteration 3750
[2023-08-23 01:07:56,127] [INFO] [fused_optimizer.py:383:_update_scale] 
Grad overflow on iteration 3750
[2023-08-23 01:07:56,127] [INFO] [fused_optimizer.py:385:_update_scale] Reducing dynamic loss scale from 16384.0 to 8192.0
[2023-08-23 01:07:56,127] [INFO] [fused_optimizer.py:385:_update_scale] Reducing dynamic loss scale from 16384.0 to 8192.0
[2023-08-23 01:07:56,128] [INFO] [fused_optimizer.py:385:_update_scale] Reducing dynamic loss scale from 16384.0 to 8192.0
[2023-08-23 01:07:56,127] [INFO] [fused_optimizer.py:383:_update_scale] 
Grad overflow on iteration 3750
[2023-08-23 01:07:56,128] [INFO] [fused_optimizer.py:385:_update_scale] Reducing dynamic loss scale from 16384.0 to 8192.0
[2023-08-23 01:07:56,128] [INFO] [logging.py:77:log_dist] [Rank 0] Overflow detected. Skipping step. Attempted loss scale: 16384.0, reducing to 8192.0
[2023-08-23 01:07:56,129] [INFO] [fused_optimizer.py:383:_update_scale] 
Grad overflow on iteration 3750
[2023-08-23 01:07:56,129] [INFO] [fused_optimizer.py:385:_update_scale] Reducing dynamic loss scale from 16384.0 to 8192.0
TASK EPOCH: [13]  [268/269]  eta: 0:00:00  lr: 0.000339  min_lr: 0.000008  loss: 1.9984 (1.9949)  loss_scale: 8192.0000 (8435.6283)  weight_decay: 0.0500 (0.0500)  time: 0.7864  data: 0.0006  max mem: 21507
TASK EPOCH: [13] Total time: 0:03:56 (0.8799 s / it)
Averaged stats: lr: 0.000339  min_lr: 0.000008  loss: 1.9984 (1.9724)  loss_scale: 8192.0000 (8435.6283)  weight_decay: 0.0500 (0.0500)
TASK EPOCH: [14]  [  0/269]  eta: 0:41:28  lr: 0.000339  min_lr: 0.000008  loss: 1.7254 (1.7254)  loss_scale: 8192.0000 (8192.0000)  weight_decay: 0.0500 (0.0500)  time: 9.2504  data: 5.7572  max mem: 21507
TASK EPOCH: [14]  [ 50/269]  eta: 0:03:57  lr: 0.000338  min_lr: 0.000008  loss: 1.8586 (1.9602)  loss_scale: 8192.0000 (8192.0000)  weight_decay: 0.0500 (0.0500)  time: 0.8729  data: 0.0017  max mem: 21507
TASK EPOCH: [14]  [100/269]  eta: 0:02:46  lr: 0.000336  min_lr: 0.000008  loss: 2.0681 (1.9920)  loss_scale: 8192.0000 (8192.0000)  weight_decay: 0.0500 (0.0500)  time: 0.8987  data: 0.0013  max mem: 21507
[2023-08-23 01:09:59,055] [INFO] [fused_optimizer.py:394:_update_scale] No Grad overflow for 128 iterations
[2023-08-23 01:09:59,056] [INFO] [fused_optimizer.py:396:_update_scale] Increasing dynamic loss scale from 8192.0 to 16384.0
[2023-08-23 01:09:59,056] [INFO] [fused_optimizer.py:394:_update_scale] No Grad overflow for 128 iterations
[2023-08-23 01:09:59,056] [INFO] [fused_optimizer.py:396:_update_scale] Increasing dynamic loss scale from 8192.0 to 16384.0
[2023-08-23 01:09:59,057] [INFO] [fused_optimizer.py:394:_update_scale] No Grad overflow for 128 iterations
[2023-08-23 01:09:59,058] [INFO] [fused_optimizer.py:396:_update_scale] Increasing dynamic loss scale from 8192.0 to 16384.0
[2023-08-23 01:09:59,058] [INFO] [fused_optimizer.py:394:_update_scale] No Grad overflow for 128 iterations
[2023-08-23 01:09:59,058] [INFO] [fused_optimizer.py:396:_update_scale] Increasing dynamic loss scale from 8192.0 to 16384.0
[2023-08-23 01:09:59,058] [INFO] [fused_optimizer.py:394:_update_scale] No Grad overflow for 128 iterations
[2023-08-23 01:09:59,059] [INFO] [fused_optimizer.py:396:_update_scale] Increasing dynamic loss scale from 8192.0 to 16384.0
[2023-08-23 01:09:59,060] [INFO] [fused_optimizer.py:394:_update_scale] No Grad overflow for 128 iterations
[2023-08-23 01:09:59,061] [INFO] [fused_optimizer.py:396:_update_scale] Increasing dynamic loss scale from 8192.0 to 16384.0
[2023-08-23 01:10:04,233] [INFO] [fused_optimizer.py:383:_update_scale] 
Grad overflow on iteration 3885
[2023-08-23 01:10:04,234] [INFO] [fused_optimizer.py:385:_update_scale] Reducing dynamic loss scale from 16384.0 to 8192.0
[2023-08-23 01:10:04,234] [INFO] [fused_optimizer.py:383:_update_scale] 
Grad overflow on iteration 3885
[2023-08-23 01:10:04,235] [INFO] [fused_optimizer.py:385:_update_scale] Reducing dynamic loss scale from 16384.0 to 8192.0
[2023-08-23 01:10:04,234] [INFO] [fused_optimizer.py:383:_update_scale] 
Grad overflow on iteration 3885
[2023-08-23 01:10:04,235] [INFO] [fused_optimizer.py:385:_update_scale] Reducing dynamic loss scale from 16384.0 to 8192.0
[2023-08-23 01:10:04,235] [INFO] [fused_optimizer.py:383:_update_scale] 
Grad overflow on iteration 3885
[2023-08-23 01:10:04,235] [INFO] [fused_optimizer.py:385:_update_scale] Reducing dynamic loss scale from 16384.0 to 8192.0
[2023-08-23 01:10:04,236] [INFO] [fused_optimizer.py:383:_update_scale] 
Grad overflow on iteration 3885
[2023-08-23 01:10:04,236] [INFO] [fused_optimizer.py:385:_update_scale] Reducing dynamic loss scale from 16384.0 to 8192.0
[2023-08-23 01:10:04,236] [INFO] [logging.py:77:log_dist] [Rank 0] Overflow detected. Skipping step. Attempted loss scale: 16384.0, reducing to 8192.0
[2023-08-23 01:10:04,242] [INFO] [fused_optimizer.py:383:_update_scale] 
Grad overflow on iteration 3885
[2023-08-23 01:10:04,243] [INFO] [fused_optimizer.py:385:_update_scale] Reducing dynamic loss scale from 16384.0 to 8192.0
TASK EPOCH: [14]  [150/269]  eta: 0:01:52  lr: 0.000335  min_lr: 0.000008  loss: 1.9967 (1.9583)  loss_scale: 8192.0000 (8517.5099)  weight_decay: 0.0500 (0.0500)  time: 0.8559  data: 0.0016  max mem: 21507
TASK EPOCH: [14]  [200/269]  eta: 0:01:03  lr: 0.000333  min_lr: 0.000008  loss: 1.9948 (1.9451)  loss_scale: 8192.0000 (8436.5373)  weight_decay: 0.0500 (0.0500)  time: 0.8498  data: 0.0017  max mem: 21507
[2023-08-23 01:11:41,604] [INFO] [logging.py:77:log_dist] [Rank 0] step=4000, skipped=23, lr=[7.894440031105108e-06, 7.894440031105108e-06, 1.0525920041473477e-05, 1.0525920041473477e-05, 1.403456005529797e-05, 1.403456005529797e-05, 1.8712746740397293e-05, 1.8712746740397293e-05, 2.4950328987196392e-05, 2.4950328987196392e-05, 3.3267105316261854e-05, 3.3267105316261854e-05, 4.4356140421682474e-05, 4.4356140421682474e-05, 5.91415205622433e-05, 5.91415205622433e-05, 7.885536074965773e-05, 7.885536074965773e-05, 0.00010514048099954363, 0.00010514048099954363, 0.0001401873079993915, 0.0001401873079993915, 0.00018691641066585535, 0.00018691641066585535, 0.00024922188088780713, 0.00024922188088780713, 0.00033229584118374286, 0.00033229584118374286], mom=[[0.9, 0.999], [0.9, 0.999], [0.9, 0.999], [0.9, 0.999], [0.9, 0.999], [0.9, 0.999], [0.9, 0.999], [0.9, 0.999], [0.9, 0.999], [0.9, 0.999], [0.9, 0.999], [0.9, 0.999], [0.9, 0.999], [0.9, 0.999], [0.9, 0.999], [0.9, 0.999], [0.9, 0.999], [0.9, 0.999], [0.9, 0.999], [0.9, 0.999], [0.9, 0.999], [0.9, 0.999], [0.9, 0.999], [0.9, 0.999], [0.9, 0.999], [0.9, 0.999], [0.9, 0.999], [0.9, 0.999]]
[2023-08-23 01:11:41,606] [INFO] [timer.py:209:stop] epoch=0/micro_step=4000/global_step=4000, RunningAvgSamplesPerSec=122.79174966856357, CurrSamplesPerSec=124.43867337339404, MemAllocated=1.24GB, MaxMemAllocated=21.0GB
[2023-08-23 01:11:54,258] [INFO] [fused_optimizer.py:394:_update_scale] No Grad overflow for 128 iterations
[2023-08-23 01:11:54,258] [INFO] [fused_optimizer.py:396:_update_scale] Increasing dynamic loss scale from 8192.0 to 16384.0
[2023-08-23 01:11:54,258] [INFO] [fused_optimizer.py:394:_update_scale] No Grad overflow for 128 iterations
[2023-08-23 01:11:54,259] [INFO] [fused_optimizer.py:396:_update_scale] Increasing dynamic loss scale from 8192.0 to 16384.0
[2023-08-23 01:11:54,260] [INFO] [fused_optimizer.py:394:_update_scale] No Grad overflow for 128 iterations
[2023-08-23 01:11:54,261] [INFO] [fused_optimizer.py:394:_update_scale] No Grad overflow for 128 iterations
[2023-08-23 01:11:54,261] [INFO] [fused_optimizer.py:396:_update_scale] Increasing dynamic loss scale from 8192.0 to 16384.0
[2023-08-23 01:11:54,261] [INFO] [fused_optimizer.py:396:_update_scale] Increasing dynamic loss scale from 8192.0 to 16384.0
[2023-08-23 01:11:54,261] [INFO] [fused_optimizer.py:394:_update_scale] No Grad overflow for 128 iterations
[2023-08-23 01:11:54,261] [INFO] [fused_optimizer.py:396:_update_scale] Increasing dynamic loss scale from 8192.0 to 16384.0
[2023-08-23 01:11:54,264] [INFO] [fused_optimizer.py:394:_update_scale] No Grad overflow for 128 iterations
[2023-08-23 01:11:54,265] [INFO] [fused_optimizer.py:396:_update_scale] Increasing dynamic loss scale from 8192.0 to 16384.0
TASK EPOCH: [14]  [250/269]  eta: 0:00:17  lr: 0.000332  min_lr: 0.000008  loss: 1.8366 (1.9386)  loss_scale: 8192.0000 (8485.7371)  weight_decay: 0.0500 (0.0500)  time: 0.8472  data: 0.0011  max mem: 21507
TASK EPOCH: [14]  [268/269]  eta: 0:00:00  lr: 0.000331  min_lr: 0.000008  loss: 1.8361 (1.9343)  loss_scale: 16384.0000 (9014.2454)  weight_decay: 0.0500 (0.0500)  time: 0.7921  data: 0.0007  max mem: 21507
TASK EPOCH: [14] Total time: 0:04:02 (0.9008 s / it)
Averaged stats: lr: 0.000331  min_lr: 0.000008  loss: 1.8361 (1.9503)  loss_scale: 16384.0000 (9014.2454)  weight_decay: 0.0500 (0.0500)
TASK EPOCH: [15]  [  0/269]  eta: 0:43:41  lr: 0.000331  min_lr: 0.000008  loss: 2.7129 (2.7129)  loss_scale: 16384.0000 (16384.0000)  weight_decay: 0.0500 (0.0500)  time: 9.7468  data: 6.0947  max mem: 21507
[2023-08-23 01:12:45,317] [INFO] [fused_optimizer.py:383:_update_scale] 
Grad overflow on iteration 4063
[2023-08-23 01:12:45,317] [INFO] [fused_optimizer.py:383:_update_scale] 
Grad overflow on iteration 4063
[2023-08-23 01:12:45,318] [INFO] [fused_optimizer.py:385:_update_scale] Reducing dynamic loss scale from 16384.0 to 8192.0
[2023-08-23 01:12:45,318] [INFO] [fused_optimizer.py:385:_update_scale] Reducing dynamic loss scale from 16384.0 to 8192.0
[2023-08-23 01:12:45,318] [INFO] [fused_optimizer.py:383:_update_scale] 
Grad overflow on iteration 4063
[2023-08-23 01:12:45,318] [INFO] [logging.py:77:log_dist] [Rank 0] Overflow detected. Skipping step. Attempted loss scale: 16384.0, reducing to 8192.0
[2023-08-23 01:12:45,318] [INFO] [fused_optimizer.py:385:_update_scale] Reducing dynamic loss scale from 16384.0 to 8192.0
[2023-08-23 01:12:45,318] [INFO] [fused_optimizer.py:383:_update_scale] 
Grad overflow on iteration 4063
[2023-08-23 01:12:45,318] [INFO] [fused_optimizer.py:385:_update_scale] Reducing dynamic loss scale from 16384.0 to 8192.0
[2023-08-23 01:12:45,318] [INFO] [fused_optimizer.py:383:_update_scale] 
Grad overflow on iteration 4063
[2023-08-23 01:12:45,319] [INFO] [fused_optimizer.py:385:_update_scale] Reducing dynamic loss scale from 16384.0 to 8192.0
[2023-08-23 01:12:45,319] [INFO] [fused_optimizer.py:383:_update_scale] 
Grad overflow on iteration 4063
[2023-08-23 01:12:45,320] [INFO] [fused_optimizer.py:385:_update_scale] Reducing dynamic loss scale from 16384.0 to 8192.0
TASK EPOCH: [15]  [ 50/269]  eta: 0:03:50  lr: 0.000330  min_lr: 0.000008  loss: 1.6118 (1.9532)  loss_scale: 8192.0000 (12689.5686)  weight_decay: 0.0500 (0.0500)  time: 0.8529  data: 0.0015  max mem: 21507
TASK EPOCH: [15]  [100/269]  eta: 0:02:41  lr: 0.000328  min_lr: 0.000008  loss: 1.8399 (1.9235)  loss_scale: 8192.0000 (10463.0495)  weight_decay: 0.0500 (0.0500)  time: 0.8568  data: 0.0011  max mem: 21507
TASK EPOCH: [15]  [150/269]  eta: 0:01:49  lr: 0.000326  min_lr: 0.000008  loss: 2.0164 (1.9351)  loss_scale: 8192.0000 (9711.0464)  weight_decay: 0.0500 (0.0500)  time: 0.8424  data: 0.0019  max mem: 21507
[2023-08-23 01:14:34,744] [INFO] [fused_optimizer.py:394:_update_scale] No Grad overflow for 128 iterations
[2023-08-23 01:14:34,744] [INFO] [fused_optimizer.py:396:_update_scale] Increasing dynamic loss scale from 8192.0 to 16384.0
[2023-08-23 01:14:34,744] [INFO] [fused_optimizer.py:394:_update_scale] No Grad overflow for 128 iterations
[2023-08-23 01:14:34,744] [INFO] [fused_optimizer.py:394:_update_scale] No Grad overflow for 128 iterations
[2023-08-23 01:14:34,744] [INFO] [fused_optimizer.py:396:_update_scale] Increasing dynamic loss scale from 8192.0 to 16384.0
[2023-08-23 01:14:34,744] [INFO] [fused_optimizer.py:396:_update_scale] Increasing dynamic loss scale from 8192.0 to 16384.0
[2023-08-23 01:14:34,745] [INFO] [fused_optimizer.py:394:_update_scale] No Grad overflow for 128 iterations
[2023-08-23 01:14:34,745] [INFO] [fused_optimizer.py:396:_update_scale] Increasing dynamic loss scale from 8192.0 to 16384.0
[2023-08-23 01:14:34,746] [INFO] [fused_optimizer.py:394:_update_scale] No Grad overflow for 128 iterations
[2023-08-23 01:14:34,746] [INFO] [fused_optimizer.py:396:_update_scale] Increasing dynamic loss scale from 8192.0 to 16384.0
[2023-08-23 01:14:34,752] [INFO] [fused_optimizer.py:394:_update_scale] No Grad overflow for 128 iterations
[2023-08-23 01:14:34,753] [INFO] [fused_optimizer.py:396:_update_scale] Increasing dynamic loss scale from 8192.0 to 16384.0
[2023-08-23 01:14:36,411] [INFO] [fused_optimizer.py:383:_update_scale] 
Grad overflow on iteration 4194
[2023-08-23 01:14:36,411] [INFO] [fused_optimizer.py:383:_update_scale] 
Grad overflow on iteration 4194
[2023-08-23 01:14:36,411] [INFO] [fused_optimizer.py:385:_update_scale] Reducing dynamic loss scale from 16384.0 to 8192.0
[2023-08-23 01:14:36,411] [INFO] [fused_optimizer.py:385:_update_scale] Reducing dynamic loss scale from 16384.0 to 8192.0
[2023-08-23 01:14:36,412] [INFO] [fused_optimizer.py:383:_update_scale] 
Grad overflow on iteration 4194
[2023-08-23 01:14:36,412] [INFO] [fused_optimizer.py:383:_update_scale] 
Grad overflow on iteration 4194
[2023-08-23 01:14:36,412] [INFO] [fused_optimizer.py:385:_update_scale] Reducing dynamic loss scale from 16384.0 to 8192.0
[2023-08-23 01:14:36,412] [INFO] [fused_optimizer.py:385:_update_scale] Reducing dynamic loss scale from 16384.0 to 8192.0
[2023-08-23 01:14:36,412] [INFO] [logging.py:77:log_dist] [Rank 0] Overflow detected. Skipping step. Attempted loss scale: 16384.0, reducing to 8192.0
[2023-08-23 01:14:36,413] [INFO] [fused_optimizer.py:383:_update_scale] 
Grad overflow on iteration 4194
[2023-08-23 01:14:36,413] [INFO] [fused_optimizer.py:385:_update_scale] Reducing dynamic loss scale from 16384.0 to 8192.0
[2023-08-23 01:14:36,415] [INFO] [fused_optimizer.py:383:_update_scale] 
Grad overflow on iteration 4194
[2023-08-23 01:14:36,415] [INFO] [fused_optimizer.py:385:_update_scale] Reducing dynamic loss scale from 16384.0 to 8192.0
TASK EPOCH: [15]  [200/269]  eta: 0:01:01  lr: 0.000325  min_lr: 0.000008  loss: 1.8675 (1.9336)  loss_scale: 8192.0000 (9414.6866)  weight_decay: 0.0500 (0.0500)  time: 0.8344  data: 0.0017  max mem: 21507
TASK EPOCH: [15]  [250/269]  eta: 0:00:16  lr: 0.000323  min_lr: 0.000008  loss: 1.7429 (1.9320)  loss_scale: 8192.0000 (9171.1235)  weight_decay: 0.0500 (0.0500)  time: 0.8319  data: 0.0021  max mem: 21507
TASK EPOCH: [15]  [268/269]  eta: 0:00:00  lr: 0.000322  min_lr: 0.000008  loss: 1.8278 (1.9331)  loss_scale: 8192.0000 (9105.6059)  weight_decay: 0.0500 (0.0500)  time: 0.7858  data: 0.0007  max mem: 21507
TASK EPOCH: [15] Total time: 0:03:56 (0.8787 s / it)
Averaged stats: lr: 0.000322  min_lr: 0.000008  loss: 1.8278 (1.9299)  loss_scale: 8192.0000 (9105.6059)  weight_decay: 0.0500 (0.0500)
TASK EPOCH: [16]  [  0/269]  eta: 0:41:37  lr: 0.000322  min_lr: 0.000008  loss: 1.4907 (1.4907)  loss_scale: 8192.0000 (8192.0000)  weight_decay: 0.0500 (0.0500)  time: 9.2857  data: 7.5866  max mem: 21507
[2023-08-23 01:16:33,056] [INFO] [fused_optimizer.py:394:_update_scale] No Grad overflow for 128 iterations
[2023-08-23 01:16:33,057] [INFO] [fused_optimizer.py:396:_update_scale] Increasing dynamic loss scale from 8192.0 to 16384.0
[2023-08-23 01:16:33,057] [INFO] [fused_optimizer.py:394:_update_scale] No Grad overflow for 128 iterations
[2023-08-23 01:16:33,057] [INFO] [fused_optimizer.py:396:_update_scale] Increasing dynamic loss scale from 8192.0 to 16384.0
[2023-08-23 01:16:33,057] [INFO] [fused_optimizer.py:394:_update_scale] No Grad overflow for 128 iterations
[2023-08-23 01:16:33,058] [INFO] [fused_optimizer.py:396:_update_scale] Increasing dynamic loss scale from 8192.0 to 16384.0
[2023-08-23 01:16:33,059] [INFO] [fused_optimizer.py:394:_update_scale] No Grad overflow for 128 iterations
[2023-08-23 01:16:33,060] [INFO] [fused_optimizer.py:396:_update_scale] Increasing dynamic loss scale from 8192.0 to 16384.0
[2023-08-23 01:16:33,061] [INFO] [fused_optimizer.py:394:_update_scale] No Grad overflow for 128 iterations
[2023-08-23 01:16:33,062] [INFO] [fused_optimizer.py:396:_update_scale] Increasing dynamic loss scale from 8192.0 to 16384.0
[2023-08-23 01:16:33,074] [INFO] [fused_optimizer.py:394:_update_scale] No Grad overflow for 128 iterations
[2023-08-23 01:16:33,074] [INFO] [fused_optimizer.py:396:_update_scale] Increasing dynamic loss scale from 8192.0 to 16384.0
[2023-08-23 01:16:37,754] [INFO] [fused_optimizer.py:383:_update_scale] 
Grad overflow on iteration 4328
[2023-08-23 01:16:37,754] [INFO] [fused_optimizer.py:385:_update_scale] Reducing dynamic loss scale from 16384.0 to 8192.0
[2023-08-23 01:16:37,754] [INFO] [fused_optimizer.py:383:_update_scale] 
Grad overflow on iteration 4328
[2023-08-23 01:16:37,754] [INFO] [fused_optimizer.py:385:_update_scale] Reducing dynamic loss scale from 16384.0 to 8192.0
[2023-08-23 01:16:37,755] [INFO] [fused_optimizer.py:383:_update_scale] 
Grad overflow on iteration 4328
[2023-08-23 01:16:37,755] [INFO] [fused_optimizer.py:385:_update_scale] Reducing dynamic loss scale from 16384.0 to 8192.0
[2023-08-23 01:16:37,755] [INFO] [logging.py:77:log_dist] [Rank 0] Overflow detected. Skipping step. Attempted loss scale: 16384.0, reducing to 8192.0
[2023-08-23 01:16:37,758] [INFO] [fused_optimizer.py:383:_update_scale] 
Grad overflow on iteration 4328
[2023-08-23 01:16:37,758] [INFO] [fused_optimizer.py:385:_update_scale] Reducing dynamic loss scale from 16384.0 to 8192.0
[2023-08-23 01:16:37,759] [INFO] [fused_optimizer.py:383:_update_scale] 
Grad overflow on iteration 4328
[2023-08-23 01:16:37,759] [INFO] [fused_optimizer.py:385:_update_scale] Reducing dynamic loss scale from 16384.0 to 8192.0
[2023-08-23 01:16:37,775] [INFO] [fused_optimizer.py:383:_update_scale] 
Grad overflow on iteration 4328
[2023-08-23 01:16:37,775] [INFO] [fused_optimizer.py:385:_update_scale] Reducing dynamic loss scale from 16384.0 to 8192.0
TASK EPOCH: [16]  [ 50/269]  eta: 0:03:49  lr: 0.000321  min_lr: 0.000008  loss: 1.9604 (1.8984)  loss_scale: 8192.0000 (8995.1373)  weight_decay: 0.0500 (0.0500)  time: 0.8634  data: 0.0019  max mem: 21507
TASK EPOCH: [16]  [100/269]  eta: 0:02:41  lr: 0.000319  min_lr: 0.000008  loss: 1.9469 (1.9308)  loss_scale: 8192.0000 (8597.5446)  weight_decay: 0.0500 (0.0500)  time: 0.8602  data: 0.0019  max mem: 21507
TASK EPOCH: [16]  [150/269]  eta: 0:01:49  lr: 0.000317  min_lr: 0.000008  loss: 1.8920 (1.9271)  loss_scale: 8192.0000 (8463.2583)  weight_decay: 0.0500 (0.0500)  time: 0.8415  data: 0.0032  max mem: 21507
[2023-08-23 01:18:28,158] [INFO] [fused_optimizer.py:394:_update_scale] No Grad overflow for 128 iterations
[2023-08-23 01:18:28,158] [INFO] [fused_optimizer.py:396:_update_scale] Increasing dynamic loss scale from 8192.0 to 16384.0
[2023-08-23 01:18:28,159] [INFO] [fused_optimizer.py:394:_update_scale] No Grad overflow for 128 iterations
[2023-08-23 01:18:28,159] [INFO] [fused_optimizer.py:396:_update_scale] Increasing dynamic loss scale from 8192.0 to 16384.0
[2023-08-23 01:18:28,159] [INFO] [fused_optimizer.py:394:_update_scale] No Grad overflow for 128 iterations
[2023-08-23 01:18:28,159] [INFO] [fused_optimizer.py:396:_update_scale] Increasing dynamic loss scale from 8192.0 to 16384.0
[2023-08-23 01:18:28,162] [INFO] [fused_optimizer.py:394:_update_scale] No Grad overflow for 128 iterations
[2023-08-23 01:18:28,163] [INFO] [fused_optimizer.py:396:_update_scale] Increasing dynamic loss scale from 8192.0 to 16384.0
[2023-08-23 01:18:28,163] [INFO] [fused_optimizer.py:394:_update_scale] No Grad overflow for 128 iterations
[2023-08-23 01:18:28,163] [INFO] [fused_optimizer.py:396:_update_scale] Increasing dynamic loss scale from 8192.0 to 16384.0
[2023-08-23 01:18:28,163] [INFO] [fused_optimizer.py:394:_update_scale] No Grad overflow for 128 iterations
[2023-08-23 01:18:28,164] [INFO] [fused_optimizer.py:396:_update_scale] Increasing dynamic loss scale from 8192.0 to 16384.0
[2023-08-23 01:18:30,686] [INFO] [fused_optimizer.py:383:_update_scale] 
Grad overflow on iteration 4460
[2023-08-23 01:18:30,686] [INFO] [fused_optimizer.py:385:_update_scale] Reducing dynamic loss scale from 16384.0 to 8192.0
[2023-08-23 01:18:30,686] [INFO] [logging.py:77:log_dist] [Rank 0] Overflow detected. Skipping step. Attempted loss scale: 16384.0, reducing to 8192.0
[2023-08-23 01:18:30,686] [INFO] [fused_optimizer.py:383:_update_scale] 
Grad overflow on iteration 4460
[2023-08-23 01:18:30,686] [INFO] [fused_optimizer.py:385:_update_scale] Reducing dynamic loss scale from 16384.0 to 8192.0
[2023-08-23 01:18:30,687] [INFO] [fused_optimizer.py:383:_update_scale] 
Grad overflow on iteration 4460
[2023-08-23 01:18:30,687] [INFO] [fused_optimizer.py:385:_update_scale] Reducing dynamic loss scale from 16384.0 to 8192.0
[2023-08-23 01:18:30,687] [INFO] [fused_optimizer.py:383:_update_scale] 
Grad overflow on iteration 4460
[2023-08-23 01:18:30,687] [INFO] [fused_optimizer.py:385:_update_scale] Reducing dynamic loss scale from 16384.0 to 8192.0
[2023-08-23 01:18:30,688] [INFO] [fused_optimizer.py:383:_update_scale] 
Grad overflow on iteration 4460
[2023-08-23 01:18:30,688] [INFO] [fused_optimizer.py:385:_update_scale] Reducing dynamic loss scale from 16384.0 to 8192.0
[2023-08-23 01:18:30,690] [INFO] [fused_optimizer.py:383:_update_scale] 
Grad overflow on iteration 4460
[2023-08-23 01:18:30,690] [INFO] [fused_optimizer.py:385:_update_scale] Reducing dynamic loss scale from 16384.0 to 8192.0
TASK EPOCH: [16]  [200/269]  eta: 0:01:02  lr: 0.000315  min_lr: 0.000007  loss: 1.9089 (1.9384)  loss_scale: 8192.0000 (8518.0498)  weight_decay: 0.0500 (0.0500)  time: 0.8379  data: 0.0013  max mem: 21507
TASK EPOCH: [16]  [250/269]  eta: 0:00:16  lr: 0.000314  min_lr: 0.000007  loss: 2.0022 (1.9537)  loss_scale: 8192.0000 (8453.0996)  weight_decay: 0.0500 (0.0500)  time: 0.8309  data: 0.0018  max mem: 21507
TASK EPOCH: [16]  [268/269]  eta: 0:00:00  lr: 0.000313  min_lr: 0.000007  loss: 1.8839 (1.9546)  loss_scale: 8192.0000 (8435.6283)  weight_decay: 0.0500 (0.0500)  time: 0.7836  data: 0.0006  max mem: 21507
TASK EPOCH: [16] Total time: 0:03:56 (0.8800 s / it)
Averaged stats: lr: 0.000313  min_lr: 0.000007  loss: 1.8839 (1.9358)  loss_scale: 8192.0000 (8435.6283)  weight_decay: 0.0500 (0.0500)
TASK EPOCH: [17]  [  0/269]  eta: 0:43:02  lr: 0.000313  min_lr: 0.000007  loss: 2.1707 (2.1707)  loss_scale: 8192.0000 (8192.0000)  weight_decay: 0.0500 (0.0500)  time: 9.5993  data: 7.4461  max mem: 21507
[2023-08-23 01:20:27,167] [INFO] [fused_optimizer.py:394:_update_scale] No Grad overflow for 128 iterations
[2023-08-23 01:20:27,167] [INFO] [fused_optimizer.py:396:_update_scale] Increasing dynamic loss scale from 8192.0 to 16384.0
[2023-08-23 01:20:27,167] [INFO] [fused_optimizer.py:394:_update_scale] No Grad overflow for 128 iterations
[2023-08-23 01:20:27,168] [INFO] [fused_optimizer.py:396:_update_scale] Increasing dynamic loss scale from 8192.0 to 16384.0
[2023-08-23 01:20:27,168] [INFO] [fused_optimizer.py:394:_update_scale] No Grad overflow for 128 iterations
[2023-08-23 01:20:27,167] [INFO] [fused_optimizer.py:394:_update_scale] No Grad overflow for 128 iterations
[2023-08-23 01:20:27,168] [INFO] [fused_optimizer.py:396:_update_scale] Increasing dynamic loss scale from 8192.0 to 16384.0
[2023-08-23 01:20:27,168] [INFO] [fused_optimizer.py:396:_update_scale] Increasing dynamic loss scale from 8192.0 to 16384.0
[2023-08-23 01:20:27,168] [INFO] [fused_optimizer.py:394:_update_scale] No Grad overflow for 128 iterations
[2023-08-23 01:20:27,168] [INFO] [fused_optimizer.py:396:_update_scale] Increasing dynamic loss scale from 8192.0 to 16384.0
[2023-08-23 01:20:27,176] [INFO] [fused_optimizer.py:394:_update_scale] No Grad overflow for 128 iterations
[2023-08-23 01:20:27,177] [INFO] [fused_optimizer.py:396:_update_scale] Increasing dynamic loss scale from 8192.0 to 16384.0
[2023-08-23 01:20:32,704] [INFO] [fused_optimizer.py:383:_update_scale] 
Grad overflow on iteration 4595
[2023-08-23 01:20:32,704] [INFO] [fused_optimizer.py:385:_update_scale] Reducing dynamic loss scale from 16384.0 to 8192.0
[2023-08-23 01:20:32,705] [INFO] [fused_optimizer.py:383:_update_scale] 
Grad overflow on iteration 4595
[2023-08-23 01:20:32,705] [INFO] [fused_optimizer.py:385:_update_scale] Reducing dynamic loss scale from 16384.0 to 8192.0
[2023-08-23 01:20:32,707] [INFO] [fused_optimizer.py:383:_update_scale] 
Grad overflow on iteration 4595
[2023-08-23 01:20:32,707] [INFO] [fused_optimizer.py:385:_update_scale] Reducing dynamic loss scale from 16384.0 to 8192.0
[2023-08-23 01:20:32,707] [INFO] [logging.py:77:log_dist] [Rank 0] Overflow detected. Skipping step. Attempted loss scale: 16384.0, reducing to 8192.0
[2023-08-23 01:20:32,707] [INFO] [fused_optimizer.py:383:_update_scale] 
Grad overflow on iteration 4595
[2023-08-23 01:20:32,707] [INFO] [fused_optimizer.py:385:_update_scale] Reducing dynamic loss scale from 16384.0 to 8192.0
[2023-08-23 01:20:32,707] [INFO] [fused_optimizer.py:383:_update_scale] 
Grad overflow on iteration 4595
[2023-08-23 01:20:32,708] [INFO] [fused_optimizer.py:385:_update_scale] Reducing dynamic loss scale from 16384.0 to 8192.0
[2023-08-23 01:20:32,711] [INFO] [fused_optimizer.py:383:_update_scale] 
Grad overflow on iteration 4595
[2023-08-23 01:20:32,712] [INFO] [fused_optimizer.py:385:_update_scale] Reducing dynamic loss scale from 16384.0 to 8192.0
TASK EPOCH: [17]  [ 50/269]  eta: 0:03:48  lr: 0.000311  min_lr: 0.000007  loss: 1.8747 (1.9356)  loss_scale: 8192.0000 (9155.7647)  weight_decay: 0.0500 (0.0500)  time: 0.8591  data: 0.0020  max mem: 21507
TASK EPOCH: [17]  [100/269]  eta: 0:02:40  lr: 0.000309  min_lr: 0.000007  loss: 1.9982 (1.9334)  loss_scale: 8192.0000 (8678.6535)  weight_decay: 0.0500 (0.0500)  time: 0.8502  data: 0.0025  max mem: 21507
TASK EPOCH: [17]  [150/269]  eta: 0:01:49  lr: 0.000308  min_lr: 0.000007  loss: 1.8617 (1.9601)  loss_scale: 8192.0000 (8517.5099)  weight_decay: 0.0500 (0.0500)  time: 0.8515  data: 0.0019  max mem: 21507
[2023-08-23 01:22:22,814] [INFO] [fused_optimizer.py:394:_update_scale] No Grad overflow for 128 iterations
[2023-08-23 01:22:22,814] [INFO] [fused_optimizer.py:394:_update_scale] No Grad overflow for 128 iterations
[2023-08-23 01:22:22,814] [INFO] [fused_optimizer.py:396:_update_scale] Increasing dynamic loss scale from 8192.0 to 16384.0
[2023-08-23 01:22:22,814] [INFO] [fused_optimizer.py:396:_update_scale] Increasing dynamic loss scale from 8192.0 to 16384.0
[2023-08-23 01:22:22,815] [INFO] [fused_optimizer.py:394:_update_scale] No Grad overflow for 128 iterations
[2023-08-23 01:22:22,815] [INFO] [fused_optimizer.py:396:_update_scale] Increasing dynamic loss scale from 8192.0 to 16384.0
[2023-08-23 01:22:22,815] [INFO] [fused_optimizer.py:394:_update_scale] No Grad overflow for 128 iterations
[2023-08-23 01:22:22,815] [INFO] [fused_optimizer.py:396:_update_scale] Increasing dynamic loss scale from 8192.0 to 16384.0
[2023-08-23 01:22:22,816] [INFO] [fused_optimizer.py:394:_update_scale] No Grad overflow for 128 iterations
[2023-08-23 01:22:22,816] [INFO] [fused_optimizer.py:396:_update_scale] Increasing dynamic loss scale from 8192.0 to 16384.0
[2023-08-23 01:22:22,816] [INFO] [fused_optimizer.py:394:_update_scale] No Grad overflow for 128 iterations
[2023-08-23 01:22:22,816] [INFO] [fused_optimizer.py:396:_update_scale] Increasing dynamic loss scale from 8192.0 to 16384.0
[2023-08-23 01:22:34,486] [INFO] [fused_optimizer.py:383:_update_scale] 
Grad overflow on iteration 4738
[2023-08-23 01:22:34,486] [INFO] [fused_optimizer.py:383:_update_scale] 
Grad overflow on iteration 4738
[2023-08-23 01:22:34,486] [INFO] [fused_optimizer.py:383:_update_scale] 
Grad overflow on iteration 4738
[2023-08-23 01:22:34,486] [INFO] [fused_optimizer.py:385:_update_scale] Reducing dynamic loss scale from 16384.0 to 8192.0
[2023-08-23 01:22:34,486] [INFO] [fused_optimizer.py:385:_update_scale] Reducing dynamic loss scale from 16384.0 to 8192.0
[2023-08-23 01:22:34,486] [INFO] [fused_optimizer.py:385:_update_scale] Reducing dynamic loss scale from 16384.0 to 8192.0
[2023-08-23 01:22:34,486] [INFO] [logging.py:77:log_dist] [Rank 0] Overflow detected. Skipping step. Attempted loss scale: 16384.0, reducing to 8192.0
[2023-08-23 01:22:34,487] [INFO] [fused_optimizer.py:383:_update_scale] 
Grad overflow on iteration 4738
[2023-08-23 01:22:34,487] [INFO] [fused_optimizer.py:385:_update_scale] Reducing dynamic loss scale from 16384.0 to 8192.0
[2023-08-23 01:22:34,487] [INFO] [fused_optimizer.py:383:_update_scale] 
Grad overflow on iteration 4738
[2023-08-23 01:22:34,487] [INFO] [fused_optimizer.py:385:_update_scale] Reducing dynamic loss scale from 16384.0 to 8192.0
[2023-08-23 01:22:34,498] [INFO] [fused_optimizer.py:383:_update_scale] 
Grad overflow on iteration 4738
[2023-08-23 01:22:34,498] [INFO] [fused_optimizer.py:385:_update_scale] Reducing dynamic loss scale from 16384.0 to 8192.0
TASK EPOCH: [17]  [200/269]  eta: 0:01:01  lr: 0.000306  min_lr: 0.000007  loss: 1.7034 (1.9303)  loss_scale: 8192.0000 (9007.1244)  weight_decay: 0.0500 (0.0500)  time: 0.8388  data: 0.0012  max mem: 21507
TASK EPOCH: [17]  [250/269]  eta: 0:00:16  lr: 0.000304  min_lr: 0.000007  loss: 1.7320 (1.9240)  loss_scale: 8192.0000 (8844.7490)  weight_decay: 0.0500 (0.0500)  time: 0.8342  data: 0.0015  max mem: 21507
TASK EPOCH: [17]  [268/269]  eta: 0:00:00  lr: 0.000303  min_lr: 0.000007  loss: 1.9788 (1.9270)  loss_scale: 8192.0000 (8801.0706)  weight_decay: 0.0500 (0.0500)  time: 0.7849  data: 0.0006  max mem: 21507
TASK EPOCH: [17] Total time: 0:03:56 (0.8787 s / it)
Averaged stats: lr: 0.000303  min_lr: 0.000007  loss: 1.9788 (1.9068)  loss_scale: 8192.0000 (8801.0706)  weight_decay: 0.0500 (0.0500)
TASK EPOCH: [18]  [  0/269]  eta: 0:49:06  lr: 0.000303  min_lr: 0.000007  loss: 2.3219 (2.3219)  loss_scale: 8192.0000 (8192.0000)  weight_decay: 0.0500 (0.0500)  time: 10.9533  data: 6.6752  max mem: 21507
[2023-08-23 01:24:35,332] [INFO] [fused_optimizer.py:394:_update_scale] No Grad overflow for 128 iterations
[2023-08-23 01:24:35,332] [INFO] [fused_optimizer.py:396:_update_scale] Increasing dynamic loss scale from 8192.0 to 16384.0
[2023-08-23 01:24:35,332] [INFO] [fused_optimizer.py:394:_update_scale] No Grad overflow for 128 iterations
[2023-08-23 01:24:35,333] [INFO] [fused_optimizer.py:396:_update_scale] Increasing dynamic loss scale from 8192.0 to 16384.0
[2023-08-23 01:24:35,333] [INFO] [fused_optimizer.py:394:_update_scale] No Grad overflow for 128 iterations
[2023-08-23 01:24:35,333] [INFO] [fused_optimizer.py:396:_update_scale] Increasing dynamic loss scale from 8192.0 to 16384.0
[2023-08-23 01:24:35,332] [INFO] [fused_optimizer.py:394:_update_scale] No Grad overflow for 128 iterations
[2023-08-23 01:24:35,333] [INFO] [fused_optimizer.py:396:_update_scale] Increasing dynamic loss scale from 8192.0 to 16384.0
[2023-08-23 01:24:35,333] [INFO] [fused_optimizer.py:394:_update_scale] No Grad overflow for 128 iterations
[2023-08-23 01:24:35,333] [INFO] [fused_optimizer.py:396:_update_scale] Increasing dynamic loss scale from 8192.0 to 16384.0
[2023-08-23 01:24:35,333] [INFO] [fused_optimizer.py:394:_update_scale] No Grad overflow for 128 iterations
[2023-08-23 01:24:35,334] [INFO] [fused_optimizer.py:396:_update_scale] Increasing dynamic loss scale from 8192.0 to 16384.0
[2023-08-23 01:24:37,900] [INFO] [fused_optimizer.py:383:_update_scale] 
Grad overflow on iteration 4870
[2023-08-23 01:24:37,901] [INFO] [fused_optimizer.py:385:_update_scale] Reducing dynamic loss scale from 16384.0 to 8192.0
[2023-08-23 01:24:37,901] [INFO] [logging.py:77:log_dist] [Rank 0] Overflow detected. Skipping step. Attempted loss scale: 16384.0, reducing to 8192.0
[2023-08-23 01:24:37,902] [INFO] [fused_optimizer.py:383:_update_scale] 
Grad overflow on iteration 4870
[2023-08-23 01:24:37,902] [INFO] [fused_optimizer.py:385:_update_scale] Reducing dynamic loss scale from 16384.0 to 8192.0
[2023-08-23 01:24:37,902] [INFO] [fused_optimizer.py:383:_update_scale] 
Grad overflow on iteration 4870
[2023-08-23 01:24:37,902] [INFO] [fused_optimizer.py:385:_update_scale] Reducing dynamic loss scale from 16384.0 to 8192.0
[2023-08-23 01:24:37,903] [INFO] [fused_optimizer.py:383:_update_scale] 
Grad overflow on iteration 4870
[2023-08-23 01:24:37,904] [INFO] [fused_optimizer.py:385:_update_scale] Reducing dynamic loss scale from 16384.0 to 8192.0
[2023-08-23 01:24:37,909] [INFO] [fused_optimizer.py:383:_update_scale] 
Grad overflow on iteration 4870
[2023-08-23 01:24:37,909] [INFO] [fused_optimizer.py:385:_update_scale] Reducing dynamic loss scale from 16384.0 to 8192.0
[2023-08-23 01:24:37,921] [INFO] [fused_optimizer.py:383:_update_scale] 
Grad overflow on iteration 4870
[2023-08-23 01:24:37,922] [INFO] [fused_optimizer.py:385:_update_scale] Reducing dynamic loss scale from 16384.0 to 8192.0
TASK EPOCH: [18]  [ 50/269]  eta: 0:04:04  lr: 0.000301  min_lr: 0.000007  loss: 1.7456 (1.7967)  loss_scale: 8192.0000 (8673.8824)  weight_decay: 0.0500 (0.0500)  time: 0.8682  data: 0.0023  max mem: 21507
TASK EPOCH: [18]  [100/269]  eta: 0:02:47  lr: 0.000299  min_lr: 0.000007  loss: 1.9349 (1.8315)  loss_scale: 8192.0000 (8435.3267)  weight_decay: 0.0500 (0.0500)  time: 0.8633  data: 0.0019  max mem: 21507
TASK EPOCH: [18]  [150/269]  eta: 0:01:52  lr: 0.000297  min_lr: 0.000007  loss: 1.9948 (1.8899)  loss_scale: 8192.0000 (8354.7550)  weight_decay: 0.0500 (0.0500)  time: 0.8604  data: 0.0020  max mem: 21507
[2023-08-23 01:26:28,960] [INFO] [fused_optimizer.py:394:_update_scale] No Grad overflow for 128 iterations
[2023-08-23 01:26:28,961] [INFO] [fused_optimizer.py:396:_update_scale] Increasing dynamic loss scale from 8192.0 to 16384.0
[2023-08-23 01:26:28,961] [INFO] [fused_optimizer.py:394:_update_scale] No Grad overflow for 128 iterations
[2023-08-23 01:26:28,961] [INFO] [fused_optimizer.py:396:_update_scale] Increasing dynamic loss scale from 8192.0 to 16384.0
[2023-08-23 01:26:28,961] [INFO] [fused_optimizer.py:394:_update_scale] No Grad overflow for 128 iterations
[2023-08-23 01:26:28,962] [INFO] [fused_optimizer.py:396:_update_scale] Increasing dynamic loss scale from 8192.0 to 16384.0
[2023-08-23 01:26:28,963] [INFO] [fused_optimizer.py:394:_update_scale] No Grad overflow for 128 iterations
[2023-08-23 01:26:28,963] [INFO] [fused_optimizer.py:396:_update_scale] Increasing dynamic loss scale from 8192.0 to 16384.0
[2023-08-23 01:26:28,963] [INFO] [fused_optimizer.py:394:_update_scale] No Grad overflow for 128 iterations
[2023-08-23 01:26:28,964] [INFO] [fused_optimizer.py:396:_update_scale] Increasing dynamic loss scale from 8192.0 to 16384.0
[2023-08-23 01:26:28,967] [INFO] [fused_optimizer.py:394:_update_scale] No Grad overflow for 128 iterations
[2023-08-23 01:26:28,968] [INFO] [fused_optimizer.py:396:_update_scale] Increasing dynamic loss scale from 8192.0 to 16384.0
[2023-08-23 01:26:28,988] [INFO] [logging.py:77:log_dist] [Rank 0] step=5000, skipped=30, lr=[7.053537803484792e-06, 7.053537803484792e-06, 9.404717071313057e-06, 9.404717071313057e-06, 1.2539622761750742e-05, 1.2539622761750742e-05, 1.6719497015667656e-05, 1.6719497015667656e-05, 2.2292662687556874e-05, 2.2292662687556874e-05, 2.9723550250075833e-05, 2.9723550250075833e-05, 3.9631400333434447e-05, 3.9631400333434447e-05, 5.284186711124592e-05, 5.284186711124592e-05, 7.045582281499457e-05, 7.045582281499457e-05, 9.394109708665942e-05, 9.394109708665942e-05, 0.0001252547961155459, 0.0001252547961155459, 0.00016700639482072785, 0.00016700639482072785, 0.00022267519309430382, 0.00022267519309430382, 0.00029690025745907176, 0.00029690025745907176], mom=[[0.9, 0.999], [0.9, 0.999], [0.9, 0.999], [0.9, 0.999], [0.9, 0.999], [0.9, 0.999], [0.9, 0.999], [0.9, 0.999], [0.9, 0.999], [0.9, 0.999], [0.9, 0.999], [0.9, 0.999], [0.9, 0.999], [0.9, 0.999], [0.9, 0.999], [0.9, 0.999], [0.9, 0.999], [0.9, 0.999], [0.9, 0.999], [0.9, 0.999], [0.9, 0.999], [0.9, 0.999], [0.9, 0.999], [0.9, 0.999], [0.9, 0.999], [0.9, 0.999], [0.9, 0.999], [0.9, 0.999]]
[2023-08-23 01:26:28,991] [INFO] [timer.py:209:stop] epoch=0/micro_step=5000/global_step=5000, RunningAvgSamplesPerSec=122.76984336959455, CurrSamplesPerSec=123.80749831193893, MemAllocated=1.24GB, MaxMemAllocated=21.0GB
[2023-08-23 01:26:30,746] [INFO] [fused_optimizer.py:383:_update_scale] 
Grad overflow on iteration 5001
[2023-08-23 01:26:30,746] [INFO] [fused_optimizer.py:385:_update_scale] Reducing dynamic loss scale from 16384.0 to 8192.0
[2023-08-23 01:26:30,746] [INFO] [fused_optimizer.py:383:_update_scale] 
Grad overflow on iteration 5001
[2023-08-23 01:26:30,747] [INFO] [fused_optimizer.py:385:_update_scale] Reducing dynamic loss scale from 16384.0 to 8192.0
[2023-08-23 01:26:30,746] [INFO] [fused_optimizer.py:383:_update_scale] 
Grad overflow on iteration 5001
[2023-08-23 01:26:30,747] [INFO] [fused_optimizer.py:385:_update_scale] Reducing dynamic loss scale from 16384.0 to 8192.0
[2023-08-23 01:26:30,747] [INFO] [fused_optimizer.py:383:_update_scale] 
Grad overflow on iteration 5001
[2023-08-23 01:26:30,747] [INFO] [fused_optimizer.py:383:_update_scale] 
Grad overflow on iteration 5001
[2023-08-23 01:26:30,747] [INFO] [fused_optimizer.py:385:_update_scale] Reducing dynamic loss scale from 16384.0 to 8192.0
[2023-08-23 01:26:30,747] [INFO] [fused_optimizer.py:385:_update_scale] Reducing dynamic loss scale from 16384.0 to 8192.0
[2023-08-23 01:26:30,747] [INFO] [fused_optimizer.py:383:_update_scale] 
Grad overflow on iteration 5001
[2023-08-23 01:26:30,747] [INFO] [fused_optimizer.py:385:_update_scale] Reducing dynamic loss scale from 16384.0 to 8192.0
[2023-08-23 01:26:30,747] [INFO] [logging.py:77:log_dist] [Rank 0] Overflow detected. Skipping step. Attempted loss scale: 16384.0, reducing to 8192.0
TASK EPOCH: [18]  [200/269]  eta: 0:01:03  lr: 0.000295  min_lr: 0.000007  loss: 1.9012 (1.8880)  loss_scale: 8192.0000 (8395.7811)  weight_decay: 0.0500 (0.0500)  time: 0.8435  data: 0.0012  max mem: 21507
TASK EPOCH: [18]  [250/269]  eta: 0:00:17  lr: 0.000293  min_lr: 0.000007  loss: 1.6600 (1.8872)  loss_scale: 8192.0000 (8355.1873)  weight_decay: 0.0500 (0.0500)  time: 0.8382  data: 0.0015  max mem: 21507
TASK EPOCH: [18]  [268/269]  eta: 0:00:00  lr: 0.000292  min_lr: 0.000007  loss: 1.7850 (1.8778)  loss_scale: 8192.0000 (8344.2677)  weight_decay: 0.0500 (0.0500)  time: 0.7908  data: 0.0006  max mem: 21507
TASK EPOCH: [18] Total time: 0:04:01 (0.8993 s / it)
Averaged stats: lr: 0.000292  min_lr: 0.000007  loss: 1.7850 (1.8849)  loss_scale: 8192.0000 (8344.2677)  weight_decay: 0.0500 (0.0500)
TASK EPOCH: [19]  [  0/269]  eta: 0:48:32  lr: 0.000292  min_lr: 0.000007  loss: 2.4217 (2.4217)  loss_scale: 8192.0000 (8192.0000)  weight_decay: 0.0500 (0.0500)  time: 10.8272  data: 7.9932  max mem: 21507
[2023-08-23 01:28:29,151] [INFO] [fused_optimizer.py:394:_update_scale] No Grad overflow for 128 iterations
[2023-08-23 01:28:29,151] [INFO] [fused_optimizer.py:396:_update_scale] Increasing dynamic loss scale from 8192.0 to 16384.0
[2023-08-23 01:28:29,151] [INFO] [fused_optimizer.py:394:_update_scale] No Grad overflow for 128 iterations
[2023-08-23 01:28:29,151] [INFO] [fused_optimizer.py:396:_update_scale] Increasing dynamic loss scale from 8192.0 to 16384.0
[2023-08-23 01:28:29,152] [INFO] [fused_optimizer.py:394:_update_scale] No Grad overflow for 128 iterations
[2023-08-23 01:28:29,152] [INFO] [fused_optimizer.py:396:_update_scale] Increasing dynamic loss scale from 8192.0 to 16384.0
[2023-08-23 01:28:29,153] [INFO] [fused_optimizer.py:394:_update_scale] No Grad overflow for 128 iterations
[2023-08-23 01:28:29,153] [INFO] [fused_optimizer.py:396:_update_scale] Increasing dynamic loss scale from 8192.0 to 16384.0
[2023-08-23 01:28:29,153] [INFO] [fused_optimizer.py:394:_update_scale] No Grad overflow for 128 iterations
[2023-08-23 01:28:29,153] [INFO] [fused_optimizer.py:396:_update_scale] Increasing dynamic loss scale from 8192.0 to 16384.0
[2023-08-23 01:28:29,157] [INFO] [fused_optimizer.py:394:_update_scale] No Grad overflow for 128 iterations
[2023-08-23 01:28:29,167] [INFO] [fused_optimizer.py:396:_update_scale] Increasing dynamic loss scale from 8192.0 to 16384.0
[2023-08-23 01:28:42,400] [INFO] [fused_optimizer.py:383:_update_scale] 
Grad overflow on iteration 5144
[2023-08-23 01:28:42,400] [INFO] [fused_optimizer.py:385:_update_scale] Reducing dynamic loss scale from 16384.0 to 8192.0
[2023-08-23 01:28:42,400] [INFO] [fused_optimizer.py:383:_update_scale] 
Grad overflow on iteration 5144
[2023-08-23 01:28:42,400] [INFO] [fused_optimizer.py:383:_update_scale] 
Grad overflow on iteration 5144
[2023-08-23 01:28:42,401] [INFO] [fused_optimizer.py:385:_update_scale] Reducing dynamic loss scale from 16384.0 to 8192.0
[2023-08-23 01:28:42,401] [INFO] [fused_optimizer.py:385:_update_scale] Reducing dynamic loss scale from 16384.0 to 8192.0
[2023-08-23 01:28:42,401] [INFO] [logging.py:77:log_dist] [Rank 0] Overflow detected. Skipping step. Attempted loss scale: 16384.0, reducing to 8192.0
[2023-08-23 01:28:42,400] [INFO] [fused_optimizer.py:383:_update_scale] 
Grad overflow on iteration 5144
[2023-08-23 01:28:42,401] [INFO] [fused_optimizer.py:385:_update_scale] Reducing dynamic loss scale from 16384.0 to 8192.0
[2023-08-23 01:28:42,403] [INFO] [fused_optimizer.py:383:_update_scale] 
Grad overflow on iteration 5144
[2023-08-23 01:28:42,404] [INFO] [fused_optimizer.py:385:_update_scale] Reducing dynamic loss scale from 16384.0 to 8192.0
[2023-08-23 01:28:42,416] [INFO] [fused_optimizer.py:383:_update_scale] 
Grad overflow on iteration 5144
[2023-08-23 01:28:42,416] [INFO] [fused_optimizer.py:385:_update_scale] Reducing dynamic loss scale from 16384.0 to 8192.0
TASK EPOCH: [19]  [ 50/269]  eta: 0:03:58  lr: 0.000290  min_lr: 0.000007  loss: 2.0358 (1.9336)  loss_scale: 8192.0000 (10440.7843)  weight_decay: 0.0500 (0.0500)  time: 0.8790  data: 0.0016  max mem: 21507
TASK EPOCH: [19]  [100/269]  eta: 0:02:46  lr: 0.000288  min_lr: 0.000007  loss: 2.0373 (1.9211)  loss_scale: 8192.0000 (9327.5248)  weight_decay: 0.0500 (0.0500)  time: 0.8646  data: 0.0016  max mem: 21507
TASK EPOCH: [19]  [150/269]  eta: 0:01:53  lr: 0.000286  min_lr: 0.000007  loss: 1.7970 (1.9032)  loss_scale: 8192.0000 (8951.5232)  weight_decay: 0.0500 (0.0500)  time: 0.8498  data: 0.0021  max mem: 21507
[2023-08-23 01:30:36,220] [INFO] [fused_optimizer.py:394:_update_scale] No Grad overflow for 128 iterations
[2023-08-23 01:30:36,220] [INFO] [fused_optimizer.py:396:_update_scale] Increasing dynamic loss scale from 8192.0 to 16384.0
[2023-08-23 01:30:36,220] [INFO] [fused_optimizer.py:394:_update_scale] No Grad overflow for 128 iterations
[2023-08-23 01:30:36,220] [INFO] [fused_optimizer.py:394:_update_scale] No Grad overflow for 128 iterations
[2023-08-23 01:30:36,221] [INFO] [fused_optimizer.py:396:_update_scale] Increasing dynamic loss scale from 8192.0 to 16384.0
[2023-08-23 01:30:36,221] [INFO] [fused_optimizer.py:396:_update_scale] Increasing dynamic loss scale from 8192.0 to 16384.0
[2023-08-23 01:30:36,222] [INFO] [fused_optimizer.py:394:_update_scale] No Grad overflow for 128 iterations
[2023-08-23 01:30:36,223] [INFO] [fused_optimizer.py:396:_update_scale] Increasing dynamic loss scale from 8192.0 to 16384.0
[2023-08-23 01:30:36,223] [INFO] [fused_optimizer.py:394:_update_scale] No Grad overflow for 128 iterations
[2023-08-23 01:30:36,223] [INFO] [fused_optimizer.py:396:_update_scale] Increasing dynamic loss scale from 8192.0 to 16384.0
[2023-08-23 01:30:36,232] [INFO] [fused_optimizer.py:394:_update_scale] No Grad overflow for 128 iterations
[2023-08-23 01:30:36,232] [INFO] [fused_optimizer.py:396:_update_scale] Increasing dynamic loss scale from 8192.0 to 16384.0
[2023-08-23 01:30:37,921] [INFO] [fused_optimizer.py:383:_update_scale] 
Grad overflow on iteration 5275
[2023-08-23 01:30:37,922] [INFO] [fused_optimizer.py:385:_update_scale] Reducing dynamic loss scale from 16384.0 to 8192.0
[2023-08-23 01:30:37,922] [INFO] [logging.py:77:log_dist] [Rank 0] Overflow detected. Skipping step. Attempted loss scale: 16384.0, reducing to 8192.0
[2023-08-23 01:30:37,922] [INFO] [fused_optimizer.py:383:_update_scale] 
Grad overflow on iteration 5275
[2023-08-23 01:30:37,923] [INFO] [fused_optimizer.py:385:_update_scale] Reducing dynamic loss scale from 16384.0 to 8192.0
[2023-08-23 01:30:37,923] [INFO] [fused_optimizer.py:383:_update_scale] 
Grad overflow on iteration 5275
[2023-08-23 01:30:37,923] [INFO] [fused_optimizer.py:385:_update_scale] Reducing dynamic loss scale from 16384.0 to 8192.0
[2023-08-23 01:30:37,923] [INFO] [fused_optimizer.py:383:_update_scale] 
Grad overflow on iteration 5275
[2023-08-23 01:30:37,923] [INFO] [fused_optimizer.py:385:_update_scale] Reducing dynamic loss scale from 16384.0 to 8192.0
[2023-08-23 01:30:37,923] [INFO] [fused_optimizer.py:383:_update_scale] 
Grad overflow on iteration 5275
[2023-08-23 01:30:37,924] [INFO] [fused_optimizer.py:385:_update_scale] Reducing dynamic loss scale from 16384.0 to 8192.0
[2023-08-23 01:30:37,925] [INFO] [fused_optimizer.py:383:_update_scale] 
Grad overflow on iteration 5275
[2023-08-23 01:30:37,925] [INFO] [fused_optimizer.py:385:_update_scale] Reducing dynamic loss scale from 16384.0 to 8192.0
TASK EPOCH: [19]  [200/269]  eta: 0:01:04  lr: 0.000284  min_lr: 0.000007  loss: 1.9872 (1.9129)  loss_scale: 8192.0000 (8844.0995)  weight_decay: 0.0500 (0.0500)  time: 0.8480  data: 0.0019  max mem: 21507
TASK EPOCH: [19]  [250/269]  eta: 0:00:17  lr: 0.000282  min_lr: 0.000007  loss: 1.9123 (1.9035)  loss_scale: 8192.0000 (8714.1992)  weight_decay: 0.0500 (0.0500)  time: 0.8625  data: 0.0018  max mem: 21507
TASK EPOCH: [19]  [268/269]  eta: 0:00:00  lr: 0.000281  min_lr: 0.000007  loss: 1.9082 (1.9004)  loss_scale: 8192.0000 (8679.2565)  weight_decay: 0.0500 (0.0500)  time: 0.7938  data: 0.0006  max mem: 21507
TASK EPOCH: [19] Total time: 0:04:04 (0.9078 s / it)
Averaged stats: lr: 0.000281  min_lr: 0.000007  loss: 1.9082 (1.8675)  loss_scale: 8192.0000 (8679.2565)  weight_decay: 0.0500 (0.0500)
TASK EPOCH: [20]  [  0/269]  eta: 0:43:38  lr: 0.000281  min_lr: 0.000007  loss: 1.9609 (1.9609)  loss_scale: 8192.0000 (8192.0000)  weight_decay: 0.0500 (0.0500)  time: 9.7349  data: 7.4225  max mem: 21507
[2023-08-23 01:32:37,670] [INFO] [fused_optimizer.py:394:_update_scale] No Grad overflow for 128 iterations
[2023-08-23 01:32:37,670] [INFO] [fused_optimizer.py:396:_update_scale] Increasing dynamic loss scale from 8192.0 to 16384.0
[2023-08-23 01:32:37,671] [INFO] [fused_optimizer.py:394:_update_scale] No Grad overflow for 128 iterations
[2023-08-23 01:32:37,671] [INFO] [fused_optimizer.py:396:_update_scale] Increasing dynamic loss scale from 8192.0 to 16384.0
[2023-08-23 01:32:37,672] [INFO] [fused_optimizer.py:394:_update_scale] No Grad overflow for 128 iterations
[2023-08-23 01:32:37,672] [INFO] [fused_optimizer.py:396:_update_scale] Increasing dynamic loss scale from 8192.0 to 16384.0
[2023-08-23 01:32:37,673] [INFO] [fused_optimizer.py:394:_update_scale] No Grad overflow for 128 iterations
[2023-08-23 01:32:37,674] [INFO] [fused_optimizer.py:396:_update_scale] Increasing dynamic loss scale from 8192.0 to 16384.0
[2023-08-23 01:32:37,676] [INFO] [fused_optimizer.py:394:_update_scale] No Grad overflow for 128 iterations
[2023-08-23 01:32:37,677] [INFO] [fused_optimizer.py:396:_update_scale] Increasing dynamic loss scale from 8192.0 to 16384.0
[2023-08-23 01:32:37,689] [INFO] [fused_optimizer.py:394:_update_scale] No Grad overflow for 128 iterations
[2023-08-23 01:32:37,690] [INFO] [fused_optimizer.py:396:_update_scale] Increasing dynamic loss scale from 8192.0 to 16384.0
[2023-08-23 01:32:39,451] [INFO] [fused_optimizer.py:383:_update_scale] 
Grad overflow on iteration 5406
[2023-08-23 01:32:39,451] [INFO] [fused_optimizer.py:385:_update_scale] Reducing dynamic loss scale from 16384.0 to 8192.0
[2023-08-23 01:32:39,452] [INFO] [fused_optimizer.py:383:_update_scale] 
Grad overflow on iteration 5406
[2023-08-23 01:32:39,452] [INFO] [fused_optimizer.py:385:_update_scale] Reducing dynamic loss scale from 16384.0 to 8192.0
[2023-08-23 01:32:39,452] [INFO] [fused_optimizer.py:383:_update_scale] 
Grad overflow on iteration 5406
[2023-08-23 01:32:39,452] [INFO] [fused_optimizer.py:385:_update_scale] Reducing dynamic loss scale from 16384.0 to 8192.0
[2023-08-23 01:32:39,452] [INFO] [fused_optimizer.py:383:_update_scale] 
Grad overflow on iteration 5406
[2023-08-23 01:32:39,453] [INFO] [fused_optimizer.py:385:_update_scale] Reducing dynamic loss scale from 16384.0 to 8192.0
[2023-08-23 01:32:39,453] [INFO] [logging.py:77:log_dist] [Rank 0] Overflow detected. Skipping step. Attempted loss scale: 16384.0, reducing to 8192.0
[2023-08-23 01:32:39,454] [INFO] [fused_optimizer.py:383:_update_scale] 
Grad overflow on iteration 5406
[2023-08-23 01:32:39,454] [INFO] [fused_optimizer.py:385:_update_scale] Reducing dynamic loss scale from 16384.0 to 8192.0
[2023-08-23 01:32:39,464] [INFO] [fused_optimizer.py:383:_update_scale] 
Grad overflow on iteration 5406
[2023-08-23 01:32:39,464] [INFO] [fused_optimizer.py:385:_update_scale] Reducing dynamic loss scale from 16384.0 to 8192.0
TASK EPOCH: [20]  [ 50/269]  eta: 0:03:51  lr: 0.000279  min_lr: 0.000007  loss: 1.9183 (1.8184)  loss_scale: 8192.0000 (8513.2549)  weight_decay: 0.0500 (0.0500)  time: 0.8640  data: 0.0023  max mem: 21507
[2023-08-23 01:33:09,561] [INFO] [fused_optimizer.py:383:_update_scale] 
Grad overflow on iteration 5441
[2023-08-23 01:33:09,561] [INFO] [fused_optimizer.py:385:_update_scale] Reducing dynamic loss scale from 8192.0 to 4096.0
[2023-08-23 01:33:09,561] [INFO] [fused_optimizer.py:383:_update_scale] 
Grad overflow on iteration 5441
[2023-08-23 01:33:09,561] [INFO] [logging.py:77:log_dist] [Rank 0] Overflow detected. Skipping step. Attempted loss scale: 8192.0, reducing to 4096.0
[2023-08-23 01:33:09,561] [INFO] [fused_optimizer.py:385:_update_scale] Reducing dynamic loss scale from 8192.0 to 4096.0
[2023-08-23 01:33:09,562] [INFO] [fused_optimizer.py:383:_update_scale] 
Grad overflow on iteration 5441
[2023-08-23 01:33:09,562] [INFO] [fused_optimizer.py:385:_update_scale] Reducing dynamic loss scale from 8192.0 to 4096.0
[2023-08-23 01:33:09,562] [INFO] [fused_optimizer.py:383:_update_scale] 
Grad overflow on iteration 5441
[2023-08-23 01:33:09,562] [INFO] [fused_optimizer.py:383:_update_scale] 
Grad overflow on iteration 5441
[2023-08-23 01:33:09,562] [INFO] [fused_optimizer.py:385:_update_scale] Reducing dynamic loss scale from 8192.0 to 4096.0
[2023-08-23 01:33:09,562] [INFO] [fused_optimizer.py:385:_update_scale] Reducing dynamic loss scale from 8192.0 to 4096.0
[2023-08-23 01:33:09,563] [INFO] [fused_optimizer.py:383:_update_scale] 
Grad overflow on iteration 5441
[2023-08-23 01:33:09,563] [INFO] [fused_optimizer.py:385:_update_scale] Reducing dynamic loss scale from 8192.0 to 4096.0
TASK EPOCH: [20]  [100/269]  eta: 0:02:42  lr: 0.000277  min_lr: 0.000007  loss: 1.8780 (1.8518)  loss_scale: 4096.0000 (6732.0396)  weight_decay: 0.0500 (0.0500)  time: 0.8658  data: 0.0014  max mem: 21507
TASK EPOCH: [20]  [150/269]  eta: 0:01:50  lr: 0.000275  min_lr: 0.000007  loss: 2.0213 (1.8855)  loss_scale: 4096.0000 (5859.1788)  weight_decay: 0.0500 (0.0500)  time: 0.8595  data: 0.0047  max mem: 21507
[2023-08-23 01:35:01,488] [INFO] [fused_optimizer.py:394:_update_scale] No Grad overflow for 128 iterations
[2023-08-23 01:35:01,488] [INFO] [fused_optimizer.py:396:_update_scale] Increasing dynamic loss scale from 4096.0 to 8192.0
[2023-08-23 01:35:01,489] [INFO] [fused_optimizer.py:394:_update_scale] No Grad overflow for 128 iterations
[2023-08-23 01:35:01,489] [INFO] [fused_optimizer.py:396:_update_scale] Increasing dynamic loss scale from 4096.0 to 8192.0
[2023-08-23 01:35:01,489] [INFO] [fused_optimizer.py:394:_update_scale] No Grad overflow for 128 iterations
[2023-08-23 01:35:01,490] [INFO] [fused_optimizer.py:396:_update_scale] Increasing dynamic loss scale from 4096.0 to 8192.0
[2023-08-23 01:35:01,490] [INFO] [fused_optimizer.py:394:_update_scale] No Grad overflow for 128 iterations
[2023-08-23 01:35:01,490] [INFO] [fused_optimizer.py:396:_update_scale] Increasing dynamic loss scale from 4096.0 to 8192.0
[2023-08-23 01:35:01,491] [INFO] [fused_optimizer.py:394:_update_scale] No Grad overflow for 128 iterations
[2023-08-23 01:35:01,492] [INFO] [fused_optimizer.py:396:_update_scale] Increasing dynamic loss scale from 4096.0 to 8192.0
[2023-08-23 01:35:01,491] [INFO] [fused_optimizer.py:394:_update_scale] No Grad overflow for 128 iterations
[2023-08-23 01:35:01,492] [INFO] [fused_optimizer.py:396:_update_scale] Increasing dynamic loss scale from 4096.0 to 8192.0
TASK EPOCH: [20]  [200/269]  eta: 0:01:03  lr: 0.000273  min_lr: 0.000006  loss: 1.8944 (1.8644)  loss_scale: 8192.0000 (5644.7363)  weight_decay: 0.0500 (0.0500)  time: 0.8622  data: 0.0151  max mem: 21507
[2023-08-23 01:35:37,347] [INFO] [fused_optimizer.py:383:_update_scale] 
Grad overflow on iteration 5612
[2023-08-23 01:35:37,347] [INFO] [fused_optimizer.py:383:_update_scale] 
Grad overflow on iteration 5612
[2023-08-23 01:35:37,347] [INFO] [fused_optimizer.py:385:_update_scale] Reducing dynamic loss scale from 8192.0 to 4096.0
[2023-08-23 01:35:37,347] [INFO] [fused_optimizer.py:385:_update_scale] Reducing dynamic loss scale from 8192.0 to 4096.0
[2023-08-23 01:35:37,348] [INFO] [logging.py:77:log_dist] [Rank 0] Overflow detected. Skipping step. Attempted loss scale: 8192.0, reducing to 4096.0
[2023-08-23 01:35:37,347] [INFO] [fused_optimizer.py:383:_update_scale] 
Grad overflow on iteration 5612
[2023-08-23 01:35:37,348] [INFO] [fused_optimizer.py:385:_update_scale] Reducing dynamic loss scale from 8192.0 to 4096.0
[2023-08-23 01:35:37,348] [INFO] [fused_optimizer.py:383:_update_scale] 
Grad overflow on iteration 5612
[2023-08-23 01:35:37,348] [INFO] [fused_optimizer.py:385:_update_scale] Reducing dynamic loss scale from 8192.0 to 4096.0
[2023-08-23 01:35:37,348] [INFO] [fused_optimizer.py:383:_update_scale] 
Grad overflow on iteration 5612
[2023-08-23 01:35:37,349] [INFO] [fused_optimizer.py:385:_update_scale] Reducing dynamic loss scale from 8192.0 to 4096.0
[2023-08-23 01:35:37,350] [INFO] [fused_optimizer.py:383:_update_scale] 
Grad overflow on iteration 5612
[2023-08-23 01:35:37,351] [INFO] [fused_optimizer.py:385:_update_scale] Reducing dynamic loss scale from 8192.0 to 4096.0
TASK EPOCH: [20]  [250/269]  eta: 0:00:17  lr: 0.000271  min_lr: 0.000006  loss: 1.8852 (1.8627)  loss_scale: 4096.0000 (5842.1036)  weight_decay: 0.0500 (0.0500)  time: 0.8446  data: 0.0017  max mem: 21507
TASK EPOCH: [20]  [268/269]  eta: 0:00:00  lr: 0.000270  min_lr: 0.000006  loss: 1.6815 (1.8591)  loss_scale: 4096.0000 (5725.2639)  weight_decay: 0.0500 (0.0500)  time: 0.7915  data: 0.0007  max mem: 21507
TASK EPOCH: [20] Total time: 0:04:00 (0.8958 s / it)
Averaged stats: lr: 0.000270  min_lr: 0.000006  loss: 1.6815 (1.8628)  loss_scale: 4096.0000 (5725.2639)  weight_decay: 0.0500 (0.0500)
TASK EPOCH: [21]  [  0/269]  eta: 0:41:04  lr: 0.000270  min_lr: 0.000006  loss: 1.9886 (1.9886)  loss_scale: 4096.0000 (4096.0000)  weight_decay: 0.0500 (0.0500)  time: 9.1617  data: 6.0869  max mem: 21507
TASK EPOCH: [21]  [ 50/269]  eta: 0:03:47  lr: 0.000268  min_lr: 0.000006  loss: 1.8378 (1.8089)  loss_scale: 4096.0000 (4096.0000)  weight_decay: 0.0500 (0.0500)  time: 0.8508  data: 0.0016  max mem: 21507
[2023-08-23 01:37:36,317] [INFO] [fused_optimizer.py:394:_update_scale] No Grad overflow for 128 iterations
[2023-08-23 01:37:36,318] [INFO] [fused_optimizer.py:396:_update_scale] Increasing dynamic loss scale from 4096.0 to 8192.0
[2023-08-23 01:37:36,318] [INFO] [fused_optimizer.py:394:_update_scale] No Grad overflow for 128 iterations
[2023-08-23 01:37:36,318] [INFO] [fused_optimizer.py:394:_update_scale] No Grad overflow for 128 iterations
[2023-08-23 01:37:36,318] [INFO] [fused_optimizer.py:394:_update_scale] No Grad overflow for 128 iterations
[2023-08-23 01:37:36,318] [INFO] [fused_optimizer.py:396:_update_scale] Increasing dynamic loss scale from 4096.0 to 8192.0
[2023-08-23 01:37:36,318] [INFO] [fused_optimizer.py:396:_update_scale] Increasing dynamic loss scale from 4096.0 to 8192.0
[2023-08-23 01:37:36,318] [INFO] [fused_optimizer.py:396:_update_scale] Increasing dynamic loss scale from 4096.0 to 8192.0
[2023-08-23 01:37:36,318] [INFO] [fused_optimizer.py:394:_update_scale] No Grad overflow for 128 iterations
[2023-08-23 01:37:36,319] [INFO] [fused_optimizer.py:396:_update_scale] Increasing dynamic loss scale from 4096.0 to 8192.0
[2023-08-23 01:37:36,319] [INFO] [fused_optimizer.py:394:_update_scale] No Grad overflow for 128 iterations
[2023-08-23 01:37:36,320] [INFO] [fused_optimizer.py:396:_update_scale] Increasing dynamic loss scale from 4096.0 to 8192.0
TASK EPOCH: [21]  [100/269]  eta: 0:02:40  lr: 0.000265  min_lr: 0.000006  loss: 1.9905 (1.8114)  loss_scale: 4096.0000 (4460.9901)  weight_decay: 0.0500 (0.0500)  time: 0.8714  data: 0.0014  max mem: 21507
TASK EPOCH: [21]  [150/269]  eta: 0:01:48  lr: 0.000263  min_lr: 0.000006  loss: 1.7955 (1.8176)  loss_scale: 8192.0000 (5696.4238)  weight_decay: 0.0500 (0.0500)  time: 0.8423  data: 0.0026  max mem: 21507
TASK EPOCH: [21]  [200/269]  eta: 0:01:01  lr: 0.000261  min_lr: 0.000006  loss: 1.8357 (1.8502)  loss_scale: 8192.0000 (6317.2139)  weight_decay: 0.0500 (0.0500)  time: 0.8360  data: 0.0018  max mem: 21507
[2023-08-23 01:39:23,860] [INFO] [fused_optimizer.py:394:_update_scale] No Grad overflow for 128 iterations
[2023-08-23 01:39:23,860] [INFO] [fused_optimizer.py:396:_update_scale] Increasing dynamic loss scale from 8192.0 to 16384.0
[2023-08-23 01:39:23,860] [INFO] [fused_optimizer.py:394:_update_scale] No Grad overflow for 128 iterations
[2023-08-23 01:39:23,860] [INFO] [fused_optimizer.py:396:_update_scale] Increasing dynamic loss scale from 8192.0 to 16384.0
[2023-08-23 01:39:23,860] [INFO] [fused_optimizer.py:394:_update_scale] No Grad overflow for 128 iterations
[2023-08-23 01:39:23,860] [INFO] [fused_optimizer.py:394:_update_scale] No Grad overflow for 128 iterations
[2023-08-23 01:39:23,861] [INFO] [fused_optimizer.py:396:_update_scale] Increasing dynamic loss scale from 8192.0 to 16384.0
[2023-08-23 01:39:23,861] [INFO] [fused_optimizer.py:396:_update_scale] Increasing dynamic loss scale from 8192.0 to 16384.0
[2023-08-23 01:39:23,861] [INFO] [fused_optimizer.py:394:_update_scale] No Grad overflow for 128 iterations
[2023-08-23 01:39:23,861] [INFO] [fused_optimizer.py:396:_update_scale] Increasing dynamic loss scale from 8192.0 to 16384.0
[2023-08-23 01:39:23,862] [INFO] [fused_optimizer.py:394:_update_scale] No Grad overflow for 128 iterations
[2023-08-23 01:39:23,862] [INFO] [fused_optimizer.py:396:_update_scale] Increasing dynamic loss scale from 8192.0 to 16384.0
[2023-08-23 01:39:25,502] [INFO] [fused_optimizer.py:383:_update_scale] 
Grad overflow on iteration 5871
[2023-08-23 01:39:25,502] [INFO] [fused_optimizer.py:385:_update_scale] Reducing dynamic loss scale from 16384.0 to 8192.0
[2023-08-23 01:39:25,503] [INFO] [fused_optimizer.py:383:_update_scale] 
Grad overflow on iteration 5871
[2023-08-23 01:39:25,503] [INFO] [fused_optimizer.py:385:_update_scale] Reducing dynamic loss scale from 16384.0 to 8192.0
[2023-08-23 01:39:25,503] [INFO] [fused_optimizer.py:383:_update_scale] 
Grad overflow on iteration 5871
[2023-08-23 01:39:25,503] [INFO] [fused_optimizer.py:385:_update_scale] Reducing dynamic loss scale from 16384.0 to 8192.0
[2023-08-23 01:39:25,503] [INFO] [fused_optimizer.py:383:_update_scale] 
Grad overflow on iteration 5871
[2023-08-23 01:39:25,503] [INFO] [fused_optimizer.py:383:_update_scale] 
Grad overflow on iteration 5871
[2023-08-23 01:39:25,503] [INFO] [fused_optimizer.py:385:_update_scale] Reducing dynamic loss scale from 16384.0 to 8192.0
[2023-08-23 01:39:25,503] [INFO] [fused_optimizer.py:385:_update_scale] Reducing dynamic loss scale from 16384.0 to 8192.0
[2023-08-23 01:39:25,504] [INFO] [logging.py:77:log_dist] [Rank 0] Overflow detected. Skipping step. Attempted loss scale: 16384.0, reducing to 8192.0
[2023-08-23 01:39:25,510] [INFO] [fused_optimizer.py:383:_update_scale] 
Grad overflow on iteration 5871
[2023-08-23 01:39:25,511] [INFO] [fused_optimizer.py:385:_update_scale] Reducing dynamic loss scale from 16384.0 to 8192.0
TASK EPOCH: [21]  [250/269]  eta: 0:00:16  lr: 0.000259  min_lr: 0.000006  loss: 1.5648 (1.8398)  loss_scale: 8192.0000 (6755.9522)  weight_decay: 0.0500 (0.0500)  time: 0.8357  data: 0.0012  max mem: 21507
TASK EPOCH: [21]  [268/269]  eta: 0:00:00  lr: 0.000258  min_lr: 0.000006  loss: 1.9286 (1.8476)  loss_scale: 8192.0000 (6852.0446)  weight_decay: 0.0500 (0.0500)  time: 0.7893  data: 0.0007  max mem: 21507
TASK EPOCH: [21] Total time: 0:03:56 (0.8780 s / it)
Averaged stats: lr: 0.000258  min_lr: 0.000006  loss: 1.9286 (1.8272)  loss_scale: 8192.0000 (6852.0446)  weight_decay: 0.0500 (0.0500)
TASK EPOCH: [22]  [  0/269]  eta: 0:46:19  lr: 0.000258  min_lr: 0.000006  loss: 2.1616 (2.1616)  loss_scale: 8192.0000 (8192.0000)  weight_decay: 0.0500 (0.0500)  time: 10.3337  data: 6.3331  max mem: 21507
TASK EPOCH: [22]  [ 50/269]  eta: 0:04:03  lr: 0.000256  min_lr: 0.000006  loss: 1.9009 (1.9090)  loss_scale: 8192.0000 (8192.0000)  weight_decay: 0.0500 (0.0500)  time: 0.8476  data: 0.0020  max mem: 21507
[2023-08-23 01:41:26,705] [INFO] [logging.py:77:log_dist] [Rank 0] step=6000, skipped=37, lr=[6.038855123162943e-06, 6.038855123162943e-06, 8.051806830883923e-06, 8.051806830883923e-06, 1.0735742441178565e-05, 1.0735742441178565e-05, 1.4314323254904752e-05, 1.4314323254904752e-05, 1.9085764339873004e-05, 1.9085764339873004e-05, 2.5447685786497338e-05, 2.5447685786497338e-05, 3.3930247715329784e-05, 3.3930247715329784e-05, 4.524033028710638e-05, 4.524033028710638e-05, 6.0320440382808506e-05, 6.0320440382808506e-05, 8.042725384374467e-05, 8.042725384374467e-05, 0.00010723633845832623, 0.00010723633845832623, 0.00014298178461110165, 0.00014298178461110165, 0.00019064237948146885, 0.00019064237948146885, 0.00025418983930862514, 0.00025418983930862514], mom=[[0.9, 0.999], [0.9, 0.999], [0.9, 0.999], [0.9, 0.999], [0.9, 0.999], [0.9, 0.999], [0.9, 0.999], [0.9, 0.999], [0.9, 0.999], [0.9, 0.999], [0.9, 0.999], [0.9, 0.999], [0.9, 0.999], [0.9, 0.999], [0.9, 0.999], [0.9, 0.999], [0.9, 0.999], [0.9, 0.999], [0.9, 0.999], [0.9, 0.999], [0.9, 0.999], [0.9, 0.999], [0.9, 0.999], [0.9, 0.999], [0.9, 0.999], [0.9, 0.999], [0.9, 0.999], [0.9, 0.999]]
[2023-08-23 01:41:26,707] [INFO] [timer.py:209:stop] epoch=0/micro_step=6000/global_step=6000, RunningAvgSamplesPerSec=122.49492141242212, CurrSamplesPerSec=127.8113137115236, MemAllocated=1.24GB, MaxMemAllocated=21.0GB
[2023-08-23 01:41:27,527] [INFO] [fused_optimizer.py:394:_update_scale] No Grad overflow for 128 iterations
[2023-08-23 01:41:27,527] [INFO] [fused_optimizer.py:394:_update_scale] No Grad overflow for 128 iterations
[2023-08-23 01:41:27,528] [INFO] [fused_optimizer.py:396:_update_scale] Increasing dynamic loss scale from 8192.0 to 16384.0
[2023-08-23 01:41:27,528] [INFO] [fused_optimizer.py:396:_update_scale] Increasing dynamic loss scale from 8192.0 to 16384.0
[2023-08-23 01:41:27,528] [INFO] [fused_optimizer.py:394:_update_scale] No Grad overflow for 128 iterations
[2023-08-23 01:41:27,528] [INFO] [fused_optimizer.py:394:_update_scale] No Grad overflow for 128 iterations
[2023-08-23 01:41:27,528] [INFO] [fused_optimizer.py:396:_update_scale] Increasing dynamic loss scale from 8192.0 to 16384.0
[2023-08-23 01:41:27,528] [INFO] [fused_optimizer.py:396:_update_scale] Increasing dynamic loss scale from 8192.0 to 16384.0
[2023-08-23 01:41:27,528] [INFO] [fused_optimizer.py:394:_update_scale] No Grad overflow for 128 iterations
[2023-08-23 01:41:27,528] [INFO] [fused_optimizer.py:396:_update_scale] Increasing dynamic loss scale from 8192.0 to 16384.0
[2023-08-23 01:41:27,529] [INFO] [fused_optimizer.py:394:_update_scale] No Grad overflow for 128 iterations
[2023-08-23 01:41:27,530] [INFO] [fused_optimizer.py:396:_update_scale] Increasing dynamic loss scale from 8192.0 to 16384.0
[2023-08-23 01:41:28,384] [INFO] [fused_optimizer.py:383:_update_scale] 
Grad overflow on iteration 6001
[2023-08-23 01:41:28,384] [INFO] [fused_optimizer.py:385:_update_scale] Reducing dynamic loss scale from 16384.0 to 8192.0
[2023-08-23 01:41:28,384] [INFO] [logging.py:77:log_dist] [Rank 0] Overflow detected. Skipping step. Attempted loss scale: 16384.0, reducing to 8192.0
[2023-08-23 01:41:28,384] [INFO] [fused_optimizer.py:383:_update_scale] 
Grad overflow on iteration 6001
[2023-08-23 01:41:28,384] [INFO] [fused_optimizer.py:385:_update_scale] Reducing dynamic loss scale from 16384.0 to 8192.0
[2023-08-23 01:41:28,385] [INFO] [fused_optimizer.py:383:_update_scale] 
Grad overflow on iteration 6001
[2023-08-23 01:41:28,386] [INFO] [fused_optimizer.py:385:_update_scale] Reducing dynamic loss scale from 16384.0 to 8192.0
[2023-08-23 01:41:28,388] [INFO] [fused_optimizer.py:383:_update_scale] 
Grad overflow on iteration 6001
[2023-08-23 01:41:28,389] [INFO] [fused_optimizer.py:385:_update_scale] Reducing dynamic loss scale from 16384.0 to 8192.0
[2023-08-23 01:41:28,390] [INFO] [fused_optimizer.py:383:_update_scale] 
Grad overflow on iteration 6001
[2023-08-23 01:41:28,390] [INFO] [fused_optimizer.py:385:_update_scale] Reducing dynamic loss scale from 16384.0 to 8192.0
[2023-08-23 01:41:28,398] [INFO] [fused_optimizer.py:383:_update_scale] 
Grad overflow on iteration 6001
[2023-08-23 01:41:28,398] [INFO] [fused_optimizer.py:385:_update_scale] Reducing dynamic loss scale from 16384.0 to 8192.0
TASK EPOCH: [22]  [100/269]  eta: 0:02:46  lr: 0.000253  min_lr: 0.000006  loss: 1.9568 (1.9006)  loss_scale: 8192.0000 (8273.1089)  weight_decay: 0.0500 (0.0500)  time: 0.8560  data: 0.0018  max mem: 21507
TASK EPOCH: [22]  [150/269]  eta: 0:01:52  lr: 0.000251  min_lr: 0.000006  loss: 2.0787 (1.8680)  loss_scale: 8192.0000 (8246.2517)  weight_decay: 0.0500 (0.0500)  time: 0.8644  data: 0.0016  max mem: 21507
TASK EPOCH: [22]  [200/269]  eta: 0:01:03  lr: 0.000249  min_lr: 0.000006  loss: 1.5467 (1.8525)  loss_scale: 8192.0000 (8232.7562)  weight_decay: 0.0500 (0.0500)  time: 0.8582  data: 0.0021  max mem: 21507
[2023-08-23 01:43:19,326] [INFO] [fused_optimizer.py:394:_update_scale] No Grad overflow for 128 iterations
[2023-08-23 01:43:19,327] [INFO] [fused_optimizer.py:394:_update_scale] No Grad overflow for 128 iterations
[2023-08-23 01:43:19,327] [INFO] [fused_optimizer.py:396:_update_scale] Increasing dynamic loss scale from 8192.0 to 16384.0
[2023-08-23 01:43:19,327] [INFO] [fused_optimizer.py:396:_update_scale] Increasing dynamic loss scale from 8192.0 to 16384.0
[2023-08-23 01:43:19,327] [INFO] [fused_optimizer.py:394:_update_scale] No Grad overflow for 128 iterations
[2023-08-23 01:43:19,327] [INFO] [fused_optimizer.py:396:_update_scale] Increasing dynamic loss scale from 8192.0 to 16384.0
[2023-08-23 01:43:19,327] [INFO] [fused_optimizer.py:394:_update_scale] No Grad overflow for 128 iterations
[2023-08-23 01:43:19,328] [INFO] [fused_optimizer.py:396:_update_scale] Increasing dynamic loss scale from 8192.0 to 16384.0
[2023-08-23 01:43:19,330] [INFO] [fused_optimizer.py:394:_update_scale] No Grad overflow for 128 iterations
[2023-08-23 01:43:19,331] [INFO] [fused_optimizer.py:396:_update_scale] Increasing dynamic loss scale from 8192.0 to 16384.0
[2023-08-23 01:43:19,364] [INFO] [fused_optimizer.py:394:_update_scale] No Grad overflow for 128 iterations
[2023-08-23 01:43:19,365] [INFO] [fused_optimizer.py:396:_update_scale] Increasing dynamic loss scale from 8192.0 to 16384.0
[2023-08-23 01:43:25,211] [INFO] [fused_optimizer.py:383:_update_scale] 
Grad overflow on iteration 6137
[2023-08-23 01:43:25,211] [INFO] [fused_optimizer.py:383:_update_scale] 
Grad overflow on iteration 6137
[2023-08-23 01:43:25,212] [INFO] [fused_optimizer.py:385:_update_scale] Reducing dynamic loss scale from 16384.0 to 8192.0
[2023-08-23 01:43:25,212] [INFO] [fused_optimizer.py:385:_update_scale] Reducing dynamic loss scale from 16384.0 to 8192.0
[2023-08-23 01:43:25,212] [INFO] [fused_optimizer.py:383:_update_scale] 
Grad overflow on iteration 6137
[2023-08-23 01:43:25,212] [INFO] [fused_optimizer.py:383:_update_scale] 
Grad overflow on iteration 6137
[2023-08-23 01:43:25,212] [INFO] [fused_optimizer.py:385:_update_scale] Reducing dynamic loss scale from 16384.0 to 8192.0
[2023-08-23 01:43:25,212] [INFO] [fused_optimizer.py:385:_update_scale] Reducing dynamic loss scale from 16384.0 to 8192.0
[2023-08-23 01:43:25,212] [INFO] [fused_optimizer.py:383:_update_scale] 
Grad overflow on iteration 6137
[2023-08-23 01:43:25,212] [INFO] [fused_optimizer.py:385:_update_scale] Reducing dynamic loss scale from 16384.0 to 8192.0
[2023-08-23 01:43:25,212] [INFO] [logging.py:77:log_dist] [Rank 0] Overflow detected. Skipping step. Attempted loss scale: 16384.0, reducing to 8192.0
[2023-08-23 01:43:25,213] [INFO] [fused_optimizer.py:383:_update_scale] 
Grad overflow on iteration 6137
[2023-08-23 01:43:25,213] [INFO] [fused_optimizer.py:385:_update_scale] Reducing dynamic loss scale from 16384.0 to 8192.0
TASK EPOCH: [22]  [250/269]  eta: 0:00:17  lr: 0.000246  min_lr: 0.000006  loss: 1.6824 (1.8281)  loss_scale: 8192.0000 (8453.0996)  weight_decay: 0.0500 (0.0500)  time: 0.8547  data: 0.0017  max mem: 21507
TASK EPOCH: [22]  [268/269]  eta: 0:00:00  lr: 0.000246  min_lr: 0.000006  loss: 1.9277 (1.8296)  loss_scale: 8192.0000 (8435.6283)  weight_decay: 0.0500 (0.0500)  time: 0.7882  data: 0.0007  max mem: 21507
TASK EPOCH: [22] Total time: 0:04:02 (0.9030 s / it)
Averaged stats: lr: 0.000246  min_lr: 0.000006  loss: 1.9277 (1.8202)  loss_scale: 8192.0000 (8435.6283)  weight_decay: 0.0500 (0.0500)
TASK EPOCH: [23]  [  0/269]  eta: 0:44:22  lr: 0.000246  min_lr: 0.000006  loss: 1.4974 (1.4974)  loss_scale: 8192.0000 (8192.0000)  weight_decay: 0.0500 (0.0500)  time: 9.8981  data: 8.1766  max mem: 21507
TASK EPOCH: [23]  [ 50/269]  eta: 0:04:05  lr: 0.000243  min_lr: 0.000006  loss: 1.7616 (1.7857)  loss_scale: 8192.0000 (8192.0000)  weight_decay: 0.0500 (0.0500)  time: 0.9749  data: 0.0018  max mem: 21507
[2023-08-23 01:45:29,620] [INFO] [fused_optimizer.py:394:_update_scale] No Grad overflow for 128 iterations
[2023-08-23 01:45:29,620] [INFO] [fused_optimizer.py:396:_update_scale] Increasing dynamic loss scale from 8192.0 to 16384.0
[2023-08-23 01:45:29,621] [INFO] [fused_optimizer.py:394:_update_scale] No Grad overflow for 128 iterations
[2023-08-23 01:45:29,621] [INFO] [fused_optimizer.py:396:_update_scale] Increasing dynamic loss scale from 8192.0 to 16384.0
[2023-08-23 01:45:29,621] [INFO] [fused_optimizer.py:394:_update_scale] No Grad overflow for 128 iterations
[2023-08-23 01:45:29,622] [INFO] [fused_optimizer.py:396:_update_scale] Increasing dynamic loss scale from 8192.0 to 16384.0
[2023-08-23 01:45:29,624] [INFO] [fused_optimizer.py:394:_update_scale] No Grad overflow for 128 iterations
[2023-08-23 01:45:29,624] [INFO] [fused_optimizer.py:396:_update_scale] Increasing dynamic loss scale from 8192.0 to 16384.0
[2023-08-23 01:45:29,630] [INFO] [fused_optimizer.py:394:_update_scale] No Grad overflow for 128 iterations
[2023-08-23 01:45:29,630] [INFO] [fused_optimizer.py:396:_update_scale] Increasing dynamic loss scale from 8192.0 to 16384.0
[2023-08-23 01:45:29,634] [INFO] [fused_optimizer.py:394:_update_scale] No Grad overflow for 128 iterations
[2023-08-23 01:45:29,635] [INFO] [fused_optimizer.py:396:_update_scale] Increasing dynamic loss scale from 8192.0 to 16384.0
[2023-08-23 01:45:32,406] [INFO] [fused_optimizer.py:383:_update_scale] 
Grad overflow on iteration 6269
[2023-08-23 01:45:32,406] [INFO] [fused_optimizer.py:385:_update_scale] Reducing dynamic loss scale from 16384.0 to 8192.0
[2023-08-23 01:45:32,406] [INFO] [logging.py:77:log_dist] [Rank 0] Overflow detected. Skipping step. Attempted loss scale: 16384.0, reducing to 8192.0
[2023-08-23 01:45:32,406] [INFO] [fused_optimizer.py:383:_update_scale] 
Grad overflow on iteration 6269
[2023-08-23 01:45:32,406] [INFO] [fused_optimizer.py:385:_update_scale] Reducing dynamic loss scale from 16384.0 to 8192.0
[2023-08-23 01:45:32,407] [INFO] [fused_optimizer.py:383:_update_scale] 
Grad overflow on iteration 6269
[2023-08-23 01:45:32,407] [INFO] [fused_optimizer.py:385:_update_scale] Reducing dynamic loss scale from 16384.0 to 8192.0
[2023-08-23 01:45:32,407] [INFO] [fused_optimizer.py:383:_update_scale] 
Grad overflow on iteration 6269
[2023-08-23 01:45:32,407] [INFO] [fused_optimizer.py:385:_update_scale] Reducing dynamic loss scale from 16384.0 to 8192.0
[2023-08-23 01:45:32,407] [INFO] [fused_optimizer.py:383:_update_scale] 
Grad overflow on iteration 6269
[2023-08-23 01:45:32,408] [INFO] [fused_optimizer.py:385:_update_scale] Reducing dynamic loss scale from 16384.0 to 8192.0
[2023-08-23 01:45:32,409] [INFO] [fused_optimizer.py:383:_update_scale] 
Grad overflow on iteration 6269
[2023-08-23 01:45:32,410] [INFO] [fused_optimizer.py:385:_update_scale] Reducing dynamic loss scale from 16384.0 to 8192.0
TASK EPOCH: [23]  [100/269]  eta: 0:02:50  lr: 0.000241  min_lr: 0.000006  loss: 1.8435 (1.8697)  loss_scale: 8192.0000 (8435.3267)  weight_decay: 0.0500 (0.0500)  time: 0.8847  data: 0.0017  max mem: 21507
TASK EPOCH: [23]  [150/269]  eta: 0:01:55  lr: 0.000239  min_lr: 0.000006  loss: 1.8060 (1.8766)  loss_scale: 8192.0000 (8354.7550)  weight_decay: 0.0500 (0.0500)  time: 0.8758  data: 0.0014  max mem: 21507
TASK EPOCH: [23]  [200/269]  eta: 0:01:05  lr: 0.000236  min_lr: 0.000006  loss: 1.8348 (1.8529)  loss_scale: 8192.0000 (8314.2687)  weight_decay: 0.0500 (0.0500)  time: 0.8749  data: 0.0019  max mem: 21507
[2023-08-23 01:47:26,277] [INFO] [fused_optimizer.py:394:_update_scale] No Grad overflow for 128 iterations
[2023-08-23 01:47:26,277] [INFO] [fused_optimizer.py:396:_update_scale] Increasing dynamic loss scale from 8192.0 to 16384.0
[2023-08-23 01:47:26,277] [INFO] [fused_optimizer.py:394:_update_scale] No Grad overflow for 128 iterations
[2023-08-23 01:47:26,278] [INFO] [fused_optimizer.py:396:_update_scale] Increasing dynamic loss scale from 8192.0 to 16384.0
[2023-08-23 01:47:26,277] [INFO] [fused_optimizer.py:394:_update_scale] No Grad overflow for 128 iterations
[2023-08-23 01:47:26,278] [INFO] [fused_optimizer.py:396:_update_scale] Increasing dynamic loss scale from 8192.0 to 16384.0
[2023-08-23 01:47:26,278] [INFO] [fused_optimizer.py:394:_update_scale] No Grad overflow for 128 iterations
[2023-08-23 01:47:26,278] [INFO] [fused_optimizer.py:396:_update_scale] Increasing dynamic loss scale from 8192.0 to 16384.0
[2023-08-23 01:47:26,279] [INFO] [fused_optimizer.py:394:_update_scale] No Grad overflow for 128 iterations
[2023-08-23 01:47:26,279] [INFO] [fused_optimizer.py:394:_update_scale] No Grad overflow for 128 iterations
[2023-08-23 01:47:26,280] [INFO] [fused_optimizer.py:396:_update_scale] Increasing dynamic loss scale from 8192.0 to 16384.0
[2023-08-23 01:47:26,280] [INFO] [fused_optimizer.py:396:_update_scale] Increasing dynamic loss scale from 8192.0 to 16384.0
[2023-08-23 01:47:31,553] [INFO] [fused_optimizer.py:383:_update_scale] 
Grad overflow on iteration 6404
[2023-08-23 01:47:31,553] [INFO] [fused_optimizer.py:385:_update_scale] Reducing dynamic loss scale from 16384.0 to 8192.0
[2023-08-23 01:47:31,553] [INFO] [logging.py:77:log_dist] [Rank 0] Overflow detected. Skipping step. Attempted loss scale: 16384.0, reducing to 8192.0
[2023-08-23 01:47:31,554] [INFO] [fused_optimizer.py:383:_update_scale] 
Grad overflow on iteration 6404
[2023-08-23 01:47:31,554] [INFO] [fused_optimizer.py:385:_update_scale] Reducing dynamic loss scale from 16384.0 to 8192.0
[2023-08-23 01:47:31,553] [INFO] [fused_optimizer.py:383:_update_scale] 
Grad overflow on iteration 6404
[2023-08-23 01:47:31,554] [INFO] [fused_optimizer.py:385:_update_scale] Reducing dynamic loss scale from 16384.0 to 8192.0
[2023-08-23 01:47:31,554] [INFO] [fused_optimizer.py:383:_update_scale] 
Grad overflow on iteration 6404
[2023-08-23 01:47:31,554] [INFO] [fused_optimizer.py:385:_update_scale] Reducing dynamic loss scale from 16384.0 to 8192.0
[2023-08-23 01:47:31,555] [INFO] [fused_optimizer.py:383:_update_scale] 
Grad overflow on iteration 6404
[2023-08-23 01:47:31,555] [INFO] [fused_optimizer.py:385:_update_scale] Reducing dynamic loss scale from 16384.0 to 8192.0
[2023-08-23 01:47:31,556] [INFO] [fused_optimizer.py:383:_update_scale] 
Grad overflow on iteration 6404
[2023-08-23 01:47:31,557] [INFO] [fused_optimizer.py:385:_update_scale] Reducing dynamic loss scale from 16384.0 to 8192.0
TASK EPOCH: [23]  [250/269]  eta: 0:00:17  lr: 0.000234  min_lr: 0.000006  loss: 1.8342 (1.8501)  loss_scale: 8192.0000 (8485.7371)  weight_decay: 0.0500 (0.0500)  time: 0.9031  data: 0.0017  max mem: 21507
TASK EPOCH: [23]  [268/269]  eta: 0:00:00  lr: 0.000233  min_lr: 0.000006  loss: 1.6018 (1.8302)  loss_scale: 8192.0000 (8466.0818)  weight_decay: 0.0500 (0.0500)  time: 0.8416  data: 0.0008  max mem: 21507
TASK EPOCH: [23] Total time: 0:04:10 (0.9303 s / it)
Averaged stats: lr: 0.000233  min_lr: 0.000006  loss: 1.6018 (1.8225)  loss_scale: 8192.0000 (8466.0818)  weight_decay: 0.0500 (0.0500)
TASK EPOCH: [24]  [  0/269]  eta: 0:40:44  lr: 0.000233  min_lr: 0.000006  loss: 2.1407 (2.1407)  loss_scale: 8192.0000 (8192.0000)  weight_decay: 0.0500 (0.0500)  time: 9.0860  data: 5.9106  max mem: 21507
TASK EPOCH: [24]  [ 50/269]  eta: 0:03:48  lr: 0.000231  min_lr: 0.000005  loss: 1.8668 (1.7604)  loss_scale: 8192.0000 (8192.0000)  weight_decay: 0.0500 (0.0500)  time: 0.8726  data: 0.0016  max mem: 21507
[2023-08-23 01:49:32,951] [INFO] [fused_optimizer.py:394:_update_scale] No Grad overflow for 128 iterations
[2023-08-23 01:49:32,951] [INFO] [fused_optimizer.py:396:_update_scale] Increasing dynamic loss scale from 8192.0 to 16384.0
[2023-08-23 01:49:32,951] [INFO] [fused_optimizer.py:394:_update_scale] No Grad overflow for 128 iterations
[2023-08-23 01:49:32,951] [INFO] [fused_optimizer.py:396:_update_scale] Increasing dynamic loss scale from 8192.0 to 16384.0
[2023-08-23 01:49:32,952] [INFO] [fused_optimizer.py:394:_update_scale] No Grad overflow for 128 iterations
[2023-08-23 01:49:32,952] [INFO] [fused_optimizer.py:394:_update_scale] No Grad overflow for 128 iterations
[2023-08-23 01:49:32,952] [INFO] [fused_optimizer.py:396:_update_scale] Increasing dynamic loss scale from 8192.0 to 16384.0
[2023-08-23 01:49:32,952] [INFO] [fused_optimizer.py:396:_update_scale] Increasing dynamic loss scale from 8192.0 to 16384.0
[2023-08-23 01:49:32,952] [INFO] [fused_optimizer.py:394:_update_scale] No Grad overflow for 128 iterations
[2023-08-23 01:49:32,953] [INFO] [fused_optimizer.py:396:_update_scale] Increasing dynamic loss scale from 8192.0 to 16384.0
[2023-08-23 01:49:32,955] [INFO] [fused_optimizer.py:394:_update_scale] No Grad overflow for 128 iterations
[2023-08-23 01:49:32,955] [INFO] [fused_optimizer.py:396:_update_scale] Increasing dynamic loss scale from 8192.0 to 16384.0
[2023-08-23 01:49:44,555] [INFO] [fused_optimizer.py:383:_update_scale] 
Grad overflow on iteration 6546
[2023-08-23 01:49:44,555] [INFO] [fused_optimizer.py:385:_update_scale] Reducing dynamic loss scale from 16384.0 to 8192.0
[2023-08-23 01:49:44,556] [INFO] [fused_optimizer.py:383:_update_scale] 
Grad overflow on iteration 6546
[2023-08-23 01:49:44,556] [INFO] [fused_optimizer.py:383:_update_scale] 
Grad overflow on iteration 6546
[2023-08-23 01:49:44,556] [INFO] [fused_optimizer.py:385:_update_scale] Reducing dynamic loss scale from 16384.0 to 8192.0
[2023-08-23 01:49:44,556] [INFO] [fused_optimizer.py:385:_update_scale] Reducing dynamic loss scale from 16384.0 to 8192.0
[2023-08-23 01:49:44,556] [INFO] [logging.py:77:log_dist] [Rank 0] Overflow detected. Skipping step. Attempted loss scale: 16384.0, reducing to 8192.0
[2023-08-23 01:49:44,557] [INFO] [fused_optimizer.py:383:_update_scale] 
Grad overflow on iteration 6546
[2023-08-23 01:49:44,557] [INFO] [fused_optimizer.py:385:_update_scale] Reducing dynamic loss scale from 16384.0 to 8192.0
[2023-08-23 01:49:44,557] [INFO] [fused_optimizer.py:383:_update_scale] 
Grad overflow on iteration 6546
[2023-08-23 01:49:44,558] [INFO] [fused_optimizer.py:385:_update_scale] Reducing dynamic loss scale from 16384.0 to 8192.0
[2023-08-23 01:49:44,560] [INFO] [fused_optimizer.py:383:_update_scale] 
Grad overflow on iteration 6546
[2023-08-23 01:49:44,560] [INFO] [fused_optimizer.py:385:_update_scale] Reducing dynamic loss scale from 16384.0 to 8192.0
TASK EPOCH: [24]  [100/269]  eta: 0:02:42  lr: 0.000228  min_lr: 0.000005  loss: 1.8632 (1.7671)  loss_scale: 8192.0000 (9246.4158)  weight_decay: 0.0500 (0.0500)  time: 0.9187  data: 0.0019  max mem: 21507
TASK EPOCH: [24]  [150/269]  eta: 0:01:50  lr: 0.000226  min_lr: 0.000005  loss: 1.9466 (1.8005)  loss_scale: 8192.0000 (8897.2715)  weight_decay: 0.0500 (0.0500)  time: 0.8495  data: 0.0017  max mem: 21507
TASK EPOCH: [24]  [200/269]  eta: 0:01:02  lr: 0.000224  min_lr: 0.000005  loss: 1.8316 (1.7935)  loss_scale: 8192.0000 (8721.8308)  weight_decay: 0.0500 (0.0500)  time: 0.8368  data: 0.0023  max mem: 21507
[2023-08-23 01:51:34,710] [INFO] [fused_optimizer.py:394:_update_scale] No Grad overflow for 128 iterations
[2023-08-23 01:51:34,710] [INFO] [fused_optimizer.py:396:_update_scale] Increasing dynamic loss scale from 8192.0 to 16384.0
[2023-08-23 01:51:34,710] [INFO] [fused_optimizer.py:394:_update_scale] No Grad overflow for 128 iterations
[2023-08-23 01:51:34,710] [INFO] [fused_optimizer.py:394:_update_scale] No Grad overflow for 128 iterations
[2023-08-23 01:51:34,710] [INFO] [fused_optimizer.py:396:_update_scale] Increasing dynamic loss scale from 8192.0 to 16384.0
[2023-08-23 01:51:34,710] [INFO] [fused_optimizer.py:396:_update_scale] Increasing dynamic loss scale from 8192.0 to 16384.0
[2023-08-23 01:51:34,711] [INFO] [fused_optimizer.py:394:_update_scale] No Grad overflow for 128 iterations
[2023-08-23 01:51:34,711] [INFO] [fused_optimizer.py:396:_update_scale] Increasing dynamic loss scale from 8192.0 to 16384.0
[2023-08-23 01:51:34,712] [INFO] [fused_optimizer.py:394:_update_scale] No Grad overflow for 128 iterations
[2023-08-23 01:51:34,712] [INFO] [fused_optimizer.py:396:_update_scale] Increasing dynamic loss scale from 8192.0 to 16384.0
[2023-08-23 01:51:34,712] [INFO] [fused_optimizer.py:394:_update_scale] No Grad overflow for 128 iterations
[2023-08-23 01:51:34,712] [INFO] [fused_optimizer.py:396:_update_scale] Increasing dynamic loss scale from 8192.0 to 16384.0
[2023-08-23 01:51:57,489] [INFO] [fused_optimizer.py:383:_update_scale] 
Grad overflow on iteration 6702
[2023-08-23 01:51:57,489] [INFO] [fused_optimizer.py:385:_update_scale] Reducing dynamic loss scale from 16384.0 to 8192.0
[2023-08-23 01:51:57,489] [INFO] [fused_optimizer.py:383:_update_scale] 
Grad overflow on iteration 6702
[2023-08-23 01:51:57,489] [INFO] [fused_optimizer.py:385:_update_scale] Reducing dynamic loss scale from 16384.0 to 8192.0
[2023-08-23 01:51:57,489] [INFO] [logging.py:77:log_dist] [Rank 0] Overflow detected. Skipping step. Attempted loss scale: 16384.0, reducing to 8192.0
[2023-08-23 01:51:57,489] [INFO] [fused_optimizer.py:383:_update_scale] 
Grad overflow on iteration 6702
[2023-08-23 01:51:57,490] [INFO] [fused_optimizer.py:385:_update_scale] Reducing dynamic loss scale from 16384.0 to 8192.0
[2023-08-23 01:51:57,490] [INFO] [fused_optimizer.py:383:_update_scale] 
Grad overflow on iteration 6702
[2023-08-23 01:51:57,491] [INFO] [fused_optimizer.py:385:_update_scale] Reducing dynamic loss scale from 16384.0 to 8192.0
[2023-08-23 01:51:57,494] [INFO] [fused_optimizer.py:383:_update_scale] 
Grad overflow on iteration 6702
[2023-08-23 01:51:57,494] [INFO] [fused_optimizer.py:385:_update_scale] Reducing dynamic loss scale from 16384.0 to 8192.0
[2023-08-23 01:51:57,495] [INFO] [fused_optimizer.py:383:_update_scale] 
Grad overflow on iteration 6702
[2023-08-23 01:51:57,496] [INFO] [fused_optimizer.py:385:_update_scale] Reducing dynamic loss scale from 16384.0 to 8192.0
TASK EPOCH: [24]  [250/269]  eta: 0:00:16  lr: 0.000221  min_lr: 0.000005  loss: 1.8502 (1.7746)  loss_scale: 16384.0000 (9497.4980)  weight_decay: 0.0500 (0.0500)  time: 0.8385  data: 0.0012  max mem: 21507
TASK EPOCH: [24]  [268/269]  eta: 0:00:00  lr: 0.000220  min_lr: 0.000005  loss: 1.8866 (1.7833)  loss_scale: 8192.0000 (9410.1413)  weight_decay: 0.0500 (0.0500)  time: 0.7843  data: 0.0006  max mem: 21507
TASK EPOCH: [24] Total time: 0:03:58 (0.8874 s / it)
Averaged stats: lr: 0.000220  min_lr: 0.000005  loss: 1.8866 (1.7863)  loss_scale: 8192.0000 (9410.1413)  weight_decay: 0.0500 (0.0500)
TASK EPOCH: [25]  [  0/269]  eta: 0:45:50  lr: 0.000220  min_lr: 0.000005  loss: 0.9551 (0.9551)  loss_scale: 8192.0000 (8192.0000)  weight_decay: 0.0500 (0.0500)  time: 10.2236  data: 4.8548  max mem: 21507
TASK EPOCH: [25]  [ 50/269]  eta: 0:04:01  lr: 0.000218  min_lr: 0.000005  loss: 1.8057 (1.7063)  loss_scale: 8192.0000 (8192.0000)  weight_decay: 0.0500 (0.0500)  time: 0.8810  data: 0.0013  max mem: 21507
TASK EPOCH: [25]  [100/269]  eta: 0:02:48  lr: 0.000215  min_lr: 0.000005  loss: 1.9508 (1.7620)  loss_scale: 8192.0000 (8192.0000)  weight_decay: 0.0500 (0.0500)  time: 0.8724  data: 0.0014  max mem: 21507
[2023-08-23 01:54:01,228] [INFO] [fused_optimizer.py:394:_update_scale] No Grad overflow for 128 iterations
[2023-08-23 01:54:01,228] [INFO] [fused_optimizer.py:396:_update_scale] Increasing dynamic loss scale from 8192.0 to 16384.0
[2023-08-23 01:54:01,228] [INFO] [fused_optimizer.py:394:_update_scale] No Grad overflow for 128 iterations
[2023-08-23 01:54:01,228] [INFO] [fused_optimizer.py:394:_update_scale] No Grad overflow for 128 iterations
[2023-08-23 01:54:01,228] [INFO] [fused_optimizer.py:394:_update_scale] No Grad overflow for 128 iterations
[2023-08-23 01:54:01,229] [INFO] [fused_optimizer.py:396:_update_scale] Increasing dynamic loss scale from 8192.0 to 16384.0
[2023-08-23 01:54:01,229] [INFO] [fused_optimizer.py:396:_update_scale] Increasing dynamic loss scale from 8192.0 to 16384.0
[2023-08-23 01:54:01,229] [INFO] [fused_optimizer.py:396:_update_scale] Increasing dynamic loss scale from 8192.0 to 16384.0
[2023-08-23 01:54:01,229] [INFO] [fused_optimizer.py:394:_update_scale] No Grad overflow for 128 iterations
[2023-08-23 01:54:01,230] [INFO] [fused_optimizer.py:396:_update_scale] Increasing dynamic loss scale from 8192.0 to 16384.0
[2023-08-23 01:54:01,236] [INFO] [fused_optimizer.py:394:_update_scale] No Grad overflow for 128 iterations
[2023-08-23 01:54:01,236] [INFO] [fused_optimizer.py:396:_update_scale] Increasing dynamic loss scale from 8192.0 to 16384.0
[2023-08-23 01:54:05,442] [INFO] [fused_optimizer.py:383:_update_scale] 
Grad overflow on iteration 6836
[2023-08-23 01:54:05,442] [INFO] [fused_optimizer.py:385:_update_scale] Reducing dynamic loss scale from 16384.0 to 8192.0
[2023-08-23 01:54:05,442] [INFO] [logging.py:77:log_dist] [Rank 0] Overflow detected. Skipping step. Attempted loss scale: 16384.0, reducing to 8192.0
[2023-08-23 01:54:05,442] [INFO] [fused_optimizer.py:383:_update_scale] 
Grad overflow on iteration 6836
[2023-08-23 01:54:05,442] [INFO] [fused_optimizer.py:385:_update_scale] Reducing dynamic loss scale from 16384.0 to 8192.0
[2023-08-23 01:54:05,442] [INFO] [fused_optimizer.py:383:_update_scale] 
Grad overflow on iteration 6836
[2023-08-23 01:54:05,442] [INFO] [fused_optimizer.py:385:_update_scale] Reducing dynamic loss scale from 16384.0 to 8192.0
[2023-08-23 01:54:05,442] [INFO] [fused_optimizer.py:383:_update_scale] 
Grad overflow on iteration 6836
[2023-08-23 01:54:05,442] [INFO] [fused_optimizer.py:383:_update_scale] 
Grad overflow on iteration 6836
[2023-08-23 01:54:05,443] [INFO] [fused_optimizer.py:385:_update_scale] Reducing dynamic loss scale from 16384.0 to 8192.0
[2023-08-23 01:54:05,443] [INFO] [fused_optimizer.py:385:_update_scale] Reducing dynamic loss scale from 16384.0 to 8192.0
[2023-08-23 01:54:05,460] [INFO] [fused_optimizer.py:383:_update_scale] 
Grad overflow on iteration 6836
[2023-08-23 01:54:05,460] [INFO] [fused_optimizer.py:385:_update_scale] Reducing dynamic loss scale from 16384.0 to 8192.0
TASK EPOCH: [25]  [150/269]  eta: 0:01:54  lr: 0.000213  min_lr: 0.000005  loss: 1.6619 (1.7255)  loss_scale: 8192.0000 (8463.2583)  weight_decay: 0.0500 (0.0500)  time: 0.8949  data: 0.0024  max mem: 21507
TASK EPOCH: [25]  [200/269]  eta: 0:01:04  lr: 0.000211  min_lr: 0.000005  loss: 1.6817 (1.7081)  loss_scale: 8192.0000 (8395.7811)  weight_decay: 0.0500 (0.0500)  time: 0.8628  data: 0.0027  max mem: 21507
[2023-08-23 01:55:57,802] [INFO] [fused_optimizer.py:394:_update_scale] No Grad overflow for 128 iterations
[2023-08-23 01:55:57,802] [INFO] [fused_optimizer.py:396:_update_scale] Increasing dynamic loss scale from 8192.0 to 16384.0
[2023-08-23 01:55:57,802] [INFO] [fused_optimizer.py:394:_update_scale] No Grad overflow for 128 iterations
[2023-08-23 01:55:57,802] [INFO] [fused_optimizer.py:394:_update_scale] No Grad overflow for 128 iterations
[2023-08-23 01:55:57,803] [INFO] [fused_optimizer.py:396:_update_scale] Increasing dynamic loss scale from 8192.0 to 16384.0
[2023-08-23 01:55:57,803] [INFO] [fused_optimizer.py:396:_update_scale] Increasing dynamic loss scale from 8192.0 to 16384.0
[2023-08-23 01:55:57,803] [INFO] [fused_optimizer.py:394:_update_scale] No Grad overflow for 128 iterations
[2023-08-23 01:55:57,803] [INFO] [fused_optimizer.py:396:_update_scale] Increasing dynamic loss scale from 8192.0 to 16384.0
[2023-08-23 01:55:57,804] [INFO] [fused_optimizer.py:394:_update_scale] No Grad overflow for 128 iterations
[2023-08-23 01:55:57,804] [INFO] [fused_optimizer.py:396:_update_scale] Increasing dynamic loss scale from 8192.0 to 16384.0
[2023-08-23 01:55:57,813] [INFO] [fused_optimizer.py:394:_update_scale] No Grad overflow for 128 iterations
[2023-08-23 01:55:57,813] [INFO] [fused_optimizer.py:396:_update_scale] Increasing dynamic loss scale from 8192.0 to 16384.0
[2023-08-23 01:56:00,343] [INFO] [fused_optimizer.py:383:_update_scale] 
Grad overflow on iteration 6968
[2023-08-23 01:56:00,343] [INFO] [fused_optimizer.py:385:_update_scale] Reducing dynamic loss scale from 16384.0 to 8192.0
[2023-08-23 01:56:00,343] [INFO] [logging.py:77:log_dist] [Rank 0] Overflow detected. Skipping step. Attempted loss scale: 16384.0, reducing to 8192.0
[2023-08-23 01:56:00,343] [INFO] [fused_optimizer.py:383:_update_scale] 
Grad overflow on iteration 6968
[2023-08-23 01:56:00,344] [INFO] [fused_optimizer.py:385:_update_scale] Reducing dynamic loss scale from 16384.0 to 8192.0
[2023-08-23 01:56:00,345] [INFO] [fused_optimizer.py:383:_update_scale] 
Grad overflow on iteration 6968
[2023-08-23 01:56:00,345] [INFO] [fused_optimizer.py:385:_update_scale] Reducing dynamic loss scale from 16384.0 to 8192.0
[2023-08-23 01:56:00,349] [INFO] [fused_optimizer.py:383:_update_scale] 
Grad overflow on iteration 6968
[2023-08-23 01:56:00,349] [INFO] [fused_optimizer.py:385:_update_scale] Reducing dynamic loss scale from 16384.0 to 8192.0
[2023-08-23 01:56:00,353] [INFO] [fused_optimizer.py:383:_update_scale] 
Grad overflow on iteration 6968
[2023-08-23 01:56:00,353] [INFO] [fused_optimizer.py:385:_update_scale] Reducing dynamic loss scale from 16384.0 to 8192.0
[2023-08-23 01:56:00,357] [INFO] [fused_optimizer.py:383:_update_scale] 
Grad overflow on iteration 6968
[2023-08-23 01:56:00,358] [INFO] [fused_optimizer.py:385:_update_scale] Reducing dynamic loss scale from 16384.0 to 8192.0
TASK EPOCH: [25]  [250/269]  eta: 0:00:17  lr: 0.000208  min_lr: 0.000005  loss: 1.7402 (1.7097)  loss_scale: 8192.0000 (8453.0996)  weight_decay: 0.0500 (0.0500)  time: 0.8464  data: 0.0018  max mem: 21507
TASK EPOCH: [25]  [268/269]  eta: 0:00:00  lr: 0.000207  min_lr: 0.000005  loss: 1.7188 (1.7114)  loss_scale: 8192.0000 (8435.6283)  weight_decay: 0.0500 (0.0500)  time: 0.7919  data: 0.0006  max mem: 21507
TASK EPOCH: [25] Total time: 0:04:05 (0.9127 s / it)
Averaged stats: lr: 0.000207  min_lr: 0.000005  loss: 1.7188 (1.7696)  loss_scale: 8192.0000 (8435.6283)  weight_decay: 0.0500 (0.0500)
TASK EPOCH: [26]  [  0/269]  eta: 0:48:10  lr: 0.000207  min_lr: 0.000005  loss: 1.7649 (1.7649)  loss_scale: 8192.0000 (8192.0000)  weight_decay: 0.0500 (0.0500)  time: 10.7470  data: 6.1759  max mem: 21507
[2023-08-23 01:56:35,763] [INFO] [logging.py:77:log_dist] [Rank 0] step=7000, skipped=45, lr=[4.918353242780193e-06, 4.918353242780193e-06, 6.557804323706925e-06, 6.557804323706925e-06, 8.743739098275899e-06, 8.743739098275899e-06, 1.16583187977012e-05, 1.16583187977012e-05, 1.5544425063601598e-05, 1.5544425063601598e-05, 2.072590008480213e-05, 2.072590008480213e-05, 2.7634533446402844e-05, 2.7634533446402844e-05, 3.684604459520379e-05, 3.684604459520379e-05, 4.912805946027172e-05, 4.912805946027172e-05, 6.550407928036229e-05, 6.550407928036229e-05, 8.733877237381639e-05, 8.733877237381639e-05, 0.00011645169649842186, 0.00011645169649842186, 0.00015526892866456248, 0.00015526892866456248, 0.00020702523821941664, 0.00020702523821941664], mom=[[0.9, 0.999], [0.9, 0.999], [0.9, 0.999], [0.9, 0.999], [0.9, 0.999], [0.9, 0.999], [0.9, 0.999], [0.9, 0.999], [0.9, 0.999], [0.9, 0.999], [0.9, 0.999], [0.9, 0.999], [0.9, 0.999], [0.9, 0.999], [0.9, 0.999], [0.9, 0.999], [0.9, 0.999], [0.9, 0.999], [0.9, 0.999], [0.9, 0.999], [0.9, 0.999], [0.9, 0.999], [0.9, 0.999], [0.9, 0.999], [0.9, 0.999], [0.9, 0.999], [0.9, 0.999], [0.9, 0.999]]
[2023-08-23 01:56:35,765] [INFO] [timer.py:209:stop] epoch=0/micro_step=7000/global_step=7000, RunningAvgSamplesPerSec=121.93983780825891, CurrSamplesPerSec=121.14592153813938, MemAllocated=1.24GB, MaxMemAllocated=21.0GB
TASK EPOCH: [26]  [ 50/269]  eta: 0:03:53  lr: 0.000205  min_lr: 0.000005  loss: 1.8098 (1.7237)  loss_scale: 8192.0000 (8192.0000)  weight_decay: 0.0500 (0.0500)  time: 0.8553  data: 0.0016  max mem: 21507
TASK EPOCH: [26]  [100/269]  eta: 0:02:43  lr: 0.000202  min_lr: 0.000005  loss: 1.5512 (1.7120)  loss_scale: 8192.0000 (8192.0000)  weight_decay: 0.0500 (0.0500)  time: 0.8649  data: 0.0027  max mem: 21507
[2023-08-23 01:58:01,001] [INFO] [fused_optimizer.py:394:_update_scale] No Grad overflow for 128 iterations
[2023-08-23 01:58:01,002] [INFO] [fused_optimizer.py:396:_update_scale] Increasing dynamic loss scale from 8192.0 to 16384.0
[2023-08-23 01:58:01,002] [INFO] [fused_optimizer.py:394:_update_scale] No Grad overflow for 128 iterations
[2023-08-23 01:58:01,003] [INFO] [fused_optimizer.py:396:_update_scale] Increasing dynamic loss scale from 8192.0 to 16384.0
[2023-08-23 01:58:01,002] [INFO] [fused_optimizer.py:394:_update_scale] No Grad overflow for 128 iterations
[2023-08-23 01:58:01,003] [INFO] [fused_optimizer.py:396:_update_scale] Increasing dynamic loss scale from 8192.0 to 16384.0
[2023-08-23 01:58:01,003] [INFO] [fused_optimizer.py:394:_update_scale] No Grad overflow for 128 iterations
[2023-08-23 01:58:01,003] [INFO] [fused_optimizer.py:396:_update_scale] Increasing dynamic loss scale from 8192.0 to 16384.0
[2023-08-23 01:58:01,003] [INFO] [fused_optimizer.py:394:_update_scale] No Grad overflow for 128 iterations
[2023-08-23 01:58:01,003] [INFO] [fused_optimizer.py:396:_update_scale] Increasing dynamic loss scale from 8192.0 to 16384.0
[2023-08-23 01:58:01,004] [INFO] [fused_optimizer.py:394:_update_scale] No Grad overflow for 128 iterations
[2023-08-23 01:58:01,005] [INFO] [fused_optimizer.py:396:_update_scale] Increasing dynamic loss scale from 8192.0 to 16384.0
[2023-08-23 01:58:14,572] [INFO] [fused_optimizer.py:383:_update_scale] 
Grad overflow on iteration 7113
[2023-08-23 01:58:14,572] [INFO] [fused_optimizer.py:385:_update_scale] Reducing dynamic loss scale from 16384.0 to 8192.0
[2023-08-23 01:58:14,572] [INFO] [fused_optimizer.py:383:_update_scale] 
Grad overflow on iteration 7113
[2023-08-23 01:58:14,572] [INFO] [fused_optimizer.py:383:_update_scale] 
Grad overflow on iteration 7113
[2023-08-23 01:58:14,572] [INFO] [fused_optimizer.py:383:_update_scale] 
Grad overflow on iteration 7113
[2023-08-23 01:58:14,573] [INFO] [fused_optimizer.py:385:_update_scale] Reducing dynamic loss scale from 16384.0 to 8192.0
[2023-08-23 01:58:14,573] [INFO] [fused_optimizer.py:385:_update_scale] Reducing dynamic loss scale from 16384.0 to 8192.0
[2023-08-23 01:58:14,573] [INFO] [fused_optimizer.py:385:_update_scale] Reducing dynamic loss scale from 16384.0 to 8192.0
[2023-08-23 01:58:14,572] [INFO] [fused_optimizer.py:383:_update_scale] 
Grad overflow on iteration 7113
[2023-08-23 01:58:14,573] [INFO] [fused_optimizer.py:385:_update_scale] Reducing dynamic loss scale from 16384.0 to 8192.0
[2023-08-23 01:58:14,573] [INFO] [logging.py:77:log_dist] [Rank 0] Overflow detected. Skipping step. Attempted loss scale: 16384.0, reducing to 8192.0
[2023-08-23 01:58:14,573] [INFO] [fused_optimizer.py:383:_update_scale] 
Grad overflow on iteration 7113
[2023-08-23 01:58:14,573] [INFO] [fused_optimizer.py:385:_update_scale] Reducing dynamic loss scale from 16384.0 to 8192.0
TASK EPOCH: [26]  [150/269]  eta: 0:01:50  lr: 0.000200  min_lr: 0.000005  loss: 1.6330 (1.7214)  loss_scale: 8192.0000 (9060.0265)  weight_decay: 0.0500 (0.0500)  time: 0.8493  data: 0.0014  max mem: 21507
TASK EPOCH: [26]  [200/269]  eta: 0:01:02  lr: 0.000198  min_lr: 0.000005  loss: 1.7640 (1.7463)  loss_scale: 8192.0000 (8844.0995)  weight_decay: 0.0500 (0.0500)  time: 0.8362  data: 0.0015  max mem: 21507
[2023-08-23 02:00:03,811] [INFO] [fused_optimizer.py:394:_update_scale] No Grad overflow for 128 iterations
[2023-08-23 02:00:03,811] [INFO] [fused_optimizer.py:396:_update_scale] Increasing dynamic loss scale from 8192.0 to 16384.0
[2023-08-23 02:00:03,811] [INFO] [fused_optimizer.py:394:_update_scale] No Grad overflow for 128 iterations
[2023-08-23 02:00:03,812] [INFO] [fused_optimizer.py:396:_update_scale] Increasing dynamic loss scale from 8192.0 to 16384.0
[2023-08-23 02:00:03,812] [INFO] [fused_optimizer.py:394:_update_scale] No Grad overflow for 128 iterations
[2023-08-23 02:00:03,812] [INFO] [fused_optimizer.py:396:_update_scale] Increasing dynamic loss scale from 8192.0 to 16384.0
[2023-08-23 02:00:03,815] [INFO] [fused_optimizer.py:394:_update_scale] No Grad overflow for 128 iterations
[2023-08-23 02:00:03,816] [INFO] [fused_optimizer.py:396:_update_scale] Increasing dynamic loss scale from 8192.0 to 16384.0
[2023-08-23 02:00:03,818] [INFO] [fused_optimizer.py:394:_update_scale] No Grad overflow for 128 iterations
[2023-08-23 02:00:03,818] [INFO] [fused_optimizer.py:396:_update_scale] Increasing dynamic loss scale from 8192.0 to 16384.0
[2023-08-23 02:00:03,818] [INFO] [fused_optimizer.py:394:_update_scale] No Grad overflow for 128 iterations
[2023-08-23 02:00:03,819] [INFO] [fused_optimizer.py:396:_update_scale] Increasing dynamic loss scale from 8192.0 to 16384.0
TASK EPOCH: [26]  [250/269]  eta: 0:00:17  lr: 0.000195  min_lr: 0.000005  loss: 1.8714 (1.7500)  loss_scale: 8192.0000 (8812.1116)  weight_decay: 0.0500 (0.0500)  time: 0.8397  data: 0.0015  max mem: 21507
[2023-08-23 02:00:08,674] [INFO] [fused_optimizer.py:383:_update_scale] 
Grad overflow on iteration 7248
[2023-08-23 02:00:08,674] [INFO] [fused_optimizer.py:385:_update_scale] Reducing dynamic loss scale from 16384.0 to 8192.0
[2023-08-23 02:00:08,674] [INFO] [fused_optimizer.py:383:_update_scale] 
Grad overflow on iteration 7248
[2023-08-23 02:00:08,675] [INFO] [fused_optimizer.py:385:_update_scale] Reducing dynamic loss scale from 16384.0 to 8192.0
[2023-08-23 02:00:08,675] [INFO] [fused_optimizer.py:383:_update_scale] 
Grad overflow on iteration 7248
[2023-08-23 02:00:08,675] [INFO] [fused_optimizer.py:385:_update_scale] Reducing dynamic loss scale from 16384.0 to 8192.0
[2023-08-23 02:00:08,675] [INFO] [fused_optimizer.py:383:_update_scale] 
Grad overflow on iteration 7248
[2023-08-23 02:00:08,675] [INFO] [fused_optimizer.py:385:_update_scale] Reducing dynamic loss scale from 16384.0 to 8192.0
[2023-08-23 02:00:08,675] [INFO] [fused_optimizer.py:383:_update_scale] 
Grad overflow on iteration 7248
[2023-08-23 02:00:08,675] [INFO] [fused_optimizer.py:385:_update_scale] Reducing dynamic loss scale from 16384.0 to 8192.0
[2023-08-23 02:00:08,678] [INFO] [fused_optimizer.py:383:_update_scale] 
Grad overflow on iteration 7248
[2023-08-23 02:00:08,678] [INFO] [fused_optimizer.py:385:_update_scale] Reducing dynamic loss scale from 16384.0 to 8192.0
[2023-08-23 02:00:08,678] [INFO] [logging.py:77:log_dist] [Rank 0] Overflow detected. Skipping step. Attempted loss scale: 16384.0, reducing to 8192.0
TASK EPOCH: [26]  [268/269]  eta: 0:00:00  lr: 0.000194  min_lr: 0.000005  loss: 1.7345 (1.7539)  loss_scale: 8192.0000 (8861.9777)  weight_decay: 0.0500 (0.0500)  time: 0.7875  data: 0.0006  max mem: 21507
TASK EPOCH: [26] Total time: 0:03:59 (0.8888 s / it)
Averaged stats: lr: 0.000194  min_lr: 0.000005  loss: 1.7345 (1.7566)  loss_scale: 8192.0000 (8861.9777)  weight_decay: 0.0500 (0.0500)
TASK EPOCH: [27]  [  0/269]  eta: 0:43:55  lr: 0.000194  min_lr: 0.000005  loss: 2.0776 (2.0776)  loss_scale: 8192.0000 (8192.0000)  weight_decay: 0.0500 (0.0500)  time: 9.7974  data: 7.8887  max mem: 21507
TASK EPOCH: [27]  [ 50/269]  eta: 0:03:49  lr: 0.000192  min_lr: 0.000005  loss: 1.8260 (1.7587)  loss_scale: 8192.0000 (8192.0000)  weight_decay: 0.0500 (0.0500)  time: 0.8457  data: 0.0023  max mem: 21507
[2023-08-23 02:01:20,169] [INFO] [fused_optimizer.py:383:_update_scale] 
Grad overflow on iteration 7321
[2023-08-23 02:01:20,169] [INFO] [fused_optimizer.py:385:_update_scale] Reducing dynamic loss scale from 8192.0 to 4096.0
[2023-08-23 02:01:20,169] [INFO] [fused_optimizer.py:383:_update_scale] 
Grad overflow on iteration 7321
[2023-08-23 02:01:20,170] [INFO] [fused_optimizer.py:385:_update_scale] Reducing dynamic loss scale from 8192.0 to 4096.0
[2023-08-23 02:01:20,170] [INFO] [fused_optimizer.py:383:_update_scale] 
Grad overflow on iteration 7321
[2023-08-23 02:01:20,170] [INFO] [fused_optimizer.py:385:_update_scale] Reducing dynamic loss scale from 8192.0 to 4096.0
[2023-08-23 02:01:20,170] [INFO] [logging.py:77:log_dist] [Rank 0] Overflow detected. Skipping step. Attempted loss scale: 8192.0, reducing to 4096.0
[2023-08-23 02:01:20,170] [INFO] [fused_optimizer.py:383:_update_scale] 
Grad overflow on iteration 7321
[2023-08-23 02:01:20,170] [INFO] [fused_optimizer.py:385:_update_scale] Reducing dynamic loss scale from 8192.0 to 4096.0
[2023-08-23 02:01:20,170] [INFO] [fused_optimizer.py:383:_update_scale] 
Grad overflow on iteration 7321
[2023-08-23 02:01:20,171] [INFO] [fused_optimizer.py:385:_update_scale] Reducing dynamic loss scale from 8192.0 to 4096.0
[2023-08-23 02:01:20,171] [INFO] [fused_optimizer.py:383:_update_scale] 
Grad overflow on iteration 7321
[2023-08-23 02:01:20,171] [INFO] [fused_optimizer.py:385:_update_scale] Reducing dynamic loss scale from 8192.0 to 4096.0
TASK EPOCH: [27]  [100/269]  eta: 0:02:41  lr: 0.000189  min_lr: 0.000004  loss: 1.7432 (1.7885)  loss_scale: 4096.0000 (6448.1584)  weight_decay: 0.0500 (0.0500)  time: 0.8503  data: 0.0014  max mem: 21507
TASK EPOCH: [27]  [150/269]  eta: 0:01:49  lr: 0.000187  min_lr: 0.000004  loss: 1.5734 (1.7504)  loss_scale: 4096.0000 (5669.2980)  weight_decay: 0.0500 (0.0500)  time: 0.8584  data: 0.0021  max mem: 21507
[2023-08-23 02:03:10,327] [INFO] [fused_optimizer.py:394:_update_scale] No Grad overflow for 128 iterations
[2023-08-23 02:03:10,327] [INFO] [fused_optimizer.py:394:_update_scale] No Grad overflow for 128 iterations
[2023-08-23 02:03:10,327] [INFO] [fused_optimizer.py:396:_update_scale] Increasing dynamic loss scale from 4096.0 to 8192.0
[2023-08-23 02:03:10,327] [INFO] [fused_optimizer.py:396:_update_scale] Increasing dynamic loss scale from 4096.0 to 8192.0
[2023-08-23 02:03:10,327] [INFO] [fused_optimizer.py:394:_update_scale] No Grad overflow for 128 iterations
[2023-08-23 02:03:10,327] [INFO] [fused_optimizer.py:396:_update_scale] Increasing dynamic loss scale from 4096.0 to 8192.0
[2023-08-23 02:03:10,327] [INFO] [fused_optimizer.py:394:_update_scale] No Grad overflow for 128 iterations
[2023-08-23 02:03:10,327] [INFO] [fused_optimizer.py:394:_update_scale] No Grad overflow for 128 iterations
[2023-08-23 02:03:10,327] [INFO] [fused_optimizer.py:396:_update_scale] Increasing dynamic loss scale from 4096.0 to 8192.0
[2023-08-23 02:03:10,327] [INFO] [fused_optimizer.py:396:_update_scale] Increasing dynamic loss scale from 4096.0 to 8192.0
[2023-08-23 02:03:10,328] [INFO] [fused_optimizer.py:394:_update_scale] No Grad overflow for 128 iterations
[2023-08-23 02:03:10,328] [INFO] [fused_optimizer.py:396:_update_scale] Increasing dynamic loss scale from 4096.0 to 8192.0
TASK EPOCH: [27]  [200/269]  eta: 0:01:02  lr: 0.000185  min_lr: 0.000004  loss: 1.5821 (1.7378)  loss_scale: 8192.0000 (5563.2239)  weight_decay: 0.0500 (0.0500)  time: 0.8402  data: 0.0016  max mem: 21507
TASK EPOCH: [27]  [250/269]  eta: 0:00:16  lr: 0.000182  min_lr: 0.000004  loss: 1.7738 (1.7421)  loss_scale: 8192.0000 (6086.8845)  weight_decay: 0.0500 (0.0500)  time: 0.8442  data: 0.0014  max mem: 21507
TASK EPOCH: [27]  [268/269]  eta: 0:00:00  lr: 0.000181  min_lr: 0.000004  loss: 1.7443 (1.7385)  loss_scale: 8192.0000 (6227.7472)  weight_decay: 0.0500 (0.0500)  time: 0.7908  data: 0.0007  max mem: 21507
TASK EPOCH: [27] Total time: 0:03:58 (0.8849 s / it)
Averaged stats: lr: 0.000181  min_lr: 0.000004  loss: 1.7443 (1.7585)  loss_scale: 8192.0000 (6227.7472)  weight_decay: 0.0500 (0.0500)
TASK EPOCH: [28]  [  0/269]  eta: 0:44:56  lr: 0.000181  min_lr: 0.000004  loss: 1.8789 (1.8789)  loss_scale: 8192.0000 (8192.0000)  weight_decay: 0.0500 (0.0500)  time: 10.0245  data: 7.3063  max mem: 21507
[2023-08-23 02:05:08,831] [INFO] [fused_optimizer.py:394:_update_scale] No Grad overflow for 128 iterations
[2023-08-23 02:05:08,832] [INFO] [fused_optimizer.py:396:_update_scale] Increasing dynamic loss scale from 8192.0 to 16384.0
[2023-08-23 02:05:08,831] [INFO] [fused_optimizer.py:394:_update_scale] No Grad overflow for 128 iterations
[2023-08-23 02:05:08,831] [INFO] [fused_optimizer.py:394:_update_scale] No Grad overflow for 128 iterations
[2023-08-23 02:05:08,832] [INFO] [fused_optimizer.py:396:_update_scale] Increasing dynamic loss scale from 8192.0 to 16384.0
[2023-08-23 02:05:08,832] [INFO] [fused_optimizer.py:394:_update_scale] No Grad overflow for 128 iterations
[2023-08-23 02:05:08,832] [INFO] [fused_optimizer.py:396:_update_scale] Increasing dynamic loss scale from 8192.0 to 16384.0
[2023-08-23 02:05:08,832] [INFO] [fused_optimizer.py:396:_update_scale] Increasing dynamic loss scale from 8192.0 to 16384.0
[2023-08-23 02:05:08,832] [INFO] [fused_optimizer.py:394:_update_scale] No Grad overflow for 128 iterations
[2023-08-23 02:05:08,832] [INFO] [fused_optimizer.py:396:_update_scale] Increasing dynamic loss scale from 8192.0 to 16384.0
[2023-08-23 02:05:08,833] [INFO] [fused_optimizer.py:394:_update_scale] No Grad overflow for 128 iterations
[2023-08-23 02:05:08,834] [INFO] [fused_optimizer.py:396:_update_scale] Increasing dynamic loss scale from 8192.0 to 16384.0
[2023-08-23 02:05:11,364] [INFO] [fused_optimizer.py:383:_update_scale] 
Grad overflow on iteration 7581
[2023-08-23 02:05:11,365] [INFO] [fused_optimizer.py:385:_update_scale] Reducing dynamic loss scale from 16384.0 to 8192.0
[2023-08-23 02:05:11,364] [INFO] [fused_optimizer.py:383:_update_scale] 
Grad overflow on iteration 7581
[2023-08-23 02:05:11,365] [INFO] [fused_optimizer.py:385:_update_scale] Reducing dynamic loss scale from 16384.0 to 8192.0
[2023-08-23 02:05:11,365] [INFO] [fused_optimizer.py:383:_update_scale] 
Grad overflow on iteration 7581
[2023-08-23 02:05:11,365] [INFO] [fused_optimizer.py:383:_update_scale] 
Grad overflow on iteration 7581
[2023-08-23 02:05:11,365] [INFO] [fused_optimizer.py:385:_update_scale] Reducing dynamic loss scale from 16384.0 to 8192.0
[2023-08-23 02:05:11,365] [INFO] [fused_optimizer.py:385:_update_scale] Reducing dynamic loss scale from 16384.0 to 8192.0
[2023-08-23 02:05:11,365] [INFO] [fused_optimizer.py:383:_update_scale] 
Grad overflow on iteration 7581
[2023-08-23 02:05:11,365] [INFO] [fused_optimizer.py:385:_update_scale] Reducing dynamic loss scale from 16384.0 to 8192.0
[2023-08-23 02:05:11,365] [INFO] [fused_optimizer.py:383:_update_scale] 
Grad overflow on iteration 7581
[2023-08-23 02:05:11,365] [INFO] [fused_optimizer.py:385:_update_scale] Reducing dynamic loss scale from 16384.0 to 8192.0
[2023-08-23 02:05:11,366] [INFO] [logging.py:77:log_dist] [Rank 0] Overflow detected. Skipping step. Attempted loss scale: 16384.0, reducing to 8192.0
TASK EPOCH: [28]  [ 50/269]  eta: 0:03:52  lr: 0.000179  min_lr: 0.000004  loss: 1.6765 (1.6888)  loss_scale: 8192.0000 (8673.8824)  weight_decay: 0.0500 (0.0500)  time: 0.8446  data: 0.0019  max mem: 21507
TASK EPOCH: [28]  [100/269]  eta: 0:02:41  lr: 0.000176  min_lr: 0.000004  loss: 2.0152 (1.7191)  loss_scale: 8192.0000 (8435.3267)  weight_decay: 0.0500 (0.0500)  time: 0.8479  data: 0.0022  max mem: 21507
TASK EPOCH: [28]  [150/269]  eta: 0:01:49  lr: 0.000174  min_lr: 0.000004  loss: 1.7768 (1.7449)  loss_scale: 8192.0000 (8354.7550)  weight_decay: 0.0500 (0.0500)  time: 0.8356  data: 0.0012  max mem: 21507
[2023-08-23 02:06:59,979] [INFO] [fused_optimizer.py:394:_update_scale] No Grad overflow for 128 iterations
[2023-08-23 02:06:59,979] [INFO] [fused_optimizer.py:396:_update_scale] Increasing dynamic loss scale from 8192.0 to 16384.0
[2023-08-23 02:06:59,979] [INFO] [fused_optimizer.py:394:_update_scale] No Grad overflow for 128 iterations
[2023-08-23 02:06:59,979] [INFO] [fused_optimizer.py:396:_update_scale] Increasing dynamic loss scale from 8192.0 to 16384.0
[2023-08-23 02:06:59,980] [INFO] [fused_optimizer.py:394:_update_scale] No Grad overflow for 128 iterations
[2023-08-23 02:06:59,980] [INFO] [fused_optimizer.py:396:_update_scale] Increasing dynamic loss scale from 8192.0 to 16384.0
[2023-08-23 02:06:59,980] [INFO] [fused_optimizer.py:394:_update_scale] No Grad overflow for 128 iterations
[2023-08-23 02:06:59,980] [INFO] [fused_optimizer.py:396:_update_scale] Increasing dynamic loss scale from 8192.0 to 16384.0
[2023-08-23 02:06:59,980] [INFO] [fused_optimizer.py:394:_update_scale] No Grad overflow for 128 iterations
[2023-08-23 02:06:59,981] [INFO] [fused_optimizer.py:396:_update_scale] Increasing dynamic loss scale from 8192.0 to 16384.0
[2023-08-23 02:06:59,981] [INFO] [fused_optimizer.py:394:_update_scale] No Grad overflow for 128 iterations
[2023-08-23 02:06:59,981] [INFO] [fused_optimizer.py:396:_update_scale] Increasing dynamic loss scale from 8192.0 to 16384.0
[2023-08-23 02:07:00,815] [INFO] [fused_optimizer.py:383:_update_scale] 
Grad overflow on iteration 7711
[2023-08-23 02:07:00,815] [INFO] [fused_optimizer.py:385:_update_scale] Reducing dynamic loss scale from 16384.0 to 8192.0
[2023-08-23 02:07:00,815] [INFO] [fused_optimizer.py:383:_update_scale] 
Grad overflow on iteration 7711
[2023-08-23 02:07:00,815] [INFO] [fused_optimizer.py:383:_update_scale] 
Grad overflow on iteration 7711
[2023-08-23 02:07:00,815] [INFO] [fused_optimizer.py:385:_update_scale] Reducing dynamic loss scale from 16384.0 to 8192.0
[2023-08-23 02:07:00,815] [INFO] [fused_optimizer.py:385:_update_scale] Reducing dynamic loss scale from 16384.0 to 8192.0
[2023-08-23 02:07:00,815] [INFO] [fused_optimizer.py:383:_update_scale] 
Grad overflow on iteration 7711
[2023-08-23 02:07:00,816] [INFO] [fused_optimizer.py:385:_update_scale] Reducing dynamic loss scale from 16384.0 to 8192.0
[2023-08-23 02:07:00,816] [INFO] [fused_optimizer.py:383:_update_scale] 
Grad overflow on iteration 7711
[2023-08-23 02:07:00,817] [INFO] [fused_optimizer.py:385:_update_scale] Reducing dynamic loss scale from 16384.0 to 8192.0
[2023-08-23 02:07:00,819] [INFO] [fused_optimizer.py:383:_update_scale] 
Grad overflow on iteration 7711
[2023-08-23 02:07:00,819] [INFO] [fused_optimizer.py:385:_update_scale] Reducing dynamic loss scale from 16384.0 to 8192.0
[2023-08-23 02:07:00,819] [INFO] [logging.py:77:log_dist] [Rank 0] Overflow detected. Skipping step. Attempted loss scale: 16384.0, reducing to 8192.0
TASK EPOCH: [28]  [200/269]  eta: 0:01:01  lr: 0.000171  min_lr: 0.000004  loss: 1.7334 (1.7490)  loss_scale: 8192.0000 (8355.0249)  weight_decay: 0.0500 (0.0500)  time: 0.8335  data: 0.0019  max mem: 21507
TASK EPOCH: [28]  [250/269]  eta: 0:00:16  lr: 0.000169  min_lr: 0.000004  loss: 1.8226 (1.7396)  loss_scale: 8192.0000 (8322.5498)  weight_decay: 0.0500 (0.0500)  time: 0.8362  data: 0.0015  max mem: 21507
TASK EPOCH: [28]  [268/269]  eta: 0:00:00  lr: 0.000168  min_lr: 0.000004  loss: 1.7634 (1.7406)  loss_scale: 8192.0000 (8313.8141)  weight_decay: 0.0500 (0.0500)  time: 0.7883  data: 0.0006  max mem: 21507
TASK EPOCH: [28] Total time: 0:03:56 (0.8791 s / it)
Averaged stats: lr: 0.000168  min_lr: 0.000004  loss: 1.7634 (1.7404)  loss_scale: 8192.0000 (8313.8141)  weight_decay: 0.0500 (0.0500)
TASK EPOCH: [29]  [  0/269]  eta: 0:42:28  lr: 0.000168  min_lr: 0.000004  loss: 1.9874 (1.9874)  loss_scale: 8192.0000 (8192.0000)  weight_decay: 0.0500 (0.0500)  time: 9.4753  data: 7.0558  max mem: 21507
[2023-08-23 02:08:57,444] [INFO] [fused_optimizer.py:394:_update_scale] No Grad overflow for 128 iterations
[2023-08-23 02:08:57,444] [INFO] [fused_optimizer.py:396:_update_scale] Increasing dynamic loss scale from 8192.0 to 16384.0
[2023-08-23 02:08:57,444] [INFO] [fused_optimizer.py:394:_update_scale] No Grad overflow for 128 iterations
[2023-08-23 02:08:57,445] [INFO] [fused_optimizer.py:396:_update_scale] Increasing dynamic loss scale from 8192.0 to 16384.0
[2023-08-23 02:08:57,445] [INFO] [fused_optimizer.py:394:_update_scale] No Grad overflow for 128 iterations
[2023-08-23 02:08:57,445] [INFO] [fused_optimizer.py:396:_update_scale] Increasing dynamic loss scale from 8192.0 to 16384.0
[2023-08-23 02:08:57,449] [INFO] [fused_optimizer.py:394:_update_scale] No Grad overflow for 128 iterations
[2023-08-23 02:08:57,450] [INFO] [fused_optimizer.py:396:_update_scale] Increasing dynamic loss scale from 8192.0 to 16384.0
[2023-08-23 02:08:57,453] [INFO] [fused_optimizer.py:394:_update_scale] No Grad overflow for 128 iterations
[2023-08-23 02:08:57,453] [INFO] [fused_optimizer.py:396:_update_scale] Increasing dynamic loss scale from 8192.0 to 16384.0
[2023-08-23 02:08:57,475] [INFO] [fused_optimizer.py:394:_update_scale] No Grad overflow for 128 iterations
[2023-08-23 02:08:57,476] [INFO] [fused_optimizer.py:396:_update_scale] Increasing dynamic loss scale from 8192.0 to 16384.0
TASK EPOCH: [29]  [ 50/269]  eta: 0:03:44  lr: 0.000166  min_lr: 0.000004  loss: 1.7486 (1.8011)  loss_scale: 16384.0000 (10119.5294)  weight_decay: 0.0500 (0.0500)  time: 0.8556  data: 0.0019  max mem: 21507
[2023-08-23 02:09:17,935] [INFO] [fused_optimizer.py:383:_update_scale] 
Grad overflow on iteration 7864
[2023-08-23 02:09:17,935] [INFO] [fused_optimizer.py:383:_update_scale] 
Grad overflow on iteration 7864
[2023-08-23 02:09:17,935] [INFO] [fused_optimizer.py:385:_update_scale] Reducing dynamic loss scale from 16384.0 to 8192.0
[2023-08-23 02:09:17,935] [INFO] [fused_optimizer.py:383:_update_scale] 
Grad overflow on iteration 7864
[2023-08-23 02:09:17,935] [INFO] [fused_optimizer.py:385:_update_scale] Reducing dynamic loss scale from 16384.0 to 8192.0
[2023-08-23 02:09:17,935] [INFO] [fused_optimizer.py:385:_update_scale] Reducing dynamic loss scale from 16384.0 to 8192.0
[2023-08-23 02:09:17,936] [INFO] [fused_optimizer.py:383:_update_scale] 
Grad overflow on iteration 7864
[2023-08-23 02:09:17,936] [INFO] [fused_optimizer.py:383:_update_scale] 
Grad overflow on iteration 7864
[2023-08-23 02:09:17,936] [INFO] [fused_optimizer.py:385:_update_scale] Reducing dynamic loss scale from 16384.0 to 8192.0
[2023-08-23 02:09:17,936] [INFO] [fused_optimizer.py:385:_update_scale] Reducing dynamic loss scale from 16384.0 to 8192.0
[2023-08-23 02:09:17,950] [INFO] [fused_optimizer.py:383:_update_scale] 
Grad overflow on iteration 7864
[2023-08-23 02:09:17,950] [INFO] [fused_optimizer.py:385:_update_scale] Reducing dynamic loss scale from 16384.0 to 8192.0
[2023-08-23 02:09:17,950] [INFO] [logging.py:77:log_dist] [Rank 0] Overflow detected. Skipping step. Attempted loss scale: 16384.0, reducing to 8192.0
TASK EPOCH: [29]  [100/269]  eta: 0:02:38  lr: 0.000163  min_lr: 0.000004  loss: 1.7527 (1.8123)  loss_scale: 8192.0000 (10138.6139)  weight_decay: 0.0500 (0.0500)  time: 0.8587  data: 0.0026  max mem: 21507
TASK EPOCH: [29]  [150/269]  eta: 0:01:48  lr: 0.000161  min_lr: 0.000004  loss: 1.8482 (1.7977)  loss_scale: 8192.0000 (9494.0397)  weight_decay: 0.0500 (0.0500)  time: 0.8541  data: 0.0030  max mem: 21507
[2023-08-23 02:11:07,739] [INFO] [fused_optimizer.py:394:_update_scale] No Grad overflow for 128 iterations
[2023-08-23 02:11:07,739] [INFO] [fused_optimizer.py:396:_update_scale] Increasing dynamic loss scale from 8192.0 to 16384.0
[2023-08-23 02:11:07,739] [INFO] [fused_optimizer.py:394:_update_scale] No Grad overflow for 128 iterations
[2023-08-23 02:11:07,739] [INFO] [fused_optimizer.py:396:_update_scale] Increasing dynamic loss scale from 8192.0 to 16384.0
[2023-08-23 02:11:07,740] [INFO] [fused_optimizer.py:394:_update_scale] No Grad overflow for 128 iterations
[2023-08-23 02:11:07,740] [INFO] [fused_optimizer.py:396:_update_scale] Increasing dynamic loss scale from 8192.0 to 16384.0
[2023-08-23 02:11:07,740] [INFO] [fused_optimizer.py:394:_update_scale] No Grad overflow for 128 iterations
[2023-08-23 02:11:07,741] [INFO] [fused_optimizer.py:396:_update_scale] Increasing dynamic loss scale from 8192.0 to 16384.0
[2023-08-23 02:11:07,741] [INFO] [fused_optimizer.py:394:_update_scale] No Grad overflow for 128 iterations
[2023-08-23 02:11:07,741] [INFO] [fused_optimizer.py:396:_update_scale] Increasing dynamic loss scale from 8192.0 to 16384.0
[2023-08-23 02:11:07,748] [INFO] [fused_optimizer.py:394:_update_scale] No Grad overflow for 128 iterations
[2023-08-23 02:11:07,749] [INFO] [fused_optimizer.py:396:_update_scale] Increasing dynamic loss scale from 8192.0 to 16384.0
[2023-08-23 02:11:12,810] [INFO] [logging.py:77:log_dist] [Rank 0] step=8000, skipped=51, lr=[3.767080956263772e-06, 3.767080956263772e-06, 5.0227746083516955e-06, 5.0227746083516955e-06, 6.697032811135594e-06, 6.697032811135594e-06, 8.929377081514126e-06, 8.929377081514126e-06, 1.19058361086855e-05, 1.19058361086855e-05, 1.5874448144914e-05, 1.5874448144914e-05, 2.1165930859885333e-05, 2.1165930859885333e-05, 2.8221241146513778e-05, 2.8221241146513778e-05, 3.762832152868504e-05, 3.762832152868504e-05, 5.017109537158005e-05, 5.017109537158005e-05, 6.68947938287734e-05, 6.68947938287734e-05, 8.919305843836454e-05, 8.919305843836454e-05, 0.00011892407791781937, 0.00011892407791781937, 0.00015856543722375918, 0.00015856543722375918], mom=[[0.9, 0.999], [0.9, 0.999], [0.9, 0.999], [0.9, 0.999], [0.9, 0.999], [0.9, 0.999], [0.9, 0.999], [0.9, 0.999], [0.9, 0.999], [0.9, 0.999], [0.9, 0.999], [0.9, 0.999], [0.9, 0.999], [0.9, 0.999], [0.9, 0.999], [0.9, 0.999], [0.9, 0.999], [0.9, 0.999], [0.9, 0.999], [0.9, 0.999], [0.9, 0.999], [0.9, 0.999], [0.9, 0.999], [0.9, 0.999], [0.9, 0.999], [0.9, 0.999], [0.9, 0.999], [0.9, 0.999]]
[2023-08-23 02:11:12,811] [INFO] [timer.py:209:stop] epoch=0/micro_step=8000/global_step=8000, RunningAvgSamplesPerSec=122.11554362913719, CurrSamplesPerSec=128.82036922988328, MemAllocated=1.24GB, MaxMemAllocated=21.0GB
TASK EPOCH: [29]  [200/269]  eta: 0:01:01  lr: 0.000158  min_lr: 0.000004  loss: 1.7620 (1.7729)  loss_scale: 8192.0000 (9536.9552)  weight_decay: 0.0500 (0.0500)  time: 0.8433  data: 0.0020  max mem: 21507
[2023-08-23 02:11:28,610] [INFO] [fused_optimizer.py:383:_update_scale] 
Grad overflow on iteration 8018
[2023-08-23 02:11:28,610] [INFO] [fused_optimizer.py:385:_update_scale] Reducing dynamic loss scale from 16384.0 to 8192.0
[2023-08-23 02:11:28,611] [INFO] [fused_optimizer.py:383:_update_scale] 
Grad overflow on iteration 8018
[2023-08-23 02:11:28,611] [INFO] [fused_optimizer.py:385:_update_scale] Reducing dynamic loss scale from 16384.0 to 8192.0
[2023-08-23 02:11:28,611] [INFO] [fused_optimizer.py:383:_update_scale] 
Grad overflow on iteration 8018
[2023-08-23 02:11:28,612] [INFO] [fused_optimizer.py:385:_update_scale] Reducing dynamic loss scale from 16384.0 to 8192.0
[2023-08-23 02:11:28,612] [INFO] [logging.py:77:log_dist] [Rank 0] Overflow detected. Skipping step. Attempted loss scale: 16384.0, reducing to 8192.0
[2023-08-23 02:11:28,612] [INFO] [fused_optimizer.py:383:_update_scale] 
Grad overflow on iteration 8018
[2023-08-23 02:11:28,612] [INFO] [fused_optimizer.py:385:_update_scale] Reducing dynamic loss scale from 16384.0 to 8192.0
[2023-08-23 02:11:28,612] [INFO] [fused_optimizer.py:383:_update_scale] 
Grad overflow on iteration 8018
[2023-08-23 02:11:28,612] [INFO] [fused_optimizer.py:385:_update_scale] Reducing dynamic loss scale from 16384.0 to 8192.0
[2023-08-23 02:11:28,612] [INFO] [fused_optimizer.py:383:_update_scale] 
Grad overflow on iteration 8018
[2023-08-23 02:11:28,612] [INFO] [fused_optimizer.py:385:_update_scale] Reducing dynamic loss scale from 16384.0 to 8192.0
TASK EPOCH: [29]  [250/269]  eta: 0:00:16  lr: 0.000156  min_lr: 0.000004  loss: 1.8833 (1.7626)  loss_scale: 8192.0000 (9791.2351)  weight_decay: 0.0500 (0.0500)  time: 0.8351  data: 0.0014  max mem: 21507
TASK EPOCH: [29]  [268/269]  eta: 0:00:00  lr: 0.000155  min_lr: 0.000004  loss: 1.8353 (1.7639)  loss_scale: 8192.0000 (9684.2230)  weight_decay: 0.0500 (0.0500)  time: 0.7866  data: 0.0006  max mem: 21507
TASK EPOCH: [29] Total time: 0:03:56 (0.8773 s / it)
Averaged stats: lr: 0.000155  min_lr: 0.000004  loss: 1.8353 (1.7361)  loss_scale: 8192.0000 (9684.2230)  weight_decay: 0.0500 (0.0500)
TASK EPOCH: [30]  [  0/269]  eta: 0:46:09  lr: 0.000155  min_lr: 0.000004  loss: 1.8152 (1.8152)  loss_scale: 8192.0000 (8192.0000)  weight_decay: 0.0500 (0.0500)  time: 10.2969  data: 7.0314  max mem: 21507
TASK EPOCH: [30]  [ 50/269]  eta: 0:03:48  lr: 0.000153  min_lr: 0.000004  loss: 1.5879 (1.7080)  loss_scale: 8192.0000 (8192.0000)  weight_decay: 0.0500 (0.0500)  time: 0.8526  data: 0.0018  max mem: 21507
[2023-08-23 02:13:26,783] [INFO] [fused_optimizer.py:394:_update_scale] No Grad overflow for 128 iterations
[2023-08-23 02:13:26,783] [INFO] [fused_optimizer.py:394:_update_scale] No Grad overflow for 128 iterations
[2023-08-23 02:13:26,784] [INFO] [fused_optimizer.py:396:_update_scale] Increasing dynamic loss scale from 8192.0 to 16384.0
[2023-08-23 02:13:26,784] [INFO] [fused_optimizer.py:396:_update_scale] Increasing dynamic loss scale from 8192.0 to 16384.0
[2023-08-23 02:13:26,784] [INFO] [fused_optimizer.py:394:_update_scale] No Grad overflow for 128 iterations
[2023-08-23 02:13:26,784] [INFO] [fused_optimizer.py:396:_update_scale] Increasing dynamic loss scale from 8192.0 to 16384.0
[2023-08-23 02:13:26,784] [INFO] [fused_optimizer.py:394:_update_scale] No Grad overflow for 128 iterations
[2023-08-23 02:13:26,785] [INFO] [fused_optimizer.py:396:_update_scale] Increasing dynamic loss scale from 8192.0 to 16384.0
[2023-08-23 02:13:26,784] [INFO] [fused_optimizer.py:394:_update_scale] No Grad overflow for 128 iterations
[2023-08-23 02:13:26,785] [INFO] [fused_optimizer.py:394:_update_scale] No Grad overflow for 128 iterations
[2023-08-23 02:13:26,785] [INFO] [fused_optimizer.py:396:_update_scale] Increasing dynamic loss scale from 8192.0 to 16384.0
[2023-08-23 02:13:26,785] [INFO] [fused_optimizer.py:396:_update_scale] Increasing dynamic loss scale from 8192.0 to 16384.0
[2023-08-23 02:13:36,105] [INFO] [fused_optimizer.py:383:_update_scale] 
Grad overflow on iteration 8158
[2023-08-23 02:13:36,106] [INFO] [fused_optimizer.py:385:_update_scale] Reducing dynamic loss scale from 16384.0 to 8192.0
[2023-08-23 02:13:36,106] [INFO] [fused_optimizer.py:383:_update_scale] 
Grad overflow on iteration 8158
[2023-08-23 02:13:36,106] [INFO] [fused_optimizer.py:383:_update_scale] 
Grad overflow on iteration 8158
[2023-08-23 02:13:36,106] [INFO] [fused_optimizer.py:385:_update_scale] Reducing dynamic loss scale from 16384.0 to 8192.0
[2023-08-23 02:13:36,106] [INFO] [fused_optimizer.py:385:_update_scale] Reducing dynamic loss scale from 16384.0 to 8192.0
[2023-08-23 02:13:36,106] [INFO] [fused_optimizer.py:383:_update_scale] 
Grad overflow on iteration 8158
[2023-08-23 02:13:36,106] [INFO] [fused_optimizer.py:385:_update_scale] Reducing dynamic loss scale from 16384.0 to 8192.0
[2023-08-23 02:13:36,107] [INFO] [logging.py:77:log_dist] [Rank 0] Overflow detected. Skipping step. Attempted loss scale: 16384.0, reducing to 8192.0
[2023-08-23 02:13:36,107] [INFO] [fused_optimizer.py:383:_update_scale] 
Grad overflow on iteration 8158
[2023-08-23 02:13:36,107] [INFO] [fused_optimizer.py:385:_update_scale] Reducing dynamic loss scale from 16384.0 to 8192.0
[2023-08-23 02:13:36,115] [INFO] [fused_optimizer.py:383:_update_scale] 
Grad overflow on iteration 8158
[2023-08-23 02:13:36,115] [INFO] [fused_optimizer.py:385:_update_scale] Reducing dynamic loss scale from 16384.0 to 8192.0
TASK EPOCH: [30]  [100/269]  eta: 0:02:40  lr: 0.000150  min_lr: 0.000004  loss: 1.7150 (1.7179)  loss_scale: 8192.0000 (9084.1980)  weight_decay: 0.0500 (0.0500)  time: 0.8490  data: 0.0025  max mem: 21507
TASK EPOCH: [30]  [150/269]  eta: 0:01:48  lr: 0.000148  min_lr: 0.000004  loss: 1.7694 (1.7305)  loss_scale: 8192.0000 (8788.7682)  weight_decay: 0.0500 (0.0500)  time: 0.8500  data: 0.0011  max mem: 21507
TASK EPOCH: [30]  [200/269]  eta: 0:01:01  lr: 0.000146  min_lr: 0.000003  loss: 1.7291 (1.7245)  loss_scale: 8192.0000 (8640.3184)  weight_decay: 0.0500 (0.0500)  time: 0.8376  data: 0.0015  max mem: 21507
[2023-08-23 02:15:24,910] [INFO] [fused_optimizer.py:394:_update_scale] No Grad overflow for 128 iterations
[2023-08-23 02:15:24,911] [INFO] [fused_optimizer.py:396:_update_scale] Increasing dynamic loss scale from 8192.0 to 16384.0
[2023-08-23 02:15:24,911] [INFO] [fused_optimizer.py:394:_update_scale] No Grad overflow for 128 iterations
[2023-08-23 02:15:24,911] [INFO] [fused_optimizer.py:396:_update_scale] Increasing dynamic loss scale from 8192.0 to 16384.0
[2023-08-23 02:15:24,911] [INFO] [fused_optimizer.py:394:_update_scale] No Grad overflow for 128 iterations
[2023-08-23 02:15:24,911] [INFO] [fused_optimizer.py:396:_update_scale] Increasing dynamic loss scale from 8192.0 to 16384.0
[2023-08-23 02:15:24,911] [INFO] [fused_optimizer.py:394:_update_scale] No Grad overflow for 128 iterations
[2023-08-23 02:15:24,911] [INFO] [fused_optimizer.py:396:_update_scale] Increasing dynamic loss scale from 8192.0 to 16384.0
[2023-08-23 02:15:24,911] [INFO] [fused_optimizer.py:394:_update_scale] No Grad overflow for 128 iterations
[2023-08-23 02:15:24,912] [INFO] [fused_optimizer.py:396:_update_scale] Increasing dynamic loss scale from 8192.0 to 16384.0
[2023-08-23 02:15:24,913] [INFO] [fused_optimizer.py:394:_update_scale] No Grad overflow for 128 iterations
[2023-08-23 02:15:24,913] [INFO] [fused_optimizer.py:396:_update_scale] Increasing dynamic loss scale from 8192.0 to 16384.0
[2023-08-23 02:15:27,382] [INFO] [fused_optimizer.py:383:_update_scale] 
Grad overflow on iteration 8290
[2023-08-23 02:15:27,383] [INFO] [fused_optimizer.py:385:_update_scale] Reducing dynamic loss scale from 16384.0 to 8192.0
[2023-08-23 02:15:27,383] [INFO] [fused_optimizer.py:383:_update_scale] 
Grad overflow on iteration 8290
[2023-08-23 02:15:27,383] [INFO] [fused_optimizer.py:383:_update_scale] 
Grad overflow on iteration 8290
[2023-08-23 02:15:27,383] [INFO] [fused_optimizer.py:385:_update_scale] Reducing dynamic loss scale from 16384.0 to 8192.0
[2023-08-23 02:15:27,383] [INFO] [logging.py:77:log_dist] [Rank 0] Overflow detected. Skipping step. Attempted loss scale: 16384.0, reducing to 8192.0
[2023-08-23 02:15:27,383] [INFO] [fused_optimizer.py:385:_update_scale] Reducing dynamic loss scale from 16384.0 to 8192.0
[2023-08-23 02:15:27,383] [INFO] [fused_optimizer.py:383:_update_scale] 
Grad overflow on iteration 8290
[2023-08-23 02:15:27,383] [INFO] [fused_optimizer.py:385:_update_scale] Reducing dynamic loss scale from 16384.0 to 8192.0
[2023-08-23 02:15:27,383] [INFO] [fused_optimizer.py:383:_update_scale] 
Grad overflow on iteration 8290
[2023-08-23 02:15:27,383] [INFO] [fused_optimizer.py:385:_update_scale] Reducing dynamic loss scale from 16384.0 to 8192.0
[2023-08-23 02:15:27,383] [INFO] [fused_optimizer.py:383:_update_scale] 
Grad overflow on iteration 8290
[2023-08-23 02:15:27,383] [INFO] [fused_optimizer.py:385:_update_scale] Reducing dynamic loss scale from 16384.0 to 8192.0
TASK EPOCH: [30]  [250/269]  eta: 0:00:16  lr: 0.000143  min_lr: 0.000003  loss: 1.7571 (1.7369)  loss_scale: 8192.0000 (8648.9243)  weight_decay: 0.0500 (0.0500)  time: 0.8350  data: 0.0016  max mem: 21507
TASK EPOCH: [30]  [268/269]  eta: 0:00:00  lr: 0.000142  min_lr: 0.000003  loss: 1.8699 (1.7372)  loss_scale: 8192.0000 (8618.3494)  weight_decay: 0.0500 (0.0500)  time: 0.7856  data: 0.0006  max mem: 21507
TASK EPOCH: [30] Total time: 0:03:56 (0.8779 s / it)
Averaged stats: lr: 0.000142  min_lr: 0.000003  loss: 1.8699 (1.7142)  loss_scale: 8192.0000 (8618.3494)  weight_decay: 0.0500 (0.0500)
TASK EPOCH: [31]  [  0/269]  eta: 0:41:29  lr: 0.000142  min_lr: 0.000003  loss: 1.4900 (1.4900)  loss_scale: 8192.0000 (8192.0000)  weight_decay: 0.0500 (0.0500)  time: 9.2547  data: 8.4891  max mem: 21507
TASK EPOCH: [31]  [ 50/269]  eta: 0:03:48  lr: 0.000140  min_lr: 0.000003  loss: 1.7022 (1.6958)  loss_scale: 8192.0000 (8192.0000)  weight_decay: 0.0500 (0.0500)  time: 0.8647  data: 0.0016  max mem: 21507
[2023-08-23 02:17:25,681] [INFO] [fused_optimizer.py:394:_update_scale] No Grad overflow for 128 iterations
[2023-08-23 02:17:25,681] [INFO] [fused_optimizer.py:396:_update_scale] Increasing dynamic loss scale from 8192.0 to 16384.0
[2023-08-23 02:17:25,683] [INFO] [fused_optimizer.py:394:_update_scale] No Grad overflow for 128 iterations
[2023-08-23 02:17:25,683] [INFO] [fused_optimizer.py:396:_update_scale] Increasing dynamic loss scale from 8192.0 to 16384.0
[2023-08-23 02:17:25,685] [INFO] [fused_optimizer.py:394:_update_scale] No Grad overflow for 128 iterations
[2023-08-23 02:17:25,685] [INFO] [fused_optimizer.py:396:_update_scale] Increasing dynamic loss scale from 8192.0 to 16384.0
[2023-08-23 02:17:25,686] [INFO] [fused_optimizer.py:394:_update_scale] No Grad overflow for 128 iterations
[2023-08-23 02:17:25,686] [INFO] [fused_optimizer.py:396:_update_scale] Increasing dynamic loss scale from 8192.0 to 16384.0
[2023-08-23 02:17:25,681] [INFO] [fused_optimizer.py:394:_update_scale] No Grad overflow for 128 iterations
[2023-08-23 02:17:25,690] [INFO] [fused_optimizer.py:396:_update_scale] Increasing dynamic loss scale from 8192.0 to 16384.0
[2023-08-23 02:17:25,690] [INFO] [fused_optimizer.py:394:_update_scale] No Grad overflow for 128 iterations
[2023-08-23 02:17:25,690] [INFO] [fused_optimizer.py:396:_update_scale] Increasing dynamic loss scale from 8192.0 to 16384.0
[2023-08-23 02:17:42,747] [INFO] [fused_optimizer.py:383:_update_scale] 
Grad overflow on iteration 8439
[2023-08-23 02:17:42,748] [INFO] [fused_optimizer.py:383:_update_scale] 
Grad overflow on iteration 8439
[2023-08-23 02:17:42,748] [INFO] [fused_optimizer.py:385:_update_scale] Reducing dynamic loss scale from 16384.0 to 8192.0
[2023-08-23 02:17:42,748] [INFO] [fused_optimizer.py:385:_update_scale] Reducing dynamic loss scale from 16384.0 to 8192.0
[2023-08-23 02:17:42,748] [INFO] [fused_optimizer.py:383:_update_scale] 
Grad overflow on iteration 8439
[2023-08-23 02:17:42,748] [INFO] [fused_optimizer.py:385:_update_scale] Reducing dynamic loss scale from 16384.0 to 8192.0
[2023-08-23 02:17:42,748] [INFO] [logging.py:77:log_dist] [Rank 0] Overflow detected. Skipping step. Attempted loss scale: 16384.0, reducing to 8192.0
[2023-08-23 02:17:42,748] [INFO] [fused_optimizer.py:383:_update_scale] 
Grad overflow on iteration 8439
[2023-08-23 02:17:42,748] [INFO] [fused_optimizer.py:385:_update_scale] Reducing dynamic loss scale from 16384.0 to 8192.0
[2023-08-23 02:17:42,748] [INFO] [fused_optimizer.py:383:_update_scale] 
Grad overflow on iteration 8439
[2023-08-23 02:17:42,749] [INFO] [fused_optimizer.py:385:_update_scale] Reducing dynamic loss scale from 16384.0 to 8192.0
[2023-08-23 02:17:42,749] [INFO] [fused_optimizer.py:383:_update_scale] 
Grad overflow on iteration 8439
[2023-08-23 02:17:42,749] [INFO] [fused_optimizer.py:385:_update_scale] Reducing dynamic loss scale from 16384.0 to 8192.0
TASK EPOCH: [31]  [100/269]  eta: 0:02:40  lr: 0.000138  min_lr: 0.000003  loss: 1.6778 (1.6801)  loss_scale: 16384.0000 (9814.1782)  weight_decay: 0.0500 (0.0500)  time: 0.8527  data: 0.0026  max mem: 21507
TASK EPOCH: [31]  [150/269]  eta: 0:01:48  lr: 0.000135  min_lr: 0.000003  loss: 1.3849 (1.6673)  loss_scale: 8192.0000 (9277.0331)  weight_decay: 0.0500 (0.0500)  time: 0.8391  data: 0.0024  max mem: 21507
TASK EPOCH: [31]  [200/269]  eta: 0:01:01  lr: 0.000133  min_lr: 0.000003  loss: 1.9000 (1.6932)  loss_scale: 8192.0000 (9007.1244)  weight_decay: 0.0500 (0.0500)  time: 0.8387  data: 0.0022  max mem: 21507
[2023-08-23 02:19:30,682] [INFO] [fused_optimizer.py:394:_update_scale] No Grad overflow for 128 iterations
[2023-08-23 02:19:30,682] [INFO] [fused_optimizer.py:394:_update_scale] No Grad overflow for 128 iterations
[2023-08-23 02:19:30,682] [INFO] [fused_optimizer.py:396:_update_scale] Increasing dynamic loss scale from 8192.0 to 16384.0
[2023-08-23 02:19:30,682] [INFO] [fused_optimizer.py:396:_update_scale] Increasing dynamic loss scale from 8192.0 to 16384.0
[2023-08-23 02:19:30,682] [INFO] [fused_optimizer.py:394:_update_scale] No Grad overflow for 128 iterations
[2023-08-23 02:19:30,682] [INFO] [fused_optimizer.py:394:_update_scale] No Grad overflow for 128 iterations
[2023-08-23 02:19:30,682] [INFO] [fused_optimizer.py:396:_update_scale] Increasing dynamic loss scale from 8192.0 to 16384.0
[2023-08-23 02:19:30,682] [INFO] [fused_optimizer.py:396:_update_scale] Increasing dynamic loss scale from 8192.0 to 16384.0
[2023-08-23 02:19:30,688] [INFO] [fused_optimizer.py:394:_update_scale] No Grad overflow for 128 iterations
[2023-08-23 02:19:30,688] [INFO] [fused_optimizer.py:396:_update_scale] Increasing dynamic loss scale from 8192.0 to 16384.0
[2023-08-23 02:19:30,692] [INFO] [fused_optimizer.py:394:_update_scale] No Grad overflow for 128 iterations
[2023-08-23 02:19:30,692] [INFO] [fused_optimizer.py:396:_update_scale] Increasing dynamic loss scale from 8192.0 to 16384.0
[2023-08-23 02:19:44,870] [INFO] [fused_optimizer.py:383:_update_scale] 
Grad overflow on iteration 8585
[2023-08-23 02:19:44,871] [INFO] [fused_optimizer.py:385:_update_scale] Reducing dynamic loss scale from 16384.0 to 8192.0
[2023-08-23 02:19:44,871] [INFO] [fused_optimizer.py:383:_update_scale] 
Grad overflow on iteration 8585
[2023-08-23 02:19:44,871] [INFO] [fused_optimizer.py:385:_update_scale] Reducing dynamic loss scale from 16384.0 to 8192.0
[2023-08-23 02:19:44,871] [INFO] [fused_optimizer.py:383:_update_scale] 
Grad overflow on iteration 8585
[2023-08-23 02:19:44,871] [INFO] [fused_optimizer.py:383:_update_scale] 
Grad overflow on iteration 8585
[2023-08-23 02:19:44,872] [INFO] [fused_optimizer.py:385:_update_scale] Reducing dynamic loss scale from 16384.0 to 8192.0
[2023-08-23 02:19:44,872] [INFO] [fused_optimizer.py:383:_update_scale] 
Grad overflow on iteration 8585
[2023-08-23 02:19:44,872] [INFO] [fused_optimizer.py:385:_update_scale] Reducing dynamic loss scale from 16384.0 to 8192.0
[2023-08-23 02:19:44,872] [INFO] [logging.py:77:log_dist] [Rank 0] Overflow detected. Skipping step. Attempted loss scale: 16384.0, reducing to 8192.0
[2023-08-23 02:19:44,872] [INFO] [fused_optimizer.py:385:_update_scale] Reducing dynamic loss scale from 16384.0 to 8192.0
[2023-08-23 02:19:44,872] [INFO] [fused_optimizer.py:383:_update_scale] 
Grad overflow on iteration 8585
[2023-08-23 02:19:44,872] [INFO] [fused_optimizer.py:385:_update_scale] Reducing dynamic loss scale from 16384.0 to 8192.0
TASK EPOCH: [31]  [250/269]  eta: 0:00:16  lr: 0.000131  min_lr: 0.000003  loss: 1.6491 (1.7097)  loss_scale: 16384.0000 (9399.5857)  weight_decay: 0.0500 (0.0500)  time: 0.8343  data: 0.0019  max mem: 21507
TASK EPOCH: [31]  [268/269]  eta: 0:00:00  lr: 0.000130  min_lr: 0.000003  loss: 1.8553 (1.7220)  loss_scale: 8192.0000 (9318.7807)  weight_decay: 0.0500 (0.0500)  time: 0.7869  data: 0.0007  max mem: 21507
TASK EPOCH: [31] Total time: 0:03:55 (0.8762 s / it)
Averaged stats: lr: 0.000130  min_lr: 0.000003  loss: 1.8553 (1.7148)  loss_scale: 8192.0000 (9318.7807)  weight_decay: 0.0500 (0.0500)
TASK EPOCH: [32]  [  0/269]  eta: 0:40:17  lr: 0.000130  min_lr: 0.000003  loss: 1.2860 (1.2860)  loss_scale: 8192.0000 (8192.0000)  weight_decay: 0.0500 (0.0500)  time: 8.9856  data: 6.5497  max mem: 21507
TASK EPOCH: [32]  [ 50/269]  eta: 0:03:58  lr: 0.000127  min_lr: 0.000003  loss: 1.5833 (1.6518)  loss_scale: 8192.0000 (8192.0000)  weight_decay: 0.0500 (0.0500)  time: 0.9430  data: 0.0014  max mem: 21507
TASK EPOCH: [32]  [100/269]  eta: 0:02:45  lr: 0.000125  min_lr: 0.000003  loss: 1.7641 (1.6804)  loss_scale: 8192.0000 (8192.0000)  weight_decay: 0.0500 (0.0500)  time: 0.8680  data: 0.0021  max mem: 21507
[2023-08-23 02:21:46,983] [INFO] [fused_optimizer.py:394:_update_scale] No Grad overflow for 128 iterations
[2023-08-23 02:21:46,983] [INFO] [fused_optimizer.py:396:_update_scale] Increasing dynamic loss scale from 8192.0 to 16384.0
[2023-08-23 02:21:46,983] [INFO] [fused_optimizer.py:394:_update_scale] No Grad overflow for 128 iterations
[2023-08-23 02:21:46,983] [INFO] [fused_optimizer.py:394:_update_scale] No Grad overflow for 128 iterations
[2023-08-23 02:21:46,983] [INFO] [fused_optimizer.py:396:_update_scale] Increasing dynamic loss scale from 8192.0 to 16384.0
[2023-08-23 02:21:46,983] [INFO] [fused_optimizer.py:396:_update_scale] Increasing dynamic loss scale from 8192.0 to 16384.0
[2023-08-23 02:21:46,983] [INFO] [fused_optimizer.py:394:_update_scale] No Grad overflow for 128 iterations
[2023-08-23 02:21:46,984] [INFO] [fused_optimizer.py:396:_update_scale] Increasing dynamic loss scale from 8192.0 to 16384.0
[2023-08-23 02:21:46,986] [INFO] [fused_optimizer.py:394:_update_scale] No Grad overflow for 128 iterations
[2023-08-23 02:21:46,986] [INFO] [fused_optimizer.py:396:_update_scale] Increasing dynamic loss scale from 8192.0 to 16384.0
[2023-08-23 02:21:46,998] [INFO] [fused_optimizer.py:394:_update_scale] No Grad overflow for 128 iterations
[2023-08-23 02:21:46,999] [INFO] [fused_optimizer.py:396:_update_scale] Increasing dynamic loss scale from 8192.0 to 16384.0
[2023-08-23 02:21:52,246] [INFO] [fused_optimizer.py:383:_update_scale] 
Grad overflow on iteration 8720
[2023-08-23 02:21:52,246] [INFO] [fused_optimizer.py:383:_update_scale] 
Grad overflow on iteration 8720
[2023-08-23 02:21:52,246] [INFO] [fused_optimizer.py:385:_update_scale] Reducing dynamic loss scale from 16384.0 to 8192.0
[2023-08-23 02:21:52,246] [INFO] [fused_optimizer.py:385:_update_scale] Reducing dynamic loss scale from 16384.0 to 8192.0
[2023-08-23 02:21:52,246] [INFO] [fused_optimizer.py:383:_update_scale] 
Grad overflow on iteration 8720
[2023-08-23 02:21:52,247] [INFO] [fused_optimizer.py:385:_update_scale] Reducing dynamic loss scale from 16384.0 to 8192.0
[2023-08-23 02:21:52,247] [INFO] [fused_optimizer.py:383:_update_scale] 
Grad overflow on iteration 8720
[2023-08-23 02:21:52,247] [INFO] [fused_optimizer.py:385:_update_scale] Reducing dynamic loss scale from 16384.0 to 8192.0
[2023-08-23 02:21:52,247] [INFO] [logging.py:77:log_dist] [Rank 0] Overflow detected. Skipping step. Attempted loss scale: 16384.0, reducing to 8192.0
[2023-08-23 02:21:52,249] [INFO] [fused_optimizer.py:383:_update_scale] 
Grad overflow on iteration 8720
[2023-08-23 02:21:52,249] [INFO] [fused_optimizer.py:385:_update_scale] Reducing dynamic loss scale from 16384.0 to 8192.0
[2023-08-23 02:21:52,259] [INFO] [fused_optimizer.py:383:_update_scale] 
Grad overflow on iteration 8720
[2023-08-23 02:21:52,259] [INFO] [fused_optimizer.py:385:_update_scale] Reducing dynamic loss scale from 16384.0 to 8192.0
TASK EPOCH: [32]  [150/269]  eta: 0:01:52  lr: 0.000123  min_lr: 0.000003  loss: 1.7861 (1.7053)  loss_scale: 8192.0000 (8517.5099)  weight_decay: 0.0500 (0.0500)  time: 0.8696  data: 0.0011  max mem: 21507
TASK EPOCH: [32]  [200/269]  eta: 0:01:03  lr: 0.000121  min_lr: 0.000003  loss: 1.7071 (1.7065)  loss_scale: 8192.0000 (8436.5373)  weight_decay: 0.0500 (0.0500)  time: 0.8562  data: 0.0025  max mem: 21507
[2023-08-23 02:23:43,035] [INFO] [fused_optimizer.py:394:_update_scale] No Grad overflow for 128 iterations
[2023-08-23 02:23:43,035] [INFO] [fused_optimizer.py:394:_update_scale] No Grad overflow for 128 iterations
[2023-08-23 02:23:43,035] [INFO] [fused_optimizer.py:396:_update_scale] Increasing dynamic loss scale from 8192.0 to 16384.0
[2023-08-23 02:23:43,035] [INFO] [fused_optimizer.py:396:_update_scale] Increasing dynamic loss scale from 8192.0 to 16384.0
[2023-08-23 02:23:43,036] [INFO] [fused_optimizer.py:394:_update_scale] No Grad overflow for 128 iterations
[2023-08-23 02:23:43,036] [INFO] [fused_optimizer.py:396:_update_scale] Increasing dynamic loss scale from 8192.0 to 16384.0
[2023-08-23 02:23:43,036] [INFO] [fused_optimizer.py:394:_update_scale] No Grad overflow for 128 iterations
[2023-08-23 02:23:43,036] [INFO] [fused_optimizer.py:396:_update_scale] Increasing dynamic loss scale from 8192.0 to 16384.0
[2023-08-23 02:23:43,037] [INFO] [fused_optimizer.py:394:_update_scale] No Grad overflow for 128 iterations
[2023-08-23 02:23:43,037] [INFO] [fused_optimizer.py:396:_update_scale] Increasing dynamic loss scale from 8192.0 to 16384.0
[2023-08-23 02:23:43,040] [INFO] [fused_optimizer.py:394:_update_scale] No Grad overflow for 128 iterations
[2023-08-23 02:23:43,040] [INFO] [fused_optimizer.py:396:_update_scale] Increasing dynamic loss scale from 8192.0 to 16384.0
[2023-08-23 02:23:43,906] [INFO] [fused_optimizer.py:383:_update_scale] 
Grad overflow on iteration 8850
[2023-08-23 02:23:43,906] [INFO] [fused_optimizer.py:385:_update_scale] Reducing dynamic loss scale from 16384.0 to 8192.0
[2023-08-23 02:23:43,907] [INFO] [fused_optimizer.py:383:_update_scale] 
Grad overflow on iteration 8850
[2023-08-23 02:23:43,907] [INFO] [fused_optimizer.py:385:_update_scale] Reducing dynamic loss scale from 16384.0 to 8192.0
[2023-08-23 02:23:43,907] [INFO] [fused_optimizer.py:383:_update_scale] 
Grad overflow on iteration 8850
[2023-08-23 02:23:43,907] [INFO] [fused_optimizer.py:383:_update_scale] 
Grad overflow on iteration 8850
[2023-08-23 02:23:43,907] [INFO] [fused_optimizer.py:385:_update_scale] Reducing dynamic loss scale from 16384.0 to 8192.0
[2023-08-23 02:23:43,907] [INFO] [fused_optimizer.py:385:_update_scale] Reducing dynamic loss scale from 16384.0 to 8192.0
[2023-08-23 02:23:43,907] [INFO] [logging.py:77:log_dist] [Rank 0] Overflow detected. Skipping step. Attempted loss scale: 16384.0, reducing to 8192.0
[2023-08-23 02:23:43,908] [INFO] [fused_optimizer.py:383:_update_scale] 
Grad overflow on iteration 8850
[2023-08-23 02:23:43,908] [INFO] [fused_optimizer.py:385:_update_scale] Reducing dynamic loss scale from 16384.0 to 8192.0
[2023-08-23 02:23:43,910] [INFO] [fused_optimizer.py:383:_update_scale] 
Grad overflow on iteration 8850
[2023-08-23 02:23:43,910] [INFO] [fused_optimizer.py:385:_update_scale] Reducing dynamic loss scale from 16384.0 to 8192.0
TASK EPOCH: [32]  [250/269]  eta: 0:00:17  lr: 0.000118  min_lr: 0.000003  loss: 1.7796 (1.7116)  loss_scale: 8192.0000 (8420.4622)  weight_decay: 0.0500 (0.0500)  time: 0.8573  data: 0.0014  max mem: 21507
TASK EPOCH: [32]  [268/269]  eta: 0:00:00  lr: 0.000118  min_lr: 0.000003  loss: 1.5545 (1.7048)  loss_scale: 8192.0000 (8405.1747)  weight_decay: 0.0500 (0.0500)  time: 0.7901  data: 0.0006  max mem: 21507
TASK EPOCH: [32] Total time: 0:04:02 (0.9018 s / it)
Averaged stats: lr: 0.000118  min_lr: 0.000003  loss: 1.5545 (1.7029)  loss_scale: 8192.0000 (8405.1747)  weight_decay: 0.0500 (0.0500)
TASK EPOCH: [33]  [  0/269]  eta: 0:43:47  lr: 0.000118  min_lr: 0.000003  loss: 1.6952 (1.6952)  loss_scale: 8192.0000 (8192.0000)  weight_decay: 0.0500 (0.0500)  time: 9.7660  data: 8.7231  max mem: 21507
TASK EPOCH: [33]  [ 50/269]  eta: 0:03:55  lr: 0.000115  min_lr: 0.000003  loss: 1.7515 (1.7402)  loss_scale: 8192.0000 (8192.0000)  weight_decay: 0.0500 (0.0500)  time: 0.9226  data: 0.0558  max mem: 21507
TASK EPOCH: [33]  [100/269]  eta: 0:02:45  lr: 0.000113  min_lr: 0.000003  loss: 1.8631 (1.7263)  loss_scale: 8192.0000 (8192.0000)  weight_decay: 0.0500 (0.0500)  time: 0.8722  data: 0.0015  max mem: 21507
[2023-08-23 02:25:45,779] [INFO] [fused_optimizer.py:394:_update_scale] No Grad overflow for 128 iterations
[2023-08-23 02:25:45,780] [INFO] [fused_optimizer.py:396:_update_scale] Increasing dynamic loss scale from 8192.0 to 16384.0
[2023-08-23 02:25:45,780] [INFO] [fused_optimizer.py:394:_update_scale] No Grad overflow for 128 iterations
[2023-08-23 02:25:45,780] [INFO] [fused_optimizer.py:396:_update_scale] Increasing dynamic loss scale from 8192.0 to 16384.0
[2023-08-23 02:25:45,780] [INFO] [fused_optimizer.py:394:_update_scale] No Grad overflow for 128 iterations
[2023-08-23 02:25:45,780] [INFO] [fused_optimizer.py:396:_update_scale] Increasing dynamic loss scale from 8192.0 to 16384.0
[2023-08-23 02:25:45,780] [INFO] [fused_optimizer.py:394:_update_scale] No Grad overflow for 128 iterations
[2023-08-23 02:25:45,780] [INFO] [fused_optimizer.py:396:_update_scale] Increasing dynamic loss scale from 8192.0 to 16384.0
[2023-08-23 02:25:45,781] [INFO] [fused_optimizer.py:394:_update_scale] No Grad overflow for 128 iterations
[2023-08-23 02:25:45,781] [INFO] [fused_optimizer.py:396:_update_scale] Increasing dynamic loss scale from 8192.0 to 16384.0
[2023-08-23 02:25:45,786] [INFO] [fused_optimizer.py:394:_update_scale] No Grad overflow for 128 iterations
[2023-08-23 02:25:45,787] [INFO] [fused_optimizer.py:396:_update_scale] Increasing dynamic loss scale from 8192.0 to 16384.0
[2023-08-23 02:25:51,074] [INFO] [fused_optimizer.py:383:_update_scale] 
Grad overflow on iteration 8985
[2023-08-23 02:25:51,074] [INFO] [fused_optimizer.py:383:_update_scale] 
Grad overflow on iteration 8985
[2023-08-23 02:25:51,075] [INFO] [fused_optimizer.py:385:_update_scale] Reducing dynamic loss scale from 16384.0 to 8192.0
[2023-08-23 02:25:51,075] [INFO] [fused_optimizer.py:385:_update_scale] Reducing dynamic loss scale from 16384.0 to 8192.0
[2023-08-23 02:25:51,075] [INFO] [fused_optimizer.py:383:_update_scale] 
Grad overflow on iteration 8985
[2023-08-23 02:25:51,075] [INFO] [fused_optimizer.py:385:_update_scale] Reducing dynamic loss scale from 16384.0 to 8192.0
[2023-08-23 02:25:51,075] [INFO] [logging.py:77:log_dist] [Rank 0] Overflow detected. Skipping step. Attempted loss scale: 16384.0, reducing to 8192.0
[2023-08-23 02:25:51,075] [INFO] [fused_optimizer.py:383:_update_scale] 
Grad overflow on iteration 8985
[2023-08-23 02:25:51,075] [INFO] [fused_optimizer.py:385:_update_scale] Reducing dynamic loss scale from 16384.0 to 8192.0
[2023-08-23 02:25:51,075] [INFO] [fused_optimizer.py:383:_update_scale] 
Grad overflow on iteration 8985
[2023-08-23 02:25:51,075] [INFO] [fused_optimizer.py:385:_update_scale] Reducing dynamic loss scale from 16384.0 to 8192.0
[2023-08-23 02:25:51,082] [INFO] [fused_optimizer.py:383:_update_scale] 
Grad overflow on iteration 8985
[2023-08-23 02:25:51,082] [INFO] [fused_optimizer.py:385:_update_scale] Reducing dynamic loss scale from 16384.0 to 8192.0
[2023-08-23 02:26:03,196] [INFO] [logging.py:77:log_dist] [Rank 0] step=9000, skipped=59, lr=[2.662147992831965e-06, 2.662147992831965e-06, 3.549530657109287e-06, 3.549530657109287e-06, 4.732707542812383e-06, 4.732707542812383e-06, 6.3102767237498434e-06, 6.3102767237498434e-06, 8.413702298333125e-06, 8.413702298333125e-06, 1.1218269731110833e-05, 1.1218269731110833e-05, 1.4957692974814443e-05, 1.4957692974814443e-05, 1.9943590633085926e-05, 1.9943590633085926e-05, 2.65914541774479e-05, 2.65914541774479e-05, 3.5455272236597196e-05, 3.5455272236597196e-05, 4.727369631546293e-05, 4.727369631546293e-05, 6.303159508728391e-05, 6.303159508728391e-05, 8.404212678304521e-05, 8.404212678304521e-05, 0.00011205616904406028, 0.00011205616904406028], mom=[[0.9, 0.999], [0.9, 0.999], [0.9, 0.999], [0.9, 0.999], [0.9, 0.999], [0.9, 0.999], [0.9, 0.999], [0.9, 0.999], [0.9, 0.999], [0.9, 0.999], [0.9, 0.999], [0.9, 0.999], [0.9, 0.999], [0.9, 0.999], [0.9, 0.999], [0.9, 0.999], [0.9, 0.999], [0.9, 0.999], [0.9, 0.999], [0.9, 0.999], [0.9, 0.999], [0.9, 0.999], [0.9, 0.999], [0.9, 0.999], [0.9, 0.999], [0.9, 0.999], [0.9, 0.999], [0.9, 0.999]]
[2023-08-23 02:26:03,198] [INFO] [timer.py:209:stop] epoch=0/micro_step=9000/global_step=9000, RunningAvgSamplesPerSec=122.1958542742482, CurrSamplesPerSec=123.81530279236432, MemAllocated=1.24GB, MaxMemAllocated=21.0GB
TASK EPOCH: [33]  [150/269]  eta: 0:01:52  lr: 0.000111  min_lr: 0.000003  loss: 1.8303 (1.7030)  loss_scale: 8192.0000 (8517.5099)  weight_decay: 0.0500 (0.0500)  time: 0.8915  data: 0.0014  max mem: 21507
TASK EPOCH: [33]  [200/269]  eta: 0:01:04  lr: 0.000109  min_lr: 0.000003  loss: 1.5928 (1.6753)  loss_scale: 8192.0000 (8436.5373)  weight_decay: 0.0500 (0.0500)  time: 0.8679  data: 0.0012  max mem: 21507
[2023-08-23 02:27:45,464] [INFO] [fused_optimizer.py:394:_update_scale] No Grad overflow for 128 iterations
[2023-08-23 02:27:45,464] [INFO] [fused_optimizer.py:396:_update_scale] Increasing dynamic loss scale from 8192.0 to 16384.0
[2023-08-23 02:27:45,464] [INFO] [fused_optimizer.py:394:_update_scale] No Grad overflow for 128 iterations
[2023-08-23 02:27:45,465] [INFO] [fused_optimizer.py:396:_update_scale] Increasing dynamic loss scale from 8192.0 to 16384.0
[2023-08-23 02:27:45,465] [INFO] [fused_optimizer.py:394:_update_scale] No Grad overflow for 128 iterations
[2023-08-23 02:27:45,465] [INFO] [fused_optimizer.py:394:_update_scale] No Grad overflow for 128 iterations
[2023-08-23 02:27:45,466] [INFO] [fused_optimizer.py:396:_update_scale] Increasing dynamic loss scale from 8192.0 to 16384.0
[2023-08-23 02:27:45,466] [INFO] [fused_optimizer.py:396:_update_scale] Increasing dynamic loss scale from 8192.0 to 16384.0
[2023-08-23 02:27:45,467] [INFO] [fused_optimizer.py:394:_update_scale] No Grad overflow for 128 iterations
[2023-08-23 02:27:45,468] [INFO] [fused_optimizer.py:396:_update_scale] Increasing dynamic loss scale from 8192.0 to 16384.0
[2023-08-23 02:27:45,472] [INFO] [fused_optimizer.py:394:_update_scale] No Grad overflow for 128 iterations
[2023-08-23 02:27:45,473] [INFO] [fused_optimizer.py:396:_update_scale] Increasing dynamic loss scale from 8192.0 to 16384.0
[2023-08-23 02:27:54,948] [INFO] [fused_optimizer.py:383:_update_scale] 
Grad overflow on iteration 9125
[2023-08-23 02:27:54,948] [INFO] [fused_optimizer.py:383:_update_scale] 
Grad overflow on iteration 9125
[2023-08-23 02:27:54,949] [INFO] [fused_optimizer.py:385:_update_scale] Reducing dynamic loss scale from 16384.0 to 8192.0
[2023-08-23 02:27:54,949] [INFO] [fused_optimizer.py:385:_update_scale] Reducing dynamic loss scale from 16384.0 to 8192.0
[2023-08-23 02:27:54,949] [INFO] [fused_optimizer.py:383:_update_scale] 
Grad overflow on iteration 9125
[2023-08-23 02:27:54,949] [INFO] [fused_optimizer.py:385:_update_scale] Reducing dynamic loss scale from 16384.0 to 8192.0
[2023-08-23 02:27:54,949] [INFO] [fused_optimizer.py:383:_update_scale] 
Grad overflow on iteration 9125
[2023-08-23 02:27:54,950] [INFO] [fused_optimizer.py:385:_update_scale] Reducing dynamic loss scale from 16384.0 to 8192.0
[2023-08-23 02:27:54,950] [INFO] [logging.py:77:log_dist] [Rank 0] Overflow detected. Skipping step. Attempted loss scale: 16384.0, reducing to 8192.0
[2023-08-23 02:27:54,951] [INFO] [fused_optimizer.py:383:_update_scale] 
Grad overflow on iteration 9125
[2023-08-23 02:27:54,951] [INFO] [fused_optimizer.py:385:_update_scale] Reducing dynamic loss scale from 16384.0 to 8192.0
[2023-08-23 02:27:54,958] [INFO] [fused_optimizer.py:383:_update_scale] 
Grad overflow on iteration 9125
[2023-08-23 02:27:54,958] [INFO] [fused_optimizer.py:385:_update_scale] Reducing dynamic loss scale from 16384.0 to 8192.0
TASK EPOCH: [33]  [250/269]  eta: 0:00:17  lr: 0.000106  min_lr: 0.000003  loss: 1.6387 (1.6634)  loss_scale: 16384.0000 (8746.8367)  weight_decay: 0.0500 (0.0500)  time: 0.8673  data: 0.0014  max mem: 21507
TASK EPOCH: [33]  [268/269]  eta: 0:00:00  lr: 0.000106  min_lr: 0.000003  loss: 1.7194 (1.6687)  loss_scale: 8192.0000 (8709.7100)  weight_decay: 0.0500 (0.0500)  time: 0.7911  data: 0.0006  max mem: 21507
TASK EPOCH: [33] Total time: 0:04:05 (0.9143 s / it)
Averaged stats: lr: 0.000106  min_lr: 0.000003  loss: 1.7194 (1.6650)  loss_scale: 8192.0000 (8709.7100)  weight_decay: 0.0500 (0.0500)
TASK EPOCH: [34]  [  0/269]  eta: 0:42:33  lr: 0.000106  min_lr: 0.000003  loss: 2.3656 (2.3656)  loss_scale: 8192.0000 (8192.0000)  weight_decay: 0.0500 (0.0500)  time: 9.4910  data: 6.2979  max mem: 21507
TASK EPOCH: [34]  [ 50/269]  eta: 0:03:49  lr: 0.000103  min_lr: 0.000002  loss: 1.5631 (1.6093)  loss_scale: 8192.0000 (8192.0000)  weight_decay: 0.0500 (0.0500)  time: 0.8656  data: 0.0017  max mem: 21507
TASK EPOCH: [34]  [100/269]  eta: 0:02:40  lr: 0.000101  min_lr: 0.000002  loss: 1.6331 (1.6471)  loss_scale: 8192.0000 (8192.0000)  weight_decay: 0.0500 (0.0500)  time: 0.8532  data: 0.0022  max mem: 21507
[2023-08-23 02:29:54,053] [INFO] [fused_optimizer.py:394:_update_scale] No Grad overflow for 128 iterations
[2023-08-23 02:29:54,053] [INFO] [fused_optimizer.py:394:_update_scale] No Grad overflow for 128 iterations
[2023-08-23 02:29:54,053] [INFO] [fused_optimizer.py:396:_update_scale] Increasing dynamic loss scale from 8192.0 to 16384.0
[2023-08-23 02:29:54,053] [INFO] [fused_optimizer.py:396:_update_scale] Increasing dynamic loss scale from 8192.0 to 16384.0
[2023-08-23 02:29:54,054] [INFO] [fused_optimizer.py:394:_update_scale] No Grad overflow for 128 iterations
[2023-08-23 02:29:54,054] [INFO] [fused_optimizer.py:396:_update_scale] Increasing dynamic loss scale from 8192.0 to 16384.0
[2023-08-23 02:29:54,056] [INFO] [fused_optimizer.py:394:_update_scale] No Grad overflow for 128 iterations
[2023-08-23 02:29:54,056] [INFO] [fused_optimizer.py:396:_update_scale] Increasing dynamic loss scale from 8192.0 to 16384.0
[2023-08-23 02:29:54,056] [INFO] [fused_optimizer.py:394:_update_scale] No Grad overflow for 128 iterations
[2023-08-23 02:29:54,057] [INFO] [fused_optimizer.py:396:_update_scale] Increasing dynamic loss scale from 8192.0 to 16384.0
[2023-08-23 02:29:54,059] [INFO] [fused_optimizer.py:394:_update_scale] No Grad overflow for 128 iterations
[2023-08-23 02:29:54,059] [INFO] [fused_optimizer.py:396:_update_scale] Increasing dynamic loss scale from 8192.0 to 16384.0
[2023-08-23 02:29:58,291] [INFO] [fused_optimizer.py:383:_update_scale] 
Grad overflow on iteration 9259
[2023-08-23 02:29:58,291] [INFO] [fused_optimizer.py:383:_update_scale] 
Grad overflow on iteration 9259
[2023-08-23 02:29:58,291] [INFO] [fused_optimizer.py:383:_update_scale] 
Grad overflow on iteration 9259
[2023-08-23 02:29:58,291] [INFO] [fused_optimizer.py:383:_update_scale] 
Grad overflow on iteration 9259
[2023-08-23 02:29:58,292] [INFO] [fused_optimizer.py:383:_update_scale] 
Grad overflow on iteration 9259
[2023-08-23 02:29:58,292] [INFO] [fused_optimizer.py:385:_update_scale] Reducing dynamic loss scale from 16384.0 to 8192.0
[2023-08-23 02:29:58,292] [INFO] [fused_optimizer.py:385:_update_scale] Reducing dynamic loss scale from 16384.0 to 8192.0
[2023-08-23 02:29:58,292] [INFO] [fused_optimizer.py:385:_update_scale] Reducing dynamic loss scale from 16384.0 to 8192.0
[2023-08-23 02:29:58,292] [INFO] [fused_optimizer.py:385:_update_scale] Reducing dynamic loss scale from 16384.0 to 8192.0
[2023-08-23 02:29:58,292] [INFO] [fused_optimizer.py:385:_update_scale] Reducing dynamic loss scale from 16384.0 to 8192.0
[2023-08-23 02:29:58,292] [INFO] [logging.py:77:log_dist] [Rank 0] Overflow detected. Skipping step. Attempted loss scale: 16384.0, reducing to 8192.0
[2023-08-23 02:29:58,292] [INFO] [fused_optimizer.py:383:_update_scale] 
Grad overflow on iteration 9259
[2023-08-23 02:29:58,292] [INFO] [fused_optimizer.py:385:_update_scale] Reducing dynamic loss scale from 16384.0 to 8192.0
TASK EPOCH: [34]  [150/269]  eta: 0:01:49  lr: 0.000099  min_lr: 0.000002  loss: 1.7117 (1.6544)  loss_scale: 8192.0000 (8463.2583)  weight_decay: 0.0500 (0.0500)  time: 0.8604  data: 0.0019  max mem: 21507
TASK EPOCH: [34]  [200/269]  eta: 0:01:02  lr: 0.000097  min_lr: 0.000002  loss: 1.5213 (1.6503)  loss_scale: 8192.0000 (8395.7811)  weight_decay: 0.0500 (0.0500)  time: 0.8480  data: 0.0013  max mem: 21507
[2023-08-23 02:31:47,487] [INFO] [fused_optimizer.py:394:_update_scale] No Grad overflow for 128 iterations
[2023-08-23 02:31:47,487] [INFO] [fused_optimizer.py:396:_update_scale] Increasing dynamic loss scale from 8192.0 to 16384.0
[2023-08-23 02:31:47,487] [INFO] [fused_optimizer.py:394:_update_scale] No Grad overflow for 128 iterations
[2023-08-23 02:31:47,487] [INFO] [fused_optimizer.py:394:_update_scale] No Grad overflow for 128 iterations
[2023-08-23 02:31:47,488] [INFO] [fused_optimizer.py:396:_update_scale] Increasing dynamic loss scale from 8192.0 to 16384.0
[2023-08-23 02:31:47,488] [INFO] [fused_optimizer.py:396:_update_scale] Increasing dynamic loss scale from 8192.0 to 16384.0
[2023-08-23 02:31:47,487] [INFO] [fused_optimizer.py:394:_update_scale] No Grad overflow for 128 iterations
[2023-08-23 02:31:47,488] [INFO] [fused_optimizer.py:394:_update_scale] No Grad overflow for 128 iterations
[2023-08-23 02:31:47,489] [INFO] [fused_optimizer.py:396:_update_scale] Increasing dynamic loss scale from 8192.0 to 16384.0
[2023-08-23 02:31:47,489] [INFO] [fused_optimizer.py:396:_update_scale] Increasing dynamic loss scale from 8192.0 to 16384.0
[2023-08-23 02:31:47,493] [INFO] [fused_optimizer.py:394:_update_scale] No Grad overflow for 128 iterations
[2023-08-23 02:31:47,494] [INFO] [fused_optimizer.py:396:_update_scale] Increasing dynamic loss scale from 8192.0 to 16384.0
[2023-08-23 02:31:54,291] [INFO] [fused_optimizer.py:383:_update_scale] 
Grad overflow on iteration 9396
[2023-08-23 02:31:54,291] [INFO] [fused_optimizer.py:385:_update_scale] Reducing dynamic loss scale from 16384.0 to 8192.0
[2023-08-23 02:31:54,291] [INFO] [fused_optimizer.py:383:_update_scale] 
Grad overflow on iteration 9396
[2023-08-23 02:31:54,291] [INFO] [logging.py:77:log_dist] [Rank 0] Overflow detected. Skipping step. Attempted loss scale: 16384.0, reducing to 8192.0
[2023-08-23 02:31:54,291] [INFO] [fused_optimizer.py:385:_update_scale] Reducing dynamic loss scale from 16384.0 to 8192.0
[2023-08-23 02:31:54,292] [INFO] [fused_optimizer.py:383:_update_scale] 
Grad overflow on iteration 9396
[2023-08-23 02:31:54,292] [INFO] [fused_optimizer.py:383:_update_scale] 
Grad overflow on iteration 9396
[2023-08-23 02:31:54,292] [INFO] [fused_optimizer.py:385:_update_scale] Reducing dynamic loss scale from 16384.0 to 8192.0
[2023-08-23 02:31:54,292] [INFO] [fused_optimizer.py:383:_update_scale] 
Grad overflow on iteration 9396
[2023-08-23 02:31:54,292] [INFO] [fused_optimizer.py:385:_update_scale] Reducing dynamic loss scale from 16384.0 to 8192.0
[2023-08-23 02:31:54,292] [INFO] [fused_optimizer.py:385:_update_scale] Reducing dynamic loss scale from 16384.0 to 8192.0
[2023-08-23 02:31:54,293] [INFO] [fused_optimizer.py:383:_update_scale] 
Grad overflow on iteration 9396
[2023-08-23 02:31:54,293] [INFO] [fused_optimizer.py:385:_update_scale] Reducing dynamic loss scale from 16384.0 to 8192.0
TASK EPOCH: [34]  [250/269]  eta: 0:00:16  lr: 0.000095  min_lr: 0.000002  loss: 1.7364 (1.6631)  loss_scale: 8192.0000 (8616.2869)  weight_decay: 0.0500 (0.0500)  time: 0.8414  data: 0.0023  max mem: 21507
TASK EPOCH: [34]  [268/269]  eta: 0:00:00  lr: 0.000094  min_lr: 0.000002  loss: 1.6180 (1.6690)  loss_scale: 8192.0000 (8587.8959)  weight_decay: 0.0500 (0.0500)  time: 0.7868  data: 0.0006  max mem: 21507
TASK EPOCH: [34] Total time: 0:03:57 (0.8828 s / it)
Averaged stats: lr: 0.000094  min_lr: 0.000002  loss: 1.6180 (1.6615)  loss_scale: 8192.0000 (8587.8959)  weight_decay: 0.0500 (0.0500)
TASK EPOCH: [35]  [  0/269]  eta: 0:47:04  lr: 0.000094  min_lr: 0.000002  loss: 2.0423 (2.0423)  loss_scale: 8192.0000 (8192.0000)  weight_decay: 0.0500 (0.0500)  time: 10.5010  data: 6.7311  max mem: 21507
TASK EPOCH: [35]  [ 50/269]  eta: 0:03:50  lr: 0.000092  min_lr: 0.000002  loss: 1.7565 (1.7994)  loss_scale: 8192.0000 (8192.0000)  weight_decay: 0.0500 (0.0500)  time: 0.8499  data: 0.0027  max mem: 21507
TASK EPOCH: [35]  [100/269]  eta: 0:02:41  lr: 0.000090  min_lr: 0.000002  loss: 1.2110 (1.6680)  loss_scale: 8192.0000 (8192.0000)  weight_decay: 0.0500 (0.0500)  time: 0.8566  data: 0.0020  max mem: 21507
[2023-08-23 02:33:53,530] [INFO] [fused_optimizer.py:394:_update_scale] No Grad overflow for 128 iterations
[2023-08-23 02:33:53,530] [INFO] [fused_optimizer.py:396:_update_scale] Increasing dynamic loss scale from 8192.0 to 16384.0
[2023-08-23 02:33:53,531] [INFO] [fused_optimizer.py:394:_update_scale] No Grad overflow for 128 iterations
[2023-08-23 02:33:53,531] [INFO] [fused_optimizer.py:396:_update_scale] Increasing dynamic loss scale from 8192.0 to 16384.0
[2023-08-23 02:33:53,531] [INFO] [fused_optimizer.py:394:_update_scale] No Grad overflow for 128 iterations
[2023-08-23 02:33:53,531] [INFO] [fused_optimizer.py:394:_update_scale] No Grad overflow for 128 iterations
[2023-08-23 02:33:53,531] [INFO] [fused_optimizer.py:396:_update_scale] Increasing dynamic loss scale from 8192.0 to 16384.0
[2023-08-23 02:33:53,531] [INFO] [fused_optimizer.py:396:_update_scale] Increasing dynamic loss scale from 8192.0 to 16384.0
[2023-08-23 02:33:53,531] [INFO] [fused_optimizer.py:394:_update_scale] No Grad overflow for 128 iterations
[2023-08-23 02:33:53,532] [INFO] [fused_optimizer.py:396:_update_scale] Increasing dynamic loss scale from 8192.0 to 16384.0
[2023-08-23 02:33:53,535] [INFO] [fused_optimizer.py:394:_update_scale] No Grad overflow for 128 iterations
[2023-08-23 02:33:53,536] [INFO] [fused_optimizer.py:396:_update_scale] Increasing dynamic loss scale from 8192.0 to 16384.0
[2023-08-23 02:34:01,187] [INFO] [fused_optimizer.py:383:_update_scale] 
Grad overflow on iteration 9534
[2023-08-23 02:34:01,188] [INFO] [fused_optimizer.py:385:_update_scale] Reducing dynamic loss scale from 16384.0 to 8192.0
[2023-08-23 02:34:01,188] [INFO] [fused_optimizer.py:383:_update_scale] 
Grad overflow on iteration 9534
[2023-08-23 02:34:01,188] [INFO] [logging.py:77:log_dist] [Rank 0] Overflow detected. Skipping step. Attempted loss scale: 16384.0, reducing to 8192.0
[2023-08-23 02:34:01,188] [INFO] [fused_optimizer.py:385:_update_scale] Reducing dynamic loss scale from 16384.0 to 8192.0
[2023-08-23 02:34:01,188] [INFO] [fused_optimizer.py:383:_update_scale] 
Grad overflow on iteration 9534
[2023-08-23 02:34:01,188] [INFO] [fused_optimizer.py:383:_update_scale] 
Grad overflow on iteration 9534
[2023-08-23 02:34:01,188] [INFO] [fused_optimizer.py:385:_update_scale] Reducing dynamic loss scale from 16384.0 to 8192.0
[2023-08-23 02:34:01,188] [INFO] [fused_optimizer.py:383:_update_scale] 
Grad overflow on iteration 9534
[2023-08-23 02:34:01,188] [INFO] [fused_optimizer.py:385:_update_scale] Reducing dynamic loss scale from 16384.0 to 8192.0
[2023-08-23 02:34:01,188] [INFO] [fused_optimizer.py:385:_update_scale] Reducing dynamic loss scale from 16384.0 to 8192.0
[2023-08-23 02:34:01,188] [INFO] [fused_optimizer.py:383:_update_scale] 
Grad overflow on iteration 9534
[2023-08-23 02:34:01,189] [INFO] [fused_optimizer.py:385:_update_scale] Reducing dynamic loss scale from 16384.0 to 8192.0
TASK EPOCH: [35]  [150/269]  eta: 0:01:49  lr: 0.000088  min_lr: 0.000002  loss: 1.6861 (1.6978)  loss_scale: 8192.0000 (8680.2649)  weight_decay: 0.0500 (0.0500)  time: 0.8479  data: 0.0015  max mem: 21507
TASK EPOCH: [35]  [200/269]  eta: 0:01:02  lr: 0.000086  min_lr: 0.000002  loss: 1.6173 (1.6815)  loss_scale: 8192.0000 (8558.8060)  weight_decay: 0.0500 (0.0500)  time: 0.8470  data: 0.0014  max mem: 21507
[2023-08-23 02:35:49,814] [INFO] [fused_optimizer.py:394:_update_scale] No Grad overflow for 128 iterations
[2023-08-23 02:35:49,814] [INFO] [fused_optimizer.py:396:_update_scale] Increasing dynamic loss scale from 8192.0 to 16384.0
[2023-08-23 02:35:49,815] [INFO] [fused_optimizer.py:394:_update_scale] No Grad overflow for 128 iterations
[2023-08-23 02:35:49,815] [INFO] [fused_optimizer.py:396:_update_scale] Increasing dynamic loss scale from 8192.0 to 16384.0
[2023-08-23 02:35:49,815] [INFO] [fused_optimizer.py:394:_update_scale] No Grad overflow for 128 iterations
[2023-08-23 02:35:49,815] [INFO] [fused_optimizer.py:396:_update_scale] Increasing dynamic loss scale from 8192.0 to 16384.0
[2023-08-23 02:35:49,815] [INFO] [fused_optimizer.py:394:_update_scale] No Grad overflow for 128 iterations
[2023-08-23 02:35:49,815] [INFO] [fused_optimizer.py:396:_update_scale] Increasing dynamic loss scale from 8192.0 to 16384.0
[2023-08-23 02:35:49,817] [INFO] [fused_optimizer.py:394:_update_scale] No Grad overflow for 128 iterations
[2023-08-23 02:35:49,817] [INFO] [fused_optimizer.py:396:_update_scale] Increasing dynamic loss scale from 8192.0 to 16384.0
[2023-08-23 02:35:49,817] [INFO] [fused_optimizer.py:394:_update_scale] No Grad overflow for 128 iterations
[2023-08-23 02:35:49,817] [INFO] [fused_optimizer.py:396:_update_scale] Increasing dynamic loss scale from 8192.0 to 16384.0
TASK EPOCH: [35]  [250/269]  eta: 0:00:16  lr: 0.000084  min_lr: 0.000002  loss: 1.6600 (1.6815)  loss_scale: 8192.0000 (8583.6494)  weight_decay: 0.0500 (0.0500)  time: 0.8378  data: 0.0015  max mem: 21507
[2023-08-23 02:36:03,974] [INFO] [fused_optimizer.py:383:_update_scale] 
Grad overflow on iteration 9681
[2023-08-23 02:36:03,974] [INFO] [fused_optimizer.py:385:_update_scale] Reducing dynamic loss scale from 16384.0 to 8192.0
[2023-08-23 02:36:03,974] [INFO] [fused_optimizer.py:383:_update_scale] 
Grad overflow on iteration 9681
[2023-08-23 02:36:03,975] [INFO] [fused_optimizer.py:385:_update_scale] Reducing dynamic loss scale from 16384.0 to 8192.0
[2023-08-23 02:36:03,975] [INFO] [fused_optimizer.py:383:_update_scale] 
Grad overflow on iteration 9681
[2023-08-23 02:36:03,975] [INFO] [fused_optimizer.py:383:_update_scale] 
Grad overflow on iteration 9681
[2023-08-23 02:36:03,975] [INFO] [fused_optimizer.py:385:_update_scale] Reducing dynamic loss scale from 16384.0 to 8192.0
[2023-08-23 02:36:03,975] [INFO] [fused_optimizer.py:383:_update_scale] 
Grad overflow on iteration 9681
[2023-08-23 02:36:03,975] [INFO] [fused_optimizer.py:385:_update_scale] Reducing dynamic loss scale from 16384.0 to 8192.0
[2023-08-23 02:36:03,975] [INFO] [fused_optimizer.py:385:_update_scale] Reducing dynamic loss scale from 16384.0 to 8192.0
[2023-08-23 02:36:03,975] [INFO] [fused_optimizer.py:383:_update_scale] 
Grad overflow on iteration 9681
[2023-08-23 02:36:03,975] [INFO] [logging.py:77:log_dist] [Rank 0] Overflow detected. Skipping step. Attempted loss scale: 16384.0, reducing to 8192.0
[2023-08-23 02:36:03,975] [INFO] [fused_optimizer.py:385:_update_scale] Reducing dynamic loss scale from 16384.0 to 8192.0
TASK EPOCH: [35]  [268/269]  eta: 0:00:00  lr: 0.000083  min_lr: 0.000002  loss: 1.6600 (1.6869)  loss_scale: 16384.0000 (9014.2454)  weight_decay: 0.0500 (0.0500)  time: 0.7850  data: 0.0005  max mem: 21507
TASK EPOCH: [35] Total time: 0:03:57 (0.8815 s / it)
Averaged stats: lr: 0.000083  min_lr: 0.000002  loss: 1.6600 (1.6625)  loss_scale: 16384.0000 (9014.2454)  weight_decay: 0.0500 (0.0500)
TASK EPOCH: [36]  [  0/269]  eta: 0:41:22  lr: 0.000083  min_lr: 0.000002  loss: 1.7171 (1.7171)  loss_scale: 8192.0000 (8192.0000)  weight_decay: 0.0500 (0.0500)  time: 9.2299  data: 7.8276  max mem: 21507
TASK EPOCH: [36]  [ 50/269]  eta: 0:03:50  lr: 0.000081  min_lr: 0.000002  loss: 1.7345 (1.7476)  loss_scale: 8192.0000 (8192.0000)  weight_decay: 0.0500 (0.0500)  time: 0.8663  data: 0.0012  max mem: 21507
TASK EPOCH: [36]  [100/269]  eta: 0:02:41  lr: 0.000079  min_lr: 0.000002  loss: 1.4973 (1.6699)  loss_scale: 8192.0000 (8192.0000)  weight_decay: 0.0500 (0.0500)  time: 0.8598  data: 0.0016  max mem: 21507
[2023-08-23 02:38:04,749] [INFO] [fused_optimizer.py:394:_update_scale] No Grad overflow for 128 iterations
[2023-08-23 02:38:04,749] [INFO] [fused_optimizer.py:396:_update_scale] Increasing dynamic loss scale from 8192.0 to 16384.0
[2023-08-23 02:38:04,749] [INFO] [fused_optimizer.py:394:_update_scale] No Grad overflow for 128 iterations
[2023-08-23 02:38:04,749] [INFO] [fused_optimizer.py:396:_update_scale] Increasing dynamic loss scale from 8192.0 to 16384.0
[2023-08-23 02:38:04,750] [INFO] [fused_optimizer.py:394:_update_scale] No Grad overflow for 128 iterations
[2023-08-23 02:38:04,751] [INFO] [fused_optimizer.py:396:_update_scale] Increasing dynamic loss scale from 8192.0 to 16384.0
[2023-08-23 02:38:04,754] [INFO] [fused_optimizer.py:394:_update_scale] No Grad overflow for 128 iterations
[2023-08-23 02:38:04,754] [INFO] [fused_optimizer.py:396:_update_scale] Increasing dynamic loss scale from 8192.0 to 16384.0
[2023-08-23 02:38:04,757] [INFO] [fused_optimizer.py:394:_update_scale] No Grad overflow for 128 iterations
[2023-08-23 02:38:04,757] [INFO] [fused_optimizer.py:396:_update_scale] Increasing dynamic loss scale from 8192.0 to 16384.0
[2023-08-23 02:38:04,765] [INFO] [fused_optimizer.py:394:_update_scale] No Grad overflow for 128 iterations
[2023-08-23 02:38:04,767] [INFO] [fused_optimizer.py:396:_update_scale] Increasing dynamic loss scale from 8192.0 to 16384.0
[2023-08-23 02:38:15,084] [INFO] [fused_optimizer.py:383:_update_scale] 
Grad overflow on iteration 9822
[2023-08-23 02:38:15,084] [INFO] [fused_optimizer.py:383:_update_scale] 
Grad overflow on iteration 9822
[2023-08-23 02:38:15,084] [INFO] [fused_optimizer.py:385:_update_scale] Reducing dynamic loss scale from 16384.0 to 8192.0
[2023-08-23 02:38:15,084] [INFO] [fused_optimizer.py:383:_update_scale] 
Grad overflow on iteration 9822
[2023-08-23 02:38:15,085] [INFO] [fused_optimizer.py:385:_update_scale] Reducing dynamic loss scale from 16384.0 to 8192.0
[2023-08-23 02:38:15,085] [INFO] [fused_optimizer.py:385:_update_scale] Reducing dynamic loss scale from 16384.0 to 8192.0
[2023-08-23 02:38:15,085] [INFO] [logging.py:77:log_dist] [Rank 0] Overflow detected. Skipping step. Attempted loss scale: 16384.0, reducing to 8192.0
[2023-08-23 02:38:15,085] [INFO] [fused_optimizer.py:383:_update_scale] 
Grad overflow on iteration 9822
[2023-08-23 02:38:15,086] [INFO] [fused_optimizer.py:385:_update_scale] Reducing dynamic loss scale from 16384.0 to 8192.0
[2023-08-23 02:38:15,086] [INFO] [fused_optimizer.py:383:_update_scale] 
Grad overflow on iteration 9822
[2023-08-23 02:38:15,086] [INFO] [fused_optimizer.py:385:_update_scale] Reducing dynamic loss scale from 16384.0 to 8192.0
[2023-08-23 02:38:15,087] [INFO] [fused_optimizer.py:383:_update_scale] 
Grad overflow on iteration 9822
[2023-08-23 02:38:15,087] [INFO] [fused_optimizer.py:385:_update_scale] Reducing dynamic loss scale from 16384.0 to 8192.0
TASK EPOCH: [36]  [150/269]  eta: 0:01:49  lr: 0.000077  min_lr: 0.000002  loss: 1.6283 (1.6457)  loss_scale: 8192.0000 (8843.0199)  weight_decay: 0.0500 (0.0500)  time: 0.8557  data: 0.0017  max mem: 21507
TASK EPOCH: [36]  [200/269]  eta: 0:01:02  lr: 0.000075  min_lr: 0.000002  loss: 1.6154 (1.6513)  loss_scale: 8192.0000 (8681.0746)  weight_decay: 0.0500 (0.0500)  time: 0.8493  data: 0.0018  max mem: 21507
TASK EPOCH: [36]  [250/269]  eta: 0:00:16  lr: 0.000073  min_lr: 0.000002  loss: 1.6492 (1.6478)  loss_scale: 8192.0000 (8583.6494)  weight_decay: 0.0500 (0.0500)  time: 0.8479  data: 0.0019  max mem: 21507
[2023-08-23 02:40:03,703] [INFO] [fused_optimizer.py:394:_update_scale] No Grad overflow for 128 iterations
[2023-08-23 02:40:03,703] [INFO] [fused_optimizer.py:394:_update_scale] No Grad overflow for 128 iterations
[2023-08-23 02:40:03,703] [INFO] [fused_optimizer.py:396:_update_scale] Increasing dynamic loss scale from 8192.0 to 16384.0
[2023-08-23 02:40:03,703] [INFO] [fused_optimizer.py:394:_update_scale] No Grad overflow for 128 iterations
[2023-08-23 02:40:03,703] [INFO] [fused_optimizer.py:396:_update_scale] Increasing dynamic loss scale from 8192.0 to 16384.0
[2023-08-23 02:40:03,703] [INFO] [fused_optimizer.py:394:_update_scale] No Grad overflow for 128 iterations
[2023-08-23 02:40:03,703] [INFO] [fused_optimizer.py:396:_update_scale] Increasing dynamic loss scale from 8192.0 to 16384.0
[2023-08-23 02:40:03,703] [INFO] [fused_optimizer.py:396:_update_scale] Increasing dynamic loss scale from 8192.0 to 16384.0
[2023-08-23 02:40:03,703] [INFO] [fused_optimizer.py:394:_update_scale] No Grad overflow for 128 iterations
[2023-08-23 02:40:03,703] [INFO] [fused_optimizer.py:396:_update_scale] Increasing dynamic loss scale from 8192.0 to 16384.0
[2023-08-23 02:40:03,703] [INFO] [fused_optimizer.py:394:_update_scale] No Grad overflow for 128 iterations
[2023-08-23 02:40:03,703] [INFO] [fused_optimizer.py:396:_update_scale] Increasing dynamic loss scale from 8192.0 to 16384.0
TASK EPOCH: [36]  [268/269]  eta: 0:00:00  lr: 0.000072  min_lr: 0.000002  loss: 1.7500 (1.6510)  loss_scale: 8192.0000 (8618.3494)  weight_decay: 0.0500 (0.0500)  time: 0.7890  data: 0.0006  max mem: 21507
TASK EPOCH: [36] Total time: 0:03:58 (0.8883 s / it)
Averaged stats: lr: 0.000072  min_lr: 0.000002  loss: 1.7500 (1.6520)  loss_scale: 8192.0000 (8618.3494)  weight_decay: 0.0500 (0.0500)
TASK EPOCH: [37]  [  0/269]  eta: 0:44:03  lr: 0.000072  min_lr: 0.000002  loss: 1.2921 (1.2921)  loss_scale: 16384.0000 (16384.0000)  weight_decay: 0.0500 (0.0500)  time: 9.8279  data: 5.5000  max mem: 21507
[2023-08-23 02:40:16,363] [INFO] [fused_optimizer.py:383:_update_scale] 
Grad overflow on iteration 9955
[2023-08-23 02:40:16,364] [INFO] [fused_optimizer.py:385:_update_scale] Reducing dynamic loss scale from 16384.0 to 8192.0
[2023-08-23 02:40:16,364] [INFO] [logging.py:77:log_dist] [Rank 0] Overflow detected. Skipping step. Attempted loss scale: 16384.0, reducing to 8192.0
[2023-08-23 02:40:16,364] [INFO] [fused_optimizer.py:383:_update_scale] 
Grad overflow on iteration 9955
[2023-08-23 02:40:16,364] [INFO] [fused_optimizer.py:383:_update_scale] 
Grad overflow on iteration 9955
[2023-08-23 02:40:16,364] [INFO] [fused_optimizer.py:385:_update_scale] Reducing dynamic loss scale from 16384.0 to 8192.0
[2023-08-23 02:40:16,364] [INFO] [fused_optimizer.py:385:_update_scale] Reducing dynamic loss scale from 16384.0 to 8192.0
[2023-08-23 02:40:16,364] [INFO] [fused_optimizer.py:383:_update_scale] 
Grad overflow on iteration 9955
[2023-08-23 02:40:16,364] [INFO] [fused_optimizer.py:385:_update_scale] Reducing dynamic loss scale from 16384.0 to 8192.0
[2023-08-23 02:40:16,370] [INFO] [fused_optimizer.py:383:_update_scale] 
Grad overflow on iteration 9955
[2023-08-23 02:40:16,371] [INFO] [fused_optimizer.py:385:_update_scale] Reducing dynamic loss scale from 16384.0 to 8192.0
[2023-08-23 02:40:16,376] [INFO] [fused_optimizer.py:383:_update_scale] 
Grad overflow on iteration 9955
[2023-08-23 02:40:16,376] [INFO] [fused_optimizer.py:385:_update_scale] Reducing dynamic loss scale from 16384.0 to 8192.0
[2023-08-23 02:40:54,694] [INFO] [logging.py:77:log_dist] [Rank 0] step=10000, skipped=66, lr=[1.677560374007617e-06, 1.677560374007617e-06, 2.2367471653434892e-06, 2.2367471653434892e-06, 2.982329553791319e-06, 2.982329553791319e-06, 3.976439405055092e-06, 3.976439405055092e-06, 5.3019192067401226e-06, 5.3019192067401226e-06, 7.06922560898683e-06, 7.06922560898683e-06, 9.425634145315774e-06, 9.425634145315774e-06, 1.2567512193754366e-05, 1.2567512193754366e-05, 1.6756682925005822e-05, 1.6756682925005822e-05, 2.2342243900007762e-05, 2.2342243900007762e-05, 2.9789658533343683e-05, 2.9789658533343683e-05, 3.971954471112491e-05, 3.971954471112491e-05, 5.2959392948166545e-05, 5.2959392948166545e-05, 7.061252393088873e-05, 7.061252393088873e-05], mom=[[0.9, 0.999], [0.9, 0.999], [0.9, 0.999], [0.9, 0.999], [0.9, 0.999], [0.9, 0.999], [0.9, 0.999], [0.9, 0.999], [0.9, 0.999], [0.9, 0.999], [0.9, 0.999], [0.9, 0.999], [0.9, 0.999], [0.9, 0.999], [0.9, 0.999], [0.9, 0.999], [0.9, 0.999], [0.9, 0.999], [0.9, 0.999], [0.9, 0.999], [0.9, 0.999], [0.9, 0.999], [0.9, 0.999], [0.9, 0.999], [0.9, 0.999], [0.9, 0.999], [0.9, 0.999], [0.9, 0.999]]
[2023-08-23 02:40:54,695] [INFO] [timer.py:209:stop] epoch=0/micro_step=10000/global_step=10000, RunningAvgSamplesPerSec=122.15417892756072, CurrSamplesPerSec=117.99059892099454, MemAllocated=1.24GB, MaxMemAllocated=21.0GB
TASK EPOCH: [37]  [ 50/269]  eta: 0:03:48  lr: 0.000070  min_lr: 0.000002  loss: 1.6689 (1.6243)  loss_scale: 8192.0000 (8513.2549)  weight_decay: 0.0500 (0.0500)  time: 0.8554  data: 0.0014  max mem: 21507
TASK EPOCH: [37]  [100/269]  eta: 0:02:40  lr: 0.000069  min_lr: 0.000002  loss: 1.6152 (1.6646)  loss_scale: 8192.0000 (8354.2178)  weight_decay: 0.0500 (0.0500)  time: 0.8567  data: 0.0014  max mem: 21507
[2023-08-23 02:42:07,738] [INFO] [fused_optimizer.py:394:_update_scale] No Grad overflow for 128 iterations
[2023-08-23 02:42:07,738] [INFO] [fused_optimizer.py:396:_update_scale] Increasing dynamic loss scale from 8192.0 to 16384.0
[2023-08-23 02:42:07,738] [INFO] [fused_optimizer.py:394:_update_scale] No Grad overflow for 128 iterations
[2023-08-23 02:42:07,739] [INFO] [fused_optimizer.py:396:_update_scale] Increasing dynamic loss scale from 8192.0 to 16384.0
[2023-08-23 02:42:07,739] [INFO] [fused_optimizer.py:394:_update_scale] No Grad overflow for 128 iterations
[2023-08-23 02:42:07,739] [INFO] [fused_optimizer.py:396:_update_scale] Increasing dynamic loss scale from 8192.0 to 16384.0
[2023-08-23 02:42:07,739] [INFO] [fused_optimizer.py:394:_update_scale] No Grad overflow for 128 iterations
[2023-08-23 02:42:07,739] [INFO] [fused_optimizer.py:394:_update_scale] No Grad overflow for 128 iterations
[2023-08-23 02:42:07,739] [INFO] [fused_optimizer.py:396:_update_scale] Increasing dynamic loss scale from 8192.0 to 16384.0
[2023-08-23 02:42:07,739] [INFO] [fused_optimizer.py:396:_update_scale] Increasing dynamic loss scale from 8192.0 to 16384.0
[2023-08-23 02:42:07,740] [INFO] [fused_optimizer.py:394:_update_scale] No Grad overflow for 128 iterations
[2023-08-23 02:42:07,741] [INFO] [fused_optimizer.py:396:_update_scale] Increasing dynamic loss scale from 8192.0 to 16384.0
[2023-08-23 02:42:12,851] [INFO] [fused_optimizer.py:383:_update_scale] 
Grad overflow on iteration 10090
[2023-08-23 02:42:12,852] [INFO] [fused_optimizer.py:383:_update_scale] 
Grad overflow on iteration 10090
[2023-08-23 02:42:12,852] [INFO] [fused_optimizer.py:385:_update_scale] Reducing dynamic loss scale from 16384.0 to 8192.0
[2023-08-23 02:42:12,852] [INFO] [fused_optimizer.py:385:_update_scale] Reducing dynamic loss scale from 16384.0 to 8192.0
[2023-08-23 02:42:12,852] [INFO] [fused_optimizer.py:383:_update_scale] 
Grad overflow on iteration 10090
[2023-08-23 02:42:12,852] [INFO] [fused_optimizer.py:385:_update_scale] Reducing dynamic loss scale from 16384.0 to 8192.0
[2023-08-23 02:42:12,852] [INFO] [fused_optimizer.py:383:_update_scale] 
Grad overflow on iteration 10090
[2023-08-23 02:42:12,852] [INFO] [fused_optimizer.py:383:_update_scale] 
Grad overflow on iteration 10090
[2023-08-23 02:42:12,853] [INFO] [fused_optimizer.py:385:_update_scale] Reducing dynamic loss scale from 16384.0 to 8192.0
[2023-08-23 02:42:12,853] [INFO] [fused_optimizer.py:385:_update_scale] Reducing dynamic loss scale from 16384.0 to 8192.0
[2023-08-23 02:42:12,857] [INFO] [fused_optimizer.py:383:_update_scale] 
Grad overflow on iteration 10090
[2023-08-23 02:42:12,857] [INFO] [fused_optimizer.py:385:_update_scale] Reducing dynamic loss scale from 16384.0 to 8192.0
[2023-08-23 02:42:12,857] [INFO] [logging.py:77:log_dist] [Rank 0] Overflow detected. Skipping step. Attempted loss scale: 16384.0, reducing to 8192.0
TASK EPOCH: [37]  [150/269]  eta: 0:01:49  lr: 0.000067  min_lr: 0.000002  loss: 1.7972 (1.6957)  loss_scale: 8192.0000 (8626.0132)  weight_decay: 0.0500 (0.0500)  time: 0.8613  data: 0.0017  max mem: 21507
TASK EPOCH: [37]  [200/269]  eta: 0:01:02  lr: 0.000065  min_lr: 0.000002  loss: 1.6026 (1.6912)  loss_scale: 8192.0000 (8518.0498)  weight_decay: 0.0500 (0.0500)  time: 0.8476  data: 0.0023  max mem: 21507
TASK EPOCH: [37]  [250/269]  eta: 0:00:16  lr: 0.000063  min_lr: 0.000001  loss: 1.7518 (1.6889)  loss_scale: 8192.0000 (8453.0996)  weight_decay: 0.0500 (0.0500)  time: 0.8361  data: 0.0015  max mem: 21507
[2023-08-23 02:44:01,413] [INFO] [fused_optimizer.py:394:_update_scale] No Grad overflow for 128 iterations
[2023-08-23 02:44:01,414] [INFO] [fused_optimizer.py:396:_update_scale] Increasing dynamic loss scale from 8192.0 to 16384.0
[2023-08-23 02:44:01,414] [INFO] [fused_optimizer.py:394:_update_scale] No Grad overflow for 128 iterations
[2023-08-23 02:44:01,414] [INFO] [fused_optimizer.py:394:_update_scale] No Grad overflow for 128 iterations
[2023-08-23 02:44:01,414] [INFO] [fused_optimizer.py:396:_update_scale] Increasing dynamic loss scale from 8192.0 to 16384.0
[2023-08-23 02:44:01,414] [INFO] [fused_optimizer.py:396:_update_scale] Increasing dynamic loss scale from 8192.0 to 16384.0
[2023-08-23 02:44:01,414] [INFO] [fused_optimizer.py:394:_update_scale] No Grad overflow for 128 iterations
[2023-08-23 02:44:01,414] [INFO] [fused_optimizer.py:396:_update_scale] Increasing dynamic loss scale from 8192.0 to 16384.0
[2023-08-23 02:44:01,414] [INFO] [fused_optimizer.py:394:_update_scale] No Grad overflow for 128 iterations
[2023-08-23 02:44:01,414] [INFO] [fused_optimizer.py:396:_update_scale] Increasing dynamic loss scale from 8192.0 to 16384.0
[2023-08-23 02:44:01,414] [INFO] [fused_optimizer.py:394:_update_scale] No Grad overflow for 128 iterations
[2023-08-23 02:44:01,414] [INFO] [fused_optimizer.py:396:_update_scale] Increasing dynamic loss scale from 8192.0 to 16384.0
TASK EPOCH: [37]  [268/269]  eta: 0:00:00  lr: 0.000062  min_lr: 0.000001  loss: 1.5206 (1.6823)  loss_scale: 8192.0000 (8526.9888)  weight_decay: 0.0500 (0.0500)  time: 0.7892  data: 0.0006  max mem: 21507
TASK EPOCH: [37] Total time: 0:03:58 (0.8863 s / it)
Averaged stats: lr: 0.000062  min_lr: 0.000001  loss: 1.5206 (1.6477)  loss_scale: 8192.0000 (8526.9888)  weight_decay: 0.0500 (0.0500)
TASK EPOCH: [38]  [  0/269]  eta: 0:49:12  lr: 0.000062  min_lr: 0.000001  loss: 1.2989 (1.2989)  loss_scale: 16384.0000 (16384.0000)  weight_decay: 0.0500 (0.0500)  time: 10.9776  data: 5.6557  max mem: 21507
[2023-08-23 02:44:26,496] [INFO] [fused_optimizer.py:383:_update_scale] 
Grad overflow on iteration 10236
[2023-08-23 02:44:26,496] [INFO] [fused_optimizer.py:385:_update_scale] Reducing dynamic loss scale from 16384.0 to 8192.0
[2023-08-23 02:44:26,496] [INFO] [logging.py:77:log_dist] [Rank 0] Overflow detected. Skipping step. Attempted loss scale: 16384.0, reducing to 8192.0
[2023-08-23 02:44:26,496] [INFO] [fused_optimizer.py:383:_update_scale] 
Grad overflow on iteration 10236
[2023-08-23 02:44:26,496] [INFO] [fused_optimizer.py:385:_update_scale] Reducing dynamic loss scale from 16384.0 to 8192.0
[2023-08-23 02:44:26,496] [INFO] [fused_optimizer.py:383:_update_scale] 
Grad overflow on iteration 10236
[2023-08-23 02:44:26,497] [INFO] [fused_optimizer.py:385:_update_scale] Reducing dynamic loss scale from 16384.0 to 8192.0
[2023-08-23 02:44:26,497] [INFO] [fused_optimizer.py:383:_update_scale] 
Grad overflow on iteration 10236
[2023-08-23 02:44:26,496] [INFO] [fused_optimizer.py:383:_update_scale] 
Grad overflow on iteration 10236
[2023-08-23 02:44:26,497] [INFO] [fused_optimizer.py:385:_update_scale] Reducing dynamic loss scale from 16384.0 to 8192.0
[2023-08-23 02:44:26,497] [INFO] [fused_optimizer.py:385:_update_scale] Reducing dynamic loss scale from 16384.0 to 8192.0
[2023-08-23 02:44:26,508] [INFO] [fused_optimizer.py:383:_update_scale] 
Grad overflow on iteration 10236
[2023-08-23 02:44:26,508] [INFO] [fused_optimizer.py:385:_update_scale] Reducing dynamic loss scale from 16384.0 to 8192.0
TASK EPOCH: [38]  [ 50/269]  eta: 0:03:55  lr: 0.000061  min_lr: 0.000001  loss: 1.5791 (1.6687)  loss_scale: 8192.0000 (10440.7843)  weight_decay: 0.0500 (0.0500)  time: 0.8665  data: 0.0019  max mem: 21507
TASK EPOCH: [38]  [100/269]  eta: 0:02:43  lr: 0.000059  min_lr: 0.000001  loss: 1.5413 (1.6709)  loss_scale: 8192.0000 (9327.5248)  weight_decay: 0.0500 (0.0500)  time: 0.8531  data: 0.0028  max mem: 21507
[2023-08-23 02:46:17,255] [INFO] [fused_optimizer.py:394:_update_scale] No Grad overflow for 128 iterations
[2023-08-23 02:46:17,256] [INFO] [fused_optimizer.py:396:_update_scale] Increasing dynamic loss scale from 8192.0 to 16384.0
[2023-08-23 02:46:17,256] [INFO] [fused_optimizer.py:394:_update_scale] No Grad overflow for 128 iterations
[2023-08-23 02:46:17,256] [INFO] [fused_optimizer.py:396:_update_scale] Increasing dynamic loss scale from 8192.0 to 16384.0
[2023-08-23 02:46:17,256] [INFO] [fused_optimizer.py:394:_update_scale] No Grad overflow for 128 iterations
[2023-08-23 02:46:17,256] [INFO] [fused_optimizer.py:396:_update_scale] Increasing dynamic loss scale from 8192.0 to 16384.0
[2023-08-23 02:46:17,256] [INFO] [fused_optimizer.py:394:_update_scale] No Grad overflow for 128 iterations
[2023-08-23 02:46:17,257] [INFO] [fused_optimizer.py:396:_update_scale] Increasing dynamic loss scale from 8192.0 to 16384.0
[2023-08-23 02:46:17,258] [INFO] [fused_optimizer.py:394:_update_scale] No Grad overflow for 128 iterations
[2023-08-23 02:46:17,259] [INFO] [fused_optimizer.py:396:_update_scale] Increasing dynamic loss scale from 8192.0 to 16384.0
[2023-08-23 02:46:17,261] [INFO] [fused_optimizer.py:394:_update_scale] No Grad overflow for 128 iterations
[2023-08-23 02:46:17,262] [INFO] [fused_optimizer.py:396:_update_scale] Increasing dynamic loss scale from 8192.0 to 16384.0
[2023-08-23 02:46:19,821] [INFO] [fused_optimizer.py:383:_update_scale] 
Grad overflow on iteration 10368
[2023-08-23 02:46:19,821] [INFO] [fused_optimizer.py:385:_update_scale] Reducing dynamic loss scale from 16384.0 to 8192.0
[2023-08-23 02:46:19,821] [INFO] [fused_optimizer.py:383:_update_scale] 
Grad overflow on iteration 10368
[2023-08-23 02:46:19,822] [INFO] [fused_optimizer.py:385:_update_scale] Reducing dynamic loss scale from 16384.0 to 8192.0
[2023-08-23 02:46:19,821] [INFO] [fused_optimizer.py:383:_update_scale] 
Grad overflow on iteration 10368
[2023-08-23 02:46:19,822] [INFO] [fused_optimizer.py:383:_update_scale] 
Grad overflow on iteration 10368
[2023-08-23 02:46:19,822] [INFO] [logging.py:77:log_dist] [Rank 0] Overflow detected. Skipping step. Attempted loss scale: 16384.0, reducing to 8192.0
[2023-08-23 02:46:19,822] [INFO] [fused_optimizer.py:385:_update_scale] Reducing dynamic loss scale from 16384.0 to 8192.0
[2023-08-23 02:46:19,822] [INFO] [fused_optimizer.py:385:_update_scale] Reducing dynamic loss scale from 16384.0 to 8192.0
[2023-08-23 02:46:19,821] [INFO] [fused_optimizer.py:383:_update_scale] 
Grad overflow on iteration 10368
[2023-08-23 02:46:19,822] [INFO] [fused_optimizer.py:385:_update_scale] Reducing dynamic loss scale from 16384.0 to 8192.0
[2023-08-23 02:46:19,822] [INFO] [fused_optimizer.py:383:_update_scale] 
Grad overflow on iteration 10368
[2023-08-23 02:46:19,822] [INFO] [fused_optimizer.py:385:_update_scale] Reducing dynamic loss scale from 16384.0 to 8192.0
TASK EPOCH: [38]  [150/269]  eta: 0:01:50  lr: 0.000057  min_lr: 0.000001  loss: 1.6836 (1.6691)  loss_scale: 8192.0000 (9114.2781)  weight_decay: 0.0500 (0.0500)  time: 0.8454  data: 0.0015  max mem: 21507
TASK EPOCH: [38]  [200/269]  eta: 0:01:02  lr: 0.000055  min_lr: 0.000001  loss: 1.6208 (1.6390)  loss_scale: 8192.0000 (8884.8557)  weight_decay: 0.0500 (0.0500)  time: 0.8532  data: 0.0015  max mem: 21507
TASK EPOCH: [38]  [250/269]  eta: 0:00:16  lr: 0.000054  min_lr: 0.000001  loss: 1.5640 (1.6229)  loss_scale: 8192.0000 (8746.8367)  weight_decay: 0.0500 (0.0500)  time: 0.8432  data: 0.0020  max mem: 21507
TASK EPOCH: [38]  [268/269]  eta: 0:00:00  lr: 0.000053  min_lr: 0.000001  loss: 1.5489 (1.6251)  loss_scale: 8192.0000 (8709.7100)  weight_decay: 0.0500 (0.0500)  time: 0.7871  data: 0.0007  max mem: 21507
TASK EPOCH: [38] Total time: 0:03:58 (0.8870 s / it)
Averaged stats: lr: 0.000053  min_lr: 0.000001  loss: 1.5489 (1.6465)  loss_scale: 8192.0000 (8709.7100)  weight_decay: 0.0500 (0.0500)
TASK EPOCH: [39]  [  0/269]  eta: 0:41:37  lr: 0.000053  min_lr: 0.000001  loss: 1.5319 (1.5319)  loss_scale: 8192.0000 (8192.0000)  weight_decay: 0.0500 (0.0500)  time: 9.2840  data: 7.1048  max mem: 21507
[2023-08-23 02:48:16,386] [INFO] [fused_optimizer.py:394:_update_scale] No Grad overflow for 128 iterations
[2023-08-23 02:48:16,386] [INFO] [fused_optimizer.py:396:_update_scale] Increasing dynamic loss scale from 8192.0 to 16384.0
[2023-08-23 02:48:16,386] [INFO] [fused_optimizer.py:394:_update_scale] No Grad overflow for 128 iterations
[2023-08-23 02:48:16,386] [INFO] [fused_optimizer.py:396:_update_scale] Increasing dynamic loss scale from 8192.0 to 16384.0
[2023-08-23 02:48:16,387] [INFO] [fused_optimizer.py:394:_update_scale] No Grad overflow for 128 iterations
[2023-08-23 02:48:16,387] [INFO] [fused_optimizer.py:396:_update_scale] Increasing dynamic loss scale from 8192.0 to 16384.0
[2023-08-23 02:48:16,388] [INFO] [fused_optimizer.py:394:_update_scale] No Grad overflow for 128 iterations
[2023-08-23 02:48:16,388] [INFO] [fused_optimizer.py:396:_update_scale] Increasing dynamic loss scale from 8192.0 to 16384.0
[2023-08-23 02:48:16,388] [INFO] [fused_optimizer.py:394:_update_scale] No Grad overflow for 128 iterations
[2023-08-23 02:48:16,388] [INFO] [fused_optimizer.py:396:_update_scale] Increasing dynamic loss scale from 8192.0 to 16384.0
[2023-08-23 02:48:16,388] [INFO] [fused_optimizer.py:394:_update_scale] No Grad overflow for 128 iterations
[2023-08-23 02:48:16,389] [INFO] [fused_optimizer.py:396:_update_scale] Increasing dynamic loss scale from 8192.0 to 16384.0
[2023-08-23 02:48:19,850] [INFO] [fused_optimizer.py:383:_update_scale] 
Grad overflow on iteration 10501
[2023-08-23 02:48:19,850] [INFO] [fused_optimizer.py:385:_update_scale] Reducing dynamic loss scale from 16384.0 to 8192.0
[2023-08-23 02:48:19,850] [INFO] [fused_optimizer.py:383:_update_scale] 
Grad overflow on iteration 10501
[2023-08-23 02:48:19,851] [INFO] [fused_optimizer.py:385:_update_scale] Reducing dynamic loss scale from 16384.0 to 8192.0
[2023-08-23 02:48:19,851] [INFO] [fused_optimizer.py:383:_update_scale] 
Grad overflow on iteration 10501
[2023-08-23 02:48:19,852] [INFO] [fused_optimizer.py:385:_update_scale] Reducing dynamic loss scale from 16384.0 to 8192.0
[2023-08-23 02:48:19,852] [INFO] [fused_optimizer.py:383:_update_scale] 
Grad overflow on iteration 10501
[2023-08-23 02:48:19,852] [INFO] [logging.py:77:log_dist] [Rank 0] Overflow detected. Skipping step. Attempted loss scale: 16384.0, reducing to 8192.0
[2023-08-23 02:48:19,852] [INFO] [fused_optimizer.py:385:_update_scale] Reducing dynamic loss scale from 16384.0 to 8192.0
[2023-08-23 02:48:19,852] [INFO] [fused_optimizer.py:383:_update_scale] 
Grad overflow on iteration 10501
[2023-08-23 02:48:19,852] [INFO] [fused_optimizer.py:385:_update_scale] Reducing dynamic loss scale from 16384.0 to 8192.0
[2023-08-23 02:48:19,857] [INFO] [fused_optimizer.py:383:_update_scale] 
Grad overflow on iteration 10501
[2023-08-23 02:48:19,857] [INFO] [fused_optimizer.py:385:_update_scale] Reducing dynamic loss scale from 16384.0 to 8192.0
TASK EPOCH: [39]  [ 50/269]  eta: 0:03:48  lr: 0.000051  min_lr: 0.000001  loss: 1.7612 (1.6481)  loss_scale: 8192.0000 (8834.5098)  weight_decay: 0.0500 (0.0500)  time: 0.8631  data: 0.0020  max mem: 21507
TASK EPOCH: [39]  [100/269]  eta: 0:02:41  lr: 0.000050  min_lr: 0.000001  loss: 1.5776 (1.5774)  loss_scale: 8192.0000 (8516.4356)  weight_decay: 0.0500 (0.0500)  time: 0.8663  data: 0.0014  max mem: 21507
[2023-08-23 02:50:11,900] [INFO] [fused_optimizer.py:394:_update_scale] No Grad overflow for 128 iterations
[2023-08-23 02:50:11,901] [INFO] [fused_optimizer.py:396:_update_scale] Increasing dynamic loss scale from 8192.0 to 16384.0
[2023-08-23 02:50:11,901] [INFO] [fused_optimizer.py:394:_update_scale] No Grad overflow for 128 iterations
[2023-08-23 02:50:11,901] [INFO] [fused_optimizer.py:394:_update_scale] No Grad overflow for 128 iterations
[2023-08-23 02:50:11,901] [INFO] [fused_optimizer.py:396:_update_scale] Increasing dynamic loss scale from 8192.0 to 16384.0
[2023-08-23 02:50:11,901] [INFO] [fused_optimizer.py:396:_update_scale] Increasing dynamic loss scale from 8192.0 to 16384.0
[2023-08-23 02:50:11,902] [INFO] [fused_optimizer.py:394:_update_scale] No Grad overflow for 128 iterations
[2023-08-23 02:50:11,902] [INFO] [fused_optimizer.py:396:_update_scale] Increasing dynamic loss scale from 8192.0 to 16384.0
[2023-08-23 02:50:11,904] [INFO] [fused_optimizer.py:394:_update_scale] No Grad overflow for 128 iterations
[2023-08-23 02:50:11,904] [INFO] [fused_optimizer.py:396:_update_scale] Increasing dynamic loss scale from 8192.0 to 16384.0
[2023-08-23 02:50:11,919] [INFO] [fused_optimizer.py:394:_update_scale] No Grad overflow for 128 iterations
[2023-08-23 02:50:11,919] [INFO] [fused_optimizer.py:396:_update_scale] Increasing dynamic loss scale from 8192.0 to 16384.0
[2023-08-23 02:50:15,351] [INFO] [fused_optimizer.py:383:_update_scale] 
Grad overflow on iteration 10634
[2023-08-23 02:50:15,351] [INFO] [fused_optimizer.py:385:_update_scale] Reducing dynamic loss scale from 16384.0 to 8192.0
[2023-08-23 02:50:15,351] [INFO] [fused_optimizer.py:383:_update_scale] 
Grad overflow on iteration 10634
[2023-08-23 02:50:15,351] [INFO] [fused_optimizer.py:383:_update_scale] 
Grad overflow on iteration 10634
[2023-08-23 02:50:15,351] [INFO] [fused_optimizer.py:385:_update_scale] Reducing dynamic loss scale from 16384.0 to 8192.0
[2023-08-23 02:50:15,351] [INFO] [fused_optimizer.py:385:_update_scale] Reducing dynamic loss scale from 16384.0 to 8192.0
[2023-08-23 02:50:15,352] [INFO] [logging.py:77:log_dist] [Rank 0] Overflow detected. Skipping step. Attempted loss scale: 16384.0, reducing to 8192.0
[2023-08-23 02:50:15,351] [INFO] [fused_optimizer.py:383:_update_scale] 
Grad overflow on iteration 10634
[2023-08-23 02:50:15,352] [INFO] [fused_optimizer.py:385:_update_scale] Reducing dynamic loss scale from 16384.0 to 8192.0
[2023-08-23 02:50:15,352] [INFO] [fused_optimizer.py:383:_update_scale] 
Grad overflow on iteration 10634
[2023-08-23 02:50:15,352] [INFO] [fused_optimizer.py:383:_update_scale] 
Grad overflow on iteration 10634
[2023-08-23 02:50:15,352] [INFO] [fused_optimizer.py:385:_update_scale] Reducing dynamic loss scale from 16384.0 to 8192.0
[2023-08-23 02:50:15,352] [INFO] [fused_optimizer.py:385:_update_scale] Reducing dynamic loss scale from 16384.0 to 8192.0
TASK EPOCH: [39]  [150/269]  eta: 0:01:49  lr: 0.000048  min_lr: 0.000001  loss: 1.6440 (1.5691)  loss_scale: 8192.0000 (8626.0132)  weight_decay: 0.0500 (0.0500)  time: 0.8560  data: 0.0021  max mem: 21507
TASK EPOCH: [39]  [200/269]  eta: 0:01:02  lr: 0.000046  min_lr: 0.000001  loss: 1.6450 (1.5825)  loss_scale: 8192.0000 (8518.0498)  weight_decay: 0.0500 (0.0500)  time: 0.8648  data: 0.0014  max mem: 21507
TASK EPOCH: [39]  [250/269]  eta: 0:00:17  lr: 0.000045  min_lr: 0.000001  loss: 1.7235 (1.6041)  loss_scale: 8192.0000 (8453.0996)  weight_decay: 0.0500 (0.0500)  time: 0.8387  data: 0.0010  max mem: 21507
TASK EPOCH: [39]  [268/269]  eta: 0:00:00  lr: 0.000044  min_lr: 0.000001  loss: 1.5925 (1.6027)  loss_scale: 8192.0000 (8435.6283)  weight_decay: 0.0500 (0.0500)  time: 0.7916  data: 0.0007  max mem: 21507
TASK EPOCH: [39] Total time: 0:03:59 (0.8897 s / it)
Averaged stats: lr: 0.000044  min_lr: 0.000001  loss: 1.5925 (1.6199)  loss_scale: 8192.0000 (8435.6283)  weight_decay: 0.0500 (0.0500)
TASK EPOCH: [40]  [  0/269]  eta: 0:40:51  lr: 0.000044  min_lr: 0.000001  loss: 2.1592 (2.1592)  loss_scale: 8192.0000 (8192.0000)  weight_decay: 0.0500 (0.0500)  time: 9.1121  data: 6.2571  max mem: 21507
[2023-08-23 02:52:12,948] [INFO] [fused_optimizer.py:394:_update_scale] No Grad overflow for 128 iterations
[2023-08-23 02:52:12,948] [INFO] [fused_optimizer.py:394:_update_scale] No Grad overflow for 128 iterations
[2023-08-23 02:52:12,948] [INFO] [fused_optimizer.py:396:_update_scale] Increasing dynamic loss scale from 8192.0 to 16384.0
[2023-08-23 02:52:12,948] [INFO] [fused_optimizer.py:396:_update_scale] Increasing dynamic loss scale from 8192.0 to 16384.0
[2023-08-23 02:52:12,949] [INFO] [fused_optimizer.py:394:_update_scale] No Grad overflow for 128 iterations
[2023-08-23 02:52:12,949] [INFO] [fused_optimizer.py:394:_update_scale] No Grad overflow for 128 iterations
[2023-08-23 02:52:12,949] [INFO] [fused_optimizer.py:396:_update_scale] Increasing dynamic loss scale from 8192.0 to 16384.0
[2023-08-23 02:52:12,949] [INFO] [fused_optimizer.py:396:_update_scale] Increasing dynamic loss scale from 8192.0 to 16384.0
[2023-08-23 02:52:12,950] [INFO] [fused_optimizer.py:394:_update_scale] No Grad overflow for 128 iterations
[2023-08-23 02:52:12,950] [INFO] [fused_optimizer.py:394:_update_scale] No Grad overflow for 128 iterations
[2023-08-23 02:52:12,951] [INFO] [fused_optimizer.py:396:_update_scale] Increasing dynamic loss scale from 8192.0 to 16384.0
[2023-08-23 02:52:12,951] [INFO] [fused_optimizer.py:396:_update_scale] Increasing dynamic loss scale from 8192.0 to 16384.0
[2023-08-23 02:52:20,548] [INFO] [fused_optimizer.py:383:_update_scale] 
Grad overflow on iteration 10771
[2023-08-23 02:52:20,549] [INFO] [fused_optimizer.py:385:_update_scale] Reducing dynamic loss scale from 16384.0 to 8192.0
[2023-08-23 02:52:20,549] [INFO] [fused_optimizer.py:383:_update_scale] 
Grad overflow on iteration 10771
[2023-08-23 02:52:20,549] [INFO] [fused_optimizer.py:385:_update_scale] Reducing dynamic loss scale from 16384.0 to 8192.0
[2023-08-23 02:52:20,549] [INFO] [logging.py:77:log_dist] [Rank 0] Overflow detected. Skipping step. Attempted loss scale: 16384.0, reducing to 8192.0
[2023-08-23 02:52:20,549] [INFO] [fused_optimizer.py:383:_update_scale] 
Grad overflow on iteration 10771
[2023-08-23 02:52:20,549] [INFO] [fused_optimizer.py:385:_update_scale] Reducing dynamic loss scale from 16384.0 to 8192.0
[2023-08-23 02:52:20,549] [INFO] [fused_optimizer.py:383:_update_scale] 
Grad overflow on iteration 10771
[2023-08-23 02:52:20,549] [INFO] [fused_optimizer.py:385:_update_scale] Reducing dynamic loss scale from 16384.0 to 8192.0
[2023-08-23 02:52:20,551] [INFO] [fused_optimizer.py:383:_update_scale] 
Grad overflow on iteration 10771
[2023-08-23 02:52:20,551] [INFO] [fused_optimizer.py:385:_update_scale] Reducing dynamic loss scale from 16384.0 to 8192.0
[2023-08-23 02:52:20,560] [INFO] [fused_optimizer.py:383:_update_scale] 
Grad overflow on iteration 10771
[2023-08-23 02:52:20,561] [INFO] [fused_optimizer.py:385:_update_scale] Reducing dynamic loss scale from 16384.0 to 8192.0
TASK EPOCH: [40]  [ 50/269]  eta: 0:03:45  lr: 0.000043  min_lr: 0.000001  loss: 1.6806 (1.5922)  loss_scale: 8192.0000 (9477.0196)  weight_decay: 0.0500 (0.0500)  time: 0.8498  data: 0.0017  max mem: 21507
TASK EPOCH: [40]  [100/269]  eta: 0:02:40  lr: 0.000041  min_lr: 0.000001  loss: 1.7001 (1.6334)  loss_scale: 8192.0000 (8840.8713)  weight_decay: 0.0500 (0.0500)  time: 0.8922  data: 0.0012  max mem: 21507
[2023-08-23 02:54:11,029] [INFO] [fused_optimizer.py:394:_update_scale] No Grad overflow for 128 iterations
[2023-08-23 02:54:11,029] [INFO] [fused_optimizer.py:396:_update_scale] Increasing dynamic loss scale from 8192.0 to 16384.0
[2023-08-23 02:54:11,029] [INFO] [fused_optimizer.py:394:_update_scale] No Grad overflow for 128 iterations
[2023-08-23 02:54:11,029] [INFO] [fused_optimizer.py:396:_update_scale] Increasing dynamic loss scale from 8192.0 to 16384.0
[2023-08-23 02:54:11,029] [INFO] [fused_optimizer.py:394:_update_scale] No Grad overflow for 128 iterations
[2023-08-23 02:54:11,029] [INFO] [fused_optimizer.py:394:_update_scale] No Grad overflow for 128 iterations
[2023-08-23 02:54:11,029] [INFO] [fused_optimizer.py:396:_update_scale] Increasing dynamic loss scale from 8192.0 to 16384.0
[2023-08-23 02:54:11,029] [INFO] [fused_optimizer.py:396:_update_scale] Increasing dynamic loss scale from 8192.0 to 16384.0
[2023-08-23 02:54:11,033] [INFO] [fused_optimizer.py:394:_update_scale] No Grad overflow for 128 iterations
[2023-08-23 02:54:11,034] [INFO] [fused_optimizer.py:396:_update_scale] Increasing dynamic loss scale from 8192.0 to 16384.0
[2023-08-23 02:54:11,036] [INFO] [fused_optimizer.py:394:_update_scale] No Grad overflow for 128 iterations
[2023-08-23 02:54:11,036] [INFO] [fused_optimizer.py:396:_update_scale] Increasing dynamic loss scale from 8192.0 to 16384.0
[2023-08-23 02:54:14,417] [INFO] [fused_optimizer.py:383:_update_scale] 
Grad overflow on iteration 10904
[2023-08-23 02:54:14,417] [INFO] [fused_optimizer.py:385:_update_scale] Reducing dynamic loss scale from 16384.0 to 8192.0
[2023-08-23 02:54:14,417] [INFO] [fused_optimizer.py:383:_update_scale] 
Grad overflow on iteration 10904
[2023-08-23 02:54:14,418] [INFO] [fused_optimizer.py:385:_update_scale] Reducing dynamic loss scale from 16384.0 to 8192.0
[2023-08-23 02:54:14,418] [INFO] [fused_optimizer.py:383:_update_scale] 
Grad overflow on iteration 10904
[2023-08-23 02:54:14,418] [INFO] [fused_optimizer.py:385:_update_scale] Reducing dynamic loss scale from 16384.0 to 8192.0
[2023-08-23 02:54:14,420] [INFO] [fused_optimizer.py:383:_update_scale] 
Grad overflow on iteration 10904
[2023-08-23 02:54:14,420] [INFO] [fused_optimizer.py:385:_update_scale] Reducing dynamic loss scale from 16384.0 to 8192.0
[2023-08-23 02:54:14,420] [INFO] [fused_optimizer.py:383:_update_scale] 
Grad overflow on iteration 10904
[2023-08-23 02:54:14,420] [INFO] [logging.py:77:log_dist] [Rank 0] Overflow detected. Skipping step. Attempted loss scale: 16384.0, reducing to 8192.0
[2023-08-23 02:54:14,420] [INFO] [fused_optimizer.py:385:_update_scale] Reducing dynamic loss scale from 16384.0 to 8192.0
[2023-08-23 02:54:14,425] [INFO] [fused_optimizer.py:383:_update_scale] 
Grad overflow on iteration 10904
[2023-08-23 02:54:14,426] [INFO] [fused_optimizer.py:385:_update_scale] Reducing dynamic loss scale from 16384.0 to 8192.0
TASK EPOCH: [40]  [150/269]  eta: 0:01:48  lr: 0.000040  min_lr: 0.000001  loss: 1.4558 (1.6201)  loss_scale: 8192.0000 (8843.0199)  weight_decay: 0.0500 (0.0500)  time: 0.8427  data: 0.0014  max mem: 21507
TASK EPOCH: [40]  [200/269]  eta: 0:01:01  lr: 0.000038  min_lr: 0.000001  loss: 1.8560 (1.6158)  loss_scale: 8192.0000 (8681.0746)  weight_decay: 0.0500 (0.0500)  time: 0.8450  data: 0.0017  max mem: 21507
[2023-08-23 02:55:34,366] [INFO] [logging.py:77:log_dist] [Rank 0] step=11000, skipped=73, lr=[8.792636502642398e-07, 8.792636502642398e-07, 1.172351533685653e-06, 1.172351533685653e-06, 1.5631353782475375e-06, 1.5631353782475375e-06, 2.08418050433005e-06, 2.08418050433005e-06, 2.7789073391067336e-06, 2.7789073391067336e-06, 3.7052097854756445e-06, 3.7052097854756445e-06, 4.940279713967526e-06, 4.940279713967526e-06, 6.587039618623368e-06, 6.587039618623368e-06, 8.782719491497824e-06, 8.782719491497824e-06, 1.1710292655330431e-05, 1.1710292655330431e-05, 1.5613723540440575e-05, 1.5613723540440575e-05, 2.0818298053920767e-05, 2.0818298053920767e-05, 2.7757730738561023e-05, 2.7757730738561023e-05, 3.70103076514147e-05, 3.70103076514147e-05], mom=[[0.9, 0.999], [0.9, 0.999], [0.9, 0.999], [0.9, 0.999], [0.9, 0.999], [0.9, 0.999], [0.9, 0.999], [0.9, 0.999], [0.9, 0.999], [0.9, 0.999], [0.9, 0.999], [0.9, 0.999], [0.9, 0.999], [0.9, 0.999], [0.9, 0.999], [0.9, 0.999], [0.9, 0.999], [0.9, 0.999], [0.9, 0.999], [0.9, 0.999], [0.9, 0.999], [0.9, 0.999], [0.9, 0.999], [0.9, 0.999], [0.9, 0.999], [0.9, 0.999], [0.9, 0.999], [0.9, 0.999]]
[2023-08-23 02:55:34,368] [INFO] [timer.py:209:stop] epoch=0/micro_step=11000/global_step=11000, RunningAvgSamplesPerSec=122.177505717342, CurrSamplesPerSec=124.81035547344798, MemAllocated=1.24GB, MaxMemAllocated=21.0GB
TASK EPOCH: [40]  [250/269]  eta: 0:00:16  lr: 0.000037  min_lr: 0.000001  loss: 1.6898 (1.6284)  loss_scale: 8192.0000 (8583.6494)  weight_decay: 0.0500 (0.0500)  time: 0.8443  data: 0.0021  max mem: 21507
TASK EPOCH: [40]  [268/269]  eta: 0:00:00  lr: 0.000036  min_lr: 0.000001  loss: 1.6481 (1.6301)  loss_scale: 8192.0000 (8557.4424)  weight_decay: 0.0500 (0.0500)  time: 0.7863  data: 0.0006  max mem: 21507
TASK EPOCH: [40] Total time: 0:03:56 (0.8797 s / it)
Averaged stats: lr: 0.000036  min_lr: 0.000001  loss: 1.6481 (1.6395)  loss_scale: 8192.0000 (8557.4424)  weight_decay: 0.0500 (0.0500)
TASK EPOCH: [41]  [  0/269]  eta: 0:42:09  lr: 0.000036  min_lr: 0.000001  loss: 1.6187 (1.6187)  loss_scale: 8192.0000 (8192.0000)  weight_decay: 0.0500 (0.0500)  time: 9.4045  data: 6.1129  max mem: 21507
[2023-08-23 02:56:10,854] [INFO] [fused_optimizer.py:394:_update_scale] No Grad overflow for 128 iterations
[2023-08-23 02:56:10,855] [INFO] [fused_optimizer.py:396:_update_scale] Increasing dynamic loss scale from 8192.0 to 16384.0
[2023-08-23 02:56:10,855] [INFO] [fused_optimizer.py:394:_update_scale] No Grad overflow for 128 iterations
[2023-08-23 02:56:10,855] [INFO] [fused_optimizer.py:394:_update_scale] No Grad overflow for 128 iterations
[2023-08-23 02:56:10,855] [INFO] [fused_optimizer.py:396:_update_scale] Increasing dynamic loss scale from 8192.0 to 16384.0
[2023-08-23 02:56:10,855] [INFO] [fused_optimizer.py:396:_update_scale] Increasing dynamic loss scale from 8192.0 to 16384.0
[2023-08-23 02:56:10,855] [INFO] [fused_optimizer.py:394:_update_scale] No Grad overflow for 128 iterations
[2023-08-23 02:56:10,855] [INFO] [fused_optimizer.py:394:_update_scale] No Grad overflow for 128 iterations
[2023-08-23 02:56:10,855] [INFO] [fused_optimizer.py:396:_update_scale] Increasing dynamic loss scale from 8192.0 to 16384.0
[2023-08-23 02:56:10,855] [INFO] [fused_optimizer.py:396:_update_scale] Increasing dynamic loss scale from 8192.0 to 16384.0
[2023-08-23 02:56:10,856] [INFO] [fused_optimizer.py:394:_update_scale] No Grad overflow for 128 iterations
[2023-08-23 02:56:10,856] [INFO] [fused_optimizer.py:396:_update_scale] Increasing dynamic loss scale from 8192.0 to 16384.0
[2023-08-23 02:56:11,698] [INFO] [fused_optimizer.py:383:_update_scale] 
Grad overflow on iteration 11034
[2023-08-23 02:56:11,699] [INFO] [fused_optimizer.py:385:_update_scale] Reducing dynamic loss scale from 16384.0 to 8192.0
[2023-08-23 02:56:11,700] [INFO] [fused_optimizer.py:383:_update_scale] 
Grad overflow on iteration 11034
[2023-08-23 02:56:11,700] [INFO] [fused_optimizer.py:383:_update_scale] 
Grad overflow on iteration 11034
[2023-08-23 02:56:11,700] [INFO] [fused_optimizer.py:385:_update_scale] Reducing dynamic loss scale from 16384.0 to 8192.0
[2023-08-23 02:56:11,700] [INFO] [fused_optimizer.py:385:_update_scale] Reducing dynamic loss scale from 16384.0 to 8192.0
[2023-08-23 02:56:11,700] [INFO] [logging.py:77:log_dist] [Rank 0] Overflow detected. Skipping step. Attempted loss scale: 16384.0, reducing to 8192.0
[2023-08-23 02:56:11,701] [INFO] [fused_optimizer.py:383:_update_scale] 
Grad overflow on iteration 11034
[2023-08-23 02:56:11,701] [INFO] [fused_optimizer.py:385:_update_scale] Reducing dynamic loss scale from 16384.0 to 8192.0
[2023-08-23 02:56:11,716] [INFO] [fused_optimizer.py:383:_update_scale] 
Grad overflow on iteration 11034
[2023-08-23 02:56:11,716] [INFO] [fused_optimizer.py:385:_update_scale] Reducing dynamic loss scale from 16384.0 to 8192.0
[2023-08-23 02:56:11,720] [INFO] [fused_optimizer.py:383:_update_scale] 
Grad overflow on iteration 11034
[2023-08-23 02:56:11,720] [INFO] [fused_optimizer.py:385:_update_scale] Reducing dynamic loss scale from 16384.0 to 8192.0
TASK EPOCH: [41]  [ 50/269]  eta: 0:03:51  lr: 0.000035  min_lr: 0.000001  loss: 1.6038 (1.6203)  loss_scale: 8192.0000 (8352.6275)  weight_decay: 0.0500 (0.0500)  time: 0.8536  data: 0.0016  max mem: 21507
TASK EPOCH: [41]  [100/269]  eta: 0:02:42  lr: 0.000033  min_lr: 0.000001  loss: 1.7559 (1.6310)  loss_scale: 8192.0000 (8273.1089)  weight_decay: 0.0500 (0.0500)  time: 0.8576  data: 0.0031  max mem: 21507
[2023-08-23 02:58:04,081] [INFO] [fused_optimizer.py:394:_update_scale] No Grad overflow for 128 iterations
[2023-08-23 02:58:04,081] [INFO] [fused_optimizer.py:396:_update_scale] Increasing dynamic loss scale from 8192.0 to 16384.0
[2023-08-23 02:58:04,081] [INFO] [fused_optimizer.py:394:_update_scale] No Grad overflow for 128 iterations
[2023-08-23 02:58:04,081] [INFO] [fused_optimizer.py:394:_update_scale] No Grad overflow for 128 iterations
[2023-08-23 02:58:04,081] [INFO] [fused_optimizer.py:394:_update_scale] No Grad overflow for 128 iterations
[2023-08-23 02:58:04,082] [INFO] [fused_optimizer.py:396:_update_scale] Increasing dynamic loss scale from 8192.0 to 16384.0
[2023-08-23 02:58:04,082] [INFO] [fused_optimizer.py:396:_update_scale] Increasing dynamic loss scale from 8192.0 to 16384.0
[2023-08-23 02:58:04,082] [INFO] [fused_optimizer.py:396:_update_scale] Increasing dynamic loss scale from 8192.0 to 16384.0
[2023-08-23 02:58:04,082] [INFO] [fused_optimizer.py:394:_update_scale] No Grad overflow for 128 iterations
[2023-08-23 02:58:04,082] [INFO] [fused_optimizer.py:396:_update_scale] Increasing dynamic loss scale from 8192.0 to 16384.0
[2023-08-23 02:58:04,082] [INFO] [fused_optimizer.py:394:_update_scale] No Grad overflow for 128 iterations
[2023-08-23 02:58:04,086] [INFO] [fused_optimizer.py:396:_update_scale] Increasing dynamic loss scale from 8192.0 to 16384.0
[2023-08-23 02:58:12,632] [INFO] [fused_optimizer.py:383:_update_scale] 
Grad overflow on iteration 11173
[2023-08-23 02:58:12,632] [INFO] [fused_optimizer.py:385:_update_scale] Reducing dynamic loss scale from 16384.0 to 8192.0
[2023-08-23 02:58:12,632] [INFO] [fused_optimizer.py:383:_update_scale] 
Grad overflow on iteration 11173
[2023-08-23 02:58:12,633] [INFO] [fused_optimizer.py:385:_update_scale] Reducing dynamic loss scale from 16384.0 to 8192.0
[2023-08-23 02:58:12,633] [INFO] [fused_optimizer.py:383:_update_scale] 
Grad overflow on iteration 11173
[2023-08-23 02:58:12,633] [INFO] [fused_optimizer.py:385:_update_scale] Reducing dynamic loss scale from 16384.0 to 8192.0
[2023-08-23 02:58:12,634] [INFO] [fused_optimizer.py:383:_update_scale] 
Grad overflow on iteration 11173
[2023-08-23 02:58:12,635] [INFO] [fused_optimizer.py:385:_update_scale] Reducing dynamic loss scale from 16384.0 to 8192.0
[2023-08-23 02:58:12,635] [INFO] [fused_optimizer.py:383:_update_scale] 
Grad overflow on iteration 11173
[2023-08-23 02:58:12,635] [INFO] [fused_optimizer.py:385:_update_scale] Reducing dynamic loss scale from 16384.0 to 8192.0
[2023-08-23 02:58:12,635] [INFO] [fused_optimizer.py:383:_update_scale] 
Grad overflow on iteration 11173
[2023-08-23 02:58:12,635] [INFO] [fused_optimizer.py:385:_update_scale] Reducing dynamic loss scale from 16384.0 to 8192.0
[2023-08-23 02:58:12,635] [INFO] [logging.py:77:log_dist] [Rank 0] Overflow detected. Skipping step. Attempted loss scale: 16384.0, reducing to 8192.0
TASK EPOCH: [41]  [150/269]  eta: 0:01:49  lr: 0.000032  min_lr: 0.000001  loss: 1.8642 (1.6461)  loss_scale: 8192.0000 (8788.7682)  weight_decay: 0.0500 (0.0500)  time: 0.8523  data: 0.0031  max mem: 21507
TASK EPOCH: [41]  [200/269]  eta: 0:01:02  lr: 0.000031  min_lr: 0.000001  loss: 1.6445 (1.6378)  loss_scale: 8192.0000 (8640.3184)  weight_decay: 0.0500 (0.0500)  time: 0.8425  data: 0.0013  max mem: 21507
TASK EPOCH: [41]  [250/269]  eta: 0:00:16  lr: 0.000029  min_lr: 0.000001  loss: 1.6505 (1.6310)  loss_scale: 8192.0000 (8551.0120)  weight_decay: 0.0500 (0.0500)  time: 0.8382  data: 0.0016  max mem: 21507
TASK EPOCH: [41]  [268/269]  eta: 0:00:00  lr: 0.000029  min_lr: 0.000001  loss: 1.7494 (1.6371)  loss_scale: 8192.0000 (8526.9888)  weight_decay: 0.0500 (0.0500)  time: 0.7916  data: 0.0007  max mem: 21507
TASK EPOCH: [41] Total time: 0:03:58 (0.8861 s / it)
Averaged stats: lr: 0.000029  min_lr: 0.000001  loss: 1.7494 (1.6165)  loss_scale: 8192.0000 (8526.9888)  weight_decay: 0.0500 (0.0500)
TASK EPOCH: [42]  [  0/269]  eta: 0:40:31  lr: 0.000029  min_lr: 0.000001  loss: 2.3976 (2.3976)  loss_scale: 8192.0000 (8192.0000)  weight_decay: 0.0500 (0.0500)  time: 9.0400  data: 7.0803  max mem: 21507
[2023-08-23 03:00:08,962] [INFO] [fused_optimizer.py:394:_update_scale] No Grad overflow for 128 iterations
[2023-08-23 03:00:08,962] [INFO] [fused_optimizer.py:394:_update_scale] No Grad overflow for 128 iterations
[2023-08-23 03:00:08,962] [INFO] [fused_optimizer.py:396:_update_scale] Increasing dynamic loss scale from 8192.0 to 16384.0
[2023-08-23 03:00:08,962] [INFO] [fused_optimizer.py:396:_update_scale] Increasing dynamic loss scale from 8192.0 to 16384.0
[2023-08-23 03:00:08,962] [INFO] [fused_optimizer.py:394:_update_scale] No Grad overflow for 128 iterations
[2023-08-23 03:00:08,962] [INFO] [fused_optimizer.py:396:_update_scale] Increasing dynamic loss scale from 8192.0 to 16384.0
[2023-08-23 03:00:08,964] [INFO] [fused_optimizer.py:394:_update_scale] No Grad overflow for 128 iterations
[2023-08-23 03:00:08,964] [INFO] [fused_optimizer.py:396:_update_scale] Increasing dynamic loss scale from 8192.0 to 16384.0
[2023-08-23 03:00:08,964] [INFO] [fused_optimizer.py:394:_update_scale] No Grad overflow for 128 iterations
[2023-08-23 03:00:08,964] [INFO] [fused_optimizer.py:396:_update_scale] Increasing dynamic loss scale from 8192.0 to 16384.0
[2023-08-23 03:00:08,974] [INFO] [fused_optimizer.py:394:_update_scale] No Grad overflow for 128 iterations
[2023-08-23 03:00:08,974] [INFO] [fused_optimizer.py:396:_update_scale] Increasing dynamic loss scale from 8192.0 to 16384.0
[2023-08-23 03:00:33,469] [INFO] [fused_optimizer.py:383:_update_scale] 
Grad overflow on iteration 11328
[2023-08-23 03:00:33,469] [INFO] [fused_optimizer.py:385:_update_scale] Reducing dynamic loss scale from 16384.0 to 8192.0
[2023-08-23 03:00:33,469] [INFO] [logging.py:77:log_dist] [Rank 0] Overflow detected. Skipping step. Attempted loss scale: 16384.0, reducing to 8192.0
[2023-08-23 03:00:33,469] [INFO] [fused_optimizer.py:383:_update_scale] 
Grad overflow on iteration 11328
[2023-08-23 03:00:33,470] [INFO] [fused_optimizer.py:385:_update_scale] Reducing dynamic loss scale from 16384.0 to 8192.0
[2023-08-23 03:00:33,470] [INFO] [fused_optimizer.py:383:_update_scale] 
Grad overflow on iteration 11328
[2023-08-23 03:00:33,470] [INFO] [fused_optimizer.py:385:_update_scale] Reducing dynamic loss scale from 16384.0 to 8192.0
[2023-08-23 03:00:33,470] [INFO] [fused_optimizer.py:383:_update_scale] 
Grad overflow on iteration 11328
[2023-08-23 03:00:33,470] [INFO] [fused_optimizer.py:385:_update_scale] Reducing dynamic loss scale from 16384.0 to 8192.0
[2023-08-23 03:00:33,471] [INFO] [fused_optimizer.py:383:_update_scale] 
Grad overflow on iteration 11328
[2023-08-23 03:00:33,471] [INFO] [fused_optimizer.py:385:_update_scale] Reducing dynamic loss scale from 16384.0 to 8192.0
[2023-08-23 03:00:33,471] [INFO] [fused_optimizer.py:383:_update_scale] 
Grad overflow on iteration 11328
[2023-08-23 03:00:33,472] [INFO] [fused_optimizer.py:385:_update_scale] Reducing dynamic loss scale from 16384.0 to 8192.0
TASK EPOCH: [42]  [ 50/269]  eta: 0:03:51  lr: 0.000028  min_lr: 0.000001  loss: 1.6965 (1.6847)  loss_scale: 8192.0000 (12368.3137)  weight_decay: 0.0500 (0.0500)  time: 0.8465  data: 0.0016  max mem: 21507
TASK EPOCH: [42]  [100/269]  eta: 0:02:39  lr: 0.000026  min_lr: 0.000001  loss: 1.5282 (1.6953)  loss_scale: 8192.0000 (10300.8317)  weight_decay: 0.0500 (0.0500)  time: 0.8315  data: 0.0015  max mem: 21507
TASK EPOCH: [42]  [150/269]  eta: 0:01:47  lr: 0.000025  min_lr: 0.000001  loss: 1.6195 (1.6770)  loss_scale: 8192.0000 (9602.5430)  weight_decay: 0.0500 (0.0500)  time: 0.8256  data: 0.0012  max mem: 21507
[2023-08-23 03:02:20,980] [INFO] [fused_optimizer.py:394:_update_scale] No Grad overflow for 128 iterations
[2023-08-23 03:02:20,980] [INFO] [fused_optimizer.py:396:_update_scale] Increasing dynamic loss scale from 8192.0 to 16384.0
[2023-08-23 03:02:20,980] [INFO] [fused_optimizer.py:394:_update_scale] No Grad overflow for 128 iterations
[2023-08-23 03:02:20,981] [INFO] [fused_optimizer.py:396:_update_scale] Increasing dynamic loss scale from 8192.0 to 16384.0
[2023-08-23 03:02:20,981] [INFO] [fused_optimizer.py:394:_update_scale] No Grad overflow for 128 iterations
[2023-08-23 03:02:20,981] [INFO] [fused_optimizer.py:396:_update_scale] Increasing dynamic loss scale from 8192.0 to 16384.0
[2023-08-23 03:02:20,981] [INFO] [fused_optimizer.py:394:_update_scale] No Grad overflow for 128 iterations
[2023-08-23 03:02:20,982] [INFO] [fused_optimizer.py:396:_update_scale] Increasing dynamic loss scale from 8192.0 to 16384.0
[2023-08-23 03:02:20,982] [INFO] [fused_optimizer.py:394:_update_scale] No Grad overflow for 128 iterations
[2023-08-23 03:02:20,983] [INFO] [fused_optimizer.py:396:_update_scale] Increasing dynamic loss scale from 8192.0 to 16384.0
[2023-08-23 03:02:20,983] [INFO] [fused_optimizer.py:394:_update_scale] No Grad overflow for 128 iterations
[2023-08-23 03:02:20,984] [INFO] [fused_optimizer.py:396:_update_scale] Increasing dynamic loss scale from 8192.0 to 16384.0
[2023-08-23 03:02:33,360] [INFO] [fused_optimizer.py:383:_update_scale] 
Grad overflow on iteration 11472
[2023-08-23 03:02:33,360] [INFO] [fused_optimizer.py:385:_update_scale] Reducing dynamic loss scale from 16384.0 to 8192.0
[2023-08-23 03:02:33,360] [INFO] [fused_optimizer.py:383:_update_scale] 
Grad overflow on iteration 11472
[2023-08-23 03:02:33,360] [INFO] [fused_optimizer.py:385:_update_scale] Reducing dynamic loss scale from 16384.0 to 8192.0
[2023-08-23 03:02:33,360] [INFO] [fused_optimizer.py:383:_update_scale] 
Grad overflow on iteration 11472
[2023-08-23 03:02:33,360] [INFO] [fused_optimizer.py:385:_update_scale] Reducing dynamic loss scale from 16384.0 to 8192.0
[2023-08-23 03:02:33,360] [INFO] [fused_optimizer.py:383:_update_scale] 
Grad overflow on iteration 11472
[2023-08-23 03:02:33,360] [INFO] [fused_optimizer.py:385:_update_scale] Reducing dynamic loss scale from 16384.0 to 8192.0
[2023-08-23 03:02:33,360] [INFO] [fused_optimizer.py:383:_update_scale] 
Grad overflow on iteration 11472
[2023-08-23 03:02:33,360] [INFO] [logging.py:77:log_dist] [Rank 0] Overflow detected. Skipping step. Attempted loss scale: 16384.0, reducing to 8192.0
[2023-08-23 03:02:33,360] [INFO] [fused_optimizer.py:385:_update_scale] Reducing dynamic loss scale from 16384.0 to 8192.0
[2023-08-23 03:02:33,361] [INFO] [fused_optimizer.py:383:_update_scale] 
Grad overflow on iteration 11472
[2023-08-23 03:02:33,361] [INFO] [fused_optimizer.py:385:_update_scale] Reducing dynamic loss scale from 16384.0 to 8192.0
TASK EPOCH: [42]  [200/269]  eta: 0:01:01  lr: 0.000024  min_lr: 0.000001  loss: 1.7571 (1.6845)  loss_scale: 8192.0000 (9863.0050)  weight_decay: 0.0500 (0.0500)  time: 0.8254  data: 0.0019  max mem: 21507
TASK EPOCH: [42]  [250/269]  eta: 0:00:16  lr: 0.000023  min_lr: 0.000001  loss: 1.6000 (1.6798)  loss_scale: 8192.0000 (9530.1355)  weight_decay: 0.0500 (0.0500)  time: 0.8191  data: 0.0012  max mem: 21507
TASK EPOCH: [42]  [268/269]  eta: 0:00:00  lr: 0.000022  min_lr: 0.000001  loss: 1.5710 (1.6744)  loss_scale: 8192.0000 (9440.5948)  weight_decay: 0.0500 (0.0500)  time: 0.7835  data: 0.0006  max mem: 21507
TASK EPOCH: [42] Total time: 0:03:53 (0.8694 s / it)
Averaged stats: lr: 0.000022  min_lr: 0.000001  loss: 1.5710 (1.6460)  loss_scale: 8192.0000 (9440.5948)  weight_decay: 0.0500 (0.0500)
TASK EPOCH: [43]  [  0/269]  eta: 0:50:42  lr: 0.000022  min_lr: 0.000001  loss: 1.0486 (1.0486)  loss_scale: 8192.0000 (8192.0000)  weight_decay: 0.0500 (0.0500)  time: 11.3091  data: 5.0644  max mem: 21507
[2023-08-23 03:04:31,328] [INFO] [fused_optimizer.py:394:_update_scale] No Grad overflow for 128 iterations
[2023-08-23 03:04:31,329] [INFO] [fused_optimizer.py:396:_update_scale] Increasing dynamic loss scale from 8192.0 to 16384.0
[2023-08-23 03:04:31,330] [INFO] [fused_optimizer.py:394:_update_scale] No Grad overflow for 128 iterations
[2023-08-23 03:04:31,330] [INFO] [fused_optimizer.py:396:_update_scale] Increasing dynamic loss scale from 8192.0 to 16384.0
[2023-08-23 03:04:31,331] [INFO] [fused_optimizer.py:394:_update_scale] No Grad overflow for 128 iterations
[2023-08-23 03:04:31,331] [INFO] [fused_optimizer.py:396:_update_scale] Increasing dynamic loss scale from 8192.0 to 16384.0
[2023-08-23 03:04:31,334] [INFO] [fused_optimizer.py:394:_update_scale] No Grad overflow for 128 iterations
[2023-08-23 03:04:31,335] [INFO] [fused_optimizer.py:396:_update_scale] Increasing dynamic loss scale from 8192.0 to 16384.0
[2023-08-23 03:04:31,337] [INFO] [fused_optimizer.py:394:_update_scale] No Grad overflow for 128 iterations
[2023-08-23 03:04:31,338] [INFO] [fused_optimizer.py:396:_update_scale] Increasing dynamic loss scale from 8192.0 to 16384.0
[2023-08-23 03:04:31,339] [INFO] [fused_optimizer.py:394:_update_scale] No Grad overflow for 128 iterations
[2023-08-23 03:04:31,341] [INFO] [fused_optimizer.py:396:_update_scale] Increasing dynamic loss scale from 8192.0 to 16384.0
TASK EPOCH: [43]  [ 50/269]  eta: 0:03:55  lr: 0.000021  min_lr: 0.000001  loss: 1.5558 (1.5645)  loss_scale: 16384.0000 (10922.6667)  weight_decay: 0.0500 (0.0500)  time: 0.8756  data: 0.0018  max mem: 21507
[2023-08-23 03:04:49,511] [INFO] [fused_optimizer.py:383:_update_scale] 
Grad overflow on iteration 11621
[2023-08-23 03:04:49,512] [INFO] [fused_optimizer.py:385:_update_scale] Reducing dynamic loss scale from 16384.0 to 8192.0
[2023-08-23 03:04:49,512] [INFO] [logging.py:77:log_dist] [Rank 0] Overflow detected. Skipping step. Attempted loss scale: 16384.0, reducing to 8192.0
[2023-08-23 03:04:49,512] [INFO] [fused_optimizer.py:383:_update_scale] 
Grad overflow on iteration 11621
[2023-08-23 03:04:49,512] [INFO] [fused_optimizer.py:385:_update_scale] Reducing dynamic loss scale from 16384.0 to 8192.0
[2023-08-23 03:04:49,512] [INFO] [fused_optimizer.py:383:_update_scale] 
Grad overflow on iteration 11621
[2023-08-23 03:04:49,513] [INFO] [fused_optimizer.py:385:_update_scale] Reducing dynamic loss scale from 16384.0 to 8192.0
[2023-08-23 03:04:49,513] [INFO] [fused_optimizer.py:383:_update_scale] 
Grad overflow on iteration 11621
[2023-08-23 03:04:49,513] [INFO] [fused_optimizer.py:385:_update_scale] Reducing dynamic loss scale from 16384.0 to 8192.0
[2023-08-23 03:04:49,514] [INFO] [fused_optimizer.py:383:_update_scale] 
Grad overflow on iteration 11621
[2023-08-23 03:04:49,514] [INFO] [fused_optimizer.py:385:_update_scale] Reducing dynamic loss scale from 16384.0 to 8192.0
[2023-08-23 03:04:49,519] [INFO] [fused_optimizer.py:383:_update_scale] 
Grad overflow on iteration 11621
[2023-08-23 03:04:49,520] [INFO] [fused_optimizer.py:385:_update_scale] Reducing dynamic loss scale from 16384.0 to 8192.0
TASK EPOCH: [43]  [100/269]  eta: 0:02:50  lr: 0.000020  min_lr: 0.000000  loss: 1.6855 (1.5665)  loss_scale: 8192.0000 (9814.1782)  weight_decay: 0.0500 (0.0500)  time: 0.9589  data: 0.0020  max mem: 21507
TASK EPOCH: [43]  [150/269]  eta: 0:01:56  lr: 0.000019  min_lr: 0.000000  loss: 1.6650 (1.5865)  loss_scale: 8192.0000 (9277.0331)  weight_decay: 0.0500 (0.0500)  time: 0.8728  data: 0.0018  max mem: 21507
[2023-08-23 03:06:47,769] [INFO] [fused_optimizer.py:394:_update_scale] No Grad overflow for 128 iterations
[2023-08-23 03:06:47,770] [INFO] [fused_optimizer.py:396:_update_scale] Increasing dynamic loss scale from 8192.0 to 16384.0
[2023-08-23 03:06:47,770] [INFO] [fused_optimizer.py:394:_update_scale] No Grad overflow for 128 iterations
[2023-08-23 03:06:47,771] [INFO] [fused_optimizer.py:394:_update_scale] No Grad overflow for 128 iterations
[2023-08-23 03:06:47,771] [INFO] [fused_optimizer.py:396:_update_scale] Increasing dynamic loss scale from 8192.0 to 16384.0
[2023-08-23 03:06:47,771] [INFO] [fused_optimizer.py:396:_update_scale] Increasing dynamic loss scale from 8192.0 to 16384.0
[2023-08-23 03:06:47,778] [INFO] [fused_optimizer.py:394:_update_scale] No Grad overflow for 128 iterations
[2023-08-23 03:06:47,778] [INFO] [fused_optimizer.py:394:_update_scale] No Grad overflow for 128 iterations
[2023-08-23 03:06:47,778] [INFO] [fused_optimizer.py:396:_update_scale] Increasing dynamic loss scale from 8192.0 to 16384.0
[2023-08-23 03:06:47,778] [INFO] [fused_optimizer.py:396:_update_scale] Increasing dynamic loss scale from 8192.0 to 16384.0
[2023-08-23 03:06:47,780] [INFO] [fused_optimizer.py:394:_update_scale] No Grad overflow for 128 iterations
[2023-08-23 03:06:47,780] [INFO] [fused_optimizer.py:396:_update_scale] Increasing dynamic loss scale from 8192.0 to 16384.0
TASK EPOCH: [43]  [200/269]  eta: 0:01:06  lr: 0.000018  min_lr: 0.000000  loss: 1.5863 (1.5833)  loss_scale: 16384.0000 (9740.7363)  weight_decay: 0.0500 (0.0500)  time: 0.8786  data: 0.0012  max mem: 21507
[2023-08-23 03:07:18,326] [INFO] [fused_optimizer.py:383:_update_scale] 
Grad overflow on iteration 11785
[2023-08-23 03:07:18,326] [INFO] [fused_optimizer.py:385:_update_scale] Reducing dynamic loss scale from 16384.0 to 8192.0
[2023-08-23 03:07:18,326] [INFO] [fused_optimizer.py:383:_update_scale] 
Grad overflow on iteration 11785
[2023-08-23 03:07:18,326] [INFO] [fused_optimizer.py:385:_update_scale] Reducing dynamic loss scale from 16384.0 to 8192.0
[2023-08-23 03:07:18,326] [INFO] [fused_optimizer.py:383:_update_scale] 
Grad overflow on iteration 11785
[2023-08-23 03:07:18,327] [INFO] [fused_optimizer.py:385:_update_scale] Reducing dynamic loss scale from 16384.0 to 8192.0
[2023-08-23 03:07:18,327] [INFO] [logging.py:77:log_dist] [Rank 0] Overflow detected. Skipping step. Attempted loss scale: 16384.0, reducing to 8192.0
[2023-08-23 03:07:18,327] [INFO] [fused_optimizer.py:383:_update_scale] 
Grad overflow on iteration 11785
[2023-08-23 03:07:18,328] [INFO] [fused_optimizer.py:385:_update_scale] Reducing dynamic loss scale from 16384.0 to 8192.0
[2023-08-23 03:07:18,328] [INFO] [fused_optimizer.py:383:_update_scale] 
Grad overflow on iteration 11785
[2023-08-23 03:07:18,329] [INFO] [fused_optimizer.py:385:_update_scale] Reducing dynamic loss scale from 16384.0 to 8192.0
[2023-08-23 03:07:18,331] [INFO] [fused_optimizer.py:383:_update_scale] 
Grad overflow on iteration 11785
[2023-08-23 03:07:18,332] [INFO] [fused_optimizer.py:385:_update_scale] Reducing dynamic loss scale from 16384.0 to 8192.0
TASK EPOCH: [43]  [250/269]  eta: 0:00:17  lr: 0.000017  min_lr: 0.000000  loss: 1.8825 (1.5997)  loss_scale: 8192.0000 (9987.0598)  weight_decay: 0.0500 (0.0500)  time: 0.8609  data: 0.0020  max mem: 21507
TASK EPOCH: [43]  [268/269]  eta: 0:00:00  lr: 0.000017  min_lr: 0.000000  loss: 1.5712 (1.5937)  loss_scale: 8192.0000 (9866.9442)  weight_decay: 0.0500 (0.0500)  time: 0.8022  data: 0.0007  max mem: 21507
TASK EPOCH: [43] Total time: 0:04:10 (0.9309 s / it)
Averaged stats: lr: 0.000017  min_lr: 0.000000  loss: 1.5712 (1.6162)  loss_scale: 8192.0000 (9866.9442)  weight_decay: 0.0500 (0.0500)
TASK EPOCH: [44]  [  0/269]  eta: 0:46:09  lr: 0.000017  min_lr: 0.000000  loss: 0.8134 (0.8134)  loss_scale: 8192.0000 (8192.0000)  weight_decay: 0.0500 (0.0500)  time: 10.2963  data: 5.5326  max mem: 21507
TASK EPOCH: [44]  [ 50/269]  eta: 0:04:00  lr: 0.000016  min_lr: 0.000000  loss: 1.5340 (1.5505)  loss_scale: 8192.0000 (8192.0000)  weight_decay: 0.0500 (0.0500)  time: 0.8709  data: 0.0014  max mem: 21507
[2023-08-23 03:09:22,684] [INFO] [fused_optimizer.py:394:_update_scale] No Grad overflow for 128 iterations
[2023-08-23 03:09:22,684] [INFO] [fused_optimizer.py:396:_update_scale] Increasing dynamic loss scale from 8192.0 to 16384.0
[2023-08-23 03:09:22,685] [INFO] [fused_optimizer.py:394:_update_scale] No Grad overflow for 128 iterations
[2023-08-23 03:09:22,685] [INFO] [fused_optimizer.py:394:_update_scale] No Grad overflow for 128 iterations
[2023-08-23 03:09:22,685] [INFO] [fused_optimizer.py:396:_update_scale] Increasing dynamic loss scale from 8192.0 to 16384.0
[2023-08-23 03:09:22,685] [INFO] [fused_optimizer.py:396:_update_scale] Increasing dynamic loss scale from 8192.0 to 16384.0
[2023-08-23 03:09:22,685] [INFO] [fused_optimizer.py:394:_update_scale] No Grad overflow for 128 iterations
[2023-08-23 03:09:22,685] [INFO] [fused_optimizer.py:396:_update_scale] Increasing dynamic loss scale from 8192.0 to 16384.0
[2023-08-23 03:09:22,685] [INFO] [fused_optimizer.py:394:_update_scale] No Grad overflow for 128 iterations
[2023-08-23 03:09:22,686] [INFO] [fused_optimizer.py:396:_update_scale] Increasing dynamic loss scale from 8192.0 to 16384.0
[2023-08-23 03:09:22,688] [INFO] [fused_optimizer.py:394:_update_scale] No Grad overflow for 128 iterations
[2023-08-23 03:09:22,689] [INFO] [fused_optimizer.py:396:_update_scale] Increasing dynamic loss scale from 8192.0 to 16384.0
[2023-08-23 03:09:27,855] [INFO] [fused_optimizer.py:383:_update_scale] 
Grad overflow on iteration 11920
[2023-08-23 03:09:27,855] [INFO] [fused_optimizer.py:385:_update_scale] Reducing dynamic loss scale from 16384.0 to 8192.0
[2023-08-23 03:09:27,855] [INFO] [logging.py:77:log_dist] [Rank 0] Overflow detected. Skipping step. Attempted loss scale: 16384.0, reducing to 8192.0
[2023-08-23 03:09:27,856] [INFO] [fused_optimizer.py:383:_update_scale] 
Grad overflow on iteration 11920
[2023-08-23 03:09:27,857] [INFO] [fused_optimizer.py:385:_update_scale] Reducing dynamic loss scale from 16384.0 to 8192.0
[2023-08-23 03:09:27,857] [INFO] [fused_optimizer.py:383:_update_scale] 
Grad overflow on iteration 11920
[2023-08-23 03:09:27,857] [INFO] [fused_optimizer.py:385:_update_scale] Reducing dynamic loss scale from 16384.0 to 8192.0
[2023-08-23 03:09:27,858] [INFO] [fused_optimizer.py:383:_update_scale] 
Grad overflow on iteration 11920
[2023-08-23 03:09:27,859] [INFO] [fused_optimizer.py:385:_update_scale] Reducing dynamic loss scale from 16384.0 to 8192.0
[2023-08-23 03:09:27,859] [INFO] [fused_optimizer.py:383:_update_scale] 
Grad overflow on iteration 11920
[2023-08-23 03:09:27,859] [INFO] [fused_optimizer.py:385:_update_scale] Reducing dynamic loss scale from 16384.0 to 8192.0
[2023-08-23 03:09:27,863] [INFO] [fused_optimizer.py:383:_update_scale] 
Grad overflow on iteration 11920
[2023-08-23 03:09:27,864] [INFO] [fused_optimizer.py:385:_update_scale] Reducing dynamic loss scale from 16384.0 to 8192.0
TASK EPOCH: [44]  [100/269]  eta: 0:02:49  lr: 0.000015  min_lr: 0.000000  loss: 1.5973 (1.5742)  loss_scale: 8192.0000 (8678.6535)  weight_decay: 0.0500 (0.0500)  time: 0.8942  data: 0.0014  max mem: 21507
TASK EPOCH: [44]  [150/269]  eta: 0:01:53  lr: 0.000014  min_lr: 0.000000  loss: 1.4839 (1.5938)  loss_scale: 8192.0000 (8517.5099)  weight_decay: 0.0500 (0.0500)  time: 0.8612  data: 0.0020  max mem: 21507
[2023-08-23 03:10:36,733] [INFO] [logging.py:77:log_dist] [Rank 0] step=12000, skipped=80, lr=[3.2072601059990216e-07, 3.2072601059990216e-07, 4.276346807998695e-07, 4.276346807998695e-07, 5.701795743998261e-07, 5.701795743998261e-07, 7.602394325331014e-07, 7.602394325331014e-07, 1.013652576710802e-06, 1.013652576710802e-06, 1.351536768947736e-06, 1.351536768947736e-06, 1.8020490252636478e-06, 1.8020490252636478e-06, 2.4027320336848638e-06, 2.4027320336848638e-06, 3.2036427115798184e-06, 3.2036427115798184e-06, 4.271523615439758e-06, 4.271523615439758e-06, 5.695364820586344e-06, 5.695364820586344e-06, 7.593819760781792e-06, 7.593819760781792e-06, 1.0125093014375721e-05, 1.0125093014375721e-05, 1.350012401916763e-05, 1.350012401916763e-05], mom=[[0.9, 0.999], [0.9, 0.999], [0.9, 0.999], [0.9, 0.999], [0.9, 0.999], [0.9, 0.999], [0.9, 0.999], [0.9, 0.999], [0.9, 0.999], [0.9, 0.999], [0.9, 0.999], [0.9, 0.999], [0.9, 0.999], [0.9, 0.999], [0.9, 0.999], [0.9, 0.999], [0.9, 0.999], [0.9, 0.999], [0.9, 0.999], [0.9, 0.999], [0.9, 0.999], [0.9, 0.999], [0.9, 0.999], [0.9, 0.999], [0.9, 0.999], [0.9, 0.999], [0.9, 0.999], [0.9, 0.999]]
[2023-08-23 03:10:36,735] [INFO] [timer.py:209:stop] epoch=0/micro_step=12000/global_step=12000, RunningAvgSamplesPerSec=121.95127729593224, CurrSamplesPerSec=119.76005467903727, MemAllocated=1.24GB, MaxMemAllocated=21.0GB
TASK EPOCH: [44]  [200/269]  eta: 0:01:04  lr: 0.000013  min_lr: 0.000000  loss: 1.5913 (1.6146)  loss_scale: 8192.0000 (8436.5373)  weight_decay: 0.0500 (0.0500)  time: 0.8512  data: 0.0016  max mem: 21507
[2023-08-23 03:11:19,724] [INFO] [fused_optimizer.py:394:_update_scale] No Grad overflow for 128 iterations
[2023-08-23 03:11:19,724] [INFO] [fused_optimizer.py:396:_update_scale] Increasing dynamic loss scale from 8192.0 to 16384.0
[2023-08-23 03:11:19,724] [INFO] [fused_optimizer.py:394:_update_scale] No Grad overflow for 128 iterations
[2023-08-23 03:11:19,725] [INFO] [fused_optimizer.py:396:_update_scale] Increasing dynamic loss scale from 8192.0 to 16384.0
[2023-08-23 03:11:19,725] [INFO] [fused_optimizer.py:394:_update_scale] No Grad overflow for 128 iterations
[2023-08-23 03:11:19,725] [INFO] [fused_optimizer.py:396:_update_scale] Increasing dynamic loss scale from 8192.0 to 16384.0
[2023-08-23 03:11:19,726] [INFO] [fused_optimizer.py:394:_update_scale] No Grad overflow for 128 iterations
[2023-08-23 03:11:19,726] [INFO] [fused_optimizer.py:396:_update_scale] Increasing dynamic loss scale from 8192.0 to 16384.0
[2023-08-23 03:11:19,730] [INFO] [fused_optimizer.py:394:_update_scale] No Grad overflow for 128 iterations
[2023-08-23 03:11:19,730] [INFO] [fused_optimizer.py:394:_update_scale] No Grad overflow for 128 iterations
[2023-08-23 03:11:19,731] [INFO] [fused_optimizer.py:396:_update_scale] Increasing dynamic loss scale from 8192.0 to 16384.0
[2023-08-23 03:11:19,731] [INFO] [fused_optimizer.py:396:_update_scale] Increasing dynamic loss scale from 8192.0 to 16384.0
[2023-08-23 03:11:25,070] [INFO] [fused_optimizer.py:383:_update_scale] 
Grad overflow on iteration 12055
[2023-08-23 03:11:25,070] [INFO] [fused_optimizer.py:383:_update_scale] 
Grad overflow on iteration 12055
[2023-08-23 03:11:25,070] [INFO] [fused_optimizer.py:385:_update_scale] Reducing dynamic loss scale from 16384.0 to 8192.0
[2023-08-23 03:11:25,070] [INFO] [fused_optimizer.py:383:_update_scale] 
Grad overflow on iteration 12055
[2023-08-23 03:11:25,070] [INFO] [logging.py:77:log_dist] [Rank 0] Overflow detected. Skipping step. Attempted loss scale: 16384.0, reducing to 8192.0
[2023-08-23 03:11:25,070] [INFO] [fused_optimizer.py:385:_update_scale] Reducing dynamic loss scale from 16384.0 to 8192.0
[2023-08-23 03:11:25,070] [INFO] [fused_optimizer.py:385:_update_scale] Reducing dynamic loss scale from 16384.0 to 8192.0
[2023-08-23 03:11:25,070] [INFO] [fused_optimizer.py:383:_update_scale] 
Grad overflow on iteration 12055
[2023-08-23 03:11:25,071] [INFO] [fused_optimizer.py:385:_update_scale] Reducing dynamic loss scale from 16384.0 to 8192.0
[2023-08-23 03:11:25,070] [INFO] [fused_optimizer.py:383:_update_scale] 
Grad overflow on iteration 12055
[2023-08-23 03:11:25,071] [INFO] [fused_optimizer.py:385:_update_scale] Reducing dynamic loss scale from 16384.0 to 8192.0
[2023-08-23 03:11:25,071] [INFO] [fused_optimizer.py:383:_update_scale] 
Grad overflow on iteration 12055
[2023-08-23 03:11:25,071] [INFO] [fused_optimizer.py:385:_update_scale] Reducing dynamic loss scale from 16384.0 to 8192.0
TASK EPOCH: [44]  [250/269]  eta: 0:00:17  lr: 0.000012  min_lr: 0.000000  loss: 1.6563 (1.6206)  loss_scale: 8192.0000 (8583.6494)  weight_decay: 0.0500 (0.0500)  time: 0.8571  data: 0.0014  max mem: 21507
TASK EPOCH: [44]  [268/269]  eta: 0:00:00  lr: 0.000012  min_lr: 0.000000  loss: 1.3423 (1.6059)  loss_scale: 8192.0000 (8557.4424)  weight_decay: 0.0500 (0.0500)  time: 0.7954  data: 0.0006  max mem: 21507
TASK EPOCH: [44] Total time: 0:04:05 (0.9117 s / it)
Averaged stats: lr: 0.000012  min_lr: 0.000000  loss: 1.3423 (1.6136)  loss_scale: 8192.0000 (8557.4424)  weight_decay: 0.0500 (0.0500)
TASK EPOCH: [45]  [  0/269]  eta: 0:43:45  lr: 0.000012  min_lr: 0.000000  loss: 1.4414 (1.4414)  loss_scale: 8192.0000 (8192.0000)  weight_decay: 0.0500 (0.0500)  time: 9.7598  data: 5.3650  max mem: 21507
TASK EPOCH: [45]  [ 50/269]  eta: 0:04:12  lr: 0.000011  min_lr: 0.000000  loss: 1.4486 (1.5410)  loss_scale: 8192.0000 (8192.0000)  weight_decay: 0.0500 (0.0500)  time: 0.9746  data: 0.0023  max mem: 21507
[2023-08-23 03:13:30,510] [INFO] [fused_optimizer.py:394:_update_scale] No Grad overflow for 128 iterations
[2023-08-23 03:13:30,510] [INFO] [fused_optimizer.py:396:_update_scale] Increasing dynamic loss scale from 8192.0 to 16384.0
[2023-08-23 03:13:30,511] [INFO] [fused_optimizer.py:394:_update_scale] No Grad overflow for 128 iterations
[2023-08-23 03:13:30,511] [INFO] [fused_optimizer.py:396:_update_scale] Increasing dynamic loss scale from 8192.0 to 16384.0
[2023-08-23 03:13:30,511] [INFO] [fused_optimizer.py:394:_update_scale] No Grad overflow for 128 iterations
[2023-08-23 03:13:30,512] [INFO] [fused_optimizer.py:396:_update_scale] Increasing dynamic loss scale from 8192.0 to 16384.0
[2023-08-23 03:13:30,511] [INFO] [fused_optimizer.py:394:_update_scale] No Grad overflow for 128 iterations
[2023-08-23 03:13:30,512] [INFO] [fused_optimizer.py:396:_update_scale] Increasing dynamic loss scale from 8192.0 to 16384.0
[2023-08-23 03:13:30,517] [INFO] [fused_optimizer.py:394:_update_scale] No Grad overflow for 128 iterations
[2023-08-23 03:13:30,518] [INFO] [fused_optimizer.py:394:_update_scale] No Grad overflow for 128 iterations
[2023-08-23 03:13:30,518] [INFO] [fused_optimizer.py:396:_update_scale] Increasing dynamic loss scale from 8192.0 to 16384.0
[2023-08-23 03:13:30,518] [INFO] [fused_optimizer.py:396:_update_scale] Increasing dynamic loss scale from 8192.0 to 16384.0
[2023-08-23 03:13:34,115] [INFO] [fused_optimizer.py:383:_update_scale] 
Grad overflow on iteration 12188
[2023-08-23 03:13:34,116] [INFO] [fused_optimizer.py:385:_update_scale] Reducing dynamic loss scale from 16384.0 to 8192.0
[2023-08-23 03:13:34,116] [INFO] [fused_optimizer.py:383:_update_scale] 
Grad overflow on iteration 12188
[2023-08-23 03:13:34,116] [INFO] [fused_optimizer.py:385:_update_scale] Reducing dynamic loss scale from 16384.0 to 8192.0
[2023-08-23 03:13:34,116] [INFO] [logging.py:77:log_dist] [Rank 0] Overflow detected. Skipping step. Attempted loss scale: 16384.0, reducing to 8192.0
[2023-08-23 03:13:34,120] [INFO] [fused_optimizer.py:383:_update_scale] 
Grad overflow on iteration 12188
[2023-08-23 03:13:34,121] [INFO] [fused_optimizer.py:385:_update_scale] Reducing dynamic loss scale from 16384.0 to 8192.0
[2023-08-23 03:13:34,133] [INFO] [fused_optimizer.py:383:_update_scale] 
Grad overflow on iteration 12188
[2023-08-23 03:13:34,134] [INFO] [fused_optimizer.py:385:_update_scale] Reducing dynamic loss scale from 16384.0 to 8192.0
[2023-08-23 03:13:34,135] [INFO] [fused_optimizer.py:383:_update_scale] 
Grad overflow on iteration 12188
[2023-08-23 03:13:34,136] [INFO] [fused_optimizer.py:385:_update_scale] Reducing dynamic loss scale from 16384.0 to 8192.0
[2023-08-23 03:13:34,164] [INFO] [fused_optimizer.py:383:_update_scale] 
Grad overflow on iteration 12188
[2023-08-23 03:13:34,165] [INFO] [fused_optimizer.py:385:_update_scale] Reducing dynamic loss scale from 16384.0 to 8192.0
TASK EPOCH: [45]  [100/269]  eta: 0:02:53  lr: 0.000010  min_lr: 0.000000  loss: 1.4633 (1.5495)  loss_scale: 8192.0000 (8516.4356)  weight_decay: 0.0500 (0.0500)  time: 0.9223  data: 0.0023  max mem: 21507
TASK EPOCH: [45]  [150/269]  eta: 0:01:57  lr: 0.000009  min_lr: 0.000000  loss: 1.6804 (1.5747)  loss_scale: 8192.0000 (8409.0066)  weight_decay: 0.0500 (0.0500)  time: 0.8703  data: 0.0015  max mem: 21507
TASK EPOCH: [45]  [200/269]  eta: 0:01:06  lr: 0.000009  min_lr: 0.000000  loss: 1.6052 (1.5916)  loss_scale: 8192.0000 (8355.0249)  weight_decay: 0.0500 (0.0500)  time: 0.8898  data: 0.0016  max mem: 21507
[2023-08-23 03:15:29,713] [INFO] [fused_optimizer.py:394:_update_scale] No Grad overflow for 128 iterations
[2023-08-23 03:15:29,713] [INFO] [fused_optimizer.py:396:_update_scale] Increasing dynamic loss scale from 8192.0 to 16384.0
[2023-08-23 03:15:29,715] [INFO] [fused_optimizer.py:394:_update_scale] No Grad overflow for 128 iterations
[2023-08-23 03:15:29,715] [INFO] [fused_optimizer.py:396:_update_scale] Increasing dynamic loss scale from 8192.0 to 16384.0
[2023-08-23 03:15:29,715] [INFO] [fused_optimizer.py:394:_update_scale] No Grad overflow for 128 iterations
[2023-08-23 03:15:29,715] [INFO] [fused_optimizer.py:396:_update_scale] Increasing dynamic loss scale from 8192.0 to 16384.0
[2023-08-23 03:15:29,716] [INFO] [fused_optimizer.py:394:_update_scale] No Grad overflow for 128 iterations
[2023-08-23 03:15:29,716] [INFO] [fused_optimizer.py:396:_update_scale] Increasing dynamic loss scale from 8192.0 to 16384.0
[2023-08-23 03:15:29,715] [INFO] [fused_optimizer.py:394:_update_scale] No Grad overflow for 128 iterations
[2023-08-23 03:15:29,716] [INFO] [fused_optimizer.py:396:_update_scale] Increasing dynamic loss scale from 8192.0 to 16384.0
[2023-08-23 03:15:29,717] [INFO] [fused_optimizer.py:394:_update_scale] No Grad overflow for 128 iterations
[2023-08-23 03:15:29,718] [INFO] [fused_optimizer.py:396:_update_scale] Increasing dynamic loss scale from 8192.0 to 16384.0
[2023-08-23 03:15:37,492] [INFO] [fused_optimizer.py:383:_update_scale] 
Grad overflow on iteration 12326
[2023-08-23 03:15:37,492] [INFO] [fused_optimizer.py:383:_update_scale] 
Grad overflow on iteration 12326
[2023-08-23 03:15:37,493] [INFO] [fused_optimizer.py:385:_update_scale] Reducing dynamic loss scale from 16384.0 to 8192.0
[2023-08-23 03:15:37,493] [INFO] [fused_optimizer.py:385:_update_scale] Reducing dynamic loss scale from 16384.0 to 8192.0
[2023-08-23 03:15:37,493] [INFO] [logging.py:77:log_dist] [Rank 0] Overflow detected. Skipping step. Attempted loss scale: 16384.0, reducing to 8192.0
[2023-08-23 03:15:37,493] [INFO] [fused_optimizer.py:383:_update_scale] 
Grad overflow on iteration 12326
[2023-08-23 03:15:37,494] [INFO] [fused_optimizer.py:385:_update_scale] Reducing dynamic loss scale from 16384.0 to 8192.0
[2023-08-23 03:15:37,494] [INFO] [fused_optimizer.py:383:_update_scale] 
Grad overflow on iteration 12326
[2023-08-23 03:15:37,494] [INFO] [fused_optimizer.py:385:_update_scale] Reducing dynamic loss scale from 16384.0 to 8192.0
[2023-08-23 03:15:37,494] [INFO] [fused_optimizer.py:383:_update_scale] 
Grad overflow on iteration 12326
[2023-08-23 03:15:37,495] [INFO] [fused_optimizer.py:385:_update_scale] Reducing dynamic loss scale from 16384.0 to 8192.0
[2023-08-23 03:15:37,516] [INFO] [fused_optimizer.py:383:_update_scale] 
Grad overflow on iteration 12326
[2023-08-23 03:15:37,516] [INFO] [fused_optimizer.py:385:_update_scale] Reducing dynamic loss scale from 16384.0 to 8192.0
TASK EPOCH: [45]  [250/269]  eta: 0:00:17  lr: 0.000008  min_lr: 0.000000  loss: 1.6921 (1.5952)  loss_scale: 8192.0000 (8616.2869)  weight_decay: 0.0500 (0.0500)  time: 0.8769  data: 0.0014  max mem: 21507
TASK EPOCH: [45]  [268/269]  eta: 0:00:00  lr: 0.000008  min_lr: 0.000000  loss: 1.5461 (1.5840)  loss_scale: 8192.0000 (8587.8959)  weight_decay: 0.0500 (0.0500)  time: 0.7987  data: 0.0006  max mem: 21507
TASK EPOCH: [45] Total time: 0:04:11 (0.9337 s / it)
Averaged stats: lr: 0.000008  min_lr: 0.000000  loss: 1.5461 (1.6057)  loss_scale: 8192.0000 (8587.8959)  weight_decay: 0.0500 (0.0500)
TASK EPOCH: [46]  [  0/269]  eta: 0:50:17  lr: 0.000008  min_lr: 0.000000  loss: 1.3311 (1.3311)  loss_scale: 8192.0000 (8192.0000)  weight_decay: 0.0500 (0.0500)  time: 11.2157  data: 5.4608  max mem: 21507
TASK EPOCH: [46]  [ 50/269]  eta: 0:04:02  lr: 0.000007  min_lr: 0.000000  loss: 1.3677 (1.5684)  loss_scale: 8192.0000 (8192.0000)  weight_decay: 0.0500 (0.0500)  time: 0.8897  data: 0.0014  max mem: 21507
[2023-08-23 03:17:41,359] [INFO] [fused_optimizer.py:394:_update_scale] No Grad overflow for 128 iterations
[2023-08-23 03:17:41,359] [INFO] [fused_optimizer.py:396:_update_scale] Increasing dynamic loss scale from 8192.0 to 16384.0
[2023-08-23 03:17:41,360] [INFO] [fused_optimizer.py:394:_update_scale] No Grad overflow for 128 iterations
[2023-08-23 03:17:41,360] [INFO] [fused_optimizer.py:394:_update_scale] No Grad overflow for 128 iterations
[2023-08-23 03:17:41,360] [INFO] [fused_optimizer.py:396:_update_scale] Increasing dynamic loss scale from 8192.0 to 16384.0
[2023-08-23 03:17:41,360] [INFO] [fused_optimizer.py:396:_update_scale] Increasing dynamic loss scale from 8192.0 to 16384.0
[2023-08-23 03:17:41,360] [INFO] [fused_optimizer.py:394:_update_scale] No Grad overflow for 128 iterations
[2023-08-23 03:17:41,360] [INFO] [fused_optimizer.py:394:_update_scale] No Grad overflow for 128 iterations
[2023-08-23 03:17:41,361] [INFO] [fused_optimizer.py:396:_update_scale] Increasing dynamic loss scale from 8192.0 to 16384.0
[2023-08-23 03:17:41,361] [INFO] [fused_optimizer.py:396:_update_scale] Increasing dynamic loss scale from 8192.0 to 16384.0
[2023-08-23 03:17:41,363] [INFO] [fused_optimizer.py:394:_update_scale] No Grad overflow for 128 iterations
[2023-08-23 03:17:41,363] [INFO] [fused_optimizer.py:396:_update_scale] Increasing dynamic loss scale from 8192.0 to 16384.0
[2023-08-23 03:17:48,326] [INFO] [fused_optimizer.py:383:_update_scale] 
Grad overflow on iteration 12463
[2023-08-23 03:17:48,326] [INFO] [fused_optimizer.py:383:_update_scale] 
Grad overflow on iteration 12463
[2023-08-23 03:17:48,326] [INFO] [fused_optimizer.py:385:_update_scale] Reducing dynamic loss scale from 16384.0 to 8192.0
[2023-08-23 03:17:48,327] [INFO] [fused_optimizer.py:385:_update_scale] Reducing dynamic loss scale from 16384.0 to 8192.0
[2023-08-23 03:17:48,327] [INFO] [logging.py:77:log_dist] [Rank 0] Overflow detected. Skipping step. Attempted loss scale: 16384.0, reducing to 8192.0
[2023-08-23 03:17:48,327] [INFO] [fused_optimizer.py:383:_update_scale] 
Grad overflow on iteration 12463
[2023-08-23 03:17:48,328] [INFO] [fused_optimizer.py:385:_update_scale] Reducing dynamic loss scale from 16384.0 to 8192.0
[2023-08-23 03:17:48,330] [INFO] [fused_optimizer.py:383:_update_scale] 
Grad overflow on iteration 12463
[2023-08-23 03:17:48,330] [INFO] [fused_optimizer.py:385:_update_scale] Reducing dynamic loss scale from 16384.0 to 8192.0
[2023-08-23 03:17:48,331] [INFO] [fused_optimizer.py:383:_update_scale] 
Grad overflow on iteration 12463
[2023-08-23 03:17:48,332] [INFO] [fused_optimizer.py:385:_update_scale] Reducing dynamic loss scale from 16384.0 to 8192.0
[2023-08-23 03:17:48,332] [INFO] [fused_optimizer.py:383:_update_scale] 
Grad overflow on iteration 12463
[2023-08-23 03:17:48,333] [INFO] [fused_optimizer.py:385:_update_scale] Reducing dynamic loss scale from 16384.0 to 8192.0
TASK EPOCH: [46]  [100/269]  eta: 0:02:48  lr: 0.000006  min_lr: 0.000000  loss: 1.6661 (1.5585)  loss_scale: 8192.0000 (8840.8713)  weight_decay: 0.0500 (0.0500)  time: 0.8767  data: 0.0013  max mem: 21507
TASK EPOCH: [46]  [150/269]  eta: 0:01:54  lr: 0.000006  min_lr: 0.000000  loss: 1.7426 (1.5805)  loss_scale: 8192.0000 (8626.0132)  weight_decay: 0.0500 (0.0500)  time: 0.9186  data: 0.0014  max mem: 21507
TASK EPOCH: [46]  [200/269]  eta: 0:01:05  lr: 0.000005  min_lr: 0.000000  loss: 1.7269 (1.5840)  loss_scale: 8192.0000 (8518.0498)  weight_decay: 0.0500 (0.0500)  time: 0.8821  data: 0.0022  max mem: 21507
[2023-08-23 03:19:43,322] [INFO] [fused_optimizer.py:394:_update_scale] No Grad overflow for 128 iterations
[2023-08-23 03:19:43,322] [INFO] [fused_optimizer.py:396:_update_scale] Increasing dynamic loss scale from 8192.0 to 16384.0
[2023-08-23 03:19:43,322] [INFO] [fused_optimizer.py:394:_update_scale] No Grad overflow for 128 iterations
[2023-08-23 03:19:43,322] [INFO] [fused_optimizer.py:394:_update_scale] No Grad overflow for 128 iterations
[2023-08-23 03:19:43,323] [INFO] [fused_optimizer.py:396:_update_scale] Increasing dynamic loss scale from 8192.0 to 16384.0
[2023-08-23 03:19:43,323] [INFO] [fused_optimizer.py:396:_update_scale] Increasing dynamic loss scale from 8192.0 to 16384.0
[2023-08-23 03:19:43,322] [INFO] [fused_optimizer.py:394:_update_scale] No Grad overflow for 128 iterations
[2023-08-23 03:19:43,323] [INFO] [fused_optimizer.py:396:_update_scale] Increasing dynamic loss scale from 8192.0 to 16384.0
[2023-08-23 03:19:43,326] [INFO] [fused_optimizer.py:394:_update_scale] No Grad overflow for 128 iterations
[2023-08-23 03:19:43,326] [INFO] [fused_optimizer.py:396:_update_scale] Increasing dynamic loss scale from 8192.0 to 16384.0
[2023-08-23 03:19:43,339] [INFO] [fused_optimizer.py:394:_update_scale] No Grad overflow for 128 iterations
[2023-08-23 03:19:43,339] [INFO] [fused_optimizer.py:396:_update_scale] Increasing dynamic loss scale from 8192.0 to 16384.0
[2023-08-23 03:19:49,404] [INFO] [fused_optimizer.py:383:_update_scale] 
Grad overflow on iteration 12599
[2023-08-23 03:19:49,404] [INFO] [fused_optimizer.py:383:_update_scale] 
Grad overflow on iteration 12599
[2023-08-23 03:19:49,404] [INFO] [fused_optimizer.py:385:_update_scale] Reducing dynamic loss scale from 16384.0 to 8192.0
[2023-08-23 03:19:49,405] [INFO] [fused_optimizer.py:385:_update_scale] Reducing dynamic loss scale from 16384.0 to 8192.0
[2023-08-23 03:19:49,405] [INFO] [logging.py:77:log_dist] [Rank 0] Overflow detected. Skipping step. Attempted loss scale: 16384.0, reducing to 8192.0
[2023-08-23 03:19:49,405] [INFO] [fused_optimizer.py:383:_update_scale] 
Grad overflow on iteration 12599
[2023-08-23 03:19:49,405] [INFO] [fused_optimizer.py:383:_update_scale] 
Grad overflow on iteration 12599
[2023-08-23 03:19:49,405] [INFO] [fused_optimizer.py:385:_update_scale] Reducing dynamic loss scale from 16384.0 to 8192.0
[2023-08-23 03:19:49,405] [INFO] [fused_optimizer.py:385:_update_scale] Reducing dynamic loss scale from 16384.0 to 8192.0
[2023-08-23 03:19:49,405] [INFO] [fused_optimizer.py:383:_update_scale] 
Grad overflow on iteration 12599
[2023-08-23 03:19:49,405] [INFO] [fused_optimizer.py:385:_update_scale] Reducing dynamic loss scale from 16384.0 to 8192.0
[2023-08-23 03:19:49,406] [INFO] [fused_optimizer.py:383:_update_scale] 
Grad overflow on iteration 12599
[2023-08-23 03:19:49,406] [INFO] [fused_optimizer.py:385:_update_scale] Reducing dynamic loss scale from 16384.0 to 8192.0
TASK EPOCH: [46]  [250/269]  eta: 0:00:17  lr: 0.000005  min_lr: 0.000000  loss: 1.6981 (1.6038)  loss_scale: 8192.0000 (8681.5618)  weight_decay: 0.0500 (0.0500)  time: 0.8626  data: 0.0013  max mem: 21507
TASK EPOCH: [46]  [268/269]  eta: 0:00:00  lr: 0.000004  min_lr: 0.000000  loss: 1.6727 (1.6073)  loss_scale: 8192.0000 (8648.8030)  weight_decay: 0.0500 (0.0500)  time: 0.7974  data: 0.0006  max mem: 21507
TASK EPOCH: [46] Total time: 0:04:08 (0.9220 s / it)
Averaged stats: lr: 0.000004  min_lr: 0.000000  loss: 1.6727 (1.6025)  loss_scale: 8192.0000 (8648.8030)  weight_decay: 0.0500 (0.0500)
TASK EPOCH: [47]  [  0/269]  eta: 0:43:38  lr: 0.000004  min_lr: 0.000000  loss: 1.3022 (1.3022)  loss_scale: 8192.0000 (8192.0000)  weight_decay: 0.0500 (0.0500)  time: 9.7358  data: 5.5481  max mem: 21507
TASK EPOCH: [47]  [ 50/269]  eta: 0:04:02  lr: 0.000004  min_lr: 0.000000  loss: 1.7296 (1.6628)  loss_scale: 8192.0000 (8192.0000)  weight_decay: 0.0500 (0.0500)  time: 0.9396  data: 0.0018  max mem: 21507
[2023-08-23 03:21:54,385] [INFO] [fused_optimizer.py:394:_update_scale] No Grad overflow for 128 iterations
[2023-08-23 03:21:54,385] [INFO] [fused_optimizer.py:396:_update_scale] Increasing dynamic loss scale from 8192.0 to 16384.0
[2023-08-23 03:21:54,385] [INFO] [fused_optimizer.py:394:_update_scale] No Grad overflow for 128 iterations
[2023-08-23 03:21:54,386] [INFO] [fused_optimizer.py:396:_update_scale] Increasing dynamic loss scale from 8192.0 to 16384.0
[2023-08-23 03:21:54,388] [INFO] [fused_optimizer.py:394:_update_scale] No Grad overflow for 128 iterations
[2023-08-23 03:21:54,389] [INFO] [fused_optimizer.py:396:_update_scale] Increasing dynamic loss scale from 8192.0 to 16384.0
[2023-08-23 03:21:54,397] [INFO] [fused_optimizer.py:394:_update_scale] No Grad overflow for 128 iterations
[2023-08-23 03:21:54,399] [INFO] [fused_optimizer.py:396:_update_scale] Increasing dynamic loss scale from 8192.0 to 16384.0
[2023-08-23 03:21:54,399] [INFO] [fused_optimizer.py:394:_update_scale] No Grad overflow for 128 iterations
[2023-08-23 03:21:54,400] [INFO] [fused_optimizer.py:396:_update_scale] Increasing dynamic loss scale from 8192.0 to 16384.0
[2023-08-23 03:21:54,408] [INFO] [fused_optimizer.py:394:_update_scale] No Grad overflow for 128 iterations
[2023-08-23 03:21:54,409] [INFO] [fused_optimizer.py:396:_update_scale] Increasing dynamic loss scale from 8192.0 to 16384.0
TASK EPOCH: [47]  [100/269]  eta: 0:02:50  lr: 0.000004  min_lr: 0.000000  loss: 1.6614 (1.6547)  loss_scale: 16384.0000 (9489.7426)  weight_decay: 0.0500 (0.0500)  time: 0.8816  data: 0.0016  max mem: 21507
[2023-08-23 03:22:27,733] [INFO] [fused_optimizer.py:383:_update_scale] 
Grad overflow on iteration 12765
[2023-08-23 03:22:27,733] [INFO] [fused_optimizer.py:385:_update_scale] Reducing dynamic loss scale from 16384.0 to 8192.0
[2023-08-23 03:22:27,733] [INFO] [fused_optimizer.py:383:_update_scale] 
Grad overflow on iteration 12765
[2023-08-23 03:22:27,733] [INFO] [logging.py:77:log_dist] [Rank 0] Overflow detected. Skipping step. Attempted loss scale: 16384.0, reducing to 8192.0
[2023-08-23 03:22:27,733] [INFO] [fused_optimizer.py:385:_update_scale] Reducing dynamic loss scale from 16384.0 to 8192.0
[2023-08-23 03:22:27,733] [INFO] [fused_optimizer.py:383:_update_scale] 
Grad overflow on iteration 12765
[2023-08-23 03:22:27,734] [INFO] [fused_optimizer.py:385:_update_scale] Reducing dynamic loss scale from 16384.0 to 8192.0
[2023-08-23 03:22:27,734] [INFO] [fused_optimizer.py:383:_update_scale] 
Grad overflow on iteration 12765
[2023-08-23 03:22:27,734] [INFO] [fused_optimizer.py:383:_update_scale] 
Grad overflow on iteration 12765
[2023-08-23 03:22:27,734] [INFO] [fused_optimizer.py:385:_update_scale] Reducing dynamic loss scale from 16384.0 to 8192.0
[2023-08-23 03:22:27,734] [INFO] [fused_optimizer.py:385:_update_scale] Reducing dynamic loss scale from 16384.0 to 8192.0
[2023-08-23 03:22:27,748] [INFO] [fused_optimizer.py:383:_update_scale] 
Grad overflow on iteration 12765
[2023-08-23 03:22:27,748] [INFO] [fused_optimizer.py:385:_update_scale] Reducing dynamic loss scale from 16384.0 to 8192.0
TASK EPOCH: [47]  [150/269]  eta: 0:01:55  lr: 0.000003  min_lr: 0.000000  loss: 1.3539 (1.6206)  loss_scale: 8192.0000 (10199.3113)  weight_decay: 0.0500 (0.0500)  time: 0.8963  data: 0.0013  max mem: 21507
TASK EPOCH: [47]  [200/269]  eta: 0:01:05  lr: 0.000003  min_lr: 0.000000  loss: 1.7179 (1.6219)  loss_scale: 8192.0000 (9699.9801)  weight_decay: 0.0500 (0.0500)  time: 0.8670  data: 0.0014  max mem: 21507
TASK EPOCH: [47]  [250/269]  eta: 0:00:17  lr: 0.000002  min_lr: 0.000000  loss: 1.6568 (1.6366)  loss_scale: 8192.0000 (9399.5857)  weight_decay: 0.0500 (0.0500)  time: 0.8652  data: 0.0012  max mem: 21507
[2023-08-23 03:24:19,962] [INFO] [fused_optimizer.py:394:_update_scale] No Grad overflow for 128 iterations
[2023-08-23 03:24:19,963] [INFO] [fused_optimizer.py:396:_update_scale] Increasing dynamic loss scale from 8192.0 to 16384.0
[2023-08-23 03:24:19,964] [INFO] [fused_optimizer.py:394:_update_scale] No Grad overflow for 128 iterations
[2023-08-23 03:24:19,964] [INFO] [fused_optimizer.py:396:_update_scale] Increasing dynamic loss scale from 8192.0 to 16384.0
[2023-08-23 03:24:19,964] [INFO] [fused_optimizer.py:394:_update_scale] No Grad overflow for 128 iterations
[2023-08-23 03:24:19,964] [INFO] [fused_optimizer.py:396:_update_scale] Increasing dynamic loss scale from 8192.0 to 16384.0
[2023-08-23 03:24:19,964] [INFO] [fused_optimizer.py:394:_update_scale] No Grad overflow for 128 iterations
[2023-08-23 03:24:19,964] [INFO] [fused_optimizer.py:396:_update_scale] Increasing dynamic loss scale from 8192.0 to 16384.0
[2023-08-23 03:24:19,965] [INFO] [fused_optimizer.py:394:_update_scale] No Grad overflow for 128 iterations
[2023-08-23 03:24:19,965] [INFO] [fused_optimizer.py:396:_update_scale] Increasing dynamic loss scale from 8192.0 to 16384.0
[2023-08-23 03:24:19,965] [INFO] [fused_optimizer.py:394:_update_scale] No Grad overflow for 128 iterations
[2023-08-23 03:24:19,965] [INFO] [fused_optimizer.py:396:_update_scale] Increasing dynamic loss scale from 8192.0 to 16384.0
TASK EPOCH: [47]  [268/269]  eta: 0:00:00  lr: 0.000002  min_lr: 0.000000  loss: 1.7712 (1.6371)  loss_scale: 16384.0000 (9866.9442)  weight_decay: 0.0500 (0.0500)  time: 0.7986  data: 0.0006  max mem: 21507
TASK EPOCH: [47] Total time: 0:04:07 (0.9217 s / it)
Averaged stats: lr: 0.000002  min_lr: 0.000000  loss: 1.7712 (1.6144)  loss_scale: 16384.0000 (9866.9442)  weight_decay: 0.0500 (0.0500)
TASK EPOCH: [48]  [  0/269]  eta: 0:45:26  lr: 0.000002  min_lr: 0.000000  loss: 1.8817 (1.8817)  loss_scale: 16384.0000 (16384.0000)  weight_decay: 0.0500 (0.0500)  time: 10.1351  data: 4.4674  max mem: 21507
[2023-08-23 03:24:48,224] [INFO] [fused_optimizer.py:383:_update_scale] 
Grad overflow on iteration 12917
[2023-08-23 03:24:48,224] [INFO] [fused_optimizer.py:385:_update_scale] Reducing dynamic loss scale from 16384.0 to 8192.0
[2023-08-23 03:24:48,224] [INFO] [logging.py:77:log_dist] [Rank 0] Overflow detected. Skipping step. Attempted loss scale: 16384.0, reducing to 8192.0
[2023-08-23 03:24:48,225] [INFO] [fused_optimizer.py:383:_update_scale] 
Grad overflow on iteration 12917
[2023-08-23 03:24:48,225] [INFO] [fused_optimizer.py:383:_update_scale] 
Grad overflow on iteration 12917
[2023-08-23 03:24:48,226] [INFO] [fused_optimizer.py:385:_update_scale] Reducing dynamic loss scale from 16384.0 to 8192.0
[2023-08-23 03:24:48,226] [INFO] [fused_optimizer.py:385:_update_scale] Reducing dynamic loss scale from 16384.0 to 8192.0
[2023-08-23 03:24:48,234] [INFO] [fused_optimizer.py:383:_update_scale] 
Grad overflow on iteration 12917
[2023-08-23 03:24:48,234] [INFO] [fused_optimizer.py:385:_update_scale] Reducing dynamic loss scale from 16384.0 to 8192.0
[2023-08-23 03:24:48,238] [INFO] [fused_optimizer.py:383:_update_scale] 
Grad overflow on iteration 12917
[2023-08-23 03:24:48,239] [INFO] [fused_optimizer.py:385:_update_scale] Reducing dynamic loss scale from 16384.0 to 8192.0
[2023-08-23 03:24:48,240] [INFO] [fused_optimizer.py:383:_update_scale] 
Grad overflow on iteration 12917
[2023-08-23 03:24:48,240] [INFO] [fused_optimizer.py:385:_update_scale] Reducing dynamic loss scale from 16384.0 to 8192.0
TASK EPOCH: [48]  [ 50/269]  eta: 0:04:13  lr: 0.000002  min_lr: 0.000000  loss: 1.5178 (1.5448)  loss_scale: 8192.0000 (8995.1373)  weight_decay: 0.0500 (0.0500)  time: 1.0313  data: 0.0012  max mem: 21507
[2023-08-23 03:26:04,784] [INFO] [logging.py:77:log_dist] [Rank 0] step=13000, skipped=87, lr=[3.935709881230003e-08, 3.935709881230003e-08, 5.247613174973337e-08, 5.247613174973337e-08, 6.996817566631117e-08, 6.996817566631117e-08, 9.329090088841488e-08, 9.329090088841488e-08, 1.2438786785121984e-07, 1.2438786785121984e-07, 1.6585049046829312e-07, 1.6585049046829312e-07, 2.2113398729105752e-07, 2.2113398729105752e-07, 2.948453163880767e-07, 2.948453163880767e-07, 3.931270885174356e-07, 3.931270885174356e-07, 5.241694513565808e-07, 5.241694513565808e-07, 6.988926018087743e-07, 6.988926018087743e-07, 9.318568024116991e-07, 9.318568024116991e-07, 1.2424757365489322e-06, 1.2424757365489322e-06, 1.6566343153985762e-06, 1.6566343153985762e-06], mom=[[0.9, 0.999], [0.9, 0.999], [0.9, 0.999], [0.9, 0.999], [0.9, 0.999], [0.9, 0.999], [0.9, 0.999], [0.9, 0.999], [0.9, 0.999], [0.9, 0.999], [0.9, 0.999], [0.9, 0.999], [0.9, 0.999], [0.9, 0.999], [0.9, 0.999], [0.9, 0.999], [0.9, 0.999], [0.9, 0.999], [0.9, 0.999], [0.9, 0.999], [0.9, 0.999], [0.9, 0.999], [0.9, 0.999], [0.9, 0.999], [0.9, 0.999], [0.9, 0.999], [0.9, 0.999], [0.9, 0.999]]
[2023-08-23 03:26:04,785] [INFO] [timer.py:209:stop] epoch=0/micro_step=13000/global_step=13000, RunningAvgSamplesPerSec=121.38767260323921, CurrSamplesPerSec=119.29284153805223, MemAllocated=1.24GB, MaxMemAllocated=21.0GB
TASK EPOCH: [48]  [100/269]  eta: 0:02:51  lr: 0.000002  min_lr: 0.000000  loss: 1.6277 (1.5602)  loss_scale: 8192.0000 (8597.5446)  weight_decay: 0.0500 (0.0500)  time: 0.8655  data: 0.0014  max mem: 21507
[2023-08-23 03:26:45,241] [INFO] [fused_optimizer.py:394:_update_scale] No Grad overflow for 128 iterations
[2023-08-23 03:26:45,241] [INFO] [fused_optimizer.py:396:_update_scale] Increasing dynamic loss scale from 8192.0 to 16384.0
[2023-08-23 03:26:45,242] [INFO] [fused_optimizer.py:394:_update_scale] No Grad overflow for 128 iterations
[2023-08-23 03:26:45,242] [INFO] [fused_optimizer.py:396:_update_scale] Increasing dynamic loss scale from 8192.0 to 16384.0
[2023-08-23 03:26:45,242] [INFO] [fused_optimizer.py:394:_update_scale] No Grad overflow for 128 iterations
[2023-08-23 03:26:45,243] [INFO] [fused_optimizer.py:396:_update_scale] Increasing dynamic loss scale from 8192.0 to 16384.0
[2023-08-23 03:26:45,243] [INFO] [fused_optimizer.py:394:_update_scale] No Grad overflow for 128 iterations
[2023-08-23 03:26:45,244] [INFO] [fused_optimizer.py:396:_update_scale] Increasing dynamic loss scale from 8192.0 to 16384.0
[2023-08-23 03:26:45,248] [INFO] [fused_optimizer.py:394:_update_scale] No Grad overflow for 128 iterations
[2023-08-23 03:26:45,249] [INFO] [fused_optimizer.py:396:_update_scale] Increasing dynamic loss scale from 8192.0 to 16384.0
[2023-08-23 03:26:45,262] [INFO] [fused_optimizer.py:394:_update_scale] No Grad overflow for 128 iterations
[2023-08-23 03:26:45,263] [INFO] [fused_optimizer.py:396:_update_scale] Increasing dynamic loss scale from 8192.0 to 16384.0
[2023-08-23 03:26:47,775] [INFO] [fused_optimizer.py:383:_update_scale] 
Grad overflow on iteration 13049
[2023-08-23 03:26:47,775] [INFO] [fused_optimizer.py:385:_update_scale] Reducing dynamic loss scale from 16384.0 to 8192.0
[2023-08-23 03:26:47,775] [INFO] [logging.py:77:log_dist] [Rank 0] Overflow detected. Skipping step. Attempted loss scale: 16384.0, reducing to 8192.0
[2023-08-23 03:26:47,775] [INFO] [fused_optimizer.py:383:_update_scale] 
Grad overflow on iteration 13049
[2023-08-23 03:26:47,775] [INFO] [fused_optimizer.py:383:_update_scale] 
Grad overflow on iteration 13049
[2023-08-23 03:26:47,775] [INFO] [fused_optimizer.py:383:_update_scale] 
Grad overflow on iteration 13049
[2023-08-23 03:26:47,775] [INFO] [fused_optimizer.py:385:_update_scale] Reducing dynamic loss scale from 16384.0 to 8192.0
[2023-08-23 03:26:47,775] [INFO] [fused_optimizer.py:385:_update_scale] Reducing dynamic loss scale from 16384.0 to 8192.0
[2023-08-23 03:26:47,775] [INFO] [fused_optimizer.py:385:_update_scale] Reducing dynamic loss scale from 16384.0 to 8192.0
[2023-08-23 03:26:47,775] [INFO] [fused_optimizer.py:383:_update_scale] 
Grad overflow on iteration 13049
[2023-08-23 03:26:47,776] [INFO] [fused_optimizer.py:385:_update_scale] Reducing dynamic loss scale from 16384.0 to 8192.0
[2023-08-23 03:26:47,777] [INFO] [fused_optimizer.py:383:_update_scale] 
Grad overflow on iteration 13049
[2023-08-23 03:26:47,777] [INFO] [fused_optimizer.py:385:_update_scale] Reducing dynamic loss scale from 16384.0 to 8192.0
TASK EPOCH: [48]  [150/269]  eta: 0:01:54  lr: 0.000001  min_lr: 0.000000  loss: 1.5994 (1.6166)  loss_scale: 8192.0000 (8626.0132)  weight_decay: 0.0500 (0.0500)  time: 0.8577  data: 0.0015  max mem: 21507
TASK EPOCH: [48]  [200/269]  eta: 0:01:04  lr: 0.000001  min_lr: 0.000000  loss: 1.6089 (1.5926)  loss_scale: 8192.0000 (8518.0498)  weight_decay: 0.0500 (0.0500)  time: 0.8633  data: 0.0031  max mem: 21507
[2023-08-23 03:27:50,504] [INFO] [fused_optimizer.py:383:_update_scale] 
Grad overflow on iteration 13122
[2023-08-23 03:27:50,504] [INFO] [fused_optimizer.py:385:_update_scale] Reducing dynamic loss scale from 8192.0 to 4096.0
[2023-08-23 03:27:50,504] [INFO] [logging.py:77:log_dist] [Rank 0] Overflow detected. Skipping step. Attempted loss scale: 8192.0, reducing to 4096.0
[2023-08-23 03:27:50,504] [INFO] [fused_optimizer.py:383:_update_scale] 
Grad overflow on iteration 13122
[2023-08-23 03:27:50,504] [INFO] [fused_optimizer.py:383:_update_scale] 
Grad overflow on iteration 13122
[2023-08-23 03:27:50,504] [INFO] [fused_optimizer.py:383:_update_scale] 
Grad overflow on iteration 13122
[2023-08-23 03:27:50,505] [INFO] [fused_optimizer.py:385:_update_scale] Reducing dynamic loss scale from 8192.0 to 4096.0
[2023-08-23 03:27:50,505] [INFO] [fused_optimizer.py:385:_update_scale] Reducing dynamic loss scale from 8192.0 to 4096.0
[2023-08-23 03:27:50,504] [INFO] [fused_optimizer.py:383:_update_scale] 
Grad overflow on iteration 13122
[2023-08-23 03:27:50,505] [INFO] [fused_optimizer.py:385:_update_scale] Reducing dynamic loss scale from 8192.0 to 4096.0
[2023-08-23 03:27:50,505] [INFO] [fused_optimizer.py:385:_update_scale] Reducing dynamic loss scale from 8192.0 to 4096.0
[2023-08-23 03:27:50,504] [INFO] [fused_optimizer.py:383:_update_scale] 
Grad overflow on iteration 13122
[2023-08-23 03:27:50,505] [INFO] [fused_optimizer.py:385:_update_scale] Reducing dynamic loss scale from 8192.0 to 4096.0
TASK EPOCH: [48]  [250/269]  eta: 0:00:17  lr: 0.000001  min_lr: 0.000000  loss: 1.7777 (1.6016)  loss_scale: 4096.0000 (7784.0319)  weight_decay: 0.0500 (0.0500)  time: 0.8500  data: 0.0014  max mem: 21507
TASK EPOCH: [48]  [268/269]  eta: 0:00:00  lr: 0.000001  min_lr: 0.000000  loss: 1.5233 (1.5913)  loss_scale: 4096.0000 (7537.2491)  weight_decay: 0.0500 (0.0500)  time: 0.7904  data: 0.0006  max mem: 21507
TASK EPOCH: [48] Total time: 0:04:05 (0.9128 s / it)
Averaged stats: lr: 0.000001  min_lr: 0.000000  loss: 1.5233 (1.6108)  loss_scale: 4096.0000 (7537.2491)  weight_decay: 0.0500 (0.0500)
TASK EPOCH: [49]  [  0/269]  eta: 0:46:14  lr: 0.000001  min_lr: 0.000000  loss: 2.4807 (2.4807)  loss_scale: 4096.0000 (4096.0000)  weight_decay: 0.0500 (0.0500)  time: 10.3132  data: 9.0806  max mem: 21507
TASK EPOCH: [49]  [ 50/269]  eta: 0:04:09  lr: 0.000001  min_lr: 0.000000  loss: 1.6045 (1.6326)  loss_scale: 4096.0000 (4096.0000)  weight_decay: 0.0500 (0.0500)  time: 0.8956  data: 0.0015  max mem: 21507
[2023-08-23 03:29:54,762] [INFO] [fused_optimizer.py:394:_update_scale] No Grad overflow for 128 iterations
[2023-08-23 03:29:54,763] [INFO] [fused_optimizer.py:396:_update_scale] Increasing dynamic loss scale from 4096.0 to 8192.0
[2023-08-23 03:29:54,764] [INFO] [fused_optimizer.py:394:_update_scale] No Grad overflow for 128 iterations
[2023-08-23 03:29:54,764] [INFO] [fused_optimizer.py:396:_update_scale] Increasing dynamic loss scale from 4096.0 to 8192.0
[2023-08-23 03:29:54,766] [INFO] [fused_optimizer.py:394:_update_scale] No Grad overflow for 128 iterations
[2023-08-23 03:29:54,766] [INFO] [fused_optimizer.py:396:_update_scale] Increasing dynamic loss scale from 4096.0 to 8192.0
[2023-08-23 03:29:54,766] [INFO] [fused_optimizer.py:394:_update_scale] No Grad overflow for 128 iterations
[2023-08-23 03:29:54,767] [INFO] [fused_optimizer.py:396:_update_scale] Increasing dynamic loss scale from 4096.0 to 8192.0
[2023-08-23 03:29:54,777] [INFO] [fused_optimizer.py:394:_update_scale] No Grad overflow for 128 iterations
[2023-08-23 03:29:54,777] [INFO] [fused_optimizer.py:396:_update_scale] Increasing dynamic loss scale from 4096.0 to 8192.0
[2023-08-23 03:29:54,782] [INFO] [fused_optimizer.py:394:_update_scale] No Grad overflow for 128 iterations
[2023-08-23 03:29:54,782] [INFO] [fused_optimizer.py:396:_update_scale] Increasing dynamic loss scale from 4096.0 to 8192.0
TASK EPOCH: [49]  [100/269]  eta: 0:02:50  lr: 0.000001  min_lr: 0.000000  loss: 1.4174 (1.6179)  loss_scale: 8192.0000 (5353.1881)  weight_decay: 0.0500 (0.0500)  time: 0.8967  data: 0.0012  max mem: 21507
TASK EPOCH: [49]  [150/269]  eta: 0:01:55  lr: 0.000000  min_lr: 0.000000  loss: 1.5963 (1.5838)  loss_scale: 8192.0000 (6293.1921)  weight_decay: 0.0500 (0.0500)  time: 0.8810  data: 0.0015  max mem: 21507
[2023-08-23 03:31:46,985] [INFO] [fused_optimizer.py:394:_update_scale] No Grad overflow for 128 iterations
[2023-08-23 03:31:46,985] [INFO] [fused_optimizer.py:394:_update_scale] No Grad overflow for 128 iterations
[2023-08-23 03:31:46,985] [INFO] [fused_optimizer.py:396:_update_scale] Increasing dynamic loss scale from 8192.0 to 16384.0
[2023-08-23 03:31:46,985] [INFO] [fused_optimizer.py:396:_update_scale] Increasing dynamic loss scale from 8192.0 to 16384.0
[2023-08-23 03:31:46,985] [INFO] [fused_optimizer.py:394:_update_scale] No Grad overflow for 128 iterations
[2023-08-23 03:31:46,986] [INFO] [fused_optimizer.py:396:_update_scale] Increasing dynamic loss scale from 8192.0 to 16384.0
[2023-08-23 03:31:46,987] [INFO] [fused_optimizer.py:394:_update_scale] No Grad overflow for 128 iterations
[2023-08-23 03:31:46,987] [INFO] [fused_optimizer.py:396:_update_scale] Increasing dynamic loss scale from 8192.0 to 16384.0
[2023-08-23 03:31:46,990] [INFO] [fused_optimizer.py:394:_update_scale] No Grad overflow for 128 iterations
[2023-08-23 03:31:46,990] [INFO] [fused_optimizer.py:396:_update_scale] Increasing dynamic loss scale from 8192.0 to 16384.0
[2023-08-23 03:31:46,990] [INFO] [fused_optimizer.py:394:_update_scale] No Grad overflow for 128 iterations
[2023-08-23 03:31:46,991] [INFO] [fused_optimizer.py:396:_update_scale] Increasing dynamic loss scale from 8192.0 to 16384.0
TASK EPOCH: [49]  [200/269]  eta: 0:01:05  lr: 0.000000  min_lr: 0.000000  loss: 1.7036 (1.5935)  loss_scale: 8192.0000 (6887.8010)  weight_decay: 0.0500 (0.0500)  time: 0.8594  data: 0.0014  max mem: 21507
[2023-08-23 03:31:56,497] [INFO] [fused_optimizer.py:383:_update_scale] 
Grad overflow on iteration 13390
[2023-08-23 03:31:56,497] [INFO] [fused_optimizer.py:385:_update_scale] Reducing dynamic loss scale from 16384.0 to 8192.0
[2023-08-23 03:31:56,497] [INFO] [logging.py:77:log_dist] [Rank 0] Overflow detected. Skipping step. Attempted loss scale: 16384.0, reducing to 8192.0
[2023-08-23 03:31:56,498] [INFO] [fused_optimizer.py:383:_update_scale] 
Grad overflow on iteration 13390
[2023-08-23 03:31:56,498] [INFO] [fused_optimizer.py:385:_update_scale] Reducing dynamic loss scale from 16384.0 to 8192.0
[2023-08-23 03:31:56,499] [INFO] [fused_optimizer.py:383:_update_scale] 
Grad overflow on iteration 13390
[2023-08-23 03:31:56,499] [INFO] [fused_optimizer.py:385:_update_scale] Reducing dynamic loss scale from 16384.0 to 8192.0
[2023-08-23 03:31:56,500] [INFO] [fused_optimizer.py:383:_update_scale] 
Grad overflow on iteration 13390
[2023-08-23 03:31:56,500] [INFO] [fused_optimizer.py:385:_update_scale] Reducing dynamic loss scale from 16384.0 to 8192.0
[2023-08-23 03:31:56,501] [INFO] [fused_optimizer.py:383:_update_scale] 
Grad overflow on iteration 13390
[2023-08-23 03:31:56,501] [INFO] [fused_optimizer.py:383:_update_scale] 
Grad overflow on iteration 13390
[2023-08-23 03:31:56,502] [INFO] [fused_optimizer.py:385:_update_scale] Reducing dynamic loss scale from 16384.0 to 8192.0
[2023-08-23 03:31:56,502] [INFO] [fused_optimizer.py:385:_update_scale] Reducing dynamic loss scale from 16384.0 to 8192.0
TASK EPOCH: [49]  [250/269]  eta: 0:00:17  lr: 0.000000  min_lr: 0.000000  loss: 1.7021 (1.5720)  loss_scale: 8192.0000 (7408.7012)  weight_decay: 0.0500 (0.0500)  time: 0.8639  data: 0.0019  max mem: 21507
TASK EPOCH: [49]  [268/269]  eta: 0:00:00  lr: 0.000000  min_lr: 0.000000  loss: 1.7313 (1.5841)  loss_scale: 8192.0000 (7461.1152)  weight_decay: 0.0500 (0.0500)  time: 0.7937  data: 0.0007  max mem: 21507
TASK EPOCH: [49] Total time: 0:04:07 (0.9187 s / it)
Averaged stats: lr: 0.000000  min_lr: 0.000000  loss: 1.7313 (1.6143)  loss_scale: 8192.0000 (7461.1152)  weight_decay: 0.0500 (0.0500)
--------------------
--------------------
start rehearsal training for 30 epochs 
Rehearsal EPOCH: [0]  [ 0/41]  eta: 0:08:03  lr: 0.000000  min_lr: 0.000000  loss: 1.2097 (1.2097)  loss_scale: 8192.0000 (8192.0000)  weight_decay: 0.0500 (0.0500)  time: 11.7965  data: 11.0746  max mem: 21507
Rehearsal EPOCH: [0]  [40/41]  eta: 0:00:01  lr: 0.000074  min_lr: 0.000002  loss: 1.6953 (1.6434)  loss_scale: 8192.0000 (8192.0000)  weight_decay: 0.0500 (0.0500)  time: 0.7949  data: 0.0006  max mem: 21507
Rehearsal EPOCH: [0] Total time: 0:00:46 (1.1371 s / it)
Averaged stats: lr: 0.000074  min_lr: 0.000002  loss: 1.6953 (1.6120)  loss_scale: 8192.0000 (8192.0000)  weight_decay: 0.0500 (0.0500)
valid len dataloader task : 1 || len_loader 14
Val:  [ 0/14]  eta: 0:01:15  loss: 1.0513 (1.0513)  acc1: 79.1667 (79.1667)  acc5: 100.0000 (100.0000)  time: 5.3917  data: 4.6675  max mem: 21507
Val:  [10/14]  eta: 0:00:03  loss: 1.0882 (1.2105)  acc1: 83.3333 (82.1970)  acc5: 95.8333 (93.5606)  time: 0.9722  data: 0.4245  max mem: 21507
Val:  [13/14]  eta: 0:00:00  loss: 1.0882 (1.2644)  acc1: 83.3333 (81.3253)  acc5: 91.6667 (92.4699)  time: 0.8683  data: 0.3336  max mem: 21507
Val: Total time: 0:00:12 (0.8779 s / it)
Val: Current task task : 1/1
* Acc@1 82.380 Acc@5 94.177 loss 1.191
[VAL-REHEARSAL][1] TOTAL Accuracy of the network on the  val videos: 82.38%
[2023-08-23 03:33:49,810] [INFO] [logging.py:77:log_dist] [Rank 0] [Torch] Checkpoint checkpoint-best_rehearsal is begin to save!
[2023-08-23 03:33:49,813] [INFO] [torch_checkpoint_engine.py:29:commit] [Torch] Checkpoint checkpoint-best_rehearsal is ready now!
[2023-08-23 03:33:49,814] [INFO] [torch_checkpoint_engine.py:29:commit] [Torch] Checkpoint checkpoint-best_rehearsal is ready now!
[2023-08-23 03:33:49,814] [INFO] [torch_checkpoint_engine.py:29:commit] [Torch] Checkpoint checkpoint-best_rehearsal is ready now!
[2023-08-23 03:33:49,814] [INFO] [torch_checkpoint_engine.py:29:commit] [Torch] Checkpoint checkpoint-best_rehearsal is ready now!
[2023-08-23 03:33:49,815] [INFO] [logging.py:77:log_dist] [Rank 0] Saving model checkpoint: logs/kinetics_10/35/checkpoint-best_rehearsal/mp_rank_00_model_states.pt
[2023-08-23 03:33:49,815] [INFO] [torch_checkpoint_engine.py:17:save] [Torch] Saving logs/kinetics_10/35/checkpoint-best_rehearsal/mp_rank_00_model_states.pt...
[2023-08-23 03:33:49,816] [INFO] [torch_checkpoint_engine.py:29:commit] [Torch] Checkpoint checkpoint-best_rehearsal is ready now!
[2023-08-23 03:33:52,373] [INFO] [torch_checkpoint_engine.py:19:save] [Torch] Saved logs/kinetics_10/35/checkpoint-best_rehearsal/mp_rank_00_model_states.pt.
[2023-08-23 03:33:52,373] [INFO] [torch_checkpoint_engine.py:29:commit] [Torch] Checkpoint checkpoint-best_rehearsal is ready now!
Max total accuracy: 82.38%
Rehearsal EPOCH: [1]  [ 0/41]  eta: 0:06:58  lr: 0.000075  min_lr: 0.000002  loss: 2.3884 (2.3884)  loss_scale: 8192.0000 (8192.0000)  weight_decay: 0.0500 (0.0500)  time: 10.2137  data: 6.0221  max mem: 21507
Traceback (most recent call last):
  File "run_cil.py", line 505, in <module>
    main(opts, ds_init)
  File "run_cil.py", line 434, in main
    num_training_steps_per_epoch=num_rehearsal_training_steps_per_epoch, update_freq=args.update_freq,current_classes=current_classes,header='Rehearsal EPOCH'
  File "/data/bkh178/framework/VideoMAE_cil/engine_for_finetuning.py", line 84, in train_one_epoch
    model.backward(loss)
  File "/data/bkh178/anaconda3/envs/videoMAE/lib/python3.7/site-packages/deepspeed/utils/nvtx.py", line 11, in wrapped_fn
    ret_val = func(*args, **kwargs)
  File "/data/bkh178/anaconda3/envs/videoMAE/lib/python3.7/site-packages/deepspeed/runtime/engine.py", line 1977, in backward
    self.optimizer.backward(loss, retain_graph=retain_graph)
  File "/data/bkh178/anaconda3/envs/videoMAE/lib/python3.7/site-packages/deepspeed/runtime/fp16/fused_optimizer.py", line 373, in backward
    scaled_loss.backward(create_graph=create_graph, retain_graph=retain_graph)
  File "/data/bkh178/anaconda3/envs/videoMAE/lib/python3.7/site-packages/torch/_tensor.py", line 489, in backward
    self, gradient, retain_graph, create_graph, inputs=inputs
  File "/data/bkh178/anaconda3/envs/videoMAE/lib/python3.7/site-packages/torch/autograd/__init__.py", line 199, in backward
    allow_unreachable=True, accumulate_grad=True)  # Calls into the C++ engine to run the backward pass
torch.cuda.OutOfMemoryError: CUDA out of memory. Tried to allocate 902.00 MiB (GPU 1; 23.68 GiB total capacity; 20.12 GiB already allocated; 552.12 MiB free; 21.66 GiB reserved in total by PyTorch) If reserved memory is >> allocated memory try setting max_split_size_mb to avoid fragmentation.  See documentation for Memory Management and PYTORCH_CUDA_ALLOC_CONF
Traceback (most recent call last):
  File "run_cil.py", line 505, in <module>
    main(opts, ds_init)
  File "run_cil.py", line 434, in main
    num_training_steps_per_epoch=num_rehearsal_training_steps_per_epoch, update_freq=args.update_freq,current_classes=current_classes,header='Rehearsal EPOCH'
  File "/data/bkh178/framework/VideoMAE_cil/engine_for_finetuning.py", line 84, in train_one_epoch
    model.backward(loss)
  File "/data/bkh178/anaconda3/envs/videoMAE/lib/python3.7/site-packages/deepspeed/utils/nvtx.py", line 11, in wrapped_fn
    ret_val = func(*args, **kwargs)
  File "/data/bkh178/anaconda3/envs/videoMAE/lib/python3.7/site-packages/deepspeed/runtime/engine.py", line 1977, in backward
    self.optimizer.backward(loss, retain_graph=retain_graph)
  File "/data/bkh178/anaconda3/envs/videoMAE/lib/python3.7/site-packages/deepspeed/runtime/fp16/fused_optimizer.py", line 373, in backward
    scaled_loss.backward(create_graph=create_graph, retain_graph=retain_graph)
  File "/data/bkh178/anaconda3/envs/videoMAE/lib/python3.7/site-packages/torch/_tensor.py", line 489, in backward
    self, gradient, retain_graph, create_graph, inputs=inputs
  File "/data/bkh178/anaconda3/envs/videoMAE/lib/python3.7/site-packages/torch/autograd/__init__.py", line 199, in backward
    allow_unreachable=True, accumulate_grad=True)  # Calls into the C++ engine to run the backward pass
torch.cuda.OutOfMemoryError: CUDA out of memory. Tried to allocate 902.00 MiB (GPU 2; 23.68 GiB total capacity; 20.12 GiB already allocated; 552.12 MiB free; 21.66 GiB reserved in total by PyTorch) If reserved memory is >> allocated memory try setting max_split_size_mb to avoid fragmentation.  See documentation for Memory Management and PYTORCH_CUDA_ALLOC_CONF
Traceback (most recent call last):
  File "run_cil.py", line 505, in <module>
    main(opts, ds_init)
  File "run_cil.py", line 434, in main
    num_training_steps_per_epoch=num_rehearsal_training_steps_per_epoch, update_freq=args.update_freq,current_classes=current_classes,header='Rehearsal EPOCH'
  File "/data/bkh178/framework/VideoMAE_cil/engine_for_finetuning.py", line 84, in train_one_epoch
    model.backward(loss)
  File "/data/bkh178/anaconda3/envs/videoMAE/lib/python3.7/site-packages/deepspeed/utils/nvtx.py", line 11, in wrapped_fn
    ret_val = func(*args, **kwargs)
  File "/data/bkh178/anaconda3/envs/videoMAE/lib/python3.7/site-packages/deepspeed/runtime/engine.py", line 1977, in backward
    self.optimizer.backward(loss, retain_graph=retain_graph)
  File "/data/bkh178/anaconda3/envs/videoMAE/lib/python3.7/site-packages/deepspeed/runtime/fp16/fused_optimizer.py", line 373, in backward
    scaled_loss.backward(create_graph=create_graph, retain_graph=retain_graph)
  File "/data/bkh178/anaconda3/envs/videoMAE/lib/python3.7/site-packages/torch/_tensor.py", line 489, in backward
    self, gradient, retain_graph, create_graph, inputs=inputs
  File "/data/bkh178/anaconda3/envs/videoMAE/lib/python3.7/site-packages/torch/autograd/__init__.py", line 199, in backward
    allow_unreachable=True, accumulate_grad=True)  # Calls into the C++ engine to run the backward pass
torch.cuda.OutOfMemoryError: CUDA out of memory. Tried to allocate 902.00 MiB (GPU 3; 23.68 GiB total capacity; 20.12 GiB already allocated; 552.12 MiB free; 21.66 GiB reserved in total by PyTorch) If reserved memory is >> allocated memory try setting max_split_size_mb to avoid fragmentation.  See documentation for Memory Management and PYTORCH_CUDA_ALLOC_CONF
Traceback (most recent call last):
  File "run_cil.py", line 505, in <module>
    main(opts, ds_init)
  File "run_cil.py", line 434, in main
    num_training_steps_per_epoch=num_rehearsal_training_steps_per_epoch, update_freq=args.update_freq,current_classes=current_classes,header='Rehearsal EPOCH'
  File "/data/bkh178/framework/VideoMAE_cil/engine_for_finetuning.py", line 84, in train_one_epoch
    model.backward(loss)
  File "/data/bkh178/anaconda3/envs/videoMAE/lib/python3.7/site-packages/deepspeed/utils/nvtx.py", line 11, in wrapped_fn
    ret_val = func(*args, **kwargs)
  File "/data/bkh178/anaconda3/envs/videoMAE/lib/python3.7/site-packages/deepspeed/runtime/engine.py", line 1977, in backward
    self.optimizer.backward(loss, retain_graph=retain_graph)
  File "/data/bkh178/anaconda3/envs/videoMAE/lib/python3.7/site-packages/deepspeed/runtime/fp16/fused_optimizer.py", line 373, in backward
    scaled_loss.backward(create_graph=create_graph, retain_graph=retain_graph)
  File "/data/bkh178/anaconda3/envs/videoMAE/lib/python3.7/site-packages/torch/_tensor.py", line 489, in backward
    self, gradient, retain_graph, create_graph, inputs=inputs
  File "/data/bkh178/anaconda3/envs/videoMAE/lib/python3.7/site-packages/torch/autograd/__init__.py", line 199, in backward
    allow_unreachable=True, accumulate_grad=True)  # Calls into the C++ engine to run the backward pass
torch.cuda.OutOfMemoryError: CUDA out of memory. Tried to allocate 902.00 MiB (GPU 4; 23.68 GiB total capacity; 20.12 GiB already allocated; 552.12 MiB free; 21.66 GiB reserved in total by PyTorch) If reserved memory is >> allocated memory try setting max_split_size_mb to avoid fragmentation.  See documentation for Memory Management and PYTORCH_CUDA_ALLOC_CONF
Traceback (most recent call last):
  File "run_cil.py", line 505, in <module>
    main(opts, ds_init)
  File "run_cil.py", line 434, in main
    num_training_steps_per_epoch=num_rehearsal_training_steps_per_epoch, update_freq=args.update_freq,current_classes=current_classes,header='Rehearsal EPOCH'
  File "/data/bkh178/framework/VideoMAE_cil/engine_for_finetuning.py", line 84, in train_one_epoch
    model.backward(loss)
  File "/data/bkh178/anaconda3/envs/videoMAE/lib/python3.7/site-packages/deepspeed/utils/nvtx.py", line 11, in wrapped_fn
    ret_val = func(*args, **kwargs)
  File "/data/bkh178/anaconda3/envs/videoMAE/lib/python3.7/site-packages/deepspeed/runtime/engine.py", line 1977, in backward
    self.optimizer.backward(loss, retain_graph=retain_graph)
  File "/data/bkh178/anaconda3/envs/videoMAE/lib/python3.7/site-packages/deepspeed/runtime/fp16/fused_optimizer.py", line 373, in backward
    scaled_loss.backward(create_graph=create_graph, retain_graph=retain_graph)
  File "/data/bkh178/anaconda3/envs/videoMAE/lib/python3.7/site-packages/torch/_tensor.py", line 489, in backward
    self, gradient, retain_graph, create_graph, inputs=inputs
  File "/data/bkh178/anaconda3/envs/videoMAE/lib/python3.7/site-packages/torch/autograd/__init__.py", line 199, in backward
    allow_unreachable=True, accumulate_grad=True)  # Calls into the C++ engine to run the backward pass
torch.cuda.OutOfMemoryError: CUDA out of memory. Tried to allocate 902.00 MiB (GPU 0; 23.68 GiB total capacity; 20.12 GiB already allocated; 560.12 MiB free; 21.66 GiB reserved in total by PyTorch) If reserved memory is >> allocated memory try setting max_split_size_mb to avoid fragmentation.  See documentation for Memory Management and PYTORCH_CUDA_ALLOC_CONF
Traceback (most recent call last):
  File "run_cil.py", line 505, in <module>
    main(opts, ds_init)
  File "run_cil.py", line 434, in main
    num_training_steps_per_epoch=num_rehearsal_training_steps_per_epoch, update_freq=args.update_freq,current_classes=current_classes,header='Rehearsal EPOCH'
  File "/data/bkh178/framework/VideoMAE_cil/engine_for_finetuning.py", line 84, in train_one_epoch
    model.backward(loss)
  File "/data/bkh178/anaconda3/envs/videoMAE/lib/python3.7/site-packages/deepspeed/utils/nvtx.py", line 11, in wrapped_fn
    ret_val = func(*args, **kwargs)
  File "/data/bkh178/anaconda3/envs/videoMAE/lib/python3.7/site-packages/deepspeed/runtime/engine.py", line 1977, in backward
    self.optimizer.backward(loss, retain_graph=retain_graph)
  File "/data/bkh178/anaconda3/envs/videoMAE/lib/python3.7/site-packages/deepspeed/runtime/fp16/fused_optimizer.py", line 373, in backward
    scaled_loss.backward(create_graph=create_graph, retain_graph=retain_graph)
  File "/data/bkh178/anaconda3/envs/videoMAE/lib/python3.7/site-packages/torch/_tensor.py", line 489, in backward
    self, gradient, retain_graph, create_graph, inputs=inputs
  File "/data/bkh178/anaconda3/envs/videoMAE/lib/python3.7/site-packages/torch/autograd/__init__.py", line 199, in backward
    allow_unreachable=True, accumulate_grad=True)  # Calls into the C++ engine to run the backward pass
torch.cuda.OutOfMemoryError: CUDA out of memory. Tried to allocate 902.00 MiB (GPU 5; 23.68 GiB total capacity; 20.12 GiB already allocated; 592.12 MiB free; 21.66 GiB reserved in total by PyTorch) If reserved memory is >> allocated memory try setting max_split_size_mb to avoid fragmentation.  See documentation for Memory Management and PYTORCH_CUDA_ALLOC_CONF
/data/bkh178/anaconda3/envs/videoMAE/lib/python3.7/site-packages/torch/distributed/launch.py:188: FutureWarning: The module torch.distributed.launch is deprecated
and will be removed in future. Use torchrun.
Note that --use_env is set by default in torchrun.
If your script expects `--local_rank` argument to be set, please
change it to read from `os.environ['LOCAL_RANK']` instead. See 
https://pytorch.org/docs/stable/distributed.html#launch-utility for 
further instructions

  FutureWarning,
WARNING:torch.distributed.elastic.multiprocessing.api:Sending process 103708 closing signal SIGTERM
WARNING:torch.distributed.elastic.multiprocessing.api:Sending process 103710 closing signal SIGTERM
WARNING:torch.distributed.elastic.multiprocessing.api:Sending process 103711 closing signal SIGTERM
WARNING:torch.distributed.elastic.multiprocessing.api:Sending process 103712 closing signal SIGTERM
WARNING:torch.distributed.elastic.multiprocessing.api:Sending process 103713 closing signal SIGTERM
ERROR:torch.distributed.elastic.multiprocessing.api:failed (exitcode: 1) local_rank: 1 (pid: 103709) of binary: /data/bkh178/anaconda3/envs/videoMAE/bin/python
Traceback (most recent call last):
  File "/data/bkh178/anaconda3/envs/videoMAE/lib/python3.7/runpy.py", line 193, in _run_module_as_main
    "__main__", mod_spec)
  File "/data/bkh178/anaconda3/envs/videoMAE/lib/python3.7/runpy.py", line 85, in _run_code
    exec(code, run_globals)
  File "/data/bkh178/anaconda3/envs/videoMAE/lib/python3.7/site-packages/torch/distributed/launch.py", line 195, in <module>
    main()
  File "/data/bkh178/anaconda3/envs/videoMAE/lib/python3.7/site-packages/torch/distributed/launch.py", line 191, in main
    launch(args)
  File "/data/bkh178/anaconda3/envs/videoMAE/lib/python3.7/site-packages/torch/distributed/launch.py", line 176, in launch
    run(args)
  File "/data/bkh178/anaconda3/envs/videoMAE/lib/python3.7/site-packages/torch/distributed/run.py", line 756, in run
    )(*cmd_args)
  File "/data/bkh178/anaconda3/envs/videoMAE/lib/python3.7/site-packages/torch/distributed/launcher/api.py", line 132, in __call__
    return launch_agent(self._config, self._entrypoint, list(args))
  File "/data/bkh178/anaconda3/envs/videoMAE/lib/python3.7/site-packages/torch/distributed/launcher/api.py", line 248, in launch_agent
    failures=result.failures,
torch.distributed.elastic.multiprocessing.errors.ChildFailedError: 
============================================================
run_cil.py FAILED
------------------------------------------------------------
Failures:
  <NO_OTHER_FAILURES>
------------------------------------------------------------
Root Cause (first observed failure):
[0]:
  time      : 2023-08-23_03:34:15
  host      : ariel-v9
  rank      : 1 (local_rank: 1)
  exitcode  : 1 (pid: 103709)
  error_file: <N/A>
  traceback : To enable traceback see: https://pytorch.org/docs/stable/elastic/errors.html
============================================================
