ariel-v5
logs/ucf_10/36
| distributed init (rank 2): env://
| distributed init (rank 1): env://
| distributed init (rank 6): env://
| distributed init (rank 3): env://
| distributed init (rank 5): env://
| distributed init (rank 7): env://
| distributed init (rank 4): env://
| distributed init (rank 0): env://
Namespace(aa='rand-m7-n4-mstd0.5-inc1', all_tasks=10, attn_drop_rate=0.0, auto_resume=True, batch_size=16, clip_grad=None, color_jitter=0.4, crop_pct=None, cutmix=1.0, cutmix_minmax=None, data_path='data/ucf_10_task', data_set='UCF101', deepscale=False, deepscale_config=None, deepspeed=False, deepspeed_config='logs/ucf_10/36/deepspeed_config.json', deepspeed_mpi=False, device='cuda', disable_eval_during_finetuning=False, dist_eval=True, dist_on_itp=False, dist_url='env://', distributed=True, drop=0.0, drop_path=0.2, enable_deepspeed=True, epochs=10, eval=False, eval_data_path=None, fc_drop_rate=0.5, finetune='/data/bkh178/pretrain/timesformer/videoMAE.pth', gpu=0, grad_from_block=-1, imagenet_default_mean_and_std=True, init_scale=0.001, input_size=224, layer_decay=0.7, local_rank=0, log_dir='logs/ucf_10/36', lr=0.0005, memory_size=1010, memory_video_path=[], min_lr=1e-05, mixup=0.8, mixup_mode='batch', mixup_prob=1.0, mixup_switch_prob=0.5, model='vit_base_patch16_224', model_ema=False, model_ema_decay=0.9999, model_ema_force_cpu=False, model_key='model|module', model_prefix='', momentum=0.9, nb_classes=101, num_frames=16, num_sample=1, num_segments=1, num_workers=10, opt='adamw', opt_betas=[0.9, 0.999], opt_eps=1e-08, output_dir='logs/ucf_10/36', pin_mem=True, rank=0, recount=1, rehearsal_epochs=10, remode='pixel', reprob=0.25, resplit=False, resume='', sampling_rate=4, save_ckpt=True, save_ckpt_freq=50, seed=0, short_side_size=224, smoothing=0.1, start_epoch=0, test_num_crop=1, test_num_segment=1, train_interpolation='bicubic', tubelet_size=2, update_freq=1, use_checkpoint=True, use_mean_pooling=True, val_freq=5, warmup_epochs=5, warmup_lr=1e-08, warmup_steps=-1, weight_decay=0.05, weight_decay_end=None, world_size=8)
Patch size = (16, 16)
Load ckpt from /data/bkh178/pretrain/timesformer/videoMAE.pth
Load state_dict by model_key = model
Weights of VisionTransformer not initialized from pretrained model: ['cls_token', 'fc_norm.weight', 'fc_norm.bias', 'head.weight', 'head.bias']
Weights from pretrained model not used in VisionTransformer: ['mask_token', 'decoder.blocks.0.norm1.weight', 'decoder.blocks.0.norm1.bias', 'decoder.blocks.0.attn.q_bias', 'decoder.blocks.0.attn.v_bias', 'decoder.blocks.0.attn.qkv.weight', 'decoder.blocks.0.attn.proj.weight', 'decoder.blocks.0.attn.proj.bias', 'decoder.blocks.0.norm2.weight', 'decoder.blocks.0.norm2.bias', 'decoder.blocks.0.mlp.fc1.weight', 'decoder.blocks.0.mlp.fc1.bias', 'decoder.blocks.0.mlp.fc2.weight', 'decoder.blocks.0.mlp.fc2.bias', 'decoder.blocks.1.norm1.weight', 'decoder.blocks.1.norm1.bias', 'decoder.blocks.1.attn.q_bias', 'decoder.blocks.1.attn.v_bias', 'decoder.blocks.1.attn.qkv.weight', 'decoder.blocks.1.attn.proj.weight', 'decoder.blocks.1.attn.proj.bias', 'decoder.blocks.1.norm2.weight', 'decoder.blocks.1.norm2.bias', 'decoder.blocks.1.mlp.fc1.weight', 'decoder.blocks.1.mlp.fc1.bias', 'decoder.blocks.1.mlp.fc2.weight', 'decoder.blocks.1.mlp.fc2.bias', 'decoder.blocks.2.norm1.weight', 'decoder.blocks.2.norm1.bias', 'decoder.blocks.2.attn.q_bias', 'decoder.blocks.2.attn.v_bias', 'decoder.blocks.2.attn.qkv.weight', 'decoder.blocks.2.attn.proj.weight', 'decoder.blocks.2.attn.proj.bias', 'decoder.blocks.2.norm2.weight', 'decoder.blocks.2.norm2.bias', 'decoder.blocks.2.mlp.fc1.weight', 'decoder.blocks.2.mlp.fc1.bias', 'decoder.blocks.2.mlp.fc2.weight', 'decoder.blocks.2.mlp.fc2.bias', 'decoder.blocks.3.norm1.weight', 'decoder.blocks.3.norm1.bias', 'decoder.blocks.3.attn.q_bias', 'decoder.blocks.3.attn.v_bias', 'decoder.blocks.3.attn.qkv.weight', 'decoder.blocks.3.attn.proj.weight', 'decoder.blocks.3.attn.proj.bias', 'decoder.blocks.3.norm2.weight', 'decoder.blocks.3.norm2.bias', 'decoder.blocks.3.mlp.fc1.weight', 'decoder.blocks.3.mlp.fc1.bias', 'decoder.blocks.3.mlp.fc2.weight', 'decoder.blocks.3.mlp.fc2.bias', 'decoder.norm.weight', 'decoder.norm.bias', 'decoder.head.weight', 'decoder.head.bias', 'encoder_to_decoder.weight', 'norm.weight', 'norm.bias']
[2023-08-22 22:39:22,529] [INFO] [logging.py:77:log_dist] [Rank -1] DeepSpeed info: version=0.8.2, git-hash=unknown, git-branch=unknown
[2023-08-22 22:39:22,533] [INFO] [logging.py:77:log_dist] [Rank -1] DeepSpeed info: version=0.8.2, git-hash=unknown, git-branch=unknown
[2023-08-22 22:39:22,535] [INFO] [logging.py:77:log_dist] [Rank -1] DeepSpeed info: version=0.8.2, git-hash=unknown, git-branch=unknown
[2023-08-22 22:39:22,544] [INFO] [logging.py:77:log_dist] [Rank -1] DeepSpeed info: version=0.8.2, git-hash=unknown, git-branch=unknown
Model = VisionTransformer(
  (patch_embed): PatchEmbed(
    (proj): Conv3d(3, 768, kernel_size=(2, 16, 16), stride=(2, 16, 16))
  )
  (pos_drop): Dropout(p=0.0, inplace=False)
  (blocks): ModuleList(
    (0): Block(
      (norm1): LayerNorm((768,), eps=1e-06, elementwise_affine=True)
      (attn): Attention(
        (qkv): Linear(in_features=768, out_features=2304, bias=False)
        (attn_drop): Dropout(p=0.0, inplace=False)
        (proj): Linear(in_features=768, out_features=768, bias=True)
        (proj_drop): Dropout(p=0.0, inplace=False)
      )
      (drop_path): Identity()
      (norm2): LayerNorm((768,), eps=1e-06, elementwise_affine=True)
      (mlp): Mlp(
        (fc1): Linear(in_features=768, out_features=3072, bias=True)
        (act): GELU(approximate='none')
        (fc2): Linear(in_features=3072, out_features=768, bias=True)
        (drop): Dropout(p=0.0, inplace=False)
      )
    )
    (1): Block(
      (norm1): LayerNorm((768,), eps=1e-06, elementwise_affine=True)
      (attn): Attention(
        (qkv): Linear(in_features=768, out_features=2304, bias=False)
        (attn_drop): Dropout(p=0.0, inplace=False)
        (proj): Linear(in_features=768, out_features=768, bias=True)
        (proj_drop): Dropout(p=0.0, inplace=False)
      )
      (drop_path): DropPath(p=0.0181818176060915)
      (norm2): LayerNorm((768,), eps=1e-06, elementwise_affine=True)
      (mlp): Mlp(
        (fc1): Linear(in_features=768, out_features=3072, bias=True)
        (act): GELU(approximate='none')
        (fc2): Linear(in_features=3072, out_features=768, bias=True)
        (drop): Dropout(p=0.0, inplace=False)
      )
    )
    (2): Block(
      (norm1): LayerNorm((768,), eps=1e-06, elementwise_affine=True)
      (attn): Attention(
        (qkv): Linear(in_features=768, out_features=2304, bias=False)
        (attn_drop): Dropout(p=0.0, inplace=False)
        (proj): Linear(in_features=768, out_features=768, bias=True)
        (proj_drop): Dropout(p=0.0, inplace=False)
      )
      (drop_path): DropPath(p=0.036363635212183)
      (norm2): LayerNorm((768,), eps=1e-06, elementwise_affine=True)
      (mlp): Mlp(
        (fc1): Linear(in_features=768, out_features=3072, bias=True)
        (act): GELU(approximate='none')
        (fc2): Linear(in_features=3072, out_features=768, bias=True)
        (drop): Dropout(p=0.0, inplace=False)
      )
    )
    (3): Block(
      (norm1): LayerNorm((768,), eps=1e-06, elementwise_affine=True)
      (attn): Attention(
        (qkv): Linear(in_features=768, out_features=2304, bias=False)
        (attn_drop): Dropout(p=0.0, inplace=False)
        (proj): Linear(in_features=768, out_features=768, bias=True)
        (proj_drop): Dropout(p=0.0, inplace=False)
      )
      (drop_path): DropPath(p=0.05454545468091965)
      (norm2): LayerNorm((768,), eps=1e-06, elementwise_affine=True)
      (mlp): Mlp(
        (fc1): Linear(in_features=768, out_features=3072, bias=True)
        (act): GELU(approximate='none')
        (fc2): Linear(in_features=3072, out_features=768, bias=True)
        (drop): Dropout(p=0.0, inplace=False)
      )
    )
    (4): Block(
      (norm1): LayerNorm((768,), eps=1e-06, elementwise_affine=True)
      (attn): Attention(
        (qkv): Linear(in_features=768, out_features=2304, bias=False)
        (attn_drop): Dropout(p=0.0, inplace=False)
        (proj): Linear(in_features=768, out_features=768, bias=True)
        (proj_drop): Dropout(p=0.0, inplace=False)
      )
      (drop_path): DropPath(p=0.072727270424366)
      (norm2): LayerNorm((768,), eps=1e-06, elementwise_affine=True)
      (mlp): Mlp(
        (fc1): Linear(in_features=768, out_features=3072, bias=True)
        (act): GELU(approximate='none')
        (fc2): Linear(in_features=3072, out_features=768, bias=True)
        (drop): Dropout(p=0.0, inplace=False)
      )
    )
    (5): Block(
      (norm1): LayerNorm((768,), eps=1e-06, elementwise_affine=True)
      (attn): Attention(
        (qkv): Linear(in_features=768, out_features=2304, bias=False)
        (attn_drop): Dropout(p=0.0, inplace=False)
        (proj): Linear(in_features=768, out_features=768, bias=True)
        (proj_drop): Dropout(p=0.0, inplace=False)
      )
      (drop_path): DropPath(p=0.09090908616781235)
      (norm2): LayerNorm((768,), eps=1e-06, elementwise_affine=True)
      (mlp): Mlp(
        (fc1): Linear(in_features=768, out_features=3072, bias=True)
        (act): GELU(approximate='none')
        (fc2): Linear(in_features=3072, out_features=768, bias=True)
        (drop): Dropout(p=0.0, inplace=False)
      )
    )
    (6): Block(
      (norm1): LayerNorm((768,), eps=1e-06, elementwise_affine=True)
      (attn): Attention(
        (qkv): Linear(in_features=768, out_features=2304, bias=False)
        (attn_drop): Dropout(p=0.0, inplace=False)
        (proj): Linear(in_features=768, out_features=768, bias=True)
        (proj_drop): Dropout(p=0.0, inplace=False)
      )
      (drop_path): DropPath(p=0.10909091681241989)
      (norm2): LayerNorm((768,), eps=1e-06, elementwise_affine=True)
      (mlp): Mlp(
        (fc1): Linear(in_features=768, out_features=3072, bias=True)
        (act): GELU(approximate='none')
        (fc2): Linear(in_features=3072, out_features=768, bias=True)
        (drop): Dropout(p=0.0, inplace=False)
      )
    )
    (7): Block(
      (norm1): LayerNorm((768,), eps=1e-06, elementwise_affine=True)
      (attn): Attention(
        (qkv): Linear(in_features=768, out_features=2304, bias=False)
        (attn_drop): Dropout(p=0.0, inplace=False)
        (proj): Linear(in_features=768, out_features=768, bias=True)
        (proj_drop): Dropout(p=0.0, inplace=False)
      )
      (drop_path): DropPath(p=0.12727272510528564)
      (norm2): LayerNorm((768,), eps=1e-06, elementwise_affine=True)
      (mlp): Mlp(
        (fc1): Linear(in_features=768, out_features=3072, bias=True)
        (act): GELU(approximate='none')
        (fc2): Linear(in_features=3072, out_features=768, bias=True)
        (drop): Dropout(p=0.0, inplace=False)
      )
    )
    (8): Block(
      (norm1): LayerNorm((768,), eps=1e-06, elementwise_affine=True)
      (attn): Attention(
        (qkv): Linear(in_features=768, out_features=2304, bias=False)
        (attn_drop): Dropout(p=0.0, inplace=False)
        (proj): Linear(in_features=768, out_features=768, bias=True)
        (proj_drop): Dropout(p=0.0, inplace=False)
      )
      (drop_path): DropPath(p=0.1454545557498932)
      (norm2): LayerNorm((768,), eps=1e-06, elementwise_affine=True)
      (mlp): Mlp(
        (fc1): Linear(in_features=768, out_features=3072, bias=True)
        (act): GELU(approximate='none')
        (fc2): Linear(in_features=3072, out_features=768, bias=True)
        (drop): Dropout(p=0.0, inplace=False)
      )
    )
    (9): Block(
      (norm1): LayerNorm((768,), eps=1e-06, elementwise_affine=True)
      (attn): Attention(
        (qkv): Linear(in_features=768, out_features=2304, bias=False)
        (attn_drop): Dropout(p=0.0, inplace=False)
        (proj): Linear(in_features=768, out_features=768, bias=True)
        (proj_drop): Dropout(p=0.0, inplace=False)
      )
      (drop_path): DropPath(p=0.16363637149333954)
      (norm2): LayerNorm((768,), eps=1e-06, elementwise_affine=True)
      (mlp): Mlp(
        (fc1): Linear(in_features=768, out_features=3072, bias=True)
        (act): GELU(approximate='none')
        (fc2): Linear(in_features=3072, out_features=768, bias=True)
        (drop): Dropout(p=0.0, inplace=False)
      )
    )
    (10): Block(
      (norm1): LayerNorm((768,), eps=1e-06, elementwise_affine=True)
      (attn): Attention(
        (qkv): Linear(in_features=768, out_features=2304, bias=False)
        (attn_drop): Dropout(p=0.0, inplace=False)
        (proj): Linear(in_features=768, out_features=768, bias=True)
        (proj_drop): Dropout(p=0.0, inplace=False)
      )
      (drop_path): DropPath(p=0.1818181872367859)
      (norm2): LayerNorm((768,), eps=1e-06, elementwise_affine=True)
      (mlp): Mlp(
        (fc1): Linear(in_features=768, out_features=3072, bias=True)
        (act): GELU(approximate='none')
        (fc2): Linear(in_features=3072, out_features=768, bias=True)
        (drop): Dropout(p=0.0, inplace=False)
      )
    )
    (11): Block(
      (norm1): LayerNorm((768,), eps=1e-06, elementwise_affine=True)
      (attn): Attention(
        (qkv): Linear(in_features=768, out_features=2304, bias=False)
        (attn_drop): Dropout(p=0.0, inplace=False)
        (proj): Linear(in_features=768, out_features=768, bias=True)
        (proj_drop): Dropout(p=0.0, inplace=False)
      )
      (drop_path): DropPath(p=0.20000000298023224)
      (norm2): LayerNorm((768,), eps=1e-06, elementwise_affine=True)
      (mlp): Mlp(
        (fc1): Linear(in_features=768, out_features=3072, bias=True)
        (act): GELU(approximate='none')
        (fc2): Linear(in_features=3072, out_features=768, bias=True)
        (drop): Dropout(p=0.0, inplace=False)
      )
    )
  )
  (norm): Identity()
  (fc_norm): LayerNorm((768,), eps=1e-06, elementwise_affine=True)
  (fc_dropout): Dropout(p=0.5, inplace=False)
  (head): Linear(in_features=768, out_features=101, bias=True)
)
number of params: 86305637
LR = 0.00025000
Batch size = 128
Update frequent = 1
Assigned values = [0.009688901040699992, 0.01384128720099999, 0.019773267429999988, 0.028247524899999984, 0.04035360699999998, 0.05764800999999997, 0.08235429999999996, 0.11764899999999996, 0.16806999999999994, 0.24009999999999995, 0.3429999999999999, 0.48999999999999994, 0.7, 1.0]
Skip weight decay list:  {'cls_token', 'pos_embed'}
Param groups = {
  "layer_0_no_decay": {
    "weight_decay": 0.0,
    "params": [
      "cls_token",
      "patch_embed.proj.bias"
    ],
    "lr_scale": 0.009688901040699992
  },
  "layer_0_decay": {
    "weight_decay": 0.05,
    "params": [
      "patch_embed.proj.weight"
    ],
    "lr_scale": 0.009688901040699992
  },
  "layer_1_no_decay": {
    "weight_decay": 0.0,
    "params": [
      "blocks.0.norm1.weight",
      "blocks.0.norm1.bias",
      "blocks.0.attn.q_bias",
      "blocks.0.attn.v_bias",
      "blocks.0.attn.proj.bias",
      "blocks.0.norm2.weight",
      "blocks.0.norm2.bias",
      "blocks.0.mlp.fc1.bias",
      "blocks.0.mlp.fc2.bias"
    ],
    "lr_scale": 0.01384128720099999
  },
  "layer_1_decay": {
    "weight_decay": 0.05,
    "params": [
      "blocks.0.attn.qkv.weight",
      "blocks.0.attn.proj.weight",
      "blocks.0.mlp.fc1.weight",
      "blocks.0.mlp.fc2.weight"
    ],
    "lr_scale": 0.01384128720099999
  },
  "layer_2_no_decay": {
    "weight_decay": 0.0,
    "params": [
      "blocks.1.norm1.weight",
      "blocks.1.norm1.bias",
      "blocks.1.attn.q_bias",
      "blocks.1.attn.v_bias",
      "blocks.1.attn.proj.bias",
      "blocks.1.norm2.weight",
      "blocks.1.norm2.bias",
      "blocks.1.mlp.fc1.bias",
      "blocks.1.mlp.fc2.bias"
    ],
    "lr_scale": 0.019773267429999988
  },
  "layer_2_decay": {
    "weight_decay": 0.05,
    "params": [
      "blocks.1.attn.qkv.weight",
      "blocks.1.attn.proj.weight",
      "blocks.1.mlp.fc1.weight",
      "blocks.1.mlp.fc2.weight"
    ],
    "lr_scale": 0.019773267429999988
  },
  "layer_3_no_decay": {
    "weight_decay": 0.0,
    "params": [
      "blocks.2.norm1.weight",
      "blocks.2.norm1.bias",
      "blocks.2.attn.q_bias",
      "blocks.2.attn.v_bias",
      "blocks.2.attn.proj.bias",
      "blocks.2.norm2.weight",
      "blocks.2.norm2.bias",
      "blocks.2.mlp.fc1.bias",
      "blocks.2.mlp.fc2.bias"
    ],
    "lr_scale": 0.028247524899999984
  },
  "layer_3_decay": {
    "weight_decay": 0.05,
    "params": [
      "blocks.2.attn.qkv.weight",
      "blocks.2.attn.proj.weight",
      "blocks.2.mlp.fc1.weight",
      "blocks.2.mlp.fc2.weight"
    ],
    "lr_scale": 0.028247524899999984
  },
  "layer_4_no_decay": {
    "weight_decay": 0.0,
    "params": [
      "blocks.3.norm1.weight",
      "blocks.3.norm1.bias",
      "blocks.3.attn.q_bias",
      "blocks.3.attn.v_bias",
      "blocks.3.attn.proj.bias",
      "blocks.3.norm2.weight",
      "blocks.3.norm2.bias",
      "blocks.3.mlp.fc1.bias",
      "blocks.3.mlp.fc2.bias"
    ],
    "lr_scale": 0.04035360699999998
  },
  "layer_4_decay": {
    "weight_decay": 0.05,
    "params": [
      "blocks.3.attn.qkv.weight",
      "blocks.3.attn.proj.weight",
      "blocks.3.mlp.fc1.weight",
      "blocks.3.mlp.fc2.weight"
    ],
    "lr_scale": 0.04035360699999998
  },
  "layer_5_no_decay": {
    "weight_decay": 0.0,
    "params": [
      "blocks.4.norm1.weight",
      "blocks.4.norm1.bias",
      "blocks.4.attn.q_bias",
      "blocks.4.attn.v_bias",
      "blocks.4.attn.proj.bias",
      "blocks.4.norm2.weight",
      "blocks.4.norm2.bias",
      "blocks.4.mlp.fc1.bias",
      "blocks.4.mlp.fc2.bias"
    ],
    "lr_scale": 0.05764800999999997
  },
  "layer_5_decay": {
    "weight_decay": 0.05,
    "params": [
      "blocks.4.attn.qkv.weight",
      "blocks.4.attn.proj.weight",
      "blocks.4.mlp.fc1.weight",
      "blocks.4.mlp.fc2.weight"
    ],
    "lr_scale": 0.05764800999999997
  },
  "layer_6_no_decay": {
    "weight_decay": 0.0,
    "params": [
      "blocks.5.norm1.weight",
      "blocks.5.norm1.bias",
      "blocks.5.attn.q_bias",
      "blocks.5.attn.v_bias",
      "blocks.5.attn.proj.bias",
      "blocks.5.norm2.weight",
      "blocks.5.norm2.bias",
      "blocks.5.mlp.fc1.bias",
      "blocks.5.mlp.fc2.bias"
    ],
    "lr_scale": 0.08235429999999996
  },
  "layer_6_decay": {
    "weight_decay": 0.05,
    "params": [
      "blocks.5.attn.qkv.weight",
      "blocks.5.attn.proj.weight",
      "blocks.5.mlp.fc1.weight",
      "blocks.5.mlp.fc2.weight"
    ],
    "lr_scale": 0.08235429999999996
  },
  "layer_7_no_decay": {
    "weight_decay": 0.0,
    "params": [
      "blocks.6.norm1.weight",
      "blocks.6.norm1.bias",
      "blocks.6.attn.q_bias",
      "blocks.6.attn.v_bias",
      "blocks.6.attn.proj.bias",
      "blocks.6.norm2.weight",
      "blocks.6.norm2.bias",
      "blocks.6.mlp.fc1.bias",
      "blocks.6.mlp.fc2.bias"
    ],
    "lr_scale": 0.11764899999999996
  },
  "layer_7_decay": {
    "weight_decay": 0.05,
    "params": [
      "blocks.6.attn.qkv.weight",
      "blocks.6.attn.proj.weight",
      "blocks.6.mlp.fc1.weight",
      "blocks.6.mlp.fc2.weight"
    ],
    "lr_scale": 0.11764899999999996
  },
  "layer_8_no_decay": {
    "weight_decay": 0.0,
    "params": [
      "blocks.7.norm1.weight",
      "blocks.7.norm1.bias",
      "blocks.7.attn.q_bias",
      "blocks.7.attn.v_bias",
      "blocks.7.attn.proj.bias",
      "blocks.7.norm2.weight",
      "blocks.7.norm2.bias",
      "blocks.7.mlp.fc1.bias",
      "blocks.7.mlp.fc2.bias"
    ],
    "lr_scale": 0.16806999999999994
  },
  "layer_8_decay": {
    "weight_decay": 0.05,
    "params": [
      "blocks.7.attn.qkv.weight",
      "blocks.7.attn.proj.weight",
      "blocks.7.mlp.fc1.weight",
      "blocks.7.mlp.fc2.weight"
    ],
    "lr_scale": 0.16806999999999994
  },
  "layer_9_no_decay": {
    "weight_decay": 0.0,
    "params": [
      "blocks.8.norm1.weight",
      "blocks.8.norm1.bias",
      "blocks.8.attn.q_bias",
      "blocks.8.attn.v_bias",
      "blocks.8.attn.proj.bias",
      "blocks.8.norm2.weight",
      "blocks.8.norm2.bias",
      "blocks.8.mlp.fc1.bias",
      "blocks.8.mlp.fc2.bias"
    ],
    "lr_scale": 0.24009999999999995
  },
  "layer_9_decay": {
    "weight_decay": 0.05,
    "params": [
      "blocks.8.attn.qkv.weight",
      "blocks.8.attn.proj.weight",
      "blocks.8.mlp.fc1.weight",
      "blocks.8.mlp.fc2.weight"
    ],
    "lr_scale": 0.24009999999999995
  },
  "layer_10_no_decay": {
    "weight_decay": 0.0,
    "params": [
      "blocks.9.norm1.weight",
      "blocks.9.norm1.bias",
      "blocks.9.attn.q_bias",
      "blocks.9.attn.v_bias",
      "blocks.9.attn.proj.bias",
      "blocks.9.norm2.weight",
      "blocks.9.norm2.bias",
      "blocks.9.mlp.fc1.bias",
      "blocks.9.mlp.fc2.bias"
    ],
    "lr_scale": 0.3429999999999999
  },
  "layer_10_decay": {
    "weight_decay": 0.05,
    "params": [
      "blocks.9.attn.qkv.weight",
      "blocks.9.attn.proj.weight",
      "blocks.9.mlp.fc1.weight",
      "blocks.9.mlp.fc2.weight"
    ],
    "lr_scale": 0.3429999999999999
  },
  "layer_11_no_decay": {
    "weight_decay": 0.0,
    "params": [
      "blocks.10.norm1.weight",
      "blocks.10.norm1.bias",
      "blocks.10.attn.q_bias",
      "blocks.10.attn.v_bias",
      "blocks.10.attn.proj.bias",
      "blocks.10.norm2.weight",
      "blocks.10.norm2.bias",
      "blocks.10.mlp.fc1.bias",
      "blocks.10.mlp.fc2.bias"
    ],
    "lr_scale": 0.48999999999999994
  },
  "layer_11_decay": {
    "weight_decay": 0.05,
    "params": [
      "blocks.10.attn.qkv.weight",
      "blocks.10.attn.proj.weight",
      "blocks.10.mlp.fc1.weight",
      "blocks.10.mlp.fc2.weight"
    ],
    "lr_scale": 0.48999999999999994
  },
  "layer_12_no_decay": {
    "weight_decay": 0.0,
    "params": [
      "blocks.11.norm1.weight",
      "blocks.11.norm1.bias",
      "blocks.11.attn.q_bias",
      "blocks.11.attn.v_bias",
      "blocks.11.attn.proj.bias",
      "blocks.11.norm2.weight",
      "blocks.11.norm2.bias",
      "blocks.11.mlp.fc1.bias",
      "blocks.11.mlp.fc2.bias"
    ],
    "lr_scale": 0.7
  },
  "layer_12_decay": {
    "weight_decay": 0.05,
    "params": [
      "blocks.11.attn.qkv.weight",
      "blocks.11.attn.proj.weight",
      "blocks.11.mlp.fc1.weight",
      "blocks.11.mlp.fc2.weight"
    ],
    "lr_scale": 0.7
  },
  "layer_13_no_decay": {
    "weight_decay": 0.0,
    "params": [
      "fc_norm.weight",
      "fc_norm.bias",
      "head.bias"
    ],
    "lr_scale": 1.0
  },
  "layer_13_decay": {
    "weight_decay": 0.05,
    "params": [
      "head.weight"
    ],
    "lr_scale": 1.0
  }
}
[2023-08-22 22:39:22,573] [INFO] [logging.py:77:log_dist] [Rank -1] DeepSpeed info: version=0.8.2, git-hash=unknown, git-branch=unknown
[2023-08-22 22:39:22,574] [INFO] [logging.py:77:log_dist] [Rank -1] DeepSpeed info: version=0.8.2, git-hash=unknown, git-branch=unknown
[2023-08-22 22:39:22,578] [INFO] [logging.py:77:log_dist] [Rank -1] DeepSpeed info: version=0.8.2, git-hash=unknown, git-branch=unknown
[2023-08-22 22:39:22,751] [INFO] [logging.py:77:log_dist] [Rank -1] DeepSpeed info: version=0.8.2, git-hash=unknown, git-branch=unknown
[2023-08-22 22:39:23,087] [INFO] [logging.py:77:log_dist] [Rank 0] DeepSpeed Flops Profiler Enabled: False
Using /home/bkh178/.cache/torch_extensions/py37_cu117 as PyTorch extensions root...
ninja: no work to do.
Loading extension module fused_adam...
Time to load fused_adam op: 0.3059420585632324 seconds
[2023-08-22 22:39:23,974] [INFO] [logging.py:77:log_dist] [Rank 0] Using DeepSpeed Optimizer param name adam as basic optimizer
[2023-08-22 22:39:23,978] [INFO] [logging.py:77:log_dist] [Rank 0] DeepSpeed Basic Optimizer = FusedAdam
[2023-08-22 22:39:23,978] [INFO] [logging.py:77:log_dist] [Rank 0] Creating fp16 optimizer with dynamic loss scale
[2023-08-22 22:39:24,030] [INFO] [logging.py:77:log_dist] [Rank 0] DeepSpeed Final Optimizer = adam
[2023-08-22 22:39:24,030] [INFO] [logging.py:77:log_dist] [Rank 0] DeepSpeed using client LR scheduler
[2023-08-22 22:39:24,030] [INFO] [logging.py:77:log_dist] [Rank 0] DeepSpeed LR Scheduler = None
[2023-08-22 22:39:24,030] [INFO] [logging.py:77:log_dist] [Rank 0] step=0, skipped=0, lr=[0.0005, 0.0005, 0.0005, 0.0005, 0.0005, 0.0005, 0.0005, 0.0005, 0.0005, 0.0005, 0.0005, 0.0005, 0.0005, 0.0005, 0.0005, 0.0005, 0.0005, 0.0005, 0.0005, 0.0005, 0.0005, 0.0005, 0.0005, 0.0005, 0.0005, 0.0005, 0.0005, 0.0005], mom=[[0.9, 0.999], [0.9, 0.999], [0.9, 0.999], [0.9, 0.999], [0.9, 0.999], [0.9, 0.999], [0.9, 0.999], [0.9, 0.999], [0.9, 0.999], [0.9, 0.999], [0.9, 0.999], [0.9, 0.999], [0.9, 0.999], [0.9, 0.999], [0.9, 0.999], [0.9, 0.999], [0.9, 0.999], [0.9, 0.999], [0.9, 0.999], [0.9, 0.999], [0.9, 0.999], [0.9, 0.999], [0.9, 0.999], [0.9, 0.999], [0.9, 0.999], [0.9, 0.999], [0.9, 0.999], [0.9, 0.999]]
[2023-08-22 22:39:24,030] [INFO] [config.py:1010:print] DeepSpeedEngine configuration:
[2023-08-22 22:39:24,031] [INFO] [config.py:1014:print]   activation_checkpointing_config  {
    "partition_activations": false, 
    "contiguous_memory_optimization": false, 
    "cpu_checkpointing": false, 
    "number_checkpoints": null, 
    "synchronize_checkpoint_boundary": false, 
    "profile": false
}
[2023-08-22 22:39:24,031] [INFO] [config.py:1014:print]   aio_config ................... {'block_size': 1048576, 'queue_depth': 8, 'thread_count': 1, 'single_submit': False, 'overlap_events': True}
[2023-08-22 22:39:24,031] [INFO] [config.py:1014:print]   amp_enabled .................. False
[2023-08-22 22:39:24,031] [INFO] [config.py:1014:print]   amp_params ................... False
[2023-08-22 22:39:24,031] [INFO] [config.py:1014:print]   autotuning_config ............ {
    "enabled": false, 
    "start_step": null, 
    "end_step": null, 
    "metric_path": null, 
    "arg_mappings": null, 
    "metric": "throughput", 
    "model_info": null, 
    "results_dir": "autotuning_results", 
    "exps_dir": "autotuning_exps", 
    "overwrite": true, 
    "fast": true, 
    "start_profile_step": 3, 
    "end_profile_step": 5, 
    "tuner_type": "gridsearch", 
    "tuner_early_stopping": 5, 
    "tuner_num_trials": 50, 
    "model_info_path": null, 
    "mp_size": 1, 
    "max_train_batch_size": null, 
    "min_train_batch_size": 1, 
    "max_train_micro_batch_size_per_gpu": 1.024000e+03, 
    "min_train_micro_batch_size_per_gpu": 1, 
    "num_tuning_micro_batch_sizes": 3
}
[2023-08-22 22:39:24,031] [INFO] [config.py:1014:print]   bfloat16_enabled ............. False
[2023-08-22 22:39:24,031] [INFO] [config.py:1014:print]   checkpoint_parallel_write_pipeline  False
[2023-08-22 22:39:24,031] [INFO] [config.py:1014:print]   checkpoint_tag_validation_enabled  True
[2023-08-22 22:39:24,031] [INFO] [config.py:1014:print]   checkpoint_tag_validation_fail  False
[2023-08-22 22:39:24,031] [INFO] [config.py:1014:print]   comms_config ................. <deepspeed.comm.config.DeepSpeedCommsConfig object at 0x7f95556ea610>
[2023-08-22 22:39:24,031] [INFO] [config.py:1014:print]   communication_data_type ...... None
[2023-08-22 22:39:24,031] [INFO] [config.py:1014:print]   compression_config ........... {'weight_quantization': {'shared_parameters': {'enabled': False, 'quantizer_kernel': False, 'schedule_offset': 0, 'quantize_groups': 1, 'quantize_verbose': False, 'quantization_type': 'symmetric', 'quantize_weight_in_forward': False, 'rounding': 'nearest', 'fp16_mixed_quantize': False, 'quantize_change_ratio': 0.001}, 'different_groups': {}}, 'activation_quantization': {'shared_parameters': {'enabled': False, 'quantization_type': 'symmetric', 'range_calibration': 'dynamic', 'schedule_offset': 1000}, 'different_groups': {}}, 'sparse_pruning': {'shared_parameters': {'enabled': False, 'method': 'l1', 'schedule_offset': 1000}, 'different_groups': {}}, 'row_pruning': {'shared_parameters': {'enabled': False, 'method': 'l1', 'schedule_offset': 1000}, 'different_groups': {}}, 'head_pruning': {'shared_parameters': {'enabled': False, 'method': 'topk', 'schedule_offset': 1000}, 'different_groups': {}}, 'channel_pruning': {'shared_parameters': {'enabled': False, 'method': 'l1', 'schedule_offset': 1000}, 'different_groups': {}}, 'layer_reduction': {'enabled': False}}
[2023-08-22 22:39:24,031] [INFO] [config.py:1014:print]   curriculum_enabled_legacy .... False
[2023-08-22 22:39:24,031] [INFO] [config.py:1014:print]   curriculum_params_legacy ..... False
[2023-08-22 22:39:24,031] [INFO] [config.py:1014:print]   data_efficiency_config ....... {'enabled': False, 'seed': 1234, 'data_sampling': {'enabled': False, 'num_epochs': 1000, 'num_workers': 0, 'curriculum_learning': {'enabled': False}}, 'data_routing': {'enabled': False, 'random_ltd': {'enabled': False, 'layer_token_lr_schedule': {'enabled': False}}}}
[2023-08-22 22:39:24,031] [INFO] [config.py:1014:print]   data_efficiency_enabled ...... False
[2023-08-22 22:39:24,031] [INFO] [config.py:1014:print]   dataloader_drop_last ......... False
[2023-08-22 22:39:24,031] [INFO] [config.py:1014:print]   disable_allgather ............ False
[2023-08-22 22:39:24,031] [INFO] [config.py:1014:print]   dump_state ................... False
[2023-08-22 22:39:24,031] [INFO] [config.py:1014:print]   dynamic_loss_scale_args ...... {'init_scale': 128, 'scale_window': 128, 'delayed_shift': 2, 'min_scale': 1}
[2023-08-22 22:39:24,031] [INFO] [config.py:1014:print]   eigenvalue_enabled ........... False
[2023-08-22 22:39:24,031] [INFO] [config.py:1014:print]   eigenvalue_gas_boundary_resolution  1
[2023-08-22 22:39:24,031] [INFO] [config.py:1014:print]   eigenvalue_layer_name ........ bert.encoder.layer
[2023-08-22 22:39:24,031] [INFO] [config.py:1014:print]   eigenvalue_layer_num ......... 0
[2023-08-22 22:39:24,031] [INFO] [config.py:1014:print]   eigenvalue_max_iter .......... 100
[2023-08-22 22:39:24,031] [INFO] [config.py:1014:print]   eigenvalue_stability ......... 1e-06
[2023-08-22 22:39:24,031] [INFO] [config.py:1014:print]   eigenvalue_tol ............... 0.01
[2023-08-22 22:39:24,032] [INFO] [config.py:1014:print]   eigenvalue_verbose ........... False
[2023-08-22 22:39:24,032] [INFO] [config.py:1014:print]   elasticity_enabled ........... False
[2023-08-22 22:39:24,032] [INFO] [config.py:1014:print]   flops_profiler_config ........ {
    "enabled": false, 
    "profile_step": 1, 
    "module_depth": -1, 
    "top_modules": 1, 
    "detailed": true, 
    "output_file": null
}
[2023-08-22 22:39:24,032] [INFO] [config.py:1014:print]   fp16_auto_cast ............... False
[2023-08-22 22:39:24,032] [INFO] [config.py:1014:print]   fp16_enabled ................. True
[2023-08-22 22:39:24,032] [INFO] [config.py:1014:print]   fp16_master_weights_and_gradients  False
[2023-08-22 22:39:24,032] [INFO] [config.py:1014:print]   global_rank .................. 0
[2023-08-22 22:39:24,032] [INFO] [config.py:1014:print]   grad_accum_dtype ............. None
[2023-08-22 22:39:24,032] [INFO] [config.py:1014:print]   gradient_accumulation_steps .. 1
[2023-08-22 22:39:24,032] [INFO] [config.py:1014:print]   gradient_clipping ............ 0.0
[2023-08-22 22:39:24,032] [INFO] [config.py:1014:print]   gradient_predivide_factor .... 1.0
[2023-08-22 22:39:24,032] [INFO] [config.py:1014:print]   initial_dynamic_scale ........ 128
[2023-08-22 22:39:24,032] [INFO] [config.py:1014:print]   load_universal_checkpoint .... False
[2023-08-22 22:39:24,032] [INFO] [config.py:1014:print]   loss_scale ................... 0
[2023-08-22 22:39:24,032] [INFO] [config.py:1014:print]   memory_breakdown ............. False
[2023-08-22 22:39:24,032] [INFO] [config.py:1014:print]   monitor_config ............... tensorboard=TensorBoardConfig(enabled=False, output_path='', job_name='DeepSpeedJobName') wandb=WandbConfig(enabled=False, group=None, team=None, project='deepspeed') csv_monitor=CSVConfig(enabled=False, output_path='', job_name='DeepSpeedJobName') enabled=False
[2023-08-22 22:39:24,032] [INFO] [config.py:1014:print]   nebula_config ................ {
    "enabled": false, 
    "persistent_storage_path": null, 
    "persistent_time_interval": 100, 
    "num_of_version_in_retention": 2, 
    "enable_nebula_load": true, 
    "load_path": null
}
[2023-08-22 22:39:24,032] [INFO] [config.py:1014:print]   optimizer_legacy_fusion ...... False
[2023-08-22 22:39:24,032] [INFO] [config.py:1014:print]   optimizer_name ............... adam
[2023-08-22 22:39:24,032] [INFO] [config.py:1014:print]   optimizer_params ............. {'lr': 0.0005, 'weight_decay': 0.05, 'bias_correction': True, 'betas': [0.9, 0.999], 'eps': 1e-08}
[2023-08-22 22:39:24,032] [INFO] [config.py:1014:print]   pipeline ..................... {'stages': 'auto', 'partition': 'best', 'seed_layers': False, 'activation_checkpoint_interval': 0}
[2023-08-22 22:39:24,032] [INFO] [config.py:1014:print]   pld_enabled .................. False
[2023-08-22 22:39:24,032] [INFO] [config.py:1014:print]   pld_params ................... False
[2023-08-22 22:39:24,032] [INFO] [config.py:1014:print]   prescale_gradients ........... False
[2023-08-22 22:39:24,032] [INFO] [config.py:1014:print]   scheduler_name ............... None
[2023-08-22 22:39:24,032] [INFO] [config.py:1014:print]   scheduler_params ............. None
[2023-08-22 22:39:24,032] [INFO] [config.py:1014:print]   sparse_attention ............. None
[2023-08-22 22:39:24,032] [INFO] [config.py:1014:print]   sparse_gradients_enabled ..... False
[2023-08-22 22:39:24,032] [INFO] [config.py:1014:print]   steps_per_print .............. 1000
[2023-08-22 22:39:24,032] [INFO] [config.py:1014:print]   train_batch_size ............. 128
[2023-08-22 22:39:24,032] [INFO] [config.py:1014:print]   train_micro_batch_size_per_gpu  16
[2023-08-22 22:39:24,032] [INFO] [config.py:1014:print]   use_node_local_storage ....... False
[2023-08-22 22:39:24,032] [INFO] [config.py:1014:print]   wall_clock_breakdown ......... False
[2023-08-22 22:39:24,032] [INFO] [config.py:1014:print]   world_size ................... 8
[2023-08-22 22:39:24,032] [INFO] [config.py:1014:print]   zero_allow_untested_optimizer  False
[2023-08-22 22:39:24,032] [INFO] [config.py:1014:print]   zero_config .................. stage=0 contiguous_gradients=True reduce_scatter=True reduce_bucket_size=500,000,000 allgather_partitions=True allgather_bucket_size=500,000,000 overlap_comm=False load_from_fp32_weights=True elastic_checkpoint=False offload_param=None offload_optimizer=None sub_group_size=1,000,000,000 cpu_offload_param=None cpu_offload_use_pin_memory=None cpu_offload=None prefetch_bucket_size=50,000,000 param_persistence_threshold=100,000 model_persistence_threshold=sys.maxsize max_live_parameters=1,000,000,000 max_reuse_distance=1,000,000,000 gather_16bit_weights_on_model_save=False stage3_gather_fp16_weights_on_model_save=False ignore_unused_parameters=True legacy_stage1=False round_robin_gradients=False
[2023-08-22 22:39:24,032] [INFO] [config.py:1014:print]   zero_enabled ................. False
[2023-08-22 22:39:24,032] [INFO] [config.py:1014:print]   zero_optimization_stage ...... 0
[2023-08-22 22:39:24,033] [INFO] [config.py:1005:print_user_config]   json = {
    "train_batch_size": 128, 
    "train_micro_batch_size_per_gpu": 16, 
    "steps_per_print": 1000, 
    "optimizer": {
        "type": "Adam", 
        "adam_w_mode": true, 
        "params": {
            "lr": 0.0005, 
            "weight_decay": 0.05, 
            "bias_correction": true, 
            "betas": [0.9, 0.999], 
            "eps": 1e-08
        }
    }, 
    "fp16": {
        "enabled": true, 
        "loss_scale": 0, 
        "initial_scale_power": 7, 
        "loss_scale_window": 128
    }
}
Using /home/bkh178/.cache/torch_extensions/py37_cu117 as PyTorch extensions root...
Emitting ninja build file /home/bkh178/.cache/torch_extensions/py37_cu117/utils/build.ninja...
Building extension module utils...
Allowing ninja to set a default number of workers... (overridable by setting the environment variable MAX_JOBS=N)
ninja: no work to do.
Loading extension module utils...
Time to load utils op: 0.22081708908081055 seconds
model.gradient_accumulation_steps() = 1
Mixup is activated!
criterion = SoftTargetCrossEntropy()
start video cil learning!
current task : 1 | train | Number of the class = 101
current task : 1 | validation | Number of the class = 101
current task : 1 | validation | Number of the class = 101
Sampler_train = <torch.utils.data.distributed.DistributedSampler object at 0x7f95de932c10>
Sampler_rehearsal = <torch.utils.data.distributed.DistributedSampler object at 0x7f94b44d1590>
Warning: Enabling distributed evaluation with an eval dataset not divisible by process number. This will slightly alter validation results as extra duplicate entries are added to achieve equal num of samples per-process.
Number of training examples = 984
Number of training training per epoch = 7
Number of rehearsal training examples = 984
Number of rehearsal training training per epoch = 7
Use step level LR scheduler!
Set warmup steps = 35
Set warmup steps = 0
Max WD = 0.0500000, Min WD = 0.0500000
Use step level LR scheduler!
Set warmup steps = 35
Set warmup steps = 0
Max WD = 0.0500000, Min WD = 0.0500000
==================================================
==================================================
==================================================
==================================================
Current task index : 1/10
==================================================
==================================================
==================================================
==================================================
Start training for 10 epochs
TASK EPOCH: [0]  [0/7]  eta: 0:00:59  lr: 0.000000  min_lr: 0.000000  loss: 2.1843 (2.1843)  loss_scale: 128.0000 (128.0000)  weight_decay: 0.0500 (0.0500)  time: 8.4504  data: 4.5745  max mem: 5581
TASK EPOCH: [0]  [6/7]  eta: 0:00:02  lr: 0.000044  min_lr: 0.000000  loss: 2.1843 (2.1841)  loss_scale: 128.0000 (128.0000)  weight_decay: 0.0500 (0.0500)  time: 2.0631  data: 0.6540  max mem: 5581
TASK EPOCH: [0] Total time: 0:00:14 (2.0914 s / it)
Averaged stats: lr: 0.000044  min_lr: 0.000000  loss: 2.1843 (2.1841)  loss_scale: 128.0000 (128.0000)  weight_decay: 0.0500 (0.0500)
TASK EPOCH: [1]  [0/7]  eta: 0:00:35  lr: 0.000051  min_lr: 0.000000  loss: 2.1809 (2.1809)  loss_scale: 128.0000 (128.0000)  weight_decay: 0.0500 (0.0500)  time: 5.0228  data: 3.5140  max mem: 5581
TASK EPOCH: [1]  [6/7]  eta: 0:00:01  lr: 0.000096  min_lr: 0.000001  loss: 2.1815 (2.1816)  loss_scale: 128.0000 (128.0000)  weight_decay: 0.0500 (0.0500)  time: 1.5795  data: 0.5024  max mem: 5581
TASK EPOCH: [1] Total time: 0:00:11 (1.6075 s / it)
Averaged stats: lr: 0.000096  min_lr: 0.000001  loss: 2.1815 (2.1804)  loss_scale: 128.0000 (128.0000)  weight_decay: 0.0500 (0.0500)
TASK EPOCH: [2]  [0/7]  eta: 0:00:34  lr: 0.000103  min_lr: 0.000001  loss: 2.1783 (2.1783)  loss_scale: 128.0000 (128.0000)  weight_decay: 0.0500 (0.0500)  time: 4.9522  data: 3.8898  max mem: 5581
TASK EPOCH: [2]  [6/7]  eta: 0:00:01  lr: 0.000147  min_lr: 0.000001  loss: 2.1780 (2.1712)  loss_scale: 128.0000 (128.0000)  weight_decay: 0.0500 (0.0500)  time: 1.5660  data: 0.5562  max mem: 5581
TASK EPOCH: [2] Total time: 0:00:11 (1.5964 s / it)
Averaged stats: lr: 0.000147  min_lr: 0.000001  loss: 2.1780 (2.1683)  loss_scale: 128.0000 (128.0000)  weight_decay: 0.0500 (0.0500)
TASK EPOCH: [3]  [0/7]  eta: 0:00:35  lr: 0.000154  min_lr: 0.000001  loss: 2.1315 (2.1315)  loss_scale: 128.0000 (128.0000)  weight_decay: 0.0500 (0.0500)  time: 5.1098  data: 4.2341  max mem: 5581
TASK EPOCH: [3]  [6/7]  eta: 0:00:01  lr: 0.000199  min_lr: 0.000002  loss: 2.1382 (2.1397)  loss_scale: 128.0000 (128.0000)  weight_decay: 0.0500 (0.0500)  time: 1.5894  data: 0.6052  max mem: 5581
TASK EPOCH: [3] Total time: 0:00:11 (1.6205 s / it)
Averaged stats: lr: 0.000199  min_lr: 0.000002  loss: 2.1382 (2.1275)  loss_scale: 128.0000 (128.0000)  weight_decay: 0.0500 (0.0500)
TASK EPOCH: [4]  [0/7]  eta: 0:00:33  lr: 0.000206  min_lr: 0.000002  loss: 2.0766 (2.0766)  loss_scale: 128.0000 (128.0000)  weight_decay: 0.0500 (0.0500)  time: 4.8260  data: 3.4242  max mem: 5581
TASK EPOCH: [4]  [6/7]  eta: 0:00:01  lr: 0.000250  min_lr: 0.000002  loss: 2.1037 (2.0802)  loss_scale: 128.0000 (128.0000)  weight_decay: 0.0500 (0.0500)  time: 1.5483  data: 0.4894  max mem: 5581
TASK EPOCH: [4] Total time: 0:00:11 (1.5785 s / it)
Averaged stats: lr: 0.000250  min_lr: 0.000002  loss: 2.1037 (2.0585)  loss_scale: 128.0000 (128.0000)  weight_decay: 0.0500 (0.0500)
TASK EPOCH: [5]  [0/7]  eta: 0:00:34  lr: 0.000250  min_lr: 0.000002  loss: 1.8907 (1.8907)  loss_scale: 128.0000 (128.0000)  weight_decay: 0.0500 (0.0500)  time: 4.9500  data: 3.4210  max mem: 5581
TASK EPOCH: [5]  [6/7]  eta: 0:00:01  lr: 0.000233  min_lr: 0.000002  loss: 1.9184 (1.9314)  loss_scale: 128.0000 (128.0000)  weight_decay: 0.0500 (0.0500)  time: 1.5675  data: 0.4891  max mem: 5581
TASK EPOCH: [5] Total time: 0:00:11 (1.5972 s / it)
Averaged stats: lr: 0.000233  min_lr: 0.000002  loss: 1.9184 (1.9767)  loss_scale: 128.0000 (128.0000)  weight_decay: 0.0500 (0.0500)
TASK EPOCH: [6]  [0/7]  eta: 0:00:36  lr: 0.000227  min_lr: 0.000002  loss: 2.0350 (2.0350)  loss_scale: 128.0000 (128.0000)  weight_decay: 0.0500 (0.0500)  time: 5.2434  data: 3.6499  max mem: 5581
TASK EPOCH: [6]  [6/7]  eta: 0:00:01  lr: 0.000176  min_lr: 0.000002  loss: 1.9678 (1.9829)  loss_scale: 128.0000 (128.0000)  weight_decay: 0.0500 (0.0500)  time: 1.6092  data: 0.5218  max mem: 5581
TASK EPOCH: [6] Total time: 0:00:11 (1.6385 s / it)
Averaged stats: lr: 0.000176  min_lr: 0.000002  loss: 1.9678 (1.9648)  loss_scale: 128.0000 (128.0000)  weight_decay: 0.0500 (0.0500)
TASK EPOCH: [7]  [0/7]  eta: 0:00:33  lr: 0.000165  min_lr: 0.000002  loss: 1.7848 (1.7848)  loss_scale: 128.0000 (128.0000)  weight_decay: 0.0500 (0.0500)  time: 4.7874  data: 3.1634  max mem: 5581
TASK EPOCH: [7]  [6/7]  eta: 0:00:01  lr: 0.000100  min_lr: 0.000001  loss: 1.8779 (1.8783)  loss_scale: 128.0000 (128.0000)  weight_decay: 0.0500 (0.0500)  time: 1.5455  data: 0.4524  max mem: 5581
TASK EPOCH: [7] Total time: 0:00:11 (1.5756 s / it)
Averaged stats: lr: 0.000100  min_lr: 0.000001  loss: 1.8779 (1.9000)  loss_scale: 128.0000 (128.0000)  weight_decay: 0.0500 (0.0500)
TASK EPOCH: [8]  [0/7]  eta: 0:00:34  lr: 0.000090  min_lr: 0.000001  loss: 1.8751 (1.8751)  loss_scale: 128.0000 (128.0000)  weight_decay: 0.0500 (0.0500)  time: 4.9461  data: 3.5596  max mem: 5581
TASK EPOCH: [8]  [6/7]  eta: 0:00:01  lr: 0.000035  min_lr: 0.000000  loss: 1.8352 (1.8234)  loss_scale: 128.0000 (128.0000)  weight_decay: 0.0500 (0.0500)  time: 1.5671  data: 0.5090  max mem: 5581
TASK EPOCH: [8] Total time: 0:00:11 (1.5957 s / it)
Averaged stats: lr: 0.000035  min_lr: 0.000000  loss: 1.8352 (1.8183)  loss_scale: 128.0000 (128.0000)  weight_decay: 0.0500 (0.0500)
TASK EPOCH: [9]  [0/7]  eta: 0:00:33  lr: 0.000028  min_lr: 0.000000  loss: 1.8124 (1.8124)  loss_scale: 128.0000 (128.0000)  weight_decay: 0.0500 (0.0500)  time: 4.8317  data: 3.4607  max mem: 5581
TASK EPOCH: [9]  [6/7]  eta: 0:00:01  lr: 0.000005  min_lr: 0.000000  loss: 1.7518 (1.7047)  loss_scale: 128.0000 (128.0000)  weight_decay: 0.0500 (0.0500)  time: 1.5508  data: 0.4949  max mem: 5581
TASK EPOCH: [9] Total time: 0:00:11 (1.5807 s / it)
Averaged stats: lr: 0.000005  min_lr: 0.000000  loss: 1.7518 (1.8262)  loss_scale: 128.0000 (128.0000)  weight_decay: 0.0500 (0.0500)
--------------------
--------------------
start rehearsal training for 10 epochs 
Rehearsal EPOCH: [0]  [0/7]  eta: 0:00:33  lr: 0.000000  min_lr: 0.000000  loss: 1.7526 (1.7526)  loss_scale: 128.0000 (128.0000)  weight_decay: 0.0500 (0.0500)  time: 4.8118  data: 3.6134  max mem: 5581
Rehearsal EPOCH: [0]  [6/7]  eta: 0:00:01  lr: 0.000044  min_lr: 0.000000  loss: 1.7541 (1.7820)  loss_scale: 128.0000 (128.0000)  weight_decay: 0.0500 (0.0500)  time: 1.5476  data: 0.5165  max mem: 5581
Rehearsal EPOCH: [0] Total time: 0:00:11 (1.5774 s / it)
Averaged stats: lr: 0.000044  min_lr: 0.000000  loss: 1.7541 (1.7969)  loss_scale: 128.0000 (128.0000)  weight_decay: 0.0500 (0.0500)
valid len dataloader task : 0 || len_loader 1
Val:  [0/1]  eta: 0:00:01  loss: 3.3832 (3.3832)  acc1: 61.1111 (61.1111)  acc5: 94.4444 (94.4444)  time: 1.6490  data: 1.2260  max mem: 5581
Val: Total time: 0:00:01 (1.7114 s / it)
Val: Current task task : 1/1
* Acc@1 63.194 Acc@5 97.917 loss 3.317
[VAL-REHEARSAL][1] TOTAL Accuracy of the network on the  val videos: 63.19%
[2023-08-22 22:41:33,209] [INFO] [logging.py:77:log_dist] [Rank 0] [Torch] Checkpoint checkpoint-best_rehearsal is begin to save!
[2023-08-22 22:41:33,211] [INFO] [torch_checkpoint_engine.py:29:commit] [Torch] Checkpoint checkpoint-best_rehearsal is ready now!
[2023-08-22 22:41:33,212] [INFO] [torch_checkpoint_engine.py:29:commit] [Torch] Checkpoint checkpoint-best_rehearsal is ready now!
[2023-08-22 22:41:33,212] [INFO] [torch_checkpoint_engine.py:29:commit] [Torch] Checkpoint checkpoint-best_rehearsal is ready now!
[2023-08-22 22:41:33,212] [INFO] [torch_checkpoint_engine.py:29:commit] [Torch] Checkpoint checkpoint-best_rehearsal is ready now!
[2023-08-22 22:41:33,212] [INFO] [logging.py:77:log_dist] [Rank 0] Saving model checkpoint: logs/ucf_10/36/checkpoint-best_rehearsal/mp_rank_00_model_states.pt
[2023-08-22 22:41:33,212] [INFO] [torch_checkpoint_engine.py:29:commit] [Torch] Checkpoint checkpoint-best_rehearsal is ready now!
[2023-08-22 22:41:33,212] [INFO] [torch_checkpoint_engine.py:17:save] [Torch] Saving logs/ucf_10/36/checkpoint-best_rehearsal/mp_rank_00_model_states.pt...
[2023-08-22 22:41:33,212] [INFO] [torch_checkpoint_engine.py:29:commit] [Torch] Checkpoint checkpoint-best_rehearsal is ready now!
[2023-08-22 22:41:33,212] [INFO] [torch_checkpoint_engine.py:29:commit] [Torch] Checkpoint checkpoint-best_rehearsal is ready now!
[2023-08-22 22:41:35,745] [INFO] [torch_checkpoint_engine.py:19:save] [Torch] Saved logs/ucf_10/36/checkpoint-best_rehearsal/mp_rank_00_model_states.pt.
[2023-08-22 22:41:35,746] [INFO] [torch_checkpoint_engine.py:29:commit] [Torch] Checkpoint checkpoint-best_rehearsal is ready now!
Max total accuracy: 63.19%
Rehearsal EPOCH: [1]  [0/7]  eta: 0:00:35  lr: 0.000051  min_lr: 0.000000  loss: 1.7873 (1.7873)  loss_scale: 128.0000 (128.0000)  weight_decay: 0.0500 (0.0500)  time: 5.0409  data: 3.8189  max mem: 5581
Rehearsal EPOCH: [1]  [6/7]  eta: 0:00:01  lr: 0.000096  min_lr: 0.000001  loss: 1.7873 (1.8130)  loss_scale: 128.0000 (128.0000)  weight_decay: 0.0500 (0.0500)  time: 1.5800  data: 0.5460  max mem: 5581
Rehearsal EPOCH: [1] Total time: 0:00:11 (1.6096 s / it)
Averaged stats: lr: 0.000096  min_lr: 0.000001  loss: 1.7873 (1.8111)  loss_scale: 128.0000 (128.0000)  weight_decay: 0.0500 (0.0500)
valid len dataloader task : 0 || len_loader 1
Val:  [0/1]  eta: 0:00:01  loss: 3.3431 (3.3431)  acc1: 50.0000 (50.0000)  acc5: 94.4444 (94.4444)  time: 1.5572  data: 1.1485  max mem: 5581
Val: Total time: 0:00:01 (1.6353 s / it)
Val: Current task task : 1/1
* Acc@1 65.278 Acc@5 98.611 loss 3.219
[VAL-REHEARSAL][2] TOTAL Accuracy of the network on the  val videos: 65.28%
[2023-08-22 22:41:48,720] [INFO] [logging.py:77:log_dist] [Rank 0] [Torch] Checkpoint checkpoint-best_rehearsal is begin to save!
[2023-08-22 22:41:48,722] [INFO] [logging.py:77:log_dist] [Rank 0] Saving model checkpoint: logs/ucf_10/36/checkpoint-best_rehearsal/mp_rank_00_model_states.pt
[2023-08-22 22:41:48,722] [INFO] [torch_checkpoint_engine.py:17:save] [Torch] Saving logs/ucf_10/36/checkpoint-best_rehearsal/mp_rank_00_model_states.pt...
[2023-08-22 22:41:48,722] [INFO] [torch_checkpoint_engine.py:29:commit] [Torch] Checkpoint checkpoint-best_rehearsal is ready now!
[2023-08-22 22:41:48,722] [INFO] [torch_checkpoint_engine.py:29:commit] [Torch] Checkpoint checkpoint-best_rehearsal is ready now!
[2023-08-22 22:41:48,722] [INFO] [torch_checkpoint_engine.py:29:commit] [Torch] Checkpoint checkpoint-best_rehearsal is ready now!
[2023-08-22 22:41:48,722] [INFO] [torch_checkpoint_engine.py:29:commit] [Torch] Checkpoint checkpoint-best_rehearsal is ready now!
[2023-08-22 22:41:48,723] [INFO] [torch_checkpoint_engine.py:29:commit] [Torch] Checkpoint checkpoint-best_rehearsal is ready now!
[2023-08-22 22:41:48,723] [INFO] [torch_checkpoint_engine.py:29:commit] [Torch] Checkpoint checkpoint-best_rehearsal is ready now!
[2023-08-22 22:41:48,723] [INFO] [torch_checkpoint_engine.py:29:commit] [Torch] Checkpoint checkpoint-best_rehearsal is ready now!
[2023-08-22 22:41:51,793] [INFO] [torch_checkpoint_engine.py:19:save] [Torch] Saved logs/ucf_10/36/checkpoint-best_rehearsal/mp_rank_00_model_states.pt.
[2023-08-22 22:41:51,794] [INFO] [torch_checkpoint_engine.py:29:commit] [Torch] Checkpoint checkpoint-best_rehearsal is ready now!
Max total accuracy: 65.28%
Rehearsal EPOCH: [2]  [0/7]  eta: 0:00:33  lr: 0.000103  min_lr: 0.000001  loss: 1.8362 (1.8362)  loss_scale: 128.0000 (128.0000)  weight_decay: 0.0500 (0.0500)  time: 4.7742  data: 3.5545  max mem: 5581
Rehearsal EPOCH: [2]  [6/7]  eta: 0:00:01  lr: 0.000147  min_lr: 0.000001  loss: 1.7436 (1.8155)  loss_scale: 128.0000 (128.0000)  weight_decay: 0.0500 (0.0500)  time: 1.5405  data: 0.5081  max mem: 5581
Rehearsal EPOCH: [2] Total time: 0:00:10 (1.5713 s / it)
Averaged stats: lr: 0.000147  min_lr: 0.000001  loss: 1.7436 (1.7730)  loss_scale: 128.0000 (128.0000)  weight_decay: 0.0500 (0.0500)
valid len dataloader task : 0 || len_loader 1
Val:  [0/1]  eta: 0:00:01  loss: 3.2989 (3.2989)  acc1: 55.5556 (55.5556)  acc5: 94.4444 (94.4444)  time: 1.5239  data: 1.1427  max mem: 5581
Val: Total time: 0:00:01 (1.5861 s / it)
Val: Current task task : 1/1
* Acc@1 70.139 Acc@5 98.611 loss 3.097
[VAL-REHEARSAL][3] TOTAL Accuracy of the network on the  val videos: 70.14%
[2023-08-22 22:42:04,489] [INFO] [logging.py:77:log_dist] [Rank 0] [Torch] Checkpoint checkpoint-best_rehearsal is begin to save!
[2023-08-22 22:42:04,491] [INFO] [torch_checkpoint_engine.py:29:commit] [Torch] Checkpoint checkpoint-best_rehearsal is ready now!
[2023-08-22 22:42:04,491] [INFO] [torch_checkpoint_engine.py:29:commit] [Torch] Checkpoint checkpoint-best_rehearsal is ready now!
[2023-08-22 22:42:04,491] [INFO] [torch_checkpoint_engine.py:29:commit] [Torch] Checkpoint checkpoint-best_rehearsal is ready now!
[2023-08-22 22:42:04,491] [INFO] [torch_checkpoint_engine.py:29:commit] [Torch] Checkpoint checkpoint-best_rehearsal is ready now!
[2023-08-22 22:42:04,491] [INFO] [torch_checkpoint_engine.py:29:commit] [Torch] Checkpoint checkpoint-best_rehearsal is ready now!
[2023-08-22 22:42:04,492] [INFO] [logging.py:77:log_dist] [Rank 0] Saving model checkpoint: logs/ucf_10/36/checkpoint-best_rehearsal/mp_rank_00_model_states.pt
[2023-08-22 22:42:04,491] [INFO] [torch_checkpoint_engine.py:29:commit] [Torch] Checkpoint checkpoint-best_rehearsal is ready now!
[2023-08-22 22:42:04,492] [INFO] [torch_checkpoint_engine.py:17:save] [Torch] Saving logs/ucf_10/36/checkpoint-best_rehearsal/mp_rank_00_model_states.pt...
[2023-08-22 22:42:04,492] [INFO] [torch_checkpoint_engine.py:29:commit] [Torch] Checkpoint checkpoint-best_rehearsal is ready now!
[2023-08-22 22:42:07,292] [INFO] [torch_checkpoint_engine.py:19:save] [Torch] Saved logs/ucf_10/36/checkpoint-best_rehearsal/mp_rank_00_model_states.pt.
[2023-08-22 22:42:07,292] [INFO] [torch_checkpoint_engine.py:29:commit] [Torch] Checkpoint checkpoint-best_rehearsal is ready now!
Max total accuracy: 70.14%
Rehearsal EPOCH: [3]  [0/7]  eta: 0:00:33  lr: 0.000154  min_lr: 0.000001  loss: 1.4726 (1.4726)  loss_scale: 128.0000 (128.0000)  weight_decay: 0.0500 (0.0500)  time: 4.7906  data: 3.8906  max mem: 5581
Rehearsal EPOCH: [3]  [6/7]  eta: 0:00:01  lr: 0.000199  min_lr: 0.000002  loss: 1.7969 (1.7908)  loss_scale: 128.0000 (128.0000)  weight_decay: 0.0500 (0.0500)  time: 1.5436  data: 0.5562  max mem: 5581
Rehearsal EPOCH: [3] Total time: 0:00:11 (1.5741 s / it)
Averaged stats: lr: 0.000199  min_lr: 0.000002  loss: 1.7969 (1.7205)  loss_scale: 128.0000 (128.0000)  weight_decay: 0.0500 (0.0500)
valid len dataloader task : 0 || len_loader 1
Val:  [0/1]  eta: 0:00:01  loss: 2.9628 (2.9628)  acc1: 55.5556 (55.5556)  acc5: 100.0000 (100.0000)  time: 1.5244  data: 1.1364  max mem: 5581
Val: Total time: 0:00:01 (1.6044 s / it)
Val: Current task task : 1/1
* Acc@1 70.139 Acc@5 100.000 loss 2.783
[VAL-REHEARSAL][4] TOTAL Accuracy of the network on the  val videos: 70.14%
Max total accuracy: 70.14%
Rehearsal EPOCH: [4]  [0/7]  eta: 0:00:34  lr: 0.000206  min_lr: 0.000002  loss: 1.9534 (1.9534)  loss_scale: 128.0000 (128.0000)  weight_decay: 0.0500 (0.0500)  time: 4.9365  data: 3.4095  max mem: 5581
Rehearsal EPOCH: [4]  [6/7]  eta: 0:00:01  lr: 0.000250  min_lr: 0.000002  loss: 1.8571 (1.8386)  loss_scale: 128.0000 (128.0000)  weight_decay: 0.0500 (0.0500)  time: 1.5648  data: 0.4874  max mem: 5581
Rehearsal EPOCH: [4] Total time: 0:00:11 (1.5926 s / it)
Averaged stats: lr: 0.000250  min_lr: 0.000002  loss: 1.8571 (1.7423)  loss_scale: 128.0000 (128.0000)  weight_decay: 0.0500 (0.0500)
valid len dataloader task : 0 || len_loader 1
Val:  [0/1]  eta: 0:00:01  loss: 2.8627 (2.8627)  acc1: 66.6667 (66.6667)  acc5: 100.0000 (100.0000)  time: 1.5522  data: 1.1610  max mem: 5581
Val: Total time: 0:00:01 (1.6294 s / it)
Val: Current task task : 1/1
* Acc@1 76.389 Acc@5 99.306 loss 2.691
[VAL-REHEARSAL][5] TOTAL Accuracy of the network on the  val videos: 76.39%
[2023-08-22 22:42:32,919] [INFO] [logging.py:77:log_dist] [Rank 0] [Torch] Checkpoint checkpoint-best_rehearsal is begin to save!
[2023-08-22 22:42:32,922] [INFO] [torch_checkpoint_engine.py:29:commit] [Torch] Checkpoint checkpoint-best_rehearsal is ready now!
[2023-08-22 22:42:32,922] [INFO] [torch_checkpoint_engine.py:29:commit] [Torch] Checkpoint checkpoint-best_rehearsal is ready now!
[2023-08-22 22:42:32,922] [INFO] [torch_checkpoint_engine.py:29:commit] [Torch] Checkpoint checkpoint-best_rehearsal is ready now!
[2023-08-22 22:42:32,922] [INFO] [torch_checkpoint_engine.py:29:commit] [Torch] Checkpoint checkpoint-best_rehearsal is ready now!
[2023-08-22 22:42:32,922] [INFO] [torch_checkpoint_engine.py:29:commit] [Torch] Checkpoint checkpoint-best_rehearsal is ready now!
[2023-08-22 22:42:32,922] [INFO] [logging.py:77:log_dist] [Rank 0] Saving model checkpoint: logs/ucf_10/36/checkpoint-best_rehearsal/mp_rank_00_model_states.pt
[2023-08-22 22:42:32,922] [INFO] [torch_checkpoint_engine.py:17:save] [Torch] Saving logs/ucf_10/36/checkpoint-best_rehearsal/mp_rank_00_model_states.pt...
[2023-08-22 22:42:32,922] [INFO] [torch_checkpoint_engine.py:29:commit] [Torch] Checkpoint checkpoint-best_rehearsal is ready now!
[2023-08-22 22:42:32,922] [INFO] [torch_checkpoint_engine.py:29:commit] [Torch] Checkpoint checkpoint-best_rehearsal is ready now!
[2023-08-22 22:42:35,808] [INFO] [torch_checkpoint_engine.py:19:save] [Torch] Saved logs/ucf_10/36/checkpoint-best_rehearsal/mp_rank_00_model_states.pt.
[2023-08-22 22:42:35,808] [INFO] [torch_checkpoint_engine.py:29:commit] [Torch] Checkpoint checkpoint-best_rehearsal is ready now!
Max total accuracy: 76.39%
Rehearsal EPOCH: [5]  [0/7]  eta: 0:00:33  lr: 0.000250  min_lr: 0.000002  loss: 1.7008 (1.7008)  loss_scale: 128.0000 (128.0000)  weight_decay: 0.0500 (0.0500)  time: 4.8144  data: 3.8694  max mem: 5581
Rehearsal EPOCH: [5]  [6/7]  eta: 0:00:01  lr: 0.000233  min_lr: 0.000002  loss: 1.6173 (1.6125)  loss_scale: 128.0000 (128.0000)  weight_decay: 0.0500 (0.0500)  time: 1.5493  data: 0.5531  max mem: 5581
Rehearsal EPOCH: [5] Total time: 0:00:11 (1.5807 s / it)
Averaged stats: lr: 0.000233  min_lr: 0.000002  loss: 1.6173 (1.6001)  loss_scale: 128.0000 (128.0000)  weight_decay: 0.0500 (0.0500)
valid len dataloader task : 0 || len_loader 1
Val:  [0/1]  eta: 0:00:01  loss: 2.6674 (2.6674)  acc1: 66.6667 (66.6667)  acc5: 100.0000 (100.0000)  time: 1.5663  data: 1.1731  max mem: 5581
Val: Total time: 0:00:01 (1.6446 s / it)
Val: Current task task : 1/1
* Acc@1 73.611 Acc@5 100.000 loss 2.452
[VAL-REHEARSAL][6] TOTAL Accuracy of the network on the  val videos: 73.61%
Max total accuracy: 76.39%
Rehearsal EPOCH: [6]  [0/7]  eta: 0:00:34  lr: 0.000227  min_lr: 0.000002  loss: 1.5522 (1.5522)  loss_scale: 128.0000 (128.0000)  weight_decay: 0.0500 (0.0500)  time: 4.8821  data: 3.1534  max mem: 5581
Rehearsal EPOCH: [6]  [6/7]  eta: 0:00:01  lr: 0.000176  min_lr: 0.000002  loss: 1.5522 (1.5975)  loss_scale: 128.0000 (128.0000)  weight_decay: 0.0500 (0.0500)  time: 1.5582  data: 0.4507  max mem: 5581
Rehearsal EPOCH: [6] Total time: 0:00:11 (1.5879 s / it)
Averaged stats: lr: 0.000176  min_lr: 0.000002  loss: 1.5522 (1.5517)  loss_scale: 128.0000 (128.0000)  weight_decay: 0.0500 (0.0500)
valid len dataloader task : 0 || len_loader 1
Val:  [0/1]  eta: 0:00:01  loss: 2.4369 (2.4369)  acc1: 66.6667 (66.6667)  acc5: 100.0000 (100.0000)  time: 1.5866  data: 1.1543  max mem: 5581
Val: Total time: 0:00:01 (1.6789 s / it)
Val: Current task task : 1/1
* Acc@1 79.167 Acc@5 100.000 loss 2.228
[VAL-REHEARSAL][7] TOTAL Accuracy of the network on the  val videos: 79.17%
[2023-08-22 22:43:01,442] [INFO] [logging.py:77:log_dist] [Rank 0] [Torch] Checkpoint checkpoint-best_rehearsal is begin to save!
[2023-08-22 22:43:01,444] [INFO] [torch_checkpoint_engine.py:29:commit] [Torch] Checkpoint checkpoint-best_rehearsal is ready now!
[2023-08-22 22:43:01,445] [INFO] [torch_checkpoint_engine.py:29:commit] [Torch] Checkpoint checkpoint-best_rehearsal is ready now!
[2023-08-22 22:43:01,445] [INFO] [torch_checkpoint_engine.py:29:commit] [Torch] Checkpoint checkpoint-best_rehearsal is ready now!
[2023-08-22 22:43:01,445] [INFO] [torch_checkpoint_engine.py:29:commit] [Torch] Checkpoint checkpoint-best_rehearsal is ready now!
[2023-08-22 22:43:01,445] [INFO] [torch_checkpoint_engine.py:29:commit] [Torch] Checkpoint checkpoint-best_rehearsal is ready now!
[2023-08-22 22:43:01,445] [INFO] [torch_checkpoint_engine.py:29:commit] [Torch] Checkpoint checkpoint-best_rehearsal is ready now!
[2023-08-22 22:43:01,445] [INFO] [torch_checkpoint_engine.py:29:commit] [Torch] Checkpoint checkpoint-best_rehearsal is ready now!
[2023-08-22 22:43:01,445] [INFO] [logging.py:77:log_dist] [Rank 0] Saving model checkpoint: logs/ucf_10/36/checkpoint-best_rehearsal/mp_rank_00_model_states.pt
[2023-08-22 22:43:01,445] [INFO] [torch_checkpoint_engine.py:17:save] [Torch] Saving logs/ucf_10/36/checkpoint-best_rehearsal/mp_rank_00_model_states.pt...
[2023-08-22 22:43:04,400] [INFO] [torch_checkpoint_engine.py:19:save] [Torch] Saved logs/ucf_10/36/checkpoint-best_rehearsal/mp_rank_00_model_states.pt.
[2023-08-22 22:43:04,401] [INFO] [torch_checkpoint_engine.py:29:commit] [Torch] Checkpoint checkpoint-best_rehearsal is ready now!
Max total accuracy: 79.17%
Rehearsal EPOCH: [7]  [0/7]  eta: 0:00:35  lr: 0.000165  min_lr: 0.000002  loss: 1.6220 (1.6220)  loss_scale: 128.0000 (128.0000)  weight_decay: 0.0500 (0.0500)  time: 5.0446  data: 4.1624  max mem: 5581
Rehearsal EPOCH: [7]  [6/7]  eta: 0:00:01  lr: 0.000100  min_lr: 0.000001  loss: 1.4253 (1.4268)  loss_scale: 128.0000 (128.0000)  weight_decay: 0.0500 (0.0500)  time: 1.5804  data: 0.5950  max mem: 5581
Rehearsal EPOCH: [7] Total time: 0:00:11 (1.6104 s / it)
Averaged stats: lr: 0.000100  min_lr: 0.000001  loss: 1.4253 (1.5460)  loss_scale: 128.0000 (128.0000)  weight_decay: 0.0500 (0.0500)
valid len dataloader task : 0 || len_loader 1
Val:  [0/1]  eta: 0:00:01  loss: 2.3994 (2.3994)  acc1: 66.6667 (66.6667)  acc5: 100.0000 (100.0000)  time: 1.5663  data: 1.1518  max mem: 5581
Val: Total time: 0:00:01 (1.6452 s / it)
Val: Current task task : 1/1
* Acc@1 82.639 Acc@5 100.000 loss 2.159
[VAL-REHEARSAL][8] TOTAL Accuracy of the network on the  val videos: 82.64%
[2023-08-22 22:43:17,398] [INFO] [logging.py:77:log_dist] [Rank 0] [Torch] Checkpoint checkpoint-best_rehearsal is begin to save!
[2023-08-22 22:43:17,400] [INFO] [torch_checkpoint_engine.py:29:commit] [Torch] Checkpoint checkpoint-best_rehearsal is ready now!
[2023-08-22 22:43:17,400] [INFO] [torch_checkpoint_engine.py:29:commit] [Torch] Checkpoint checkpoint-best_rehearsal is ready now!
[2023-08-22 22:43:17,400] [INFO] [torch_checkpoint_engine.py:29:commit] [Torch] Checkpoint checkpoint-best_rehearsal is ready now!
[2023-08-22 22:43:17,400] [INFO] [torch_checkpoint_engine.py:29:commit] [Torch] Checkpoint checkpoint-best_rehearsal is ready now!
[2023-08-22 22:43:17,400] [INFO] [torch_checkpoint_engine.py:29:commit] [Torch] Checkpoint checkpoint-best_rehearsal is ready now!
[2023-08-22 22:43:17,401] [INFO] [logging.py:77:log_dist] [Rank 0] Saving model checkpoint: logs/ucf_10/36/checkpoint-best_rehearsal/mp_rank_00_model_states.pt
[2023-08-22 22:43:17,401] [INFO] [torch_checkpoint_engine.py:17:save] [Torch] Saving logs/ucf_10/36/checkpoint-best_rehearsal/mp_rank_00_model_states.pt...
[2023-08-22 22:43:17,401] [INFO] [torch_checkpoint_engine.py:29:commit] [Torch] Checkpoint checkpoint-best_rehearsal is ready now!
[2023-08-22 22:43:17,401] [INFO] [torch_checkpoint_engine.py:29:commit] [Torch] Checkpoint checkpoint-best_rehearsal is ready now!
[2023-08-22 22:43:20,168] [INFO] [torch_checkpoint_engine.py:19:save] [Torch] Saved logs/ucf_10/36/checkpoint-best_rehearsal/mp_rank_00_model_states.pt.
[2023-08-22 22:43:20,168] [INFO] [torch_checkpoint_engine.py:29:commit] [Torch] Checkpoint checkpoint-best_rehearsal is ready now!
Max total accuracy: 82.64%
Rehearsal EPOCH: [8]  [0/7]  eta: 0:00:33  lr: 0.000090  min_lr: 0.000001  loss: 1.7790 (1.7790)  loss_scale: 128.0000 (128.0000)  weight_decay: 0.0500 (0.0500)  time: 4.7486  data: 3.5215  max mem: 5581
[2023-08-22 22:43:26,925] [INFO] [fused_optimizer.py:394:_update_scale] No Grad overflow for 128 iterations
[2023-08-22 22:43:26,925] [INFO] [fused_optimizer.py:396:_update_scale] Increasing dynamic loss scale from 128 to 256
[2023-08-22 22:43:26,925] [INFO] [fused_optimizer.py:394:_update_scale] No Grad overflow for 128 iterations
[2023-08-22 22:43:26,925] [INFO] [fused_optimizer.py:396:_update_scale] Increasing dynamic loss scale from 128 to 256
[2023-08-22 22:43:26,925] [INFO] [fused_optimizer.py:394:_update_scale] No Grad overflow for 128 iterations
[2023-08-22 22:43:26,926] [INFO] [fused_optimizer.py:396:_update_scale] Increasing dynamic loss scale from 128 to 256
[2023-08-22 22:43:26,925] [INFO] [fused_optimizer.py:394:_update_scale] No Grad overflow for 128 iterations
[2023-08-22 22:43:26,925] [INFO] [fused_optimizer.py:394:_update_scale] No Grad overflow for 128 iterations
[2023-08-22 22:43:26,925] [INFO] [fused_optimizer.py:394:_update_scale] No Grad overflow for 128 iterations
[2023-08-22 22:43:26,926] [INFO] [fused_optimizer.py:396:_update_scale] Increasing dynamic loss scale from 128 to 256
[2023-08-22 22:43:26,926] [INFO] [fused_optimizer.py:396:_update_scale] Increasing dynamic loss scale from 128 to 256
[2023-08-22 22:43:26,926] [INFO] [fused_optimizer.py:396:_update_scale] Increasing dynamic loss scale from 128 to 256
[2023-08-22 22:43:26,926] [INFO] [fused_optimizer.py:394:_update_scale] No Grad overflow for 128 iterations
[2023-08-22 22:43:26,926] [INFO] [fused_optimizer.py:396:_update_scale] Increasing dynamic loss scale from 128 to 256
[2023-08-22 22:43:26,926] [INFO] [fused_optimizer.py:394:_update_scale] No Grad overflow for 128 iterations
[2023-08-22 22:43:26,926] [INFO] [fused_optimizer.py:396:_update_scale] Increasing dynamic loss scale from 128 to 256
Rehearsal EPOCH: [8]  [6/7]  eta: 0:00:01  lr: 0.000035  min_lr: 0.000000  loss: 1.6532 (1.5594)  loss_scale: 256.0000 (219.4286)  weight_decay: 0.0500 (0.0500)  time: 1.5391  data: 0.5036  max mem: 5581
Rehearsal EPOCH: [8] Total time: 0:00:10 (1.5681 s / it)
Averaged stats: lr: 0.000035  min_lr: 0.000000  loss: 1.6532 (1.4964)  loss_scale: 256.0000 (219.4286)  weight_decay: 0.0500 (0.0500)
valid len dataloader task : 0 || len_loader 1
Val:  [0/1]  eta: 0:00:01  loss: 2.3441 (2.3441)  acc1: 66.6667 (66.6667)  acc5: 100.0000 (100.0000)  time: 1.6276  data: 1.2634  max mem: 5581
Val: Total time: 0:00:01 (1.7153 s / it)
Val: Current task task : 1/1
* Acc@1 82.639 Acc@5 100.000 loss 2.122
[VAL-REHEARSAL][9] TOTAL Accuracy of the network on the  val videos: 82.64%
Max total accuracy: 82.64%
Rehearsal EPOCH: [9]  [0/7]  eta: 0:00:34  lr: 0.000028  min_lr: 0.000000  loss: 1.6779 (1.6779)  loss_scale: 256.0000 (256.0000)  weight_decay: 0.0500 (0.0500)  time: 4.9690  data: 3.8808  max mem: 5581
Rehearsal EPOCH: [9]  [6/7]  eta: 0:00:01  lr: 0.000005  min_lr: 0.000000  loss: 1.3718 (1.3129)  loss_scale: 256.0000 (256.0000)  weight_decay: 0.0500 (0.0500)  time: 1.5685  data: 0.5550  max mem: 5581
Rehearsal EPOCH: [9] Total time: 0:00:11 (1.5996 s / it)
Averaged stats: lr: 0.000005  min_lr: 0.000000  loss: 1.3718 (1.5208)  loss_scale: 256.0000 (256.0000)  weight_decay: 0.0500 (0.0500)
valid len dataloader task : 0 || len_loader 1
Val:  [0/1]  eta: 0:00:01  loss: 2.2934 (2.2934)  acc1: 66.6667 (66.6667)  acc5: 100.0000 (100.0000)  time: 1.5588  data: 1.1674  max mem: 5581
Val: Total time: 0:00:01 (1.6252 s / it)
Val: Current task task : 1/1
* Acc@1 83.333 Acc@5 100.000 loss 2.098
[VAL-REHEARSAL][10] TOTAL Accuracy of the network on the  val videos: 83.33%
[2023-08-22 22:43:45,835] [INFO] [logging.py:77:log_dist] [Rank 0] [Torch] Checkpoint checkpoint-best_rehearsal is begin to save!
[2023-08-22 22:43:45,837] [INFO] [logging.py:77:log_dist] [Rank 0] Saving model checkpoint: logs/ucf_10/36/checkpoint-best_rehearsal/mp_rank_00_model_states.pt
[2023-08-22 22:43:45,837] [INFO] [torch_checkpoint_engine.py:17:save] [Torch] Saving logs/ucf_10/36/checkpoint-best_rehearsal/mp_rank_00_model_states.pt...
[2023-08-22 22:43:45,837] [INFO] [torch_checkpoint_engine.py:29:commit] [Torch] Checkpoint checkpoint-best_rehearsal is ready now!
[2023-08-22 22:43:45,837] [INFO] [torch_checkpoint_engine.py:29:commit] [Torch] Checkpoint checkpoint-best_rehearsal is ready now!
[2023-08-22 22:43:45,838] [INFO] [torch_checkpoint_engine.py:29:commit] [Torch] Checkpoint checkpoint-best_rehearsal is ready now!
[2023-08-22 22:43:45,838] [INFO] [torch_checkpoint_engine.py:29:commit] [Torch] Checkpoint checkpoint-best_rehearsal is ready now!
[2023-08-22 22:43:45,838] [INFO] [torch_checkpoint_engine.py:29:commit] [Torch] Checkpoint checkpoint-best_rehearsal is ready now!
[2023-08-22 22:43:45,838] [INFO] [torch_checkpoint_engine.py:29:commit] [Torch] Checkpoint checkpoint-best_rehearsal is ready now!
[2023-08-22 22:43:45,839] [INFO] [torch_checkpoint_engine.py:29:commit] [Torch] Checkpoint checkpoint-best_rehearsal is ready now!
[2023-08-22 22:43:49,108] [INFO] [torch_checkpoint_engine.py:19:save] [Torch] Saved logs/ucf_10/36/checkpoint-best_rehearsal/mp_rank_00_model_states.pt.
[2023-08-22 22:43:49,109] [INFO] [torch_checkpoint_engine.py:29:commit] [Torch] Checkpoint checkpoint-best_rehearsal is ready now!
Max total accuracy: 83.33%
load best rehearsal model
<All keys matched successfully>
valid len dataloader task : 0 || len_loader 1
Val:  [0/1]  eta: 0:00:01  loss: 2.2728 (2.2728)  acc1: 66.6667 (66.6667)  acc5: 100.0000 (100.0000)  time: 1.5381  data: 1.1817  max mem: 5581
Val: Total time: 0:00:01 (1.6114 s / it)
Val: Current task task : 1/1
* Acc@1 86.111 Acc@5 100.000 loss 2.071
[TEST] Accuracy of the network on the  test videos: 86.11%
Training time 0:04:28
current task : 2 | train | Number of the class = 101
current task : 2 | validation | Number of the class = 101
current task : 2 | validation | Number of the class = 101
Sampler_train = <torch.utils.data.distributed.DistributedSampler object at 0x7f95557bbfd0>
Sampler_rehearsal = <torch.utils.data.distributed.DistributedSampler object at 0x7f94b4481710>
Warning: Enabling distributed evaluation with an eval dataset not divisible by process number. This will slightly alter validation results as extra duplicate entries are added to achieve equal num of samples per-process.
Number of training examples = 933
Number of training training per epoch = 7
Number of rehearsal training examples = 1010
Number of rehearsal training training per epoch = 7
Use step level LR scheduler!
Set warmup steps = 35
Set warmup steps = 0
Max WD = 0.0500000, Min WD = 0.0500000
Use step level LR scheduler!
Set warmup steps = 35
Set warmup steps = 0
Max WD = 0.0500000, Min WD = 0.0500000
==================================================
==================================================
==================================================
==================================================
Current task index : 2/10
==================================================
==================================================
==================================================
==================================================
Start training for 10 epochs
TASK EPOCH: [0]  [0/7]  eta: 0:00:36  lr: 0.000000  min_lr: 0.000000  loss: 3.1573 (3.1573)  loss_scale: 256.0000 (256.0000)  weight_decay: 0.0500 (0.0500)  time: 5.2030  data: 3.1168  max mem: 5581
TASK EPOCH: [0]  [6/7]  eta: 0:00:01  lr: 0.000044  min_lr: 0.000000  loss: 3.0930 (3.1015)  loss_scale: 256.0000 (256.0000)  weight_decay: 0.0500 (0.0500)  time: 1.6063  data: 0.4458  max mem: 5581
TASK EPOCH: [0] Total time: 0:00:11 (1.6376 s / it)
Averaged stats: lr: 0.000044  min_lr: 0.000000  loss: 3.0930 (3.0926)  loss_scale: 256.0000 (256.0000)  weight_decay: 0.0500 (0.0500)
TASK EPOCH: [1]  [0/7]  eta: 0:00:35  lr: 0.000051  min_lr: 0.000000  loss: 2.9791 (2.9791)  loss_scale: 256.0000 (256.0000)  weight_decay: 0.0500 (0.0500)  time: 5.0191  data: 3.9851  max mem: 5581
TASK EPOCH: [1]  [6/7]  eta: 0:00:01  lr: 0.000096  min_lr: 0.000001  loss: 2.8524 (2.8452)  loss_scale: 256.0000 (256.0000)  weight_decay: 0.0500 (0.0500)  time: 1.5757  data: 0.5697  max mem: 5581
TASK EPOCH: [1] Total time: 0:00:11 (1.6071 s / it)
Averaged stats: lr: 0.000096  min_lr: 0.000001  loss: 2.8524 (2.8503)  loss_scale: 256.0000 (256.0000)  weight_decay: 0.0500 (0.0500)
TASK EPOCH: [2]  [0/7]  eta: 0:00:36  lr: 0.000103  min_lr: 0.000001  loss: 2.6334 (2.6334)  loss_scale: 256.0000 (256.0000)  weight_decay: 0.0500 (0.0500)  time: 5.1723  data: 3.5350  max mem: 5581
TASK EPOCH: [2]  [6/7]  eta: 0:00:01  lr: 0.000147  min_lr: 0.000001  loss: 2.5162 (2.4821)  loss_scale: 256.0000 (256.0000)  weight_decay: 0.0500 (0.0500)  time: 1.5985  data: 0.5053  max mem: 5581
TASK EPOCH: [2] Total time: 0:00:11 (1.6297 s / it)
Averaged stats: lr: 0.000147  min_lr: 0.000001  loss: 2.5162 (2.4856)  loss_scale: 256.0000 (256.0000)  weight_decay: 0.0500 (0.0500)
TASK EPOCH: [3]  [0/7]  eta: 0:00:34  lr: 0.000154  min_lr: 0.000001  loss: 2.3114 (2.3114)  loss_scale: 256.0000 (256.0000)  weight_decay: 0.0500 (0.0500)  time: 4.9146  data: 4.0316  max mem: 5581
TASK EPOCH: [3]  [6/7]  eta: 0:00:01  lr: 0.000199  min_lr: 0.000002  loss: 2.1397 (2.1513)  loss_scale: 256.0000 (256.0000)  weight_decay: 0.0500 (0.0500)  time: 1.5632  data: 0.5765  max mem: 5581
TASK EPOCH: [3] Total time: 0:00:11 (1.5932 s / it)
Averaged stats: lr: 0.000199  min_lr: 0.000002  loss: 2.1397 (2.1637)  loss_scale: 256.0000 (256.0000)  weight_decay: 0.0500 (0.0500)
TASK EPOCH: [4]  [0/7]  eta: 0:00:35  lr: 0.000206  min_lr: 0.000002  loss: 2.0111 (2.0111)  loss_scale: 256.0000 (256.0000)  weight_decay: 0.0500 (0.0500)  time: 5.0635  data: 3.5497  max mem: 5581
TASK EPOCH: [4]  [6/7]  eta: 0:00:01  lr: 0.000250  min_lr: 0.000002  loss: 1.9128 (1.8920)  loss_scale: 256.0000 (256.0000)  weight_decay: 0.0500 (0.0500)  time: 1.5837  data: 0.5075  max mem: 5581
TASK EPOCH: [4] Total time: 0:00:11 (1.6155 s / it)
Averaged stats: lr: 0.000250  min_lr: 0.000002  loss: 1.9128 (1.9644)  loss_scale: 256.0000 (256.0000)  weight_decay: 0.0500 (0.0500)
TASK EPOCH: [5]  [0/7]  eta: 0:00:35  lr: 0.000250  min_lr: 0.000002  loss: 1.8192 (1.8192)  loss_scale: 256.0000 (256.0000)  weight_decay: 0.0500 (0.0500)  time: 5.0041  data: 3.4824  max mem: 5581
TASK EPOCH: [5]  [6/7]  eta: 0:00:01  lr: 0.000233  min_lr: 0.000002  loss: 1.7932 (1.8555)  loss_scale: 256.0000 (256.0000)  weight_decay: 0.0500 (0.0500)  time: 1.5751  data: 0.4979  max mem: 5581
TASK EPOCH: [5] Total time: 0:00:11 (1.6067 s / it)
Averaged stats: lr: 0.000233  min_lr: 0.000002  loss: 1.7932 (1.8146)  loss_scale: 256.0000 (256.0000)  weight_decay: 0.0500 (0.0500)
TASK EPOCH: [6]  [0/7]  eta: 0:00:35  lr: 0.000227  min_lr: 0.000002  loss: 1.8825 (1.8825)  loss_scale: 256.0000 (256.0000)  weight_decay: 0.0500 (0.0500)  time: 5.0902  data: 4.1949  max mem: 5581
TASK EPOCH: [6]  [6/7]  eta: 0:00:01  lr: 0.000176  min_lr: 0.000002  loss: 1.8278 (1.7663)  loss_scale: 256.0000 (256.0000)  weight_decay: 0.0500 (0.0500)  time: 1.5876  data: 0.5995  max mem: 5581
TASK EPOCH: [6] Total time: 0:00:11 (1.6183 s / it)
Averaged stats: lr: 0.000176  min_lr: 0.000002  loss: 1.8278 (1.7932)  loss_scale: 256.0000 (256.0000)  weight_decay: 0.0500 (0.0500)
TASK EPOCH: [7]  [0/7]  eta: 0:00:34  lr: 0.000165  min_lr: 0.000002  loss: 1.2690 (1.2690)  loss_scale: 256.0000 (256.0000)  weight_decay: 0.0500 (0.0500)  time: 4.9305  data: 3.7044  max mem: 5581
TASK EPOCH: [7]  [6/7]  eta: 0:00:01  lr: 0.000100  min_lr: 0.000001  loss: 1.5601 (1.5413)  loss_scale: 256.0000 (256.0000)  weight_decay: 0.0500 (0.0500)  time: 1.5660  data: 0.5297  max mem: 5581
TASK EPOCH: [7] Total time: 0:00:11 (1.5980 s / it)
Averaged stats: lr: 0.000100  min_lr: 0.000001  loss: 1.5601 (1.6494)  loss_scale: 256.0000 (256.0000)  weight_decay: 0.0500 (0.0500)
TASK EPOCH: [8]  [0/7]  eta: 0:00:34  lr: 0.000090  min_lr: 0.000001  loss: 1.7409 (1.7409)  loss_scale: 256.0000 (256.0000)  weight_decay: 0.0500 (0.0500)  time: 4.9800  data: 3.9152  max mem: 5581
TASK EPOCH: [8]  [6/7]  eta: 0:00:01  lr: 0.000035  min_lr: 0.000000  loss: 1.6351 (1.5533)  loss_scale: 256.0000 (256.0000)  weight_decay: 0.0500 (0.0500)  time: 1.5725  data: 0.5598  max mem: 5581
TASK EPOCH: [8] Total time: 0:00:11 (1.6039 s / it)
Averaged stats: lr: 0.000035  min_lr: 0.000000  loss: 1.6351 (1.6804)  loss_scale: 256.0000 (256.0000)  weight_decay: 0.0500 (0.0500)
TASK EPOCH: [9]  [0/7]  eta: 0:00:35  lr: 0.000028  min_lr: 0.000000  loss: 1.6099 (1.6099)  loss_scale: 256.0000 (256.0000)  weight_decay: 0.0500 (0.0500)  time: 5.1240  data: 3.8074  max mem: 5581
TASK EPOCH: [9]  [6/7]  eta: 0:00:01  lr: 0.000005  min_lr: 0.000000  loss: 1.6099 (1.6747)  loss_scale: 256.0000 (256.0000)  weight_decay: 0.0500 (0.0500)  time: 1.5939  data: 0.5443  max mem: 5581
TASK EPOCH: [9] Total time: 0:00:11 (1.6241 s / it)
Averaged stats: lr: 0.000005  min_lr: 0.000000  loss: 1.6099 (1.6576)  loss_scale: 256.0000 (256.0000)  weight_decay: 0.0500 (0.0500)
--------------------
--------------------
start rehearsal training for 10 epochs 
Rehearsal EPOCH: [0]  [0/7]  eta: 0:00:34  lr: 0.000000  min_lr: 0.000000  loss: 3.1905 (3.1905)  loss_scale: 256.0000 (256.0000)  weight_decay: 0.0500 (0.0500)  time: 4.9754  data: 3.3066  max mem: 5581
Rehearsal EPOCH: [0]  [6/7]  eta: 0:00:01  lr: 0.000044  min_lr: 0.000000  loss: 3.4322 (3.5097)  loss_scale: 256.0000 (256.0000)  weight_decay: 0.0500 (0.0500)  time: 1.5728  data: 0.4726  max mem: 5581
Rehearsal EPOCH: [0] Total time: 0:00:11 (1.6036 s / it)
Averaged stats: lr: 0.000044  min_lr: 0.000000  loss: 3.4322 (3.2781)  loss_scale: 256.0000 (256.0000)  weight_decay: 0.0500 (0.0500)
valid len dataloader task : 0 || len_loader 1
Val:  [0/1]  eta: 0:00:01  loss: 4.9688 (4.9688)  acc1: 0.0000 (0.0000)  acc5: 44.4444 (44.4444)  time: 1.6045  data: 1.2196  max mem: 5581
Val: Total time: 0:00:01 (1.6928 s / it)
Val: Current task task : 1/2
* Acc@1 0.000 Acc@5 48.611 loss 4.845
valid len dataloader task : 1 || len_loader 1
Val:  [0/1]  eta: 0:00:01  loss: 1.4622 (1.4622)  acc1: 76.4706 (76.4706)  acc5: 100.0000 (100.0000)  time: 1.5986  data: 1.2030  max mem: 5581
Val: Total time: 0:00:01 (1.6733 s / it)
Val: Current task task : 2/2
* Acc@1 71.324 Acc@5 97.794 loss 1.500
[VAL-REHEARSAL][1] TOTAL Accuracy of the network on the  val videos: 35.66%
[2023-08-22 22:46:01,270] [INFO] [logging.py:77:log_dist] [Rank 0] [Torch] Checkpoint checkpoint-best_rehearsal is begin to save!
[2023-08-22 22:46:01,273] [INFO] [torch_checkpoint_engine.py:29:commit] [Torch] Checkpoint checkpoint-best_rehearsal is ready now!
[2023-08-22 22:46:01,273] [INFO] [torch_checkpoint_engine.py:29:commit] [Torch] Checkpoint checkpoint-best_rehearsal is ready now!
[2023-08-22 22:46:01,273] [INFO] [torch_checkpoint_engine.py:29:commit] [Torch] Checkpoint checkpoint-best_rehearsal is ready now!
[2023-08-22 22:46:01,273] [INFO] [torch_checkpoint_engine.py:29:commit] [Torch] Checkpoint checkpoint-best_rehearsal is ready now!
[2023-08-22 22:46:01,273] [INFO] [torch_checkpoint_engine.py:29:commit] [Torch] Checkpoint checkpoint-best_rehearsal is ready now!
[2023-08-22 22:46:01,273] [INFO] [torch_checkpoint_engine.py:29:commit] [Torch] Checkpoint checkpoint-best_rehearsal is ready now!
[2023-08-22 22:46:01,273] [INFO] [torch_checkpoint_engine.py:29:commit] [Torch] Checkpoint checkpoint-best_rehearsal is ready now!
[2023-08-22 22:46:01,273] [INFO] [logging.py:77:log_dist] [Rank 0] Saving model checkpoint: logs/ucf_10/36/checkpoint-best_rehearsal/mp_rank_00_model_states.pt
[2023-08-22 22:46:01,273] [INFO] [torch_checkpoint_engine.py:17:save] [Torch] Saving logs/ucf_10/36/checkpoint-best_rehearsal/mp_rank_00_model_states.pt...
[2023-08-22 22:46:04,039] [INFO] [torch_checkpoint_engine.py:19:save] [Torch] Saved logs/ucf_10/36/checkpoint-best_rehearsal/mp_rank_00_model_states.pt.
[2023-08-22 22:46:04,039] [INFO] [torch_checkpoint_engine.py:29:commit] [Torch] Checkpoint checkpoint-best_rehearsal is ready now!
Max total accuracy: 35.66%
Rehearsal EPOCH: [1]  [0/7]  eta: 0:00:35  lr: 0.000051  min_lr: 0.000000  loss: 3.4498 (3.4498)  loss_scale: 256.0000 (256.0000)  weight_decay: 0.0500 (0.0500)  time: 5.1324  data: 3.5555  max mem: 5581
Rehearsal EPOCH: [1]  [6/7]  eta: 0:00:01  lr: 0.000096  min_lr: 0.000001  loss: 2.8245 (3.0339)  loss_scale: 256.0000 (256.0000)  weight_decay: 0.0500 (0.0500)  time: 1.5946  data: 0.5084  max mem: 5581
Rehearsal EPOCH: [1] Total time: 0:00:11 (1.6252 s / it)
Averaged stats: lr: 0.000096  min_lr: 0.000001  loss: 2.8245 (2.7729)  loss_scale: 256.0000 (256.0000)  weight_decay: 0.0500 (0.0500)
valid len dataloader task : 0 || len_loader 1
Val:  [0/1]  eta: 0:00:01  loss: 3.3282 (3.3282)  acc1: 16.6667 (16.6667)  acc5: 83.3333 (83.3333)  time: 1.5948  data: 1.1964  max mem: 5581
Val: Total time: 0:00:01 (1.6877 s / it)
Val: Current task task : 1/2
* Acc@1 14.583 Acc@5 77.083 loss 3.216
valid len dataloader task : 1 || len_loader 1
Val:  [0/1]  eta: 0:00:01  loss: 2.2051 (2.2051)  acc1: 70.5882 (70.5882)  acc5: 100.0000 (100.0000)  time: 1.5377  data: 1.1826  max mem: 5581
Val: Total time: 0:00:01 (1.6067 s / it)
Val: Current task task : 2/2
* Acc@1 64.706 Acc@5 98.529 loss 2.228
[VAL-REHEARSAL][2] TOTAL Accuracy of the network on the  val videos: 39.64%
[2023-08-22 22:46:18,872] [INFO] [logging.py:77:log_dist] [Rank 0] [Torch] Checkpoint checkpoint-best_rehearsal is begin to save!
[2023-08-22 22:46:18,875] [INFO] [torch_checkpoint_engine.py:29:commit] [Torch] Checkpoint checkpoint-best_rehearsal is ready now!
[2023-08-22 22:46:18,876] [INFO] [torch_checkpoint_engine.py:29:commit] [Torch] Checkpoint checkpoint-best_rehearsal is ready now!
[2023-08-22 22:46:18,876] [INFO] [torch_checkpoint_engine.py:29:commit] [Torch] Checkpoint checkpoint-best_rehearsal is ready now!
[2023-08-22 22:46:18,876] [INFO] [torch_checkpoint_engine.py:29:commit] [Torch] Checkpoint checkpoint-best_rehearsal is ready now!
[2023-08-22 22:46:18,876] [INFO] [torch_checkpoint_engine.py:29:commit] [Torch] Checkpoint checkpoint-best_rehearsal is ready now!
[2023-08-22 22:46:18,876] [INFO] [torch_checkpoint_engine.py:29:commit] [Torch] Checkpoint checkpoint-best_rehearsal is ready now!
[2023-08-22 22:46:18,876] [INFO] [torch_checkpoint_engine.py:29:commit] [Torch] Checkpoint checkpoint-best_rehearsal is ready now!
[2023-08-22 22:46:18,877] [INFO] [logging.py:77:log_dist] [Rank 0] Saving model checkpoint: logs/ucf_10/36/checkpoint-best_rehearsal/mp_rank_00_model_states.pt
[2023-08-22 22:46:18,877] [INFO] [torch_checkpoint_engine.py:17:save] [Torch] Saving logs/ucf_10/36/checkpoint-best_rehearsal/mp_rank_00_model_states.pt...
[2023-08-22 22:46:22,010] [INFO] [torch_checkpoint_engine.py:19:save] [Torch] Saved logs/ucf_10/36/checkpoint-best_rehearsal/mp_rank_00_model_states.pt.
[2023-08-22 22:46:22,010] [INFO] [torch_checkpoint_engine.py:29:commit] [Torch] Checkpoint checkpoint-best_rehearsal is ready now!
Max total accuracy: 39.64%
Rehearsal EPOCH: [2]  [0/7]  eta: 0:00:37  lr: 0.000103  min_lr: 0.000001  loss: 2.0792 (2.0792)  loss_scale: 256.0000 (256.0000)  weight_decay: 0.0500 (0.0500)  time: 5.2893  data: 3.5037  max mem: 5581
Rehearsal EPOCH: [2]  [6/7]  eta: 0:00:01  lr: 0.000147  min_lr: 0.000001  loss: 2.0792 (2.1891)  loss_scale: 256.0000 (256.0000)  weight_decay: 0.0500 (0.0500)  time: 1.6177  data: 0.5009  max mem: 5581
Rehearsal EPOCH: [2] Total time: 0:00:11 (1.6484 s / it)
Averaged stats: lr: 0.000147  min_lr: 0.000001  loss: 2.0792 (2.3077)  loss_scale: 256.0000 (256.0000)  weight_decay: 0.0500 (0.0500)
valid len dataloader task : 0 || len_loader 1
Val:  [0/1]  eta: 0:00:01  loss: 2.6196 (2.6196)  acc1: 50.0000 (50.0000)  acc5: 83.3333 (83.3333)  time: 1.5781  data: 1.2123  max mem: 5581
Val: Total time: 0:00:01 (1.6618 s / it)
Val: Current task task : 1/2
* Acc@1 58.333 Acc@5 90.972 loss 2.571
valid len dataloader task : 1 || len_loader 1
Val:  [0/1]  eta: 0:00:01  loss: 3.0195 (3.0195)  acc1: 35.2941 (35.2941)  acc5: 82.3529 (82.3529)  time: 1.4395  data: 1.1033  max mem: 5581
Val: Total time: 0:00:01 (1.5163 s / it)
Val: Current task task : 2/2
* Acc@1 34.559 Acc@5 88.235 loss 3.006
[VAL-REHEARSAL][3] TOTAL Accuracy of the network on the  val videos: 46.45%
[2023-08-22 22:46:36,997] [INFO] [logging.py:77:log_dist] [Rank 0] [Torch] Checkpoint checkpoint-best_rehearsal is begin to save!
[2023-08-22 22:46:37,000] [INFO] [torch_checkpoint_engine.py:29:commit] [Torch] Checkpoint checkpoint-best_rehearsal is ready now!
[2023-08-22 22:46:37,000] [INFO] [torch_checkpoint_engine.py:29:commit] [Torch] Checkpoint checkpoint-best_rehearsal is ready now!
[2023-08-22 22:46:37,000] [INFO] [torch_checkpoint_engine.py:29:commit] [Torch] Checkpoint checkpoint-best_rehearsal is ready now!
[2023-08-22 22:46:37,000] [INFO] [torch_checkpoint_engine.py:29:commit] [Torch] Checkpoint checkpoint-best_rehearsal is ready now!
[2023-08-22 22:46:37,000] [INFO] [torch_checkpoint_engine.py:29:commit] [Torch] Checkpoint checkpoint-best_rehearsal is ready now!
[2023-08-22 22:46:37,000] [INFO] [logging.py:77:log_dist] [Rank 0] Saving model checkpoint: logs/ucf_10/36/checkpoint-best_rehearsal/mp_rank_00_model_states.pt
[2023-08-22 22:46:37,000] [INFO] [torch_checkpoint_engine.py:17:save] [Torch] Saving logs/ucf_10/36/checkpoint-best_rehearsal/mp_rank_00_model_states.pt...
[2023-08-22 22:46:37,000] [INFO] [torch_checkpoint_engine.py:29:commit] [Torch] Checkpoint checkpoint-best_rehearsal is ready now!
[2023-08-22 22:46:37,000] [INFO] [torch_checkpoint_engine.py:29:commit] [Torch] Checkpoint checkpoint-best_rehearsal is ready now!
[2023-08-22 22:46:40,029] [INFO] [torch_checkpoint_engine.py:19:save] [Torch] Saved logs/ucf_10/36/checkpoint-best_rehearsal/mp_rank_00_model_states.pt.
[2023-08-22 22:46:40,030] [INFO] [torch_checkpoint_engine.py:29:commit] [Torch] Checkpoint checkpoint-best_rehearsal is ready now!
Max total accuracy: 46.45%
Rehearsal EPOCH: [3]  [0/7]  eta: 0:00:34  lr: 0.000154  min_lr: 0.000001  loss: 2.1978 (2.1978)  loss_scale: 256.0000 (256.0000)  weight_decay: 0.0500 (0.0500)  time: 4.9722  data: 4.0874  max mem: 5581
Rehearsal EPOCH: [3]  [6/7]  eta: 0:00:01  lr: 0.000199  min_lr: 0.000002  loss: 2.1978 (2.2286)  loss_scale: 256.0000 (256.0000)  weight_decay: 0.0500 (0.0500)  time: 1.5736  data: 0.5843  max mem: 5581
Rehearsal EPOCH: [3] Total time: 0:00:11 (1.6040 s / it)
Averaged stats: lr: 0.000199  min_lr: 0.000002  loss: 2.1978 (2.2563)  loss_scale: 256.0000 (256.0000)  weight_decay: 0.0500 (0.0500)
valid len dataloader task : 0 || len_loader 1
Val:  [0/1]  eta: 0:00:01  loss: 2.5590 (2.5590)  acc1: 61.1111 (61.1111)  acc5: 88.8889 (88.8889)  time: 1.6146  data: 1.2370  max mem: 5581
Val: Total time: 0:00:01 (1.6931 s / it)
Val: Current task task : 1/2
* Acc@1 62.500 Acc@5 97.222 loss 2.425
valid len dataloader task : 1 || len_loader 1
Val:  [0/1]  eta: 0:00:01  loss: 2.7869 (2.7869)  acc1: 47.0588 (47.0588)  acc5: 88.2353 (88.2353)  time: 1.5586  data: 1.2137  max mem: 5581
Val: Total time: 0:00:01 (1.6397 s / it)
Val: Current task task : 2/2
* Acc@1 52.941 Acc@5 91.176 loss 2.725
[VAL-REHEARSAL][4] TOTAL Accuracy of the network on the  val videos: 57.72%
[2023-08-22 22:46:54,724] [INFO] [logging.py:77:log_dist] [Rank 0] [Torch] Checkpoint checkpoint-best_rehearsal is begin to save!
[2023-08-22 22:46:54,726] [INFO] [logging.py:77:log_dist] [Rank 0] Saving model checkpoint: logs/ucf_10/36/checkpoint-best_rehearsal/mp_rank_00_model_states.pt
[2023-08-22 22:46:54,726] [INFO] [torch_checkpoint_engine.py:17:save] [Torch] Saving logs/ucf_10/36/checkpoint-best_rehearsal/mp_rank_00_model_states.pt...
[2023-08-22 22:46:54,726] [INFO] [torch_checkpoint_engine.py:29:commit] [Torch] Checkpoint checkpoint-best_rehearsal is ready now!
[2023-08-22 22:46:54,726] [INFO] [torch_checkpoint_engine.py:29:commit] [Torch] Checkpoint checkpoint-best_rehearsal is ready now!
[2023-08-22 22:46:54,727] [INFO] [torch_checkpoint_engine.py:29:commit] [Torch] Checkpoint checkpoint-best_rehearsal is ready now!
[2023-08-22 22:46:54,727] [INFO] [torch_checkpoint_engine.py:29:commit] [Torch] Checkpoint checkpoint-best_rehearsal is ready now!
[2023-08-22 22:46:54,727] [INFO] [torch_checkpoint_engine.py:29:commit] [Torch] Checkpoint checkpoint-best_rehearsal is ready now!
[2023-08-22 22:46:54,727] [INFO] [torch_checkpoint_engine.py:29:commit] [Torch] Checkpoint checkpoint-best_rehearsal is ready now!
[2023-08-22 22:46:54,727] [INFO] [torch_checkpoint_engine.py:29:commit] [Torch] Checkpoint checkpoint-best_rehearsal is ready now!
[2023-08-22 22:46:57,928] [INFO] [torch_checkpoint_engine.py:19:save] [Torch] Saved logs/ucf_10/36/checkpoint-best_rehearsal/mp_rank_00_model_states.pt.
[2023-08-22 22:46:57,928] [INFO] [torch_checkpoint_engine.py:29:commit] [Torch] Checkpoint checkpoint-best_rehearsal is ready now!
Max total accuracy: 57.72%
Rehearsal EPOCH: [4]  [0/7]  eta: 0:00:37  lr: 0.000206  min_lr: 0.000002  loss: 1.8064 (1.8064)  loss_scale: 256.0000 (256.0000)  weight_decay: 0.0500 (0.0500)  time: 5.3085  data: 3.7973  max mem: 5581
Rehearsal EPOCH: [4]  [6/7]  eta: 0:00:01  lr: 0.000250  min_lr: 0.000002  loss: 2.3534 (2.2307)  loss_scale: 256.0000 (256.0000)  weight_decay: 0.0500 (0.0500)  time: 1.6204  data: 0.5429  max mem: 5581
Rehearsal EPOCH: [4] Total time: 0:00:11 (1.6512 s / it)
Averaged stats: lr: 0.000250  min_lr: 0.000002  loss: 2.3534 (2.1665)  loss_scale: 256.0000 (256.0000)  weight_decay: 0.0500 (0.0500)
valid len dataloader task : 0 || len_loader 1
Val:  [0/1]  eta: 0:00:01  loss: 2.5999 (2.5999)  acc1: 38.8889 (38.8889)  acc5: 88.8889 (88.8889)  time: 1.5947  data: 1.2085  max mem: 5581
Val: Total time: 0:00:01 (1.6641 s / it)
Val: Current task task : 1/2
* Acc@1 54.167 Acc@5 95.833 loss 2.307
valid len dataloader task : 1 || len_loader 1
Val:  [0/1]  eta: 0:00:01  loss: 2.5492 (2.5492)  acc1: 58.8235 (58.8235)  acc5: 88.2353 (88.2353)  time: 1.5418  data: 1.2008  max mem: 5581
Val: Total time: 0:00:01 (1.6080 s / it)
Val: Current task task : 2/2
* Acc@1 55.882 Acc@5 90.441 loss 2.513
[VAL-REHEARSAL][5] TOTAL Accuracy of the network on the  val videos: 55.02%
Max total accuracy: 57.72%
Rehearsal EPOCH: [5]  [0/7]  eta: 0:00:34  lr: 0.000250  min_lr: 0.000002  loss: 1.7779 (1.7779)  loss_scale: 256.0000 (256.0000)  weight_decay: 0.0500 (0.0500)  time: 4.8660  data: 3.7960  max mem: 5581
Rehearsal EPOCH: [5]  [6/7]  eta: 0:00:01  lr: 0.000233  min_lr: 0.000002  loss: 1.9616 (2.0942)  loss_scale: 256.0000 (256.0000)  weight_decay: 0.0500 (0.0500)  time: 1.5564  data: 0.5427  max mem: 5581
Rehearsal EPOCH: [5] Total time: 0:00:11 (1.5877 s / it)
Averaged stats: lr: 0.000233  min_lr: 0.000002  loss: 1.9616 (2.1046)  loss_scale: 256.0000 (256.0000)  weight_decay: 0.0500 (0.0500)
valid len dataloader task : 0 || len_loader 1
Val:  [0/1]  eta: 0:00:01  loss: 2.4291 (2.4291)  acc1: 44.4444 (44.4444)  acc5: 83.3333 (83.3333)  time: 1.5620  data: 1.1721  max mem: 5581
Val: Total time: 0:00:01 (1.6464 s / it)
Val: Current task task : 1/2
* Acc@1 55.556 Acc@5 96.528 loss 2.131
valid len dataloader task : 1 || len_loader 1
Val:  [0/1]  eta: 0:00:01  loss: 2.5052 (2.5052)  acc1: 64.7059 (64.7059)  acc5: 94.1176 (94.1176)  time: 1.6367  data: 1.3036  max mem: 5581
Val: Total time: 0:00:01 (1.7040 s / it)
Val: Current task task : 2/2
* Acc@1 58.088 Acc@5 91.912 loss 2.444
[VAL-REHEARSAL][6] TOTAL Accuracy of the network on the  val videos: 56.82%
Max total accuracy: 57.72%
Rehearsal EPOCH: [6]  [0/7]  eta: 0:00:34  lr: 0.000227  min_lr: 0.000002  loss: 2.2496 (2.2496)  loss_scale: 256.0000 (256.0000)  weight_decay: 0.0500 (0.0500)  time: 4.9451  data: 3.9215  max mem: 5581
[2023-08-22 22:47:36,493] [INFO] [fused_optimizer.py:394:_update_scale] No Grad overflow for 128 iterations
[2023-08-22 22:47:36,493] [INFO] [fused_optimizer.py:396:_update_scale] Increasing dynamic loss scale from 256 to 512
[2023-08-22 22:47:36,493] [INFO] [fused_optimizer.py:394:_update_scale] No Grad overflow for 128 iterations
[2023-08-22 22:47:36,493] [INFO] [fused_optimizer.py:394:_update_scale] No Grad overflow for 128 iterations
[2023-08-22 22:47:36,493] [INFO] [fused_optimizer.py:394:_update_scale] No Grad overflow for 128 iterations
[2023-08-22 22:47:36,493] [INFO] [fused_optimizer.py:396:_update_scale] Increasing dynamic loss scale from 256 to 512
[2023-08-22 22:47:36,493] [INFO] [fused_optimizer.py:396:_update_scale] Increasing dynamic loss scale from 256 to 512
[2023-08-22 22:47:36,493] [INFO] [fused_optimizer.py:396:_update_scale] Increasing dynamic loss scale from 256 to 512
[2023-08-22 22:47:36,493] [INFO] [fused_optimizer.py:394:_update_scale] No Grad overflow for 128 iterations
[2023-08-22 22:47:36,494] [INFO] [fused_optimizer.py:396:_update_scale] Increasing dynamic loss scale from 256 to 512
[2023-08-22 22:47:36,493] [INFO] [fused_optimizer.py:394:_update_scale] No Grad overflow for 128 iterations
[2023-08-22 22:47:36,494] [INFO] [fused_optimizer.py:396:_update_scale] Increasing dynamic loss scale from 256 to 512
[2023-08-22 22:47:36,494] [INFO] [fused_optimizer.py:394:_update_scale] No Grad overflow for 128 iterations
[2023-08-22 22:47:36,494] [INFO] [fused_optimizer.py:396:_update_scale] Increasing dynamic loss scale from 256 to 512
[2023-08-22 22:47:36,494] [INFO] [fused_optimizer.py:394:_update_scale] No Grad overflow for 128 iterations
[2023-08-22 22:47:36,494] [INFO] [fused_optimizer.py:396:_update_scale] Increasing dynamic loss scale from 256 to 512
Rehearsal EPOCH: [6]  [6/7]  eta: 0:00:01  lr: 0.000176  min_lr: 0.000002  loss: 2.1523 (1.9337)  loss_scale: 256.0000 (365.7143)  weight_decay: 0.0500 (0.0500)  time: 1.5690  data: 0.5608  max mem: 5581
Rehearsal EPOCH: [6] Total time: 0:00:11 (1.6000 s / it)
Averaged stats: lr: 0.000176  min_lr: 0.000002  loss: 2.1523 (2.0679)  loss_scale: 256.0000 (365.7143)  weight_decay: 0.0500 (0.0500)
valid len dataloader task : 0 || len_loader 1
Val:  [0/1]  eta: 0:00:01  loss: 2.2894 (2.2894)  acc1: 50.0000 (50.0000)  acc5: 88.8889 (88.8889)  time: 1.6064  data: 1.1853  max mem: 5581
Val: Total time: 0:00:01 (1.6761 s / it)
Val: Current task task : 1/2
* Acc@1 68.750 Acc@5 97.917 loss 1.985
valid len dataloader task : 1 || len_loader 1
Val:  [0/1]  eta: 0:00:01  loss: 2.5287 (2.5287)  acc1: 52.9412 (52.9412)  acc5: 88.2353 (88.2353)  time: 1.6132  data: 1.2529  max mem: 5581
Val: Total time: 0:00:01 (1.6870 s / it)
Val: Current task task : 2/2
* Acc@1 55.147 Acc@5 93.382 loss 2.409
[VAL-REHEARSAL][7] TOTAL Accuracy of the network on the  val videos: 61.95%
[2023-08-22 22:47:42,183] [INFO] [logging.py:77:log_dist] [Rank 0] [Torch] Checkpoint checkpoint-best_rehearsal is begin to save!
[2023-08-22 22:47:42,186] [INFO] [torch_checkpoint_engine.py:29:commit] [Torch] Checkpoint checkpoint-best_rehearsal is ready now!
[2023-08-22 22:47:42,186] [INFO] [torch_checkpoint_engine.py:29:commit] [Torch] Checkpoint checkpoint-best_rehearsal is ready now!
[2023-08-22 22:47:42,186] [INFO] [torch_checkpoint_engine.py:29:commit] [Torch] Checkpoint checkpoint-best_rehearsal is ready now!
[2023-08-22 22:47:42,186] [INFO] [torch_checkpoint_engine.py:29:commit] [Torch] Checkpoint checkpoint-best_rehearsal is ready now!
[2023-08-22 22:47:42,186] [INFO] [torch_checkpoint_engine.py:29:commit] [Torch] Checkpoint checkpoint-best_rehearsal is ready now!
[2023-08-22 22:47:42,186] [INFO] [torch_checkpoint_engine.py:29:commit] [Torch] Checkpoint checkpoint-best_rehearsal is ready now!
[2023-08-22 22:47:42,186] [INFO] [torch_checkpoint_engine.py:29:commit] [Torch] Checkpoint checkpoint-best_rehearsal is ready now!
[2023-08-22 22:47:42,186] [INFO] [logging.py:77:log_dist] [Rank 0] Saving model checkpoint: logs/ucf_10/36/checkpoint-best_rehearsal/mp_rank_00_model_states.pt
[2023-08-22 22:47:42,186] [INFO] [torch_checkpoint_engine.py:17:save] [Torch] Saving logs/ucf_10/36/checkpoint-best_rehearsal/mp_rank_00_model_states.pt...
[2023-08-22 22:47:45,289] [INFO] [torch_checkpoint_engine.py:19:save] [Torch] Saved logs/ucf_10/36/checkpoint-best_rehearsal/mp_rank_00_model_states.pt.
[2023-08-22 22:47:45,289] [INFO] [torch_checkpoint_engine.py:29:commit] [Torch] Checkpoint checkpoint-best_rehearsal is ready now!
Max total accuracy: 61.95%
Rehearsal EPOCH: [7]  [0/7]  eta: 0:00:35  lr: 0.000165  min_lr: 0.000002  loss: 1.6913 (1.6913)  loss_scale: 512.0000 (512.0000)  weight_decay: 0.0500 (0.0500)  time: 5.0129  data: 3.9269  max mem: 5581
Rehearsal EPOCH: [7]  [6/7]  eta: 0:00:01  lr: 0.000100  min_lr: 0.000001  loss: 1.9184 (1.9571)  loss_scale: 512.0000 (512.0000)  weight_decay: 0.0500 (0.0500)  time: 1.5773  data: 0.5612  max mem: 5581
Rehearsal EPOCH: [7] Total time: 0:00:11 (1.6072 s / it)
Averaged stats: lr: 0.000100  min_lr: 0.000001  loss: 1.9184 (2.0347)  loss_scale: 512.0000 (512.0000)  weight_decay: 0.0500 (0.0500)
valid len dataloader task : 0 || len_loader 1
Val:  [0/1]  eta: 0:00:01  loss: 2.2141 (2.2141)  acc1: 66.6667 (66.6667)  acc5: 88.8889 (88.8889)  time: 1.6180  data: 1.2292  max mem: 5581
Val: Total time: 0:00:01 (1.6813 s / it)
Val: Current task task : 1/2
* Acc@1 75.694 Acc@5 97.917 loss 1.923
valid len dataloader task : 1 || len_loader 1
Val:  [0/1]  eta: 0:00:01  loss: 2.4383 (2.4383)  acc1: 64.7059 (64.7059)  acc5: 94.1176 (94.1176)  time: 1.5863  data: 1.2254  max mem: 5581
Val: Total time: 0:00:01 (1.6730 s / it)
Val: Current task task : 2/2
* Acc@1 63.235 Acc@5 97.059 loss 2.322
[VAL-REHEARSAL][8] TOTAL Accuracy of the network on the  val videos: 69.46%
[2023-08-22 22:47:59,998] [INFO] [logging.py:77:log_dist] [Rank 0] [Torch] Checkpoint checkpoint-best_rehearsal is begin to save!
[2023-08-22 22:48:00,001] [INFO] [torch_checkpoint_engine.py:29:commit] [Torch] Checkpoint checkpoint-best_rehearsal is ready now!
[2023-08-22 22:48:00,001] [INFO] [torch_checkpoint_engine.py:29:commit] [Torch] Checkpoint checkpoint-best_rehearsal is ready now!
[2023-08-22 22:48:00,001] [INFO] [torch_checkpoint_engine.py:29:commit] [Torch] Checkpoint checkpoint-best_rehearsal is ready now!
[2023-08-22 22:48:00,001] [INFO] [torch_checkpoint_engine.py:29:commit] [Torch] Checkpoint checkpoint-best_rehearsal is ready now!
[2023-08-22 22:48:00,001] [INFO] [logging.py:77:log_dist] [Rank 0] Saving model checkpoint: logs/ucf_10/36/checkpoint-best_rehearsal/mp_rank_00_model_states.pt
[2023-08-22 22:48:00,001] [INFO] [torch_checkpoint_engine.py:29:commit] [Torch] Checkpoint checkpoint-best_rehearsal is ready now!
[2023-08-22 22:48:00,001] [INFO] [torch_checkpoint_engine.py:17:save] [Torch] Saving logs/ucf_10/36/checkpoint-best_rehearsal/mp_rank_00_model_states.pt...
[2023-08-22 22:48:00,001] [INFO] [torch_checkpoint_engine.py:29:commit] [Torch] Checkpoint checkpoint-best_rehearsal is ready now!
[2023-08-22 22:48:00,001] [INFO] [torch_checkpoint_engine.py:29:commit] [Torch] Checkpoint checkpoint-best_rehearsal is ready now!
[2023-08-22 22:48:03,692] [INFO] [torch_checkpoint_engine.py:19:save] [Torch] Saved logs/ucf_10/36/checkpoint-best_rehearsal/mp_rank_00_model_states.pt.
[2023-08-22 22:48:03,692] [INFO] [torch_checkpoint_engine.py:29:commit] [Torch] Checkpoint checkpoint-best_rehearsal is ready now!
Max total accuracy: 69.46%
Rehearsal EPOCH: [8]  [0/7]  eta: 0:00:35  lr: 0.000090  min_lr: 0.000001  loss: 1.4577 (1.4577)  loss_scale: 512.0000 (512.0000)  weight_decay: 0.0500 (0.0500)  time: 5.0198  data: 3.7317  max mem: 5581
Rehearsal EPOCH: [8]  [6/7]  eta: 0:00:01  lr: 0.000035  min_lr: 0.000000  loss: 2.1209 (2.0232)  loss_scale: 512.0000 (512.0000)  weight_decay: 0.0500 (0.0500)  time: 1.5793  data: 0.5334  max mem: 5581
Rehearsal EPOCH: [8] Total time: 0:00:11 (1.6104 s / it)
Averaged stats: lr: 0.000035  min_lr: 0.000000  loss: 2.1209 (2.0138)  loss_scale: 512.0000 (512.0000)  weight_decay: 0.0500 (0.0500)
valid len dataloader task : 0 || len_loader 1
Val:  [0/1]  eta: 0:00:01  loss: 2.2536 (2.2536)  acc1: 61.1111 (61.1111)  acc5: 88.8889 (88.8889)  time: 1.5737  data: 1.1659  max mem: 5581
Val: Total time: 0:00:01 (1.6850 s / it)
Val: Current task task : 1/2
* Acc@1 75.000 Acc@5 97.917 loss 1.929
valid len dataloader task : 1 || len_loader 1
Val:  [0/1]  eta: 0:00:01  loss: 2.3175 (2.3175)  acc1: 70.5882 (70.5882)  acc5: 100.0000 (100.0000)  time: 1.5305  data: 1.1845  max mem: 5581
Val: Total time: 0:00:01 (1.5964 s / it)
Val: Current task task : 2/2
* Acc@1 63.235 Acc@5 97.794 loss 2.254
[VAL-REHEARSAL][9] TOTAL Accuracy of the network on the  val videos: 69.12%
Max total accuracy: 69.46%
Rehearsal EPOCH: [9]  [0/7]  eta: 0:00:33  lr: 0.000028  min_lr: 0.000000  loss: 2.0328 (2.0328)  loss_scale: 512.0000 (512.0000)  weight_decay: 0.0500 (0.0500)  time: 4.8316  data: 3.7276  max mem: 5581
Rehearsal EPOCH: [9]  [6/7]  eta: 0:00:01  lr: 0.000005  min_lr: 0.000000  loss: 2.2784 (2.1426)  loss_scale: 512.0000 (512.0000)  weight_decay: 0.0500 (0.0500)  time: 1.5521  data: 0.5329  max mem: 5581
Rehearsal EPOCH: [9] Total time: 0:00:11 (1.5836 s / it)
Averaged stats: lr: 0.000005  min_lr: 0.000000  loss: 2.2784 (2.0824)  loss_scale: 512.0000 (512.0000)  weight_decay: 0.0500 (0.0500)
valid len dataloader task : 0 || len_loader 1
Val:  [0/1]  eta: 0:00:01  loss: 2.2349 (2.2349)  acc1: 61.1111 (61.1111)  acc5: 88.8889 (88.8889)  time: 1.5624  data: 1.2000  max mem: 5581
Val: Total time: 0:00:01 (1.6328 s / it)
Val: Current task task : 1/2
* Acc@1 76.389 Acc@5 97.917 loss 1.900
valid len dataloader task : 1 || len_loader 1
Val:  [0/1]  eta: 0:00:01  loss: 2.4185 (2.4185)  acc1: 64.7059 (64.7059)  acc5: 94.1176 (94.1176)  time: 1.5952  data: 1.2491  max mem: 5581
Val: Total time: 0:00:01 (1.6754 s / it)
Val: Current task task : 2/2
* Acc@1 63.235 Acc@5 97.794 loss 2.266
[VAL-REHEARSAL][10] TOTAL Accuracy of the network on the  val videos: 69.81%
[2023-08-22 22:48:32,962] [INFO] [logging.py:77:log_dist] [Rank 0] [Torch] Checkpoint checkpoint-best_rehearsal is begin to save!
[2023-08-22 22:48:32,964] [INFO] [torch_checkpoint_engine.py:29:commit] [Torch] Checkpoint checkpoint-best_rehearsal is ready now!
[2023-08-22 22:48:32,964] [INFO] [torch_checkpoint_engine.py:29:commit] [Torch] Checkpoint checkpoint-best_rehearsal is ready now!
[2023-08-22 22:48:32,964] [INFO] [torch_checkpoint_engine.py:29:commit] [Torch] Checkpoint checkpoint-best_rehearsal is ready now!
[2023-08-22 22:48:32,964] [INFO] [torch_checkpoint_engine.py:29:commit] [Torch] Checkpoint checkpoint-best_rehearsal is ready now!
[2023-08-22 22:48:32,964] [INFO] [torch_checkpoint_engine.py:29:commit] [Torch] Checkpoint checkpoint-best_rehearsal is ready now!
[2023-08-22 22:48:32,965] [INFO] [logging.py:77:log_dist] [Rank 0] Saving model checkpoint: logs/ucf_10/36/checkpoint-best_rehearsal/mp_rank_00_model_states.pt
[2023-08-22 22:48:32,965] [INFO] [torch_checkpoint_engine.py:29:commit] [Torch] Checkpoint checkpoint-best_rehearsal is ready now!
[2023-08-22 22:48:32,965] [INFO] [torch_checkpoint_engine.py:17:save] [Torch] Saving logs/ucf_10/36/checkpoint-best_rehearsal/mp_rank_00_model_states.pt...
[2023-08-22 22:48:32,965] [INFO] [torch_checkpoint_engine.py:29:commit] [Torch] Checkpoint checkpoint-best_rehearsal is ready now!
[2023-08-22 22:48:37,889] [INFO] [torch_checkpoint_engine.py:19:save] [Torch] Saved logs/ucf_10/36/checkpoint-best_rehearsal/mp_rank_00_model_states.pt.
[2023-08-22 22:48:37,890] [INFO] [torch_checkpoint_engine.py:29:commit] [Torch] Checkpoint checkpoint-best_rehearsal is ready now!
Max total accuracy: 69.81%
load best rehearsal model
<All keys matched successfully>
valid len dataloader task : 0 || len_loader 1
Val:  [0/1]  eta: 0:00:01  loss: 2.2445 (2.2445)  acc1: 61.1111 (61.1111)  acc5: 88.8889 (88.8889)  time: 1.6464  data: 1.2473  max mem: 5581
Val: Total time: 0:00:01 (1.7345 s / it)
Val: Current task task : 1/2
* Acc@1 79.167 Acc@5 98.611 loss 1.891
valid len dataloader task : 1 || len_loader 1
Val:  [0/1]  eta: 0:00:01  loss: 2.3385 (2.3385)  acc1: 70.5882 (70.5882)  acc5: 94.1176 (94.1176)  time: 1.5765  data: 1.2227  max mem: 5581
Val: Total time: 0:00:01 (1.6655 s / it)
Val: Current task task : 2/2
* Acc@1 63.971 Acc@5 97.059 loss 2.256
[TEST] Accuracy of the network on the  test videos: 71.57%
Training time 0:04:50
current task : 3 | train | Number of the class = 101
current task : 3 | validation | Number of the class = 101
current task : 3 | validation | Number of the class = 101
Sampler_train = <torch.utils.data.distributed.DistributedSampler object at 0x7f95557b2c50>
Sampler_rehearsal = <torch.utils.data.distributed.DistributedSampler object at 0x7f95557a4bd0>
Warning: Enabling distributed evaluation with an eval dataset not divisible by process number. This will slightly alter validation results as extra duplicate entries are added to achieve equal num of samples per-process.
Number of training examples = 1007
Number of training training per epoch = 7
Number of rehearsal training examples = 1010
Number of rehearsal training training per epoch = 7
Use step level LR scheduler!
Set warmup steps = 35
Set warmup steps = 0
Max WD = 0.0500000, Min WD = 0.0500000
Use step level LR scheduler!
Set warmup steps = 35
Set warmup steps = 0
Max WD = 0.0500000, Min WD = 0.0500000
==================================================
==================================================
==================================================
==================================================
Current task index : 3/10
==================================================
==================================================
==================================================
==================================================
Start training for 10 epochs
TASK EPOCH: [0]  [0/7]  eta: 0:00:34  lr: 0.000000  min_lr: 0.000000  loss: 3.6096 (3.6096)  loss_scale: 512.0000 (512.0000)  weight_decay: 0.0500 (0.0500)  time: 4.9656  data: 3.8757  max mem: 5581
TASK EPOCH: [0]  [6/7]  eta: 0:00:01  lr: 0.000044  min_lr: 0.000000  loss: 3.5859 (3.5907)  loss_scale: 512.0000 (512.0000)  weight_decay: 0.0500 (0.0500)  time: 1.5631  data: 0.5539  max mem: 5581
TASK EPOCH: [0] Total time: 0:00:11 (1.5951 s / it)
Averaged stats: lr: 0.000044  min_lr: 0.000000  loss: 3.5859 (3.6080)  loss_scale: 512.0000 (512.0000)  weight_decay: 0.0500 (0.0500)
TASK EPOCH: [1]  [0/7]  eta: 0:00:33  lr: 0.000051  min_lr: 0.000000  loss: 3.4878 (3.4878)  loss_scale: 512.0000 (512.0000)  weight_decay: 0.0500 (0.0500)  time: 4.8523  data: 3.9045  max mem: 5581
TASK EPOCH: [1]  [6/7]  eta: 0:00:01  lr: 0.000096  min_lr: 0.000001  loss: 3.3237 (3.3157)  loss_scale: 512.0000 (512.0000)  weight_decay: 0.0500 (0.0500)  time: 1.5470  data: 0.5581  max mem: 5581
TASK EPOCH: [1] Total time: 0:00:11 (1.5783 s / it)
Averaged stats: lr: 0.000096  min_lr: 0.000001  loss: 3.3237 (3.3021)  loss_scale: 512.0000 (512.0000)  weight_decay: 0.0500 (0.0500)
TASK EPOCH: [2]  [0/7]  eta: 0:00:35  lr: 0.000103  min_lr: 0.000001  loss: 3.0168 (3.0168)  loss_scale: 512.0000 (512.0000)  weight_decay: 0.0500 (0.0500)  time: 5.0769  data: 3.3113  max mem: 5581
TASK EPOCH: [2]  [6/7]  eta: 0:00:01  lr: 0.000147  min_lr: 0.000001  loss: 2.6963 (2.6829)  loss_scale: 512.0000 (512.0000)  weight_decay: 0.0500 (0.0500)  time: 1.5790  data: 0.4733  max mem: 5581
TASK EPOCH: [2] Total time: 0:00:11 (1.6112 s / it)
Averaged stats: lr: 0.000147  min_lr: 0.000001  loss: 2.6963 (2.7199)  loss_scale: 512.0000 (512.0000)  weight_decay: 0.0500 (0.0500)
TASK EPOCH: [3]  [0/7]  eta: 0:00:35  lr: 0.000154  min_lr: 0.000001  loss: 2.3104 (2.3104)  loss_scale: 512.0000 (512.0000)  weight_decay: 0.0500 (0.0500)  time: 5.1070  data: 3.6030  max mem: 5581
TASK EPOCH: [3]  [6/7]  eta: 0:00:01  lr: 0.000199  min_lr: 0.000002  loss: 2.1399 (2.1385)  loss_scale: 512.0000 (512.0000)  weight_decay: 0.0500 (0.0500)  time: 1.5832  data: 0.5152  max mem: 5581
TASK EPOCH: [3] Total time: 0:00:11 (1.6142 s / it)
Averaged stats: lr: 0.000199  min_lr: 0.000002  loss: 2.1399 (2.1608)  loss_scale: 512.0000 (512.0000)  weight_decay: 0.0500 (0.0500)
TASK EPOCH: [4]  [0/7]  eta: 0:00:35  lr: 0.000206  min_lr: 0.000002  loss: 1.9727 (1.9727)  loss_scale: 512.0000 (512.0000)  weight_decay: 0.0500 (0.0500)  time: 5.0082  data: 3.5856  max mem: 5581
TASK EPOCH: [4]  [6/7]  eta: 0:00:01  lr: 0.000250  min_lr: 0.000002  loss: 2.0543 (2.0497)  loss_scale: 512.0000 (512.0000)  weight_decay: 0.0500 (0.0500)  time: 1.5715  data: 0.5126  max mem: 5581
TASK EPOCH: [4] Total time: 0:00:11 (1.6043 s / it)
Averaged stats: lr: 0.000250  min_lr: 0.000002  loss: 2.0543 (1.9145)  loss_scale: 512.0000 (512.0000)  weight_decay: 0.0500 (0.0500)
TASK EPOCH: [5]  [0/7]  eta: 0:00:35  lr: 0.000250  min_lr: 0.000002  loss: 1.8337 (1.8337)  loss_scale: 512.0000 (512.0000)  weight_decay: 0.0500 (0.0500)  time: 5.0235  data: 4.1310  max mem: 5581
TASK EPOCH: [5]  [6/7]  eta: 0:00:01  lr: 0.000233  min_lr: 0.000002  loss: 1.7215 (1.7446)  loss_scale: 512.0000 (512.0000)  weight_decay: 0.0500 (0.0500)  time: 1.5729  data: 0.5906  max mem: 5581
TASK EPOCH: [5] Total time: 0:00:11 (1.6044 s / it)
Averaged stats: lr: 0.000233  min_lr: 0.000002  loss: 1.7215 (1.7467)  loss_scale: 512.0000 (512.0000)  weight_decay: 0.0500 (0.0500)
TASK EPOCH: [6]  [0/7]  eta: 0:00:34  lr: 0.000227  min_lr: 0.000002  loss: 1.6942 (1.6942)  loss_scale: 512.0000 (512.0000)  weight_decay: 0.0500 (0.0500)  time: 4.9424  data: 3.9123  max mem: 5581
TASK EPOCH: [6]  [6/7]  eta: 0:00:01  lr: 0.000176  min_lr: 0.000002  loss: 1.7031 (1.5876)  loss_scale: 512.0000 (512.0000)  weight_decay: 0.0500 (0.0500)  time: 1.5588  data: 0.5592  max mem: 5581
TASK EPOCH: [6] Total time: 0:00:11 (1.5909 s / it)
Averaged stats: lr: 0.000176  min_lr: 0.000002  loss: 1.7031 (1.6608)  loss_scale: 512.0000 (512.0000)  weight_decay: 0.0500 (0.0500)
TASK EPOCH: [7]  [0/7]  eta: 0:00:36  lr: 0.000165  min_lr: 0.000002  loss: 1.6277 (1.6277)  loss_scale: 512.0000 (512.0000)  weight_decay: 0.0500 (0.0500)  time: 5.1841  data: 3.1012  max mem: 5581
TASK EPOCH: [7]  [6/7]  eta: 0:00:01  lr: 0.000100  min_lr: 0.000001  loss: 1.5829 (1.6304)  loss_scale: 512.0000 (512.0000)  weight_decay: 0.0500 (0.0500)  time: 1.5966  data: 0.4435  max mem: 5581
TASK EPOCH: [7] Total time: 0:00:11 (1.6281 s / it)
Averaged stats: lr: 0.000100  min_lr: 0.000001  loss: 1.5829 (1.6408)  loss_scale: 512.0000 (512.0000)  weight_decay: 0.0500 (0.0500)
TASK EPOCH: [8]  [0/7]  eta: 0:00:36  lr: 0.000090  min_lr: 0.000001  loss: 1.3324 (1.3324)  loss_scale: 512.0000 (512.0000)  weight_decay: 0.0500 (0.0500)  time: 5.1554  data: 3.7614  max mem: 5581
TASK EPOCH: [8]  [6/7]  eta: 0:00:01  lr: 0.000035  min_lr: 0.000000  loss: 1.9177 (1.8111)  loss_scale: 512.0000 (512.0000)  weight_decay: 0.0500 (0.0500)  time: 1.5923  data: 0.5377  max mem: 5581
TASK EPOCH: [8] Total time: 0:00:11 (1.6241 s / it)
Averaged stats: lr: 0.000035  min_lr: 0.000000  loss: 1.9177 (1.6137)  loss_scale: 512.0000 (512.0000)  weight_decay: 0.0500 (0.0500)
TASK EPOCH: [9]  [0/7]  eta: 0:00:35  lr: 0.000028  min_lr: 0.000000  loss: 1.9179 (1.9179)  loss_scale: 512.0000 (512.0000)  weight_decay: 0.0500 (0.0500)  time: 5.0714  data: 3.4942  max mem: 5581
TASK EPOCH: [9]  [6/7]  eta: 0:00:01  lr: 0.000005  min_lr: 0.000000  loss: 1.5187 (1.5695)  loss_scale: 512.0000 (512.0000)  weight_decay: 0.0500 (0.0500)  time: 1.5819  data: 0.4995  max mem: 5581
TASK EPOCH: [9] Total time: 0:00:11 (1.6133 s / it)
Averaged stats: lr: 0.000005  min_lr: 0.000000  loss: 1.5187 (1.5714)  loss_scale: 512.0000 (512.0000)  weight_decay: 0.0500 (0.0500)
--------------------
--------------------
start rehearsal training for 10 epochs 
Rehearsal EPOCH: [0]  [0/7]  eta: 0:00:36  lr: 0.000000  min_lr: 0.000000  loss: 4.2445 (4.2445)  loss_scale: 512.0000 (512.0000)  weight_decay: 0.0500 (0.0500)  time: 5.2235  data: 4.2792  max mem: 5581
Rehearsal EPOCH: [0]  [6/7]  eta: 0:00:01  lr: 0.000044  min_lr: 0.000000  loss: 4.2445 (4.0869)  loss_scale: 512.0000 (512.0000)  weight_decay: 0.0500 (0.0500)  time: 1.6021  data: 0.6117  max mem: 5581
Rehearsal EPOCH: [0] Total time: 0:00:11 (1.6339 s / it)
Averaged stats: lr: 0.000044  min_lr: 0.000000  loss: 4.2445 (4.0783)  loss_scale: 512.0000 (512.0000)  weight_decay: 0.0500 (0.0500)
valid len dataloader task : 0 || len_loader 1
Val:  [0/1]  eta: 0:00:01  loss: 4.7114 (4.7114)  acc1: 0.0000 (0.0000)  acc5: 33.3333 (33.3333)  time: 1.6720  data: 1.2670  max mem: 5581
Val: Total time: 0:00:01 (1.7627 s / it)
Val: Current task task : 1/3
* Acc@1 0.000 Acc@5 40.972 loss 4.532
valid len dataloader task : 1 || len_loader 1
Val:  [0/1]  eta: 0:00:01  loss: 5.1287 (5.1287)  acc1: 0.0000 (0.0000)  acc5: 11.7647 (11.7647)  time: 1.6288  data: 1.2790  max mem: 5581
Val: Total time: 0:00:01 (1.7180 s / it)
Val: Current task task : 2/3
* Acc@1 0.000 Acc@5 11.029 loss 5.095
valid len dataloader task : 2 || len_loader 1
Val:  [0/1]  eta: 0:00:01  loss: 0.7178 (0.7178)  acc1: 100.0000 (100.0000)  acc5: 100.0000 (100.0000)  time: 1.7422  data: 1.2907  max mem: 5581
Val: Total time: 0:00:01 (1.8423 s / it)
Val: Current task task : 3/3
* Acc@1 91.667 Acc@5 100.000 loss 0.774
[VAL-REHEARSAL][1] TOTAL Accuracy of the network on the  val videos: 30.56%
[2023-08-22 22:50:53,503] [INFO] [logging.py:77:log_dist] [Rank 0] [Torch] Checkpoint checkpoint-best_rehearsal is begin to save!
[2023-08-22 22:50:53,505] [INFO] [logging.py:77:log_dist] [Rank 0] Saving model checkpoint: logs/ucf_10/36/checkpoint-best_rehearsal/mp_rank_00_model_states.pt
[2023-08-22 22:50:53,505] [INFO] [torch_checkpoint_engine.py:17:save] [Torch] Saving logs/ucf_10/36/checkpoint-best_rehearsal/mp_rank_00_model_states.pt...
[2023-08-22 22:50:53,505] [INFO] [torch_checkpoint_engine.py:29:commit] [Torch] Checkpoint checkpoint-best_rehearsal is ready now!
[2023-08-22 22:50:53,506] [INFO] [torch_checkpoint_engine.py:29:commit] [Torch] Checkpoint checkpoint-best_rehearsal is ready now!
[2023-08-22 22:50:53,506] [INFO] [torch_checkpoint_engine.py:29:commit] [Torch] Checkpoint checkpoint-best_rehearsal is ready now!
[2023-08-22 22:50:53,506] [INFO] [torch_checkpoint_engine.py:29:commit] [Torch] Checkpoint checkpoint-best_rehearsal is ready now!
[2023-08-22 22:50:53,506] [INFO] [torch_checkpoint_engine.py:29:commit] [Torch] Checkpoint checkpoint-best_rehearsal is ready now!
[2023-08-22 22:50:53,506] [INFO] [torch_checkpoint_engine.py:29:commit] [Torch] Checkpoint checkpoint-best_rehearsal is ready now!
[2023-08-22 22:50:53,506] [INFO] [torch_checkpoint_engine.py:29:commit] [Torch] Checkpoint checkpoint-best_rehearsal is ready now!
[2023-08-22 22:50:56,620] [INFO] [torch_checkpoint_engine.py:19:save] [Torch] Saved logs/ucf_10/36/checkpoint-best_rehearsal/mp_rank_00_model_states.pt.
[2023-08-22 22:50:56,620] [INFO] [torch_checkpoint_engine.py:29:commit] [Torch] Checkpoint checkpoint-best_rehearsal is ready now!
Max total accuracy: 30.56%
Rehearsal EPOCH: [1]  [0/7]  eta: 0:00:34  lr: 0.000051  min_lr: 0.000000  loss: 3.9662 (3.9662)  loss_scale: 512.0000 (512.0000)  weight_decay: 0.0500 (0.0500)  time: 4.9812  data: 4.0543  max mem: 5581
Rehearsal EPOCH: [1]  [6/7]  eta: 0:00:01  lr: 0.000096  min_lr: 0.000001  loss: 3.6179 (3.4333)  loss_scale: 512.0000 (512.0000)  weight_decay: 0.0500 (0.0500)  time: 1.5647  data: 0.5798  max mem: 5581
Rehearsal EPOCH: [1] Total time: 0:00:11 (1.5954 s / it)
Averaged stats: lr: 0.000096  min_lr: 0.000001  loss: 3.6179 (3.2299)  loss_scale: 512.0000 (512.0000)  weight_decay: 0.0500 (0.0500)
valid len dataloader task : 0 || len_loader 1
Val:  [0/1]  eta: 0:00:01  loss: 3.2169 (3.2169)  acc1: 16.6667 (16.6667)  acc5: 61.1111 (61.1111)  time: 1.6735  data: 1.2916  max mem: 5581
Val: Total time: 0:00:01 (1.7336 s / it)
Val: Current task task : 1/3
* Acc@1 26.389 Acc@5 74.306 loss 3.016
valid len dataloader task : 1 || len_loader 1
Val:  [0/1]  eta: 0:00:01  loss: 3.5005 (3.5005)  acc1: 17.6471 (17.6471)  acc5: 64.7059 (64.7059)  time: 1.6307  data: 1.2654  max mem: 5581
Val: Total time: 0:00:01 (1.7317 s / it)
Val: Current task task : 2/3
* Acc@1 13.235 Acc@5 66.176 loss 3.443
valid len dataloader task : 2 || len_loader 1
Val:  [0/1]  eta: 0:00:01  loss: 1.8894 (1.8894)  acc1: 77.7778 (77.7778)  acc5: 100.0000 (100.0000)  time: 1.6700  data: 1.2845  max mem: 5581
Val: Total time: 0:00:01 (1.7627 s / it)
Val: Current task task : 3/3
* Acc@1 78.472 Acc@5 99.306 loss 1.875
[VAL-REHEARSAL][2] TOTAL Accuracy of the network on the  val videos: 39.37%
[2023-08-22 22:51:13,118] [INFO] [logging.py:77:log_dist] [Rank 0] [Torch] Checkpoint checkpoint-best_rehearsal is begin to save!
[2023-08-22 22:51:13,120] [INFO] [torch_checkpoint_engine.py:29:commit] [Torch] Checkpoint checkpoint-best_rehearsal is ready now!
[2023-08-22 22:51:13,120] [INFO] [torch_checkpoint_engine.py:29:commit] [Torch] Checkpoint checkpoint-best_rehearsal is ready now!
[2023-08-22 22:51:13,120] [INFO] [torch_checkpoint_engine.py:29:commit] [Torch] Checkpoint checkpoint-best_rehearsal is ready now!
[2023-08-22 22:51:13,121] [INFO] [torch_checkpoint_engine.py:29:commit] [Torch] Checkpoint checkpoint-best_rehearsal is ready now!
[2023-08-22 22:51:13,121] [INFO] [logging.py:77:log_dist] [Rank 0] Saving model checkpoint: logs/ucf_10/36/checkpoint-best_rehearsal/mp_rank_00_model_states.pt
[2023-08-22 22:51:13,121] [INFO] [torch_checkpoint_engine.py:17:save] [Torch] Saving logs/ucf_10/36/checkpoint-best_rehearsal/mp_rank_00_model_states.pt...
[2023-08-22 22:51:13,121] [INFO] [torch_checkpoint_engine.py:29:commit] [Torch] Checkpoint checkpoint-best_rehearsal is ready now!
[2023-08-22 22:51:13,122] [INFO] [torch_checkpoint_engine.py:29:commit] [Torch] Checkpoint checkpoint-best_rehearsal is ready now!
[2023-08-22 22:51:13,122] [INFO] [torch_checkpoint_engine.py:29:commit] [Torch] Checkpoint checkpoint-best_rehearsal is ready now!
[2023-08-22 22:51:16,020] [INFO] [torch_checkpoint_engine.py:19:save] [Torch] Saved logs/ucf_10/36/checkpoint-best_rehearsal/mp_rank_00_model_states.pt.
[2023-08-22 22:51:16,020] [INFO] [torch_checkpoint_engine.py:29:commit] [Torch] Checkpoint checkpoint-best_rehearsal is ready now!
Max total accuracy: 39.37%
Rehearsal EPOCH: [2]  [0/7]  eta: 0:00:34  lr: 0.000103  min_lr: 0.000001  loss: 2.9031 (2.9031)  loss_scale: 512.0000 (512.0000)  weight_decay: 0.0500 (0.0500)  time: 4.8719  data: 3.8356  max mem: 5581
Rehearsal EPOCH: [2]  [6/7]  eta: 0:00:01  lr: 0.000147  min_lr: 0.000001  loss: 2.9031 (2.7521)  loss_scale: 512.0000 (512.0000)  weight_decay: 0.0500 (0.0500)  time: 1.5538  data: 0.5482  max mem: 5581
Rehearsal EPOCH: [2] Total time: 0:00:11 (1.5862 s / it)
Averaged stats: lr: 0.000147  min_lr: 0.000001  loss: 2.9031 (2.7650)  loss_scale: 512.0000 (512.0000)  weight_decay: 0.0500 (0.0500)
valid len dataloader task : 0 || len_loader 1
Val:  [0/1]  eta: 0:00:01  loss: 2.9759 (2.9759)  acc1: 27.7778 (27.7778)  acc5: 77.7778 (77.7778)  time: 1.6498  data: 1.2516  max mem: 5581
Val: Total time: 0:00:01 (1.7096 s / it)
Val: Current task task : 1/3
* Acc@1 34.028 Acc@5 86.111 loss 2.695
valid len dataloader task : 1 || len_loader 1
Val:  [0/1]  eta: 0:00:01  loss: 3.0022 (3.0022)  acc1: 29.4118 (29.4118)  acc5: 64.7059 (64.7059)  time: 1.5865  data: 1.2184  max mem: 5581
Val: Total time: 0:00:01 (1.6474 s / it)
Val: Current task task : 2/3
* Acc@1 32.353 Acc@5 72.059 loss 2.946
valid len dataloader task : 2 || len_loader 1
Val:  [0/1]  eta: 0:00:01  loss: 2.7420 (2.7420)  acc1: 27.7778 (27.7778)  acc5: 77.7778 (77.7778)  time: 1.6251  data: 1.2160  max mem: 5581
Val: Total time: 0:00:01 (1.7160 s / it)
Val: Current task task : 3/3
* Acc@1 35.417 Acc@5 86.111 loss 2.703
[VAL-REHEARSAL][3] TOTAL Accuracy of the network on the  val videos: 33.93%
Max total accuracy: 39.37%
Rehearsal EPOCH: [3]  [0/7]  eta: 0:00:35  lr: 0.000154  min_lr: 0.000001  loss: 2.7219 (2.7219)  loss_scale: 512.0000 (512.0000)  weight_decay: 0.0500 (0.0500)  time: 5.0869  data: 3.7270  max mem: 5581
Rehearsal EPOCH: [3]  [6/7]  eta: 0:00:01  lr: 0.000199  min_lr: 0.000002  loss: 2.7550 (2.6904)  loss_scale: 512.0000 (512.0000)  weight_decay: 0.0500 (0.0500)  time: 1.5800  data: 0.5327  max mem: 5581
Rehearsal EPOCH: [3] Total time: 0:00:11 (1.6118 s / it)
Averaged stats: lr: 0.000199  min_lr: 0.000002  loss: 2.7550 (2.6414)  loss_scale: 512.0000 (512.0000)  weight_decay: 0.0500 (0.0500)
valid len dataloader task : 0 || len_loader 1
Val:  [0/1]  eta: 0:00:01  loss: 3.0877 (3.0877)  acc1: 33.3333 (33.3333)  acc5: 72.2222 (72.2222)  time: 1.6181  data: 1.2316  max mem: 5581
Val: Total time: 0:00:01 (1.7020 s / it)
Val: Current task task : 1/3
* Acc@1 40.972 Acc@5 89.583 loss 2.655
valid len dataloader task : 1 || len_loader 1
Val:  [0/1]  eta: 0:00:01  loss: 2.8445 (2.8445)  acc1: 35.2941 (35.2941)  acc5: 76.4706 (76.4706)  time: 1.5876  data: 1.1930  max mem: 5581
Val: Total time: 0:00:01 (1.6956 s / it)
Val: Current task task : 2/3
* Acc@1 38.971 Acc@5 80.882 loss 2.725
valid len dataloader task : 2 || len_loader 1
Val:  [0/1]  eta: 0:00:01  loss: 2.1267 (2.1267)  acc1: 66.6667 (66.6667)  acc5: 94.4444 (94.4444)  time: 1.6635  data: 1.2631  max mem: 5581
Val: Total time: 0:00:01 (1.7220 s / it)
Val: Current task task : 3/3
* Acc@1 65.278 Acc@5 95.139 loss 2.133
[VAL-REHEARSAL][4] TOTAL Accuracy of the network on the  val videos: 48.41%
[2023-08-22 22:51:49,106] [INFO] [logging.py:77:log_dist] [Rank 0] [Torch] Checkpoint checkpoint-best_rehearsal is begin to save!
[2023-08-22 22:51:49,108] [INFO] [torch_checkpoint_engine.py:29:commit] [Torch] Checkpoint checkpoint-best_rehearsal is ready now!
[2023-08-22 22:51:49,108] [INFO] [torch_checkpoint_engine.py:29:commit] [Torch] Checkpoint checkpoint-best_rehearsal is ready now!
[2023-08-22 22:51:49,108] [INFO] [torch_checkpoint_engine.py:29:commit] [Torch] Checkpoint checkpoint-best_rehearsal is ready now!
[2023-08-22 22:51:49,108] [INFO] [torch_checkpoint_engine.py:29:commit] [Torch] Checkpoint checkpoint-best_rehearsal is ready now!
[2023-08-22 22:51:49,109] [INFO] [logging.py:77:log_dist] [Rank 0] Saving model checkpoint: logs/ucf_10/36/checkpoint-best_rehearsal/mp_rank_00_model_states.pt
[2023-08-22 22:51:49,109] [INFO] [torch_checkpoint_engine.py:17:save] [Torch] Saving logs/ucf_10/36/checkpoint-best_rehearsal/mp_rank_00_model_states.pt...
[2023-08-22 22:51:49,109] [INFO] [torch_checkpoint_engine.py:29:commit] [Torch] Checkpoint checkpoint-best_rehearsal is ready now!
[2023-08-22 22:51:49,109] [INFO] [torch_checkpoint_engine.py:29:commit] [Torch] Checkpoint checkpoint-best_rehearsal is ready now!
[2023-08-22 22:51:49,109] [INFO] [torch_checkpoint_engine.py:29:commit] [Torch] Checkpoint checkpoint-best_rehearsal is ready now!
[2023-08-22 22:51:52,120] [INFO] [torch_checkpoint_engine.py:19:save] [Torch] Saved logs/ucf_10/36/checkpoint-best_rehearsal/mp_rank_00_model_states.pt.
[2023-08-22 22:51:52,120] [INFO] [torch_checkpoint_engine.py:29:commit] [Torch] Checkpoint checkpoint-best_rehearsal is ready now!
Max total accuracy: 48.41%
Rehearsal EPOCH: [4]  [0/7]  eta: 0:00:35  lr: 0.000206  min_lr: 0.000002  loss: 2.5401 (2.5401)  loss_scale: 512.0000 (512.0000)  weight_decay: 0.0500 (0.0500)  time: 5.0394  data: 3.5003  max mem: 5581
[2023-08-22 22:52:03,157] [INFO] [fused_optimizer.py:394:_update_scale] No Grad overflow for 128 iterations
[2023-08-22 22:52:03,157] [INFO] [fused_optimizer.py:394:_update_scale] No Grad overflow for 128 iterations
[2023-08-22 22:52:03,158] [INFO] [fused_optimizer.py:396:_update_scale] Increasing dynamic loss scale from 512 to 1024
[2023-08-22 22:52:03,157] [INFO] [fused_optimizer.py:394:_update_scale] No Grad overflow for 128 iterations
[2023-08-22 22:52:03,158] [INFO] [fused_optimizer.py:396:_update_scale] Increasing dynamic loss scale from 512 to 1024
[2023-08-22 22:52:03,158] [INFO] [fused_optimizer.py:396:_update_scale] Increasing dynamic loss scale from 512 to 1024
[2023-08-22 22:52:03,158] [INFO] [fused_optimizer.py:394:_update_scale] No Grad overflow for 128 iterations
[2023-08-22 22:52:03,158] [INFO] [fused_optimizer.py:396:_update_scale] Increasing dynamic loss scale from 512 to 1024
[2023-08-22 22:52:03,158] [INFO] [fused_optimizer.py:394:_update_scale] No Grad overflow for 128 iterations
[2023-08-22 22:52:03,158] [INFO] [fused_optimizer.py:396:_update_scale] Increasing dynamic loss scale from 512 to 1024
[2023-08-22 22:52:03,158] [INFO] [fused_optimizer.py:394:_update_scale] No Grad overflow for 128 iterations
[2023-08-22 22:52:03,158] [INFO] [fused_optimizer.py:394:_update_scale] No Grad overflow for 128 iterations
[2023-08-22 22:52:03,158] [INFO] [fused_optimizer.py:396:_update_scale] Increasing dynamic loss scale from 512 to 1024
[2023-08-22 22:52:03,158] [INFO] [fused_optimizer.py:396:_update_scale] Increasing dynamic loss scale from 512 to 1024
[2023-08-22 22:52:03,159] [INFO] [fused_optimizer.py:394:_update_scale] No Grad overflow for 128 iterations
[2023-08-22 22:52:03,159] [INFO] [fused_optimizer.py:396:_update_scale] Increasing dynamic loss scale from 512 to 1024
Rehearsal EPOCH: [4]  [6/7]  eta: 0:00:01  lr: 0.000250  min_lr: 0.000002  loss: 2.1751 (2.2412)  loss_scale: 512.0000 (585.1429)  weight_decay: 0.0500 (0.0500)  time: 1.5763  data: 0.5003  max mem: 5581
Rehearsal EPOCH: [4] Total time: 0:00:11 (1.6062 s / it)
Averaged stats: lr: 0.000250  min_lr: 0.000002  loss: 2.1751 (2.4646)  loss_scale: 512.0000 (585.1429)  weight_decay: 0.0500 (0.0500)
valid len dataloader task : 0 || len_loader 1
Val:  [0/1]  eta: 0:00:01  loss: 2.5464 (2.5464)  acc1: 50.0000 (50.0000)  acc5: 83.3333 (83.3333)  time: 1.6378  data: 1.2355  max mem: 5581
Val: Total time: 0:00:01 (1.7536 s / it)
Val: Current task task : 1/3
* Acc@1 56.944 Acc@5 95.139 loss 2.308
valid len dataloader task : 1 || len_loader 1
Val:  [0/1]  eta: 0:00:01  loss: 2.6056 (2.6056)  acc1: 64.7059 (64.7059)  acc5: 82.3529 (82.3529)  time: 1.5824  data: 1.2165  max mem: 5581
Val: Total time: 0:00:01 (1.6657 s / it)
Val: Current task task : 2/3
* Acc@1 54.412 Acc@5 88.235 loss 2.483
valid len dataloader task : 2 || len_loader 1
Val:  [0/1]  eta: 0:00:01  loss: 1.9163 (1.9163)  acc1: 72.2222 (72.2222)  acc5: 100.0000 (100.0000)  time: 1.5560  data: 1.1934  max mem: 5581
Val: Total time: 0:00:01 (1.6339 s / it)
Val: Current task task : 3/3
* Acc@1 72.222 Acc@5 96.528 loss 1.981
[VAL-REHEARSAL][5] TOTAL Accuracy of the network on the  val videos: 61.19%
[2023-08-22 22:52:08,802] [INFO] [logging.py:77:log_dist] [Rank 0] [Torch] Checkpoint checkpoint-best_rehearsal is begin to save!
[2023-08-22 22:52:08,805] [INFO] [torch_checkpoint_engine.py:29:commit] [Torch] Checkpoint checkpoint-best_rehearsal is ready now!
[2023-08-22 22:52:08,805] [INFO] [torch_checkpoint_engine.py:29:commit] [Torch] Checkpoint checkpoint-best_rehearsal is ready now!
[2023-08-22 22:52:08,805] [INFO] [torch_checkpoint_engine.py:29:commit] [Torch] Checkpoint checkpoint-best_rehearsal is ready now!
[2023-08-22 22:52:08,805] [INFO] [torch_checkpoint_engine.py:29:commit] [Torch] Checkpoint checkpoint-best_rehearsal is ready now!
[2023-08-22 22:52:08,805] [INFO] [torch_checkpoint_engine.py:29:commit] [Torch] Checkpoint checkpoint-best_rehearsal is ready now!
[2023-08-22 22:52:08,805] [INFO] [logging.py:77:log_dist] [Rank 0] Saving model checkpoint: logs/ucf_10/36/checkpoint-best_rehearsal/mp_rank_00_model_states.pt
[2023-08-22 22:52:08,805] [INFO] [torch_checkpoint_engine.py:17:save] [Torch] Saving logs/ucf_10/36/checkpoint-best_rehearsal/mp_rank_00_model_states.pt...
[2023-08-22 22:52:08,805] [INFO] [torch_checkpoint_engine.py:29:commit] [Torch] Checkpoint checkpoint-best_rehearsal is ready now!
[2023-08-22 22:52:08,805] [INFO] [torch_checkpoint_engine.py:29:commit] [Torch] Checkpoint checkpoint-best_rehearsal is ready now!
[2023-08-22 22:52:11,911] [INFO] [torch_checkpoint_engine.py:19:save] [Torch] Saved logs/ucf_10/36/checkpoint-best_rehearsal/mp_rank_00_model_states.pt.
[2023-08-22 22:52:11,911] [INFO] [torch_checkpoint_engine.py:29:commit] [Torch] Checkpoint checkpoint-best_rehearsal is ready now!
Max total accuracy: 61.19%
Rehearsal EPOCH: [5]  [0/7]  eta: 0:00:36  lr: 0.000250  min_lr: 0.000002  loss: 2.5989 (2.5989)  loss_scale: 1024.0000 (1024.0000)  weight_decay: 0.0500 (0.0500)  time: 5.2580  data: 4.2607  max mem: 5581
Rehearsal EPOCH: [5]  [6/7]  eta: 0:00:01  lr: 0.000233  min_lr: 0.000002  loss: 2.5885 (2.4302)  loss_scale: 1024.0000 (1024.0000)  weight_decay: 0.0500 (0.0500)  time: 1.6045  data: 0.6091  max mem: 5581
Rehearsal EPOCH: [5] Total time: 0:00:11 (1.6355 s / it)
Averaged stats: lr: 0.000233  min_lr: 0.000002  loss: 2.5885 (2.4398)  loss_scale: 1024.0000 (1024.0000)  weight_decay: 0.0500 (0.0500)
valid len dataloader task : 0 || len_loader 1
Val:  [0/1]  eta: 0:00:01  loss: 2.6046 (2.6046)  acc1: 38.8889 (38.8889)  acc5: 83.3333 (83.3333)  time: 1.6086  data: 1.2283  max mem: 5581
Val: Total time: 0:00:01 (1.7019 s / it)
Val: Current task task : 1/3
* Acc@1 58.333 Acc@5 93.750 loss 2.258
valid len dataloader task : 1 || len_loader 1
Val:  [0/1]  eta: 0:00:01  loss: 2.3787 (2.3787)  acc1: 64.7059 (64.7059)  acc5: 88.2353 (88.2353)  time: 1.6522  data: 1.2756  max mem: 5581
Val: Total time: 0:00:01 (1.7404 s / it)
Val: Current task task : 2/3
* Acc@1 57.353 Acc@5 90.441 loss 2.321
valid len dataloader task : 2 || len_loader 1
Val:  [0/1]  eta: 0:00:01  loss: 1.8083 (1.8083)  acc1: 83.3333 (83.3333)  acc5: 100.0000 (100.0000)  time: 1.6723  data: 1.2748  max mem: 5581
Val: Total time: 0:00:01 (1.7397 s / it)
Val: Current task task : 3/3
* Acc@1 77.083 Acc@5 98.611 loss 1.845
[VAL-REHEARSAL][6] TOTAL Accuracy of the network on the  val videos: 64.26%
[2023-08-22 22:52:28,701] [INFO] [logging.py:77:log_dist] [Rank 0] [Torch] Checkpoint checkpoint-best_rehearsal is begin to save!
[2023-08-22 22:52:28,704] [INFO] [torch_checkpoint_engine.py:29:commit] [Torch] Checkpoint checkpoint-best_rehearsal is ready now!
[2023-08-22 22:52:28,704] [INFO] [torch_checkpoint_engine.py:29:commit] [Torch] Checkpoint checkpoint-best_rehearsal is ready now!
[2023-08-22 22:52:28,704] [INFO] [torch_checkpoint_engine.py:29:commit] [Torch] Checkpoint checkpoint-best_rehearsal is ready now!
[2023-08-22 22:52:28,704] [INFO] [torch_checkpoint_engine.py:29:commit] [Torch] Checkpoint checkpoint-best_rehearsal is ready now!
[2023-08-22 22:52:28,704] [INFO] [torch_checkpoint_engine.py:29:commit] [Torch] Checkpoint checkpoint-best_rehearsal is ready now!
[2023-08-22 22:52:28,704] [INFO] [logging.py:77:log_dist] [Rank 0] Saving model checkpoint: logs/ucf_10/36/checkpoint-best_rehearsal/mp_rank_00_model_states.pt
[2023-08-22 22:52:28,704] [INFO] [torch_checkpoint_engine.py:17:save] [Torch] Saving logs/ucf_10/36/checkpoint-best_rehearsal/mp_rank_00_model_states.pt...
[2023-08-22 22:52:28,704] [INFO] [torch_checkpoint_engine.py:29:commit] [Torch] Checkpoint checkpoint-best_rehearsal is ready now!
[2023-08-22 22:52:28,704] [INFO] [torch_checkpoint_engine.py:29:commit] [Torch] Checkpoint checkpoint-best_rehearsal is ready now!
[2023-08-22 22:52:32,424] [INFO] [torch_checkpoint_engine.py:19:save] [Torch] Saved logs/ucf_10/36/checkpoint-best_rehearsal/mp_rank_00_model_states.pt.
[2023-08-22 22:52:32,424] [INFO] [torch_checkpoint_engine.py:29:commit] [Torch] Checkpoint checkpoint-best_rehearsal is ready now!
Max total accuracy: 64.26%
Rehearsal EPOCH: [6]  [0/7]  eta: 0:00:34  lr: 0.000227  min_lr: 0.000002  loss: 2.4050 (2.4050)  loss_scale: 1024.0000 (1024.0000)  weight_decay: 0.0500 (0.0500)  time: 4.8658  data: 2.9868  max mem: 5581
Rehearsal EPOCH: [6]  [6/7]  eta: 0:00:01  lr: 0.000176  min_lr: 0.000002  loss: 2.5590 (2.5019)  loss_scale: 1024.0000 (1024.0000)  weight_decay: 0.0500 (0.0500)  time: 1.5495  data: 0.4271  max mem: 5581
Rehearsal EPOCH: [6] Total time: 0:00:11 (1.5800 s / it)
Averaged stats: lr: 0.000176  min_lr: 0.000002  loss: 2.5590 (2.4012)  loss_scale: 1024.0000 (1024.0000)  weight_decay: 0.0500 (0.0500)
valid len dataloader task : 0 || len_loader 1
Val:  [0/1]  eta: 0:00:01  loss: 2.4817 (2.4817)  acc1: 50.0000 (50.0000)  acc5: 77.7778 (77.7778)  time: 1.6027  data: 1.2379  max mem: 5581
Val: Total time: 0:00:01 (1.6899 s / it)
Val: Current task task : 1/3
* Acc@1 59.722 Acc@5 94.444 loss 2.117
valid len dataloader task : 1 || len_loader 1
Val:  [0/1]  eta: 0:00:01  loss: 2.4052 (2.4052)  acc1: 64.7059 (64.7059)  acc5: 88.2353 (88.2353)  time: 1.6063  data: 1.2532  max mem: 5581
Val: Total time: 0:00:01 (1.6911 s / it)
Val: Current task task : 2/3
* Acc@1 55.147 Acc@5 86.765 loss 2.302
valid len dataloader task : 2 || len_loader 1
Val:  [0/1]  eta: 0:00:01  loss: 1.7955 (1.7955)  acc1: 66.6667 (66.6667)  acc5: 94.4444 (94.4444)  time: 1.5588  data: 1.2010  max mem: 5581
Val: Total time: 0:00:01 (1.6491 s / it)
Val: Current task task : 3/3
* Acc@1 71.528 Acc@5 97.917 loss 1.811
[VAL-REHEARSAL][7] TOTAL Accuracy of the network on the  val videos: 62.13%
Max total accuracy: 64.26%
Rehearsal EPOCH: [7]  [0/7]  eta: 0:00:35  lr: 0.000165  min_lr: 0.000002  loss: 2.4454 (2.4454)  loss_scale: 1024.0000 (1024.0000)  weight_decay: 0.0500 (0.0500)  time: 5.0805  data: 3.7824  max mem: 5581
Rehearsal EPOCH: [7]  [6/7]  eta: 0:00:01  lr: 0.000100  min_lr: 0.000001  loss: 2.4174 (2.4305)  loss_scale: 1024.0000 (1024.0000)  weight_decay: 0.0500 (0.0500)  time: 1.5804  data: 0.5407  max mem: 5581
Rehearsal EPOCH: [7] Total time: 0:00:11 (1.6070 s / it)
Averaged stats: lr: 0.000100  min_lr: 0.000001  loss: 2.4174 (2.3680)  loss_scale: 1024.0000 (1024.0000)  weight_decay: 0.0500 (0.0500)
valid len dataloader task : 0 || len_loader 1
Val:  [0/1]  eta: 0:00:01  loss: 2.2406 (2.2406)  acc1: 77.7778 (77.7778)  acc5: 83.3333 (83.3333)  time: 1.5756  data: 1.2166  max mem: 5581
Val: Total time: 0:00:01 (1.6600 s / it)
Val: Current task task : 1/3
* Acc@1 77.778 Acc@5 95.833 loss 1.948
valid len dataloader task : 1 || len_loader 1
Val:  [0/1]  eta: 0:00:01  loss: 2.3443 (2.3443)  acc1: 64.7059 (64.7059)  acc5: 88.2353 (88.2353)  time: 1.5519  data: 1.2023  max mem: 5581
Val: Total time: 0:00:01 (1.6484 s / it)
Val: Current task task : 2/3
* Acc@1 59.559 Acc@5 90.441 loss 2.236
valid len dataloader task : 2 || len_loader 1
Val:  [0/1]  eta: 0:00:01  loss: 1.8298 (1.8298)  acc1: 66.6667 (66.6667)  acc5: 100.0000 (100.0000)  time: 1.5799  data: 1.2079  max mem: 5581
Val: Total time: 0:00:01 (1.6737 s / it)
Val: Current task task : 3/3
* Acc@1 65.278 Acc@5 98.611 loss 1.874
[VAL-REHEARSAL][8] TOTAL Accuracy of the network on the  val videos: 67.54%
[2023-08-22 22:53:05,601] [INFO] [logging.py:77:log_dist] [Rank 0] [Torch] Checkpoint checkpoint-best_rehearsal is begin to save!
[2023-08-22 22:53:05,604] [INFO] [torch_checkpoint_engine.py:29:commit] [Torch] Checkpoint checkpoint-best_rehearsal is ready now!
[2023-08-22 22:53:05,604] [INFO] [torch_checkpoint_engine.py:29:commit] [Torch] Checkpoint checkpoint-best_rehearsal is ready now!
[2023-08-22 22:53:05,604] [INFO] [torch_checkpoint_engine.py:29:commit] [Torch] Checkpoint checkpoint-best_rehearsal is ready now!
[2023-08-22 22:53:05,604] [INFO] [torch_checkpoint_engine.py:29:commit] [Torch] Checkpoint checkpoint-best_rehearsal is ready now!
[2023-08-22 22:53:05,604] [INFO] [torch_checkpoint_engine.py:29:commit] [Torch] Checkpoint checkpoint-best_rehearsal is ready now!
[2023-08-22 22:53:05,604] [INFO] [logging.py:77:log_dist] [Rank 0] Saving model checkpoint: logs/ucf_10/36/checkpoint-best_rehearsal/mp_rank_00_model_states.pt
[2023-08-22 22:53:05,604] [INFO] [torch_checkpoint_engine.py:29:commit] [Torch] Checkpoint checkpoint-best_rehearsal is ready now!
[2023-08-22 22:53:05,604] [INFO] [torch_checkpoint_engine.py:17:save] [Torch] Saving logs/ucf_10/36/checkpoint-best_rehearsal/mp_rank_00_model_states.pt...
[2023-08-22 22:53:05,604] [INFO] [torch_checkpoint_engine.py:29:commit] [Torch] Checkpoint checkpoint-best_rehearsal is ready now!
[2023-08-22 22:53:09,203] [INFO] [torch_checkpoint_engine.py:19:save] [Torch] Saved logs/ucf_10/36/checkpoint-best_rehearsal/mp_rank_00_model_states.pt.
[2023-08-22 22:53:09,204] [INFO] [torch_checkpoint_engine.py:29:commit] [Torch] Checkpoint checkpoint-best_rehearsal is ready now!
Max total accuracy: 67.54%
Rehearsal EPOCH: [8]  [0/7]  eta: 0:00:34  lr: 0.000090  min_lr: 0.000001  loss: 2.1698 (2.1698)  loss_scale: 1024.0000 (1024.0000)  weight_decay: 0.0500 (0.0500)  time: 4.8855  data: 3.9070  max mem: 5581
Rehearsal EPOCH: [8]  [6/7]  eta: 0:00:01  lr: 0.000035  min_lr: 0.000000  loss: 2.4616 (2.4150)  loss_scale: 1024.0000 (1024.0000)  weight_decay: 0.0500 (0.0500)  time: 1.5545  data: 0.5585  max mem: 5581
Rehearsal EPOCH: [8] Total time: 0:00:11 (1.5855 s / it)
Averaged stats: lr: 0.000035  min_lr: 0.000000  loss: 2.4616 (2.4144)  loss_scale: 1024.0000 (1024.0000)  weight_decay: 0.0500 (0.0500)
valid len dataloader task : 0 || len_loader 1
Val:  [0/1]  eta: 0:00:01  loss: 2.2311 (2.2311)  acc1: 66.6667 (66.6667)  acc5: 83.3333 (83.3333)  time: 1.6813  data: 1.2696  max mem: 5581
Val: Total time: 0:00:01 (1.7504 s / it)
Val: Current task task : 1/3
* Acc@1 75.000 Acc@5 95.139 loss 1.951
valid len dataloader task : 1 || len_loader 1
Val:  [0/1]  eta: 0:00:01  loss: 2.3979 (2.3979)  acc1: 52.9412 (52.9412)  acc5: 82.3529 (82.3529)  time: 1.5813  data: 1.2110  max mem: 5581
Val: Total time: 0:00:01 (1.6696 s / it)
Val: Current task task : 2/3
* Acc@1 55.147 Acc@5 91.912 loss 2.219
valid len dataloader task : 2 || len_loader 1
Val:  [0/1]  eta: 0:00:01  loss: 1.7779 (1.7779)  acc1: 66.6667 (66.6667)  acc5: 100.0000 (100.0000)  time: 1.5589  data: 1.1918  max mem: 5581
Val: Total time: 0:00:01 (1.6416 s / it)
Val: Current task task : 3/3
* Acc@1 64.583 Acc@5 97.917 loss 1.813
[VAL-REHEARSAL][9] TOTAL Accuracy of the network on the  val videos: 64.91%
Max total accuracy: 67.54%
Rehearsal EPOCH: [9]  [0/7]  eta: 0:00:35  lr: 0.000028  min_lr: 0.000000  loss: 2.0046 (2.0046)  loss_scale: 1024.0000 (1024.0000)  weight_decay: 0.0500 (0.0500)  time: 5.0084  data: 3.6674  max mem: 5581
Rehearsal EPOCH: [9]  [6/7]  eta: 0:00:01  lr: 0.000005  min_lr: 0.000000  loss: 2.1735 (2.1383)  loss_scale: 1024.0000 (1024.0000)  weight_decay: 0.0500 (0.0500)  time: 1.5670  data: 0.5243  max mem: 5581
Rehearsal EPOCH: [9] Total time: 0:00:11 (1.5982 s / it)
Averaged stats: lr: 0.000005  min_lr: 0.000000  loss: 2.1735 (2.3386)  loss_scale: 1024.0000 (1024.0000)  weight_decay: 0.0500 (0.0500)
valid len dataloader task : 0 || len_loader 1
Val:  [0/1]  eta: 0:00:01  loss: 2.2721 (2.2721)  acc1: 61.1111 (61.1111)  acc5: 83.3333 (83.3333)  time: 1.6195  data: 1.2303  max mem: 5581
Val: Total time: 0:00:01 (1.7039 s / it)
Val: Current task task : 1/3
* Acc@1 73.611 Acc@5 96.528 loss 1.916
valid len dataloader task : 1 || len_loader 1
Val:  [0/1]  eta: 0:00:01  loss: 2.4018 (2.4018)  acc1: 58.8235 (58.8235)  acc5: 82.3529 (82.3529)  time: 1.6258  data: 1.2731  max mem: 5581
Val: Total time: 0:00:01 (1.7257 s / it)
Val: Current task task : 2/3
* Acc@1 57.353 Acc@5 91.176 loss 2.219
valid len dataloader task : 2 || len_loader 1
Val:  [0/1]  eta: 0:00:01  loss: 1.8083 (1.8083)  acc1: 66.6667 (66.6667)  acc5: 100.0000 (100.0000)  time: 1.6749  data: 1.2641  max mem: 5581
Val: Total time: 0:00:01 (1.7671 s / it)
Val: Current task task : 3/3
* Acc@1 64.583 Acc@5 97.222 loss 1.797
[VAL-REHEARSAL][10] TOTAL Accuracy of the network on the  val videos: 65.18%
Max total accuracy: 67.54%
load best rehearsal model
<All keys matched successfully>
valid len dataloader task : 0 || len_loader 1
Val:  [0/1]  eta: 0:00:01  loss: 2.1950 (2.1950)  acc1: 72.2222 (72.2222)  acc5: 83.3333 (83.3333)  time: 1.6705  data: 1.2558  max mem: 5581
Val: Total time: 0:00:01 (1.7672 s / it)
Val: Current task task : 1/3
* Acc@1 74.306 Acc@5 95.833 loss 1.957
valid len dataloader task : 1 || len_loader 1
Val:  [0/1]  eta: 0:00:01  loss: 2.3813 (2.3813)  acc1: 58.8235 (58.8235)  acc5: 88.2353 (88.2353)  time: 1.5028  data: 1.1671  max mem: 5581
Val: Total time: 0:00:01 (1.5689 s / it)
Val: Current task task : 2/3
* Acc@1 57.353 Acc@5 91.176 loss 2.243
valid len dataloader task : 2 || len_loader 1
Val:  [0/1]  eta: 0:00:01  loss: 1.7588 (1.7588)  acc1: 66.6667 (66.6667)  acc5: 100.0000 (100.0000)  time: 1.5993  data: 1.2237  max mem: 5581
Val: Total time: 0:00:01 (1.6872 s / it)
Val: Current task task : 3/3
* Acc@1 63.194 Acc@5 98.611 loss 1.866
[TEST] Accuracy of the network on the  test videos: 64.95%
Training time 0:05:06
current task : 4 | train | Number of the class = 101
current task : 4 | validation | Number of the class = 101
current task : 4 | validation | Number of the class = 101
Sampler_train = <torch.utils.data.distributed.DistributedSampler object at 0x7f9555ac0750>
Sampler_rehearsal = <torch.utils.data.distributed.DistributedSampler object at 0x7f94b43dc510>
Warning: Enabling distributed evaluation with an eval dataset not divisible by process number. This will slightly alter validation results as extra duplicate entries are added to achieve equal num of samples per-process.
Number of training examples = 886
Number of training training per epoch = 6
Number of rehearsal training examples = 1010
Number of rehearsal training training per epoch = 7
Use step level LR scheduler!
Set warmup steps = 30
Set warmup steps = 0
Max WD = 0.0500000, Min WD = 0.0500000
Use step level LR scheduler!
Set warmup steps = 35
Set warmup steps = 0
Max WD = 0.0500000, Min WD = 0.0500000
==================================================
==================================================
==================================================
==================================================
Current task index : 4/10
==================================================
==================================================
==================================================
==================================================
Start training for 10 epochs
TASK EPOCH: [0]  [0/6]  eta: 0:00:28  lr: 0.000000  min_lr: 0.000000  loss: 4.0509 (4.0509)  loss_scale: 1024.0000 (1024.0000)  weight_decay: 0.0500 (0.0500)  time: 4.7088  data: 3.4668  max mem: 5581
TASK EPOCH: [0]  [5/6]  eta: 0:00:01  lr: 0.000043  min_lr: 0.000000  loss: 3.9697 (4.0017)  loss_scale: 1024.0000 (1024.0000)  weight_decay: 0.0500 (0.0500)  time: 1.6156  data: 0.5782  max mem: 5581
TASK EPOCH: [0] Total time: 0:00:09 (1.6506 s / it)
Averaged stats: lr: 0.000043  min_lr: 0.000000  loss: 3.9697 (3.9746)  loss_scale: 1024.0000 (1024.0000)  weight_decay: 0.0500 (0.0500)
TASK EPOCH: [1]  [0/6]  eta: 0:00:28  lr: 0.000052  min_lr: 0.000001  loss: 3.7995 (3.7995)  loss_scale: 1024.0000 (1024.0000)  weight_decay: 0.0500 (0.0500)  time: 4.7885  data: 3.9011  max mem: 5581
TASK EPOCH: [1]  [5/6]  eta: 0:00:01  lr: 0.000095  min_lr: 0.000001  loss: 3.6433 (3.6709)  loss_scale: 1024.0000 (1024.0000)  weight_decay: 0.0500 (0.0500)  time: 1.6304  data: 0.6506  max mem: 5581
TASK EPOCH: [1] Total time: 0:00:09 (1.6646 s / it)
Averaged stats: lr: 0.000095  min_lr: 0.000001  loss: 3.6433 (3.6606)  loss_scale: 1024.0000 (1024.0000)  weight_decay: 0.0500 (0.0500)
TASK EPOCH: [2]  [0/6]  eta: 0:00:27  lr: 0.000103  min_lr: 0.000001  loss: 3.3116 (3.3116)  loss_scale: 1024.0000 (1024.0000)  weight_decay: 0.0500 (0.0500)  time: 4.6339  data: 3.1837  max mem: 5581
TASK EPOCH: [2]  [5/6]  eta: 0:00:01  lr: 0.000147  min_lr: 0.000001  loss: 2.8693 (2.9996)  loss_scale: 1024.0000 (1024.0000)  weight_decay: 0.0500 (0.0500)  time: 1.6028  data: 0.5311  max mem: 5581
TASK EPOCH: [2] Total time: 0:00:09 (1.6363 s / it)
Averaged stats: lr: 0.000147  min_lr: 0.000001  loss: 2.8693 (3.0182)  loss_scale: 1024.0000 (1024.0000)  weight_decay: 0.0500 (0.0500)
TASK EPOCH: [3]  [0/6]  eta: 0:00:27  lr: 0.000155  min_lr: 0.000002  loss: 2.5482 (2.5482)  loss_scale: 1024.0000 (1024.0000)  weight_decay: 0.0500 (0.0500)  time: 4.6310  data: 3.5444  max mem: 5581
TASK EPOCH: [3]  [5/6]  eta: 0:00:01  lr: 0.000198  min_lr: 0.000002  loss: 2.3090 (2.3358)  loss_scale: 1024.0000 (1024.0000)  weight_decay: 0.0500 (0.0500)  time: 1.6029  data: 0.5910  max mem: 5581
TASK EPOCH: [3] Total time: 0:00:09 (1.6361 s / it)
Averaged stats: lr: 0.000198  min_lr: 0.000002  loss: 2.3090 (2.3162)  loss_scale: 1024.0000 (1024.0000)  weight_decay: 0.0500 (0.0500)
TASK EPOCH: [4]  [0/6]  eta: 0:00:28  lr: 0.000207  min_lr: 0.000002  loss: 2.0918 (2.0918)  loss_scale: 1024.0000 (1024.0000)  weight_decay: 0.0500 (0.0500)  time: 4.6989  data: 3.2164  max mem: 5581
TASK EPOCH: [4]  [5/6]  eta: 0:00:01  lr: 0.000250  min_lr: 0.000002  loss: 2.0114 (2.0424)  loss_scale: 1024.0000 (1024.0000)  weight_decay: 0.0500 (0.0500)  time: 1.6155  data: 0.5364  max mem: 5581
TASK EPOCH: [4] Total time: 0:00:09 (1.6490 s / it)
Averaged stats: lr: 0.000250  min_lr: 0.000002  loss: 2.0114 (2.0423)  loss_scale: 1024.0000 (1024.0000)  weight_decay: 0.0500 (0.0500)
TASK EPOCH: [5]  [0/6]  eta: 0:00:27  lr: 0.000250  min_lr: 0.000002  loss: 1.9667 (1.9667)  loss_scale: 1024.0000 (1024.0000)  weight_decay: 0.0500 (0.0500)  time: 4.5491  data: 3.5965  max mem: 5581
TASK EPOCH: [5]  [5/6]  eta: 0:00:01  lr: 0.000234  min_lr: 0.000002  loss: 1.6683 (1.7669)  loss_scale: 1024.0000 (1024.0000)  weight_decay: 0.0500 (0.0500)  time: 1.5916  data: 0.5996  max mem: 5581
TASK EPOCH: [5] Total time: 0:00:09 (1.6266 s / it)
Averaged stats: lr: 0.000234  min_lr: 0.000002  loss: 1.6683 (1.8762)  loss_scale: 1024.0000 (1024.0000)  weight_decay: 0.0500 (0.0500)
TASK EPOCH: [6]  [0/6]  eta: 0:00:28  lr: 0.000227  min_lr: 0.000002  loss: 1.5115 (1.5115)  loss_scale: 1024.0000 (1024.0000)  weight_decay: 0.0500 (0.0500)  time: 4.7477  data: 3.6409  max mem: 5581
TASK EPOCH: [6]  [5/6]  eta: 0:00:01  lr: 0.000177  min_lr: 0.000002  loss: 1.6265 (1.7364)  loss_scale: 1024.0000 (1024.0000)  weight_decay: 0.0500 (0.0500)  time: 1.6230  data: 0.6073  max mem: 5581
TASK EPOCH: [6] Total time: 0:00:09 (1.6567 s / it)
Averaged stats: lr: 0.000177  min_lr: 0.000002  loss: 1.6265 (1.7994)  loss_scale: 1024.0000 (1024.0000)  weight_decay: 0.0500 (0.0500)
TASK EPOCH: [7]  [0/6]  eta: 0:00:28  lr: 0.000165  min_lr: 0.000002  loss: 1.2939 (1.2939)  loss_scale: 1024.0000 (1024.0000)  weight_decay: 0.0500 (0.0500)  time: 4.8012  data: 2.9803  max mem: 5581
TASK EPOCH: [7]  [5/6]  eta: 0:00:01  lr: 0.000102  min_lr: 0.000001  loss: 1.5627 (1.5663)  loss_scale: 1024.0000 (1024.0000)  weight_decay: 0.0500 (0.0500)  time: 1.6331  data: 0.4971  max mem: 5581
TASK EPOCH: [7] Total time: 0:00:09 (1.6658 s / it)
Averaged stats: lr: 0.000102  min_lr: 0.000001  loss: 1.5627 (1.7418)  loss_scale: 1024.0000 (1024.0000)  weight_decay: 0.0500 (0.0500)
TASK EPOCH: [8]  [0/6]  eta: 0:00:27  lr: 0.000090  min_lr: 0.000001  loss: 1.4263 (1.4263)  loss_scale: 1024.0000 (1024.0000)  weight_decay: 0.0500 (0.0500)  time: 4.5704  data: 3.1944  max mem: 5581
TASK EPOCH: [8]  [5/6]  eta: 0:00:01  lr: 0.000036  min_lr: 0.000000  loss: 1.7016 (1.6427)  loss_scale: 1024.0000 (1024.0000)  weight_decay: 0.0500 (0.0500)  time: 1.5943  data: 0.5327  max mem: 5581
TASK EPOCH: [8] Total time: 0:00:09 (1.6282 s / it)
Averaged stats: lr: 0.000036  min_lr: 0.000000  loss: 1.7016 (1.7036)  loss_scale: 1024.0000 (1024.0000)  weight_decay: 0.0500 (0.0500)
TASK EPOCH: [9]  [0/6]  eta: 0:00:27  lr: 0.000028  min_lr: 0.000000  loss: 1.6062 (1.6062)  loss_scale: 1024.0000 (1024.0000)  weight_decay: 0.0500 (0.0500)  time: 4.6131  data: 3.0387  max mem: 5581
TASK EPOCH: [9]  [5/6]  eta: 0:00:01  lr: 0.000006  min_lr: 0.000000  loss: 1.5532 (1.6509)  loss_scale: 1024.0000 (1024.0000)  weight_decay: 0.0500 (0.0500)  time: 1.6020  data: 0.5068  max mem: 5581
TASK EPOCH: [9] Total time: 0:00:09 (1.6360 s / it)
Averaged stats: lr: 0.000006  min_lr: 0.000000  loss: 1.5532 (1.7573)  loss_scale: 1024.0000 (1024.0000)  weight_decay: 0.0500 (0.0500)
--------------------
--------------------
start rehearsal training for 10 epochs 
Rehearsal EPOCH: [0]  [0/7]  eta: 0:00:34  lr: 0.000000  min_lr: 0.000000  loss: 4.2001 (4.2001)  loss_scale: 1024.0000 (1024.0000)  weight_decay: 0.0500 (0.0500)  time: 4.9543  data: 3.5809  max mem: 5581
Rehearsal EPOCH: [0]  [6/7]  eta: 0:00:01  lr: 0.000044  min_lr: 0.000000  loss: 4.2928 (4.6594)  loss_scale: 1024.0000 (1024.0000)  weight_decay: 0.0500 (0.0500)  time: 1.5634  data: 0.5119  max mem: 5581
Rehearsal EPOCH: [0] Total time: 0:00:11 (1.5951 s / it)
Averaged stats: lr: 0.000044  min_lr: 0.000000  loss: 4.2928 (4.7776)  loss_scale: 1024.0000 (1024.0000)  weight_decay: 0.0500 (0.0500)
valid len dataloader task : 0 || len_loader 1
Val:  [0/1]  eta: 0:00:01  loss: 5.1774 (5.1774)  acc1: 0.0000 (0.0000)  acc5: 16.6667 (16.6667)  time: 1.5690  data: 1.1957  max mem: 5581
Val: Total time: 0:00:01 (1.6399 s / it)
Val: Current task task : 1/4
* Acc@1 0.000 Acc@5 16.667 loss 4.879
valid len dataloader task : 1 || len_loader 1
Val:  [0/1]  eta: 0:00:01  loss: 4.9596 (4.9596)  acc1: 5.8824 (5.8824)  acc5: 47.0588 (47.0588)  time: 1.5153  data: 1.1706  max mem: 5581
Val: Total time: 0:00:01 (1.5895 s / it)
Val: Current task task : 2/4
* Acc@1 3.676 Acc@5 47.059 loss 4.923
valid len dataloader task : 2 || len_loader 1
Val:  [0/1]  eta: 0:00:01  loss: 4.8803 (4.8803)  acc1: 11.1111 (11.1111)  acc5: 27.7778 (27.7778)  time: 1.5239  data: 1.1674  max mem: 5581
Val: Total time: 0:00:01 (1.5960 s / it)
Val: Current task task : 3/4
* Acc@1 9.722 Acc@5 20.833 loss 4.781
valid len dataloader task : 3 || len_loader 1
Val:  [0/1]  eta: 0:00:01  loss: 0.6501 (0.6501)  acc1: 93.7500 (93.7500)  acc5: 100.0000 (100.0000)  time: 1.4264  data: 1.1004  max mem: 5581
Val: Total time: 0:00:01 (1.5026 s / it)
Val: Current task task : 4/4
* Acc@1 88.281 Acc@5 100.000 loss 0.741
[VAL-REHEARSAL][1] TOTAL Accuracy of the network on the  val videos: 25.42%
[2023-08-22 22:55:47,223] [INFO] [logging.py:77:log_dist] [Rank 0] [Torch] Checkpoint checkpoint-best_rehearsal is begin to save!
[2023-08-22 22:55:47,226] [INFO] [torch_checkpoint_engine.py:29:commit] [Torch] Checkpoint checkpoint-best_rehearsal is ready now!
[2023-08-22 22:55:47,226] [INFO] [torch_checkpoint_engine.py:29:commit] [Torch] Checkpoint checkpoint-best_rehearsal is ready now!
[2023-08-22 22:55:47,226] [INFO] [torch_checkpoint_engine.py:29:commit] [Torch] Checkpoint checkpoint-best_rehearsal is ready now!
[2023-08-22 22:55:47,226] [INFO] [torch_checkpoint_engine.py:29:commit] [Torch] Checkpoint checkpoint-best_rehearsal is ready now!
[2023-08-22 22:55:47,226] [INFO] [logging.py:77:log_dist] [Rank 0] Saving model checkpoint: logs/ucf_10/36/checkpoint-best_rehearsal/mp_rank_00_model_states.pt
[2023-08-22 22:55:47,226] [INFO] [torch_checkpoint_engine.py:17:save] [Torch] Saving logs/ucf_10/36/checkpoint-best_rehearsal/mp_rank_00_model_states.pt...
[2023-08-22 22:55:47,226] [INFO] [torch_checkpoint_engine.py:29:commit] [Torch] Checkpoint checkpoint-best_rehearsal is ready now!
[2023-08-22 22:55:47,226] [INFO] [torch_checkpoint_engine.py:29:commit] [Torch] Checkpoint checkpoint-best_rehearsal is ready now!
[2023-08-22 22:55:47,226] [INFO] [torch_checkpoint_engine.py:29:commit] [Torch] Checkpoint checkpoint-best_rehearsal is ready now!
[2023-08-22 22:55:51,338] [INFO] [torch_checkpoint_engine.py:19:save] [Torch] Saved logs/ucf_10/36/checkpoint-best_rehearsal/mp_rank_00_model_states.pt.
[2023-08-22 22:55:51,338] [INFO] [torch_checkpoint_engine.py:29:commit] [Torch] Checkpoint checkpoint-best_rehearsal is ready now!
Max total accuracy: 25.42%
Rehearsal EPOCH: [1]  [0/7]  eta: 0:00:33  lr: 0.000051  min_lr: 0.000000  loss: 4.9112 (4.9112)  loss_scale: 1024.0000 (1024.0000)  weight_decay: 0.0500 (0.0500)  time: 4.8412  data: 3.2993  max mem: 5581
Rehearsal EPOCH: [1]  [6/7]  eta: 0:00:01  lr: 0.000096  min_lr: 0.000001  loss: 3.5512 (3.7023)  loss_scale: 1024.0000 (1024.0000)  weight_decay: 0.0500 (0.0500)  time: 1.5454  data: 0.4718  max mem: 5581
Rehearsal EPOCH: [1] Total time: 0:00:11 (1.5774 s / it)
Averaged stats: lr: 0.000096  min_lr: 0.000001  loss: 3.5512 (3.6560)  loss_scale: 1024.0000 (1024.0000)  weight_decay: 0.0500 (0.0500)
valid len dataloader task : 0 || len_loader 1
Val:  [0/1]  eta: 0:00:01  loss: 3.5289 (3.5289)  acc1: 16.6667 (16.6667)  acc5: 61.1111 (61.1111)  time: 1.5699  data: 1.1896  max mem: 5581
Val: Total time: 0:00:01 (1.6652 s / it)
Val: Current task task : 1/4
* Acc@1 16.667 Acc@5 72.222 loss 3.336
valid len dataloader task : 1 || len_loader 1
Val:  [0/1]  eta: 0:00:01  loss: 3.1510 (3.1510)  acc1: 11.7647 (11.7647)  acc5: 64.7059 (64.7059)  time: 1.5123  data: 1.1626  max mem: 5581
Val: Total time: 0:00:01 (1.5974 s / it)
Val: Current task task : 2/4
* Acc@1 13.971 Acc@5 65.441 loss 3.062
valid len dataloader task : 2 || len_loader 1
Val:  [0/1]  eta: 0:00:01  loss: 3.0701 (3.0701)  acc1: 22.2222 (22.2222)  acc5: 61.1111 (61.1111)  time: 1.5422  data: 1.1853  max mem: 5581
Val: Total time: 0:00:01 (1.6080 s / it)
Val: Current task task : 3/4
* Acc@1 24.306 Acc@5 74.306 loss 3.103
valid len dataloader task : 3 || len_loader 1
Val:  [0/1]  eta: 0:00:01  loss: 2.7473 (2.7473)  acc1: 31.2500 (31.2500)  acc5: 81.2500 (81.2500)  time: 1.4047  data: 1.0804  max mem: 5581
Val: Total time: 0:00:01 (1.4822 s / it)
Val: Current task task : 4/4
* Acc@1 42.969 Acc@5 78.125 loss 2.653
[VAL-REHEARSAL][2] TOTAL Accuracy of the network on the  val videos: 24.48%
Max total accuracy: 25.42%
Rehearsal EPOCH: [2]  [0/7]  eta: 0:00:36  lr: 0.000103  min_lr: 0.000001  loss: 3.3593 (3.3593)  loss_scale: 1024.0000 (1024.0000)  weight_decay: 0.0500 (0.0500)  time: 5.2222  data: 3.6581  max mem: 5581
Rehearsal EPOCH: [2]  [6/7]  eta: 0:00:01  lr: 0.000147  min_lr: 0.000001  loss: 3.2600 (3.2960)  loss_scale: 1024.0000 (1024.0000)  weight_decay: 0.0500 (0.0500)  time: 1.6010  data: 0.5229  max mem: 5581
Rehearsal EPOCH: [2] Total time: 0:00:11 (1.6411 s / it)
Averaged stats: lr: 0.000147  min_lr: 0.000001  loss: 3.2600 (3.2003)  loss_scale: 1024.0000 (1024.0000)  weight_decay: 0.0500 (0.0500)
valid len dataloader task : 0 || len_loader 1
Val:  [0/1]  eta: 0:00:01  loss: 3.1438 (3.1438)  acc1: 22.2222 (22.2222)  acc5: 77.7778 (77.7778)  time: 1.5965  data: 1.2068  max mem: 5581
Val: Total time: 0:00:01 (1.6814 s / it)
Val: Current task task : 1/4
* Acc@1 25.694 Acc@5 79.167 loss 2.936
valid len dataloader task : 1 || len_loader 1
Val:  [0/1]  eta: 0:00:01  loss: 2.8994 (2.8994)  acc1: 29.4118 (29.4118)  acc5: 76.4706 (76.4706)  time: 1.6516  data: 1.2388  max mem: 5581
Val: Total time: 0:00:01 (1.7351 s / it)
Val: Current task task : 2/4
* Acc@1 29.412 Acc@5 77.941 loss 2.814
valid len dataloader task : 2 || len_loader 1
Val:  [0/1]  eta: 0:00:01  loss: 2.6613 (2.6613)  acc1: 38.8889 (38.8889)  acc5: 94.4444 (94.4444)  time: 1.5457  data: 1.1874  max mem: 5581
Val: Total time: 0:00:01 (1.6052 s / it)
Val: Current task task : 3/4
* Acc@1 34.722 Acc@5 88.889 loss 2.732
valid len dataloader task : 3 || len_loader 1
Val:  [0/1]  eta: 0:00:01  loss: 3.4224 (3.4224)  acc1: 18.7500 (18.7500)  acc5: 56.2500 (56.2500)  time: 1.4193  data: 1.0896  max mem: 5581
Val: Total time: 0:00:01 (1.4991 s / it)
Val: Current task task : 4/4
* Acc@1 17.188 Acc@5 62.500 loss 3.409
[VAL-REHEARSAL][3] TOTAL Accuracy of the network on the  val videos: 26.75%
[2023-08-22 22:56:28,174] [INFO] [logging.py:77:log_dist] [Rank 0] [Torch] Checkpoint checkpoint-best_rehearsal is begin to save!
[2023-08-22 22:56:28,176] [INFO] [torch_checkpoint_engine.py:29:commit] [Torch] Checkpoint checkpoint-best_rehearsal is ready now!
[2023-08-22 22:56:28,176] [INFO] [torch_checkpoint_engine.py:29:commit] [Torch] Checkpoint checkpoint-best_rehearsal is ready now!
[2023-08-22 22:56:28,177] [INFO] [torch_checkpoint_engine.py:29:commit] [Torch] Checkpoint checkpoint-best_rehearsal is ready now!
[2023-08-22 22:56:28,177] [INFO] [torch_checkpoint_engine.py:29:commit] [Torch] Checkpoint checkpoint-best_rehearsal is ready now!
[2023-08-22 22:56:28,177] [INFO] [torch_checkpoint_engine.py:29:commit] [Torch] Checkpoint checkpoint-best_rehearsal is ready now!
[2023-08-22 22:56:28,177] [INFO] [torch_checkpoint_engine.py:29:commit] [Torch] Checkpoint checkpoint-best_rehearsal is ready now!
[2023-08-22 22:56:28,177] [INFO] [torch_checkpoint_engine.py:29:commit] [Torch] Checkpoint checkpoint-best_rehearsal is ready now!
[2023-08-22 22:56:28,177] [INFO] [logging.py:77:log_dist] [Rank 0] Saving model checkpoint: logs/ucf_10/36/checkpoint-best_rehearsal/mp_rank_00_model_states.pt
[2023-08-22 22:56:28,177] [INFO] [torch_checkpoint_engine.py:17:save] [Torch] Saving logs/ucf_10/36/checkpoint-best_rehearsal/mp_rank_00_model_states.pt...
[2023-08-22 22:56:32,650] [INFO] [torch_checkpoint_engine.py:19:save] [Torch] Saved logs/ucf_10/36/checkpoint-best_rehearsal/mp_rank_00_model_states.pt.
[2023-08-22 22:56:32,651] [INFO] [torch_checkpoint_engine.py:29:commit] [Torch] Checkpoint checkpoint-best_rehearsal is ready now!
Max total accuracy: 26.75%
Rehearsal EPOCH: [3]  [0/7]  eta: 0:00:34  lr: 0.000154  min_lr: 0.000001  loss: 2.8110 (2.8110)  loss_scale: 1024.0000 (1024.0000)  weight_decay: 0.0500 (0.0500)  time: 4.9918  data: 2.9827  max mem: 5581
Rehearsal EPOCH: [3]  [6/7]  eta: 0:00:01  lr: 0.000199  min_lr: 0.000002  loss: 3.0040 (3.0493)  loss_scale: 1024.0000 (1024.0000)  weight_decay: 0.0500 (0.0500)  time: 1.5717  data: 0.4263  max mem: 5581
Rehearsal EPOCH: [3] Total time: 0:00:11 (1.6050 s / it)
Averaged stats: lr: 0.000199  min_lr: 0.000002  loss: 3.0040 (2.9061)  loss_scale: 1024.0000 (1024.0000)  weight_decay: 0.0500 (0.0500)
valid len dataloader task : 0 || len_loader 1
Val:  [0/1]  eta: 0:00:01  loss: 2.8368 (2.8368)  acc1: 11.1111 (11.1111)  acc5: 83.3333 (83.3333)  time: 1.6572  data: 1.2209  max mem: 5581
Val: Total time: 0:00:01 (1.7847 s / it)
Val: Current task task : 1/4
* Acc@1 22.917 Acc@5 91.667 loss 2.544
valid len dataloader task : 1 || len_loader 1
Val:  [0/1]  eta: 0:00:01  loss: 2.7599 (2.7599)  acc1: 35.2941 (35.2941)  acc5: 82.3529 (82.3529)  time: 1.4958  data: 1.1585  max mem: 5581
Val: Total time: 0:00:01 (1.5748 s / it)
Val: Current task task : 2/4
* Acc@1 38.235 Acc@5 83.824 loss 2.615
valid len dataloader task : 2 || len_loader 1
Val:  [0/1]  eta: 0:00:01  loss: 2.2722 (2.2722)  acc1: 61.1111 (61.1111)  acc5: 94.4444 (94.4444)  time: 1.5595  data: 1.2026  max mem: 5581
Val: Total time: 0:00:01 (1.6295 s / it)
Val: Current task task : 3/4
* Acc@1 59.722 Acc@5 90.278 loss 2.353
valid len dataloader task : 3 || len_loader 1
Val:  [0/1]  eta: 0:00:01  loss: 2.1335 (2.1335)  acc1: 50.0000 (50.0000)  acc5: 93.7500 (93.7500)  time: 1.3998  data: 1.0814  max mem: 5581
Val: Total time: 0:00:01 (1.4593 s / it)
Val: Current task task : 4/4
* Acc@1 53.125 Acc@5 94.531 loss 2.146
[VAL-REHEARSAL][4] TOTAL Accuracy of the network on the  val videos: 43.50%
[2023-08-22 22:56:50,944] [INFO] [logging.py:77:log_dist] [Rank 0] [Torch] Checkpoint checkpoint-best_rehearsal is begin to save!
[2023-08-22 22:56:50,947] [INFO] [torch_checkpoint_engine.py:29:commit] [Torch] Checkpoint checkpoint-best_rehearsal is ready now!
[2023-08-22 22:56:50,947] [INFO] [torch_checkpoint_engine.py:29:commit] [Torch] Checkpoint checkpoint-best_rehearsal is ready now!
[2023-08-22 22:56:50,947] [INFO] [torch_checkpoint_engine.py:29:commit] [Torch] Checkpoint checkpoint-best_rehearsal is ready now!
[2023-08-22 22:56:50,947] [INFO] [torch_checkpoint_engine.py:29:commit] [Torch] Checkpoint checkpoint-best_rehearsal is ready now!
[2023-08-22 22:56:50,947] [INFO] [torch_checkpoint_engine.py:29:commit] [Torch] Checkpoint checkpoint-best_rehearsal is ready now!
[2023-08-22 22:56:50,947] [INFO] [torch_checkpoint_engine.py:29:commit] [Torch] Checkpoint checkpoint-best_rehearsal is ready now!
[2023-08-22 22:56:50,947] [INFO] [logging.py:77:log_dist] [Rank 0] Saving model checkpoint: logs/ucf_10/36/checkpoint-best_rehearsal/mp_rank_00_model_states.pt
[2023-08-22 22:56:50,948] [INFO] [torch_checkpoint_engine.py:17:save] [Torch] Saving logs/ucf_10/36/checkpoint-best_rehearsal/mp_rank_00_model_states.pt...
[2023-08-22 22:56:50,948] [INFO] [torch_checkpoint_engine.py:29:commit] [Torch] Checkpoint checkpoint-best_rehearsal is ready now!
[2023-08-22 22:56:54,312] [INFO] [torch_checkpoint_engine.py:19:save] [Torch] Saved logs/ucf_10/36/checkpoint-best_rehearsal/mp_rank_00_model_states.pt.
[2023-08-22 22:56:54,312] [INFO] [torch_checkpoint_engine.py:29:commit] [Torch] Checkpoint checkpoint-best_rehearsal is ready now!
Max total accuracy: 43.50%
Rehearsal EPOCH: [4]  [0/7]  eta: 0:00:35  lr: 0.000206  min_lr: 0.000002  loss: 2.9227 (2.9227)  loss_scale: 1024.0000 (1024.0000)  weight_decay: 0.0500 (0.0500)  time: 5.0607  data: 3.7561  max mem: 5581
[2023-08-22 22:57:03,400] [INFO] [fused_optimizer.py:394:_update_scale] No Grad overflow for 128 iterations
[2023-08-22 22:57:03,401] [INFO] [fused_optimizer.py:396:_update_scale] Increasing dynamic loss scale from 1024 to 2048
[2023-08-22 22:57:03,400] [INFO] [fused_optimizer.py:394:_update_scale] No Grad overflow for 128 iterations
[2023-08-22 22:57:03,400] [INFO] [fused_optimizer.py:394:_update_scale] No Grad overflow for 128 iterations
[2023-08-22 22:57:03,401] [INFO] [fused_optimizer.py:396:_update_scale] Increasing dynamic loss scale from 1024 to 2048
[2023-08-22 22:57:03,401] [INFO] [fused_optimizer.py:394:_update_scale] No Grad overflow for 128 iterations
[2023-08-22 22:57:03,401] [INFO] [fused_optimizer.py:394:_update_scale] No Grad overflow for 128 iterations
[2023-08-22 22:57:03,401] [INFO] [fused_optimizer.py:396:_update_scale] Increasing dynamic loss scale from 1024 to 2048
[2023-08-22 22:57:03,401] [INFO] [fused_optimizer.py:394:_update_scale] No Grad overflow for 128 iterations
[2023-08-22 22:57:03,401] [INFO] [fused_optimizer.py:396:_update_scale] Increasing dynamic loss scale from 1024 to 2048
[2023-08-22 22:57:03,401] [INFO] [fused_optimizer.py:396:_update_scale] Increasing dynamic loss scale from 1024 to 2048
[2023-08-22 22:57:03,401] [INFO] [fused_optimizer.py:396:_update_scale] Increasing dynamic loss scale from 1024 to 2048
[2023-08-22 22:57:03,401] [INFO] [fused_optimizer.py:394:_update_scale] No Grad overflow for 128 iterations
[2023-08-22 22:57:03,401] [INFO] [fused_optimizer.py:394:_update_scale] No Grad overflow for 128 iterations
[2023-08-22 22:57:03,401] [INFO] [fused_optimizer.py:396:_update_scale] Increasing dynamic loss scale from 1024 to 2048
[2023-08-22 22:57:03,401] [INFO] [fused_optimizer.py:396:_update_scale] Increasing dynamic loss scale from 1024 to 2048
Rehearsal EPOCH: [4]  [6/7]  eta: 0:00:01  lr: 0.000250  min_lr: 0.000002  loss: 2.9237 (2.9843)  loss_scale: 1024.0000 (1462.8571)  weight_decay: 0.0500 (0.0500)  time: 1.5790  data: 0.5370  max mem: 5581
Rehearsal EPOCH: [4] Total time: 0:00:11 (1.6122 s / it)
Averaged stats: lr: 0.000250  min_lr: 0.000002  loss: 2.9237 (2.8411)  loss_scale: 1024.0000 (1462.8571)  weight_decay: 0.0500 (0.0500)
valid len dataloader task : 0 || len_loader 1
Val:  [0/1]  eta: 0:00:01  loss: 2.7487 (2.7487)  acc1: 27.7778 (27.7778)  acc5: 77.7778 (77.7778)  time: 1.5572  data: 1.1856  max mem: 5581
Val: Total time: 0:00:01 (1.6287 s / it)
Val: Current task task : 1/4
* Acc@1 33.333 Acc@5 87.500 loss 2.427
valid len dataloader task : 1 || len_loader 1
Val:  [0/1]  eta: 0:00:01  loss: 2.6536 (2.6536)  acc1: 41.1765 (41.1765)  acc5: 82.3529 (82.3529)  time: 1.6154  data: 1.2445  max mem: 5581
Val: Total time: 0:00:01 (1.7103 s / it)
Val: Current task task : 2/4
* Acc@1 42.647 Acc@5 83.824 loss 2.547
valid len dataloader task : 2 || len_loader 1
Val:  [0/1]  eta: 0:00:01  loss: 2.1802 (2.1802)  acc1: 50.0000 (50.0000)  acc5: 94.4444 (94.4444)  time: 1.5452  data: 1.1884  max mem: 5581
Val: Total time: 0:00:01 (1.6106 s / it)
Val: Current task task : 3/4
* Acc@1 50.694 Acc@5 90.278 loss 2.226
valid len dataloader task : 3 || len_loader 1
Val:  [0/1]  eta: 0:00:01  loss: 1.9508 (1.9508)  acc1: 56.2500 (56.2500)  acc5: 93.7500 (93.7500)  time: 1.4040  data: 1.0866  max mem: 5581
Val: Total time: 0:00:01 (1.4788 s / it)
Val: Current task task : 4/4
* Acc@1 57.031 Acc@5 93.750 loss 1.965
[VAL-REHEARSAL][5] TOTAL Accuracy of the network on the  val videos: 45.93%
[2023-08-22 22:57:12,604] [INFO] [logging.py:77:log_dist] [Rank 0] [Torch] Checkpoint checkpoint-best_rehearsal is begin to save!
[2023-08-22 22:57:12,607] [INFO] [torch_checkpoint_engine.py:29:commit] [Torch] Checkpoint checkpoint-best_rehearsal is ready now!
[2023-08-22 22:57:12,607] [INFO] [torch_checkpoint_engine.py:29:commit] [Torch] Checkpoint checkpoint-best_rehearsal is ready now!
[2023-08-22 22:57:12,607] [INFO] [torch_checkpoint_engine.py:29:commit] [Torch] Checkpoint checkpoint-best_rehearsal is ready now!
[2023-08-22 22:57:12,607] [INFO] [torch_checkpoint_engine.py:29:commit] [Torch] Checkpoint checkpoint-best_rehearsal is ready now!
[2023-08-22 22:57:12,607] [INFO] [torch_checkpoint_engine.py:29:commit] [Torch] Checkpoint checkpoint-best_rehearsal is ready now!
[2023-08-22 22:57:12,608] [INFO] [logging.py:77:log_dist] [Rank 0] Saving model checkpoint: logs/ucf_10/36/checkpoint-best_rehearsal/mp_rank_00_model_states.pt
[2023-08-22 22:57:12,608] [INFO] [torch_checkpoint_engine.py:17:save] [Torch] Saving logs/ucf_10/36/checkpoint-best_rehearsal/mp_rank_00_model_states.pt...
[2023-08-22 22:57:12,608] [INFO] [torch_checkpoint_engine.py:29:commit] [Torch] Checkpoint checkpoint-best_rehearsal is ready now!
[2023-08-22 22:57:12,608] [INFO] [torch_checkpoint_engine.py:29:commit] [Torch] Checkpoint checkpoint-best_rehearsal is ready now!
[2023-08-22 22:57:16,285] [INFO] [torch_checkpoint_engine.py:19:save] [Torch] Saved logs/ucf_10/36/checkpoint-best_rehearsal/mp_rank_00_model_states.pt.
[2023-08-22 22:57:16,285] [INFO] [torch_checkpoint_engine.py:29:commit] [Torch] Checkpoint checkpoint-best_rehearsal is ready now!
Max total accuracy: 45.93%
Rehearsal EPOCH: [5]  [0/7]  eta: 0:00:34  lr: 0.000250  min_lr: 0.000002  loss: 2.5971 (2.5971)  loss_scale: 2048.0000 (2048.0000)  weight_decay: 0.0500 (0.0500)  time: 4.8683  data: 3.6299  max mem: 5581
Rehearsal EPOCH: [5]  [6/7]  eta: 0:00:01  lr: 0.000233  min_lr: 0.000002  loss: 2.6499 (2.5347)  loss_scale: 2048.0000 (2048.0000)  weight_decay: 0.0500 (0.0500)  time: 1.5513  data: 0.5188  max mem: 5581
Rehearsal EPOCH: [5] Total time: 0:00:11 (1.5837 s / it)
Averaged stats: lr: 0.000233  min_lr: 0.000002  loss: 2.6499 (2.6278)  loss_scale: 2048.0000 (2048.0000)  weight_decay: 0.0500 (0.0500)
valid len dataloader task : 0 || len_loader 1
Val:  [0/1]  eta: 0:00:01  loss: 2.6500 (2.6500)  acc1: 38.8889 (38.8889)  acc5: 77.7778 (77.7778)  time: 1.6027  data: 1.2095  max mem: 5581
Val: Total time: 0:00:01 (1.6798 s / it)
Val: Current task task : 1/4
* Acc@1 45.139 Acc@5 88.889 loss 2.292
valid len dataloader task : 1 || len_loader 1
Val:  [0/1]  eta: 0:00:01  loss: 2.4492 (2.4492)  acc1: 58.8235 (58.8235)  acc5: 76.4706 (76.4706)  time: 1.4848  data: 1.1460  max mem: 5581
Val: Total time: 0:00:01 (1.5429 s / it)
Val: Current task task : 2/4
* Acc@1 53.676 Acc@5 81.618 loss 2.358
valid len dataloader task : 2 || len_loader 1
Val:  [0/1]  eta: 0:00:01  loss: 1.9877 (1.9877)  acc1: 66.6667 (66.6667)  acc5: 100.0000 (100.0000)  time: 1.5152  data: 1.1597  max mem: 5581
Val: Total time: 0:00:01 (1.5814 s / it)
Val: Current task task : 3/4
* Acc@1 62.500 Acc@5 95.833 loss 2.065
valid len dataloader task : 3 || len_loader 1
Val:  [0/1]  eta: 0:00:01  loss: 1.9062 (1.9062)  acc1: 68.7500 (68.7500)  acc5: 93.7500 (93.7500)  time: 1.5056  data: 1.1516  max mem: 5581
Val: Total time: 0:00:01 (1.5881 s / it)
Val: Current task task : 4/4
* Acc@1 58.594 Acc@5 93.750 loss 2.066
[VAL-REHEARSAL][6] TOTAL Accuracy of the network on the  val videos: 54.98%
[2023-08-22 22:57:34,390] [INFO] [logging.py:77:log_dist] [Rank 0] [Torch] Checkpoint checkpoint-best_rehearsal is begin to save!
[2023-08-22 22:57:34,393] [INFO] [torch_checkpoint_engine.py:29:commit] [Torch] Checkpoint checkpoint-best_rehearsal is ready now!
[2023-08-22 22:57:34,393] [INFO] [torch_checkpoint_engine.py:29:commit] [Torch] Checkpoint checkpoint-best_rehearsal is ready now!
[2023-08-22 22:57:34,393] [INFO] [torch_checkpoint_engine.py:29:commit] [Torch] Checkpoint checkpoint-best_rehearsal is ready now!
[2023-08-22 22:57:34,393] [INFO] [torch_checkpoint_engine.py:29:commit] [Torch] Checkpoint checkpoint-best_rehearsal is ready now!
[2023-08-22 22:57:34,393] [INFO] [torch_checkpoint_engine.py:29:commit] [Torch] Checkpoint checkpoint-best_rehearsal is ready now!
[2023-08-22 22:57:34,393] [INFO] [torch_checkpoint_engine.py:29:commit] [Torch] Checkpoint checkpoint-best_rehearsal is ready now!
[2023-08-22 22:57:34,393] [INFO] [torch_checkpoint_engine.py:29:commit] [Torch] Checkpoint checkpoint-best_rehearsal is ready now!
[2023-08-22 22:57:34,393] [INFO] [logging.py:77:log_dist] [Rank 0] Saving model checkpoint: logs/ucf_10/36/checkpoint-best_rehearsal/mp_rank_00_model_states.pt
[2023-08-22 22:57:34,394] [INFO] [torch_checkpoint_engine.py:17:save] [Torch] Saving logs/ucf_10/36/checkpoint-best_rehearsal/mp_rank_00_model_states.pt...
[2023-08-22 22:57:37,951] [INFO] [torch_checkpoint_engine.py:19:save] [Torch] Saved logs/ucf_10/36/checkpoint-best_rehearsal/mp_rank_00_model_states.pt.
[2023-08-22 22:57:37,951] [INFO] [torch_checkpoint_engine.py:29:commit] [Torch] Checkpoint checkpoint-best_rehearsal is ready now!
Max total accuracy: 54.98%
Rehearsal EPOCH: [6]  [0/7]  eta: 0:00:36  lr: 0.000227  min_lr: 0.000002  loss: 2.5132 (2.5132)  loss_scale: 2048.0000 (2048.0000)  weight_decay: 0.0500 (0.0500)  time: 5.1531  data: 3.6489  max mem: 5581
Rehearsal EPOCH: [6]  [6/7]  eta: 0:00:01  lr: 0.000176  min_lr: 0.000002  loss: 2.4719 (2.4650)  loss_scale: 2048.0000 (2048.0000)  weight_decay: 0.0500 (0.0500)  time: 1.5940  data: 0.5218  max mem: 5581
Rehearsal EPOCH: [6] Total time: 0:00:11 (1.6263 s / it)
Averaged stats: lr: 0.000176  min_lr: 0.000002  loss: 2.4719 (2.6106)  loss_scale: 2048.0000 (2048.0000)  weight_decay: 0.0500 (0.0500)
valid len dataloader task : 0 || len_loader 1
Val:  [0/1]  eta: 0:00:01  loss: 2.4112 (2.4112)  acc1: 38.8889 (38.8889)  acc5: 83.3333 (83.3333)  time: 1.5553  data: 1.1832  max mem: 5581
Val: Total time: 0:00:01 (1.6367 s / it)
Val: Current task task : 1/4
* Acc@1 49.306 Acc@5 90.278 loss 2.118
valid len dataloader task : 1 || len_loader 1
Val:  [0/1]  eta: 0:00:01  loss: 2.3281 (2.3281)  acc1: 58.8235 (58.8235)  acc5: 76.4706 (76.4706)  time: 1.6448  data: 1.2720  max mem: 5581
Val: Total time: 0:00:01 (1.7283 s / it)
Val: Current task task : 2/4
* Acc@1 60.294 Acc@5 83.824 loss 2.191
valid len dataloader task : 2 || len_loader 1
Val:  [0/1]  eta: 0:00:01  loss: 1.8513 (1.8513)  acc1: 66.6667 (66.6667)  acc5: 94.4444 (94.4444)  time: 1.6097  data: 1.2307  max mem: 5581
Val: Total time: 0:00:01 (1.6775 s / it)
Val: Current task task : 3/4
* Acc@1 67.361 Acc@5 96.528 loss 1.880
valid len dataloader task : 3 || len_loader 1
Val:  [0/1]  eta: 0:00:01  loss: 1.9442 (1.9442)  acc1: 68.7500 (68.7500)  acc5: 100.0000 (100.0000)  time: 1.4251  data: 1.1106  max mem: 5581
Val: Total time: 0:00:01 (1.4940 s / it)
Val: Current task task : 4/4
* Acc@1 52.344 Acc@5 96.094 loss 2.049
[VAL-REHEARSAL][7] TOTAL Accuracy of the network on the  val videos: 57.33%
[2023-08-22 22:57:56,366] [INFO] [logging.py:77:log_dist] [Rank 0] [Torch] Checkpoint checkpoint-best_rehearsal is begin to save!
[2023-08-22 22:57:56,368] [INFO] [torch_checkpoint_engine.py:29:commit] [Torch] Checkpoint checkpoint-best_rehearsal is ready now!
[2023-08-22 22:57:56,368] [INFO] [torch_checkpoint_engine.py:29:commit] [Torch] Checkpoint checkpoint-best_rehearsal is ready now!
[2023-08-22 22:57:56,368] [INFO] [torch_checkpoint_engine.py:29:commit] [Torch] Checkpoint checkpoint-best_rehearsal is ready now!
[2023-08-22 22:57:56,368] [INFO] [torch_checkpoint_engine.py:29:commit] [Torch] Checkpoint checkpoint-best_rehearsal is ready now!
[2023-08-22 22:57:56,368] [INFO] [torch_checkpoint_engine.py:29:commit] [Torch] Checkpoint checkpoint-best_rehearsal is ready now!
[2023-08-22 22:57:56,368] [INFO] [logging.py:77:log_dist] [Rank 0] Saving model checkpoint: logs/ucf_10/36/checkpoint-best_rehearsal/mp_rank_00_model_states.pt
[2023-08-22 22:57:56,369] [INFO] [torch_checkpoint_engine.py:17:save] [Torch] Saving logs/ucf_10/36/checkpoint-best_rehearsal/mp_rank_00_model_states.pt...
[2023-08-22 22:57:56,369] [INFO] [torch_checkpoint_engine.py:29:commit] [Torch] Checkpoint checkpoint-best_rehearsal is ready now!
[2023-08-22 22:57:56,370] [INFO] [torch_checkpoint_engine.py:29:commit] [Torch] Checkpoint checkpoint-best_rehearsal is ready now!
[2023-08-22 22:58:00,125] [INFO] [torch_checkpoint_engine.py:19:save] [Torch] Saved logs/ucf_10/36/checkpoint-best_rehearsal/mp_rank_00_model_states.pt.
[2023-08-22 22:58:00,125] [INFO] [torch_checkpoint_engine.py:29:commit] [Torch] Checkpoint checkpoint-best_rehearsal is ready now!
Max total accuracy: 57.33%
Rehearsal EPOCH: [7]  [0/7]  eta: 0:00:36  lr: 0.000165  min_lr: 0.000002  loss: 2.7687 (2.7687)  loss_scale: 2048.0000 (2048.0000)  weight_decay: 0.0500 (0.0500)  time: 5.2111  data: 3.2774  max mem: 5581
Rehearsal EPOCH: [7]  [6/7]  eta: 0:00:01  lr: 0.000100  min_lr: 0.000001  loss: 2.7528 (2.6813)  loss_scale: 2048.0000 (2048.0000)  weight_decay: 0.0500 (0.0500)  time: 1.6007  data: 0.4685  max mem: 5581
Rehearsal EPOCH: [7] Total time: 0:00:11 (1.6317 s / it)
Averaged stats: lr: 0.000100  min_lr: 0.000001  loss: 2.7528 (2.5886)  loss_scale: 2048.0000 (2048.0000)  weight_decay: 0.0500 (0.0500)
valid len dataloader task : 0 || len_loader 1
Val:  [0/1]  eta: 0:00:01  loss: 2.3270 (2.3270)  acc1: 38.8889 (38.8889)  acc5: 83.3333 (83.3333)  time: 1.6249  data: 1.2603  max mem: 5581
Val: Total time: 0:00:01 (1.7114 s / it)
Val: Current task task : 1/4
* Acc@1 51.389 Acc@5 95.139 loss 2.010
valid len dataloader task : 1 || len_loader 1
Val:  [0/1]  eta: 0:00:01  loss: 2.2791 (2.2791)  acc1: 58.8235 (58.8235)  acc5: 88.2353 (88.2353)  time: 1.6282  data: 1.2503  max mem: 5581
Val: Total time: 0:00:01 (1.7141 s / it)
Val: Current task task : 2/4
* Acc@1 58.088 Acc@5 88.971 loss 2.132
valid len dataloader task : 2 || len_loader 1
Val:  [0/1]  eta: 0:00:01  loss: 1.8245 (1.8245)  acc1: 66.6667 (66.6667)  acc5: 100.0000 (100.0000)  time: 1.5556  data: 1.1936  max mem: 5581
Val: Total time: 0:00:01 (1.6291 s / it)
Val: Current task task : 3/4
* Acc@1 68.056 Acc@5 97.222 loss 1.775
valid len dataloader task : 3 || len_loader 1
Val:  [0/1]  eta: 0:00:01  loss: 1.8904 (1.8904)  acc1: 56.2500 (56.2500)  acc5: 100.0000 (100.0000)  time: 1.4153  data: 1.0929  max mem: 5581
Val: Total time: 0:00:01 (1.4927 s / it)
Val: Current task task : 4/4
* Acc@1 50.781 Acc@5 96.875 loss 1.989
[VAL-REHEARSAL][8] TOTAL Accuracy of the network on the  val videos: 57.08%
Max total accuracy: 57.33%
Rehearsal EPOCH: [8]  [0/7]  eta: 0:00:34  lr: 0.000090  min_lr: 0.000001  loss: 2.0008 (2.0008)  loss_scale: 2048.0000 (2048.0000)  weight_decay: 0.0500 (0.0500)  time: 4.9917  data: 4.1039  max mem: 5581
Rehearsal EPOCH: [8]  [6/7]  eta: 0:00:01  lr: 0.000035  min_lr: 0.000000  loss: 2.7595 (2.5483)  loss_scale: 2048.0000 (2048.0000)  weight_decay: 0.0500 (0.0500)  time: 1.5691  data: 0.5865  max mem: 5581
Rehearsal EPOCH: [8] Total time: 0:00:11 (1.6012 s / it)
Averaged stats: lr: 0.000035  min_lr: 0.000000  loss: 2.7595 (2.6359)  loss_scale: 2048.0000 (2048.0000)  weight_decay: 0.0500 (0.0500)
valid len dataloader task : 0 || len_loader 1
Val:  [0/1]  eta: 0:00:01  loss: 2.3669 (2.3669)  acc1: 44.4444 (44.4444)  acc5: 83.3333 (83.3333)  time: 1.5710  data: 1.1967  max mem: 5581
Val: Total time: 0:00:01 (1.6609 s / it)
Val: Current task task : 1/4
* Acc@1 52.778 Acc@5 92.361 loss 2.015
valid len dataloader task : 1 || len_loader 1
Val:  [0/1]  eta: 0:00:01  loss: 2.2429 (2.2429)  acc1: 58.8235 (58.8235)  acc5: 76.4706 (76.4706)  time: 1.5666  data: 1.1958  max mem: 5581
Val: Total time: 0:00:01 (1.6416 s / it)
Val: Current task task : 2/4
* Acc@1 58.088 Acc@5 88.235 loss 2.098
valid len dataloader task : 2 || len_loader 1
Val:  [0/1]  eta: 0:00:01  loss: 1.8240 (1.8240)  acc1: 66.6667 (66.6667)  acc5: 94.4444 (94.4444)  time: 1.5601  data: 1.2007  max mem: 5581
Val: Total time: 0:00:01 (1.6149 s / it)
Val: Current task task : 3/4
* Acc@1 70.833 Acc@5 95.833 loss 1.775
valid len dataloader task : 3 || len_loader 1
Val:  [0/1]  eta: 0:00:01  loss: 1.8668 (1.8668)  acc1: 62.5000 (62.5000)  acc5: 100.0000 (100.0000)  time: 1.4257  data: 1.1053  max mem: 5581
Val: Total time: 0:00:01 (1.5043 s / it)
Val: Current task task : 4/4
* Acc@1 50.781 Acc@5 97.656 loss 1.962
[VAL-REHEARSAL][9] TOTAL Accuracy of the network on the  val videos: 58.12%
[2023-08-22 22:58:36,834] [INFO] [logging.py:77:log_dist] [Rank 0] [Torch] Checkpoint checkpoint-best_rehearsal is begin to save!
[2023-08-22 22:58:36,837] [INFO] [torch_checkpoint_engine.py:29:commit] [Torch] Checkpoint checkpoint-best_rehearsal is ready now!
[2023-08-22 22:58:36,837] [INFO] [torch_checkpoint_engine.py:29:commit] [Torch] Checkpoint checkpoint-best_rehearsal is ready now!
[2023-08-22 22:58:36,837] [INFO] [torch_checkpoint_engine.py:29:commit] [Torch] Checkpoint checkpoint-best_rehearsal is ready now!
[2023-08-22 22:58:36,837] [INFO] [torch_checkpoint_engine.py:29:commit] [Torch] Checkpoint checkpoint-best_rehearsal is ready now!
[2023-08-22 22:58:36,837] [INFO] [torch_checkpoint_engine.py:29:commit] [Torch] Checkpoint checkpoint-best_rehearsal is ready now!
[2023-08-22 22:58:36,837] [INFO] [logging.py:77:log_dist] [Rank 0] Saving model checkpoint: logs/ucf_10/36/checkpoint-best_rehearsal/mp_rank_00_model_states.pt
[2023-08-22 22:58:36,837] [INFO] [torch_checkpoint_engine.py:29:commit] [Torch] Checkpoint checkpoint-best_rehearsal is ready now!
[2023-08-22 22:58:36,837] [INFO] [torch_checkpoint_engine.py:17:save] [Torch] Saving logs/ucf_10/36/checkpoint-best_rehearsal/mp_rank_00_model_states.pt...
[2023-08-22 22:58:36,837] [INFO] [torch_checkpoint_engine.py:29:commit] [Torch] Checkpoint checkpoint-best_rehearsal is ready now!
[2023-08-22 22:58:41,156] [INFO] [torch_checkpoint_engine.py:19:save] [Torch] Saved logs/ucf_10/36/checkpoint-best_rehearsal/mp_rank_00_model_states.pt.
[2023-08-22 22:58:41,156] [INFO] [torch_checkpoint_engine.py:29:commit] [Torch] Checkpoint checkpoint-best_rehearsal is ready now!
Max total accuracy: 58.12%
Rehearsal EPOCH: [9]  [0/7]  eta: 0:00:34  lr: 0.000028  min_lr: 0.000000  loss: 2.8242 (2.8242)  loss_scale: 2048.0000 (2048.0000)  weight_decay: 0.0500 (0.0500)  time: 4.8847  data: 3.7012  max mem: 5581
Rehearsal EPOCH: [9]  [6/7]  eta: 0:00:01  lr: 0.000005  min_lr: 0.000000  loss: 2.5724 (2.5029)  loss_scale: 2048.0000 (2048.0000)  weight_decay: 0.0500 (0.0500)  time: 1.5545  data: 0.5290  max mem: 5581
Rehearsal EPOCH: [9] Total time: 0:00:11 (1.5873 s / it)
Averaged stats: lr: 0.000005  min_lr: 0.000000  loss: 2.5724 (2.5158)  loss_scale: 2048.0000 (2048.0000)  weight_decay: 0.0500 (0.0500)
valid len dataloader task : 0 || len_loader 1
Val:  [0/1]  eta: 0:00:01  loss: 2.4290 (2.4290)  acc1: 38.8889 (38.8889)  acc5: 77.7778 (77.7778)  time: 1.5769  data: 1.2130  max mem: 5581
Val: Total time: 0:00:01 (1.6670 s / it)
Val: Current task task : 1/4
* Acc@1 51.389 Acc@5 94.444 loss 2.001
valid len dataloader task : 1 || len_loader 1
Val:  [0/1]  eta: 0:00:01  loss: 2.1946 (2.1946)  acc1: 64.7059 (64.7059)  acc5: 82.3529 (82.3529)  time: 1.4879  data: 1.1462  max mem: 5581
Val: Total time: 0:00:01 (1.5687 s / it)
Val: Current task task : 2/4
* Acc@1 58.088 Acc@5 88.971 loss 2.065
valid len dataloader task : 2 || len_loader 1
Val:  [0/1]  eta: 0:00:01  loss: 1.8816 (1.8816)  acc1: 66.6667 (66.6667)  acc5: 88.8889 (88.8889)  time: 1.5018  data: 1.1446  max mem: 5581
Val: Total time: 0:00:01 (1.5595 s / it)
Val: Current task task : 3/4
* Acc@1 70.833 Acc@5 94.444 loss 1.771
valid len dataloader task : 3 || len_loader 1
Val:  [0/1]  eta: 0:00:01  loss: 1.8339 (1.8339)  acc1: 50.0000 (50.0000)  acc5: 100.0000 (100.0000)  time: 1.4220  data: 1.0915  max mem: 5581
Val: Total time: 0:00:01 (1.5120 s / it)
Val: Current task task : 4/4
* Acc@1 49.219 Acc@5 97.656 loss 1.974
[VAL-REHEARSAL][10] TOTAL Accuracy of the network on the  val videos: 57.38%
Max total accuracy: 58.12%
load best rehearsal model
<All keys matched successfully>
valid len dataloader task : 0 || len_loader 1
Val:  [0/1]  eta: 0:00:01  loss: 2.3353 (2.3353)  acc1: 44.4444 (44.4444)  acc5: 83.3333 (83.3333)  time: 1.6654  data: 1.2592  max mem: 5581
Val: Total time: 0:00:01 (1.7474 s / it)
Val: Current task task : 1/4
* Acc@1 54.861 Acc@5 94.444 loss 1.986
valid len dataloader task : 1 || len_loader 1
Val:  [0/1]  eta: 0:00:01  loss: 2.2476 (2.2476)  acc1: 58.8235 (58.8235)  acc5: 82.3529 (82.3529)  time: 1.6060  data: 1.2404  max mem: 5581
Val: Total time: 0:00:01 (1.6829 s / it)
Val: Current task task : 2/4
* Acc@1 58.088 Acc@5 88.971 loss 2.089
valid len dataloader task : 2 || len_loader 1
Val:  [0/1]  eta: 0:00:01  loss: 1.8058 (1.8058)  acc1: 66.6667 (66.6667)  acc5: 94.4444 (94.4444)  time: 1.6654  data: 1.2635  max mem: 5581
Val: Total time: 0:00:01 (1.7787 s / it)
Val: Current task task : 3/4
* Acc@1 65.972 Acc@5 95.833 loss 1.814
valid len dataloader task : 3 || len_loader 1
Val:  [0/1]  eta: 0:00:01  loss: 1.8139 (1.8139)  acc1: 62.5000 (62.5000)  acc5: 100.0000 (100.0000)  time: 1.4716  data: 1.1420  max mem: 5581
Val: Total time: 0:00:01 (1.5706 s / it)
Val: Current task task : 4/4
* Acc@1 53.906 Acc@5 96.875 loss 1.955
[TEST] Accuracy of the network on the  test videos: 58.21%
Training time 0:05:18
current task : 5 | train | Number of the class = 101
current task : 5 | validation | Number of the class = 101
current task : 5 | validation | Number of the class = 101
Sampler_train = <torch.utils.data.distributed.DistributedSampler object at 0x7f94b4481710>
Sampler_rehearsal = <torch.utils.data.distributed.DistributedSampler object at 0x7f94b4400910>
Warning: Enabling distributed evaluation with an eval dataset not divisible by process number. This will slightly alter validation results as extra duplicate entries are added to achieve equal num of samples per-process.
Number of training examples = 914
Number of training training per epoch = 7
Number of rehearsal training examples = 1010
Number of rehearsal training training per epoch = 7
Use step level LR scheduler!
Set warmup steps = 35
Set warmup steps = 0
Max WD = 0.0500000, Min WD = 0.0500000
Use step level LR scheduler!
Set warmup steps = 35
Set warmup steps = 0
Max WD = 0.0500000, Min WD = 0.0500000
==================================================
==================================================
==================================================
==================================================
Current task index : 5/10
==================================================
==================================================
==================================================
==================================================
Start training for 10 epochs
TASK EPOCH: [0]  [0/7]  eta: 0:00:35  lr: 0.000000  min_lr: 0.000000  loss: 4.4672 (4.4672)  loss_scale: 2048.0000 (2048.0000)  weight_decay: 0.0500 (0.0500)  time: 5.0491  data: 3.9637  max mem: 5581
TASK EPOCH: [0]  [6/7]  eta: 0:00:01  lr: 0.000044  min_lr: 0.000000  loss: 4.3214 (4.3147)  loss_scale: 2048.0000 (2048.0000)  weight_decay: 0.0500 (0.0500)  time: 1.5796  data: 0.5666  max mem: 5581
TASK EPOCH: [0] Total time: 0:00:11 (1.6122 s / it)
Averaged stats: lr: 0.000044  min_lr: 0.000000  loss: 4.3214 (4.3174)  loss_scale: 2048.0000 (2048.0000)  weight_decay: 0.0500 (0.0500)
TASK EPOCH: [1]  [0/7]  eta: 0:00:37  lr: 0.000051  min_lr: 0.000000  loss: 4.0954 (4.0954)  loss_scale: 2048.0000 (2048.0000)  weight_decay: 0.0500 (0.0500)  time: 5.3948  data: 3.8205  max mem: 5581
TASK EPOCH: [1]  [6/7]  eta: 0:00:01  lr: 0.000096  min_lr: 0.000001  loss: 3.9867 (3.9735)  loss_scale: 2048.0000 (2048.0000)  weight_decay: 0.0500 (0.0500)  time: 1.6257  data: 0.5462  max mem: 5581
TASK EPOCH: [1] Total time: 0:00:11 (1.6598 s / it)
Averaged stats: lr: 0.000096  min_lr: 0.000001  loss: 3.9867 (3.9591)  loss_scale: 2048.0000 (2048.0000)  weight_decay: 0.0500 (0.0500)
TASK EPOCH: [2]  [0/7]  eta: 0:00:35  lr: 0.000103  min_lr: 0.000001  loss: 3.5857 (3.5857)  loss_scale: 2048.0000 (2048.0000)  weight_decay: 0.0500 (0.0500)  time: 5.1325  data: 3.9510  max mem: 5581
TASK EPOCH: [2]  [6/7]  eta: 0:00:01  lr: 0.000147  min_lr: 0.000001  loss: 3.2102 (3.2132)  loss_scale: 2048.0000 (2048.0000)  weight_decay: 0.0500 (0.0500)  time: 1.5867  data: 0.5649  max mem: 5581
TASK EPOCH: [2] Total time: 0:00:11 (1.6186 s / it)
Averaged stats: lr: 0.000147  min_lr: 0.000001  loss: 3.2102 (3.2036)  loss_scale: 2048.0000 (2048.0000)  weight_decay: 0.0500 (0.0500)
TASK EPOCH: [3]  [0/7]  eta: 0:00:34  lr: 0.000154  min_lr: 0.000001  loss: 2.6098 (2.6098)  loss_scale: 2048.0000 (2048.0000)  weight_decay: 0.0500 (0.0500)  time: 4.9085  data: 3.9693  max mem: 5581
TASK EPOCH: [3]  [6/7]  eta: 0:00:01  lr: 0.000199  min_lr: 0.000002  loss: 2.1263 (2.2503)  loss_scale: 2048.0000 (2048.0000)  weight_decay: 0.0500 (0.0500)  time: 1.5549  data: 0.5674  max mem: 5581
TASK EPOCH: [3] Total time: 0:00:11 (1.5864 s / it)
Averaged stats: lr: 0.000199  min_lr: 0.000002  loss: 2.1263 (2.2926)  loss_scale: 2048.0000 (2048.0000)  weight_decay: 0.0500 (0.0500)
TASK EPOCH: [4]  [0/7]  eta: 0:00:36  lr: 0.000206  min_lr: 0.000002  loss: 1.9050 (1.9050)  loss_scale: 2048.0000 (2048.0000)  weight_decay: 0.0500 (0.0500)  time: 5.1843  data: 3.8955  max mem: 5581
TASK EPOCH: [4]  [6/7]  eta: 0:00:01  lr: 0.000250  min_lr: 0.000002  loss: 1.8787 (1.8473)  loss_scale: 2048.0000 (2048.0000)  weight_decay: 0.0500 (0.0500)  time: 1.5955  data: 0.5568  max mem: 5581
TASK EPOCH: [4] Total time: 0:00:11 (1.6318 s / it)
Averaged stats: lr: 0.000250  min_lr: 0.000002  loss: 1.8787 (1.8486)  loss_scale: 2048.0000 (2048.0000)  weight_decay: 0.0500 (0.0500)
TASK EPOCH: [5]  [0/7]  eta: 0:00:34  lr: 0.000250  min_lr: 0.000002  loss: 1.9065 (1.9065)  loss_scale: 2048.0000 (2048.0000)  weight_decay: 0.0500 (0.0500)  time: 4.9485  data: 3.3283  max mem: 5581
TASK EPOCH: [5]  [6/7]  eta: 0:00:01  lr: 0.000233  min_lr: 0.000002  loss: 1.8977 (1.8987)  loss_scale: 2048.0000 (2048.0000)  weight_decay: 0.0500 (0.0500)  time: 1.5612  data: 0.4757  max mem: 5581
TASK EPOCH: [5] Total time: 0:00:11 (1.5949 s / it)
Averaged stats: lr: 0.000233  min_lr: 0.000002  loss: 1.8977 (1.7927)  loss_scale: 2048.0000 (2048.0000)  weight_decay: 0.0500 (0.0500)
TASK EPOCH: [6]  [0/7]  eta: 0:00:36  lr: 0.000227  min_lr: 0.000002  loss: 1.6108 (1.6108)  loss_scale: 2048.0000 (2048.0000)  weight_decay: 0.0500 (0.0500)  time: 5.2473  data: 4.3584  max mem: 5581
TASK EPOCH: [6]  [6/7]  eta: 0:00:01  lr: 0.000176  min_lr: 0.000002  loss: 1.6108 (1.6834)  loss_scale: 2048.0000 (2048.0000)  weight_decay: 0.0500 (0.0500)  time: 1.6042  data: 0.6230  max mem: 5581
TASK EPOCH: [6] Total time: 0:00:11 (1.6375 s / it)
Averaged stats: lr: 0.000176  min_lr: 0.000002  loss: 1.6108 (1.7379)  loss_scale: 2048.0000 (2048.0000)  weight_decay: 0.0500 (0.0500)
TASK EPOCH: [7]  [0/7]  eta: 0:00:37  lr: 0.000165  min_lr: 0.000002  loss: 2.0518 (2.0518)  loss_scale: 2048.0000 (2048.0000)  weight_decay: 0.0500 (0.0500)  time: 5.2996  data: 4.1791  max mem: 5581
TASK EPOCH: [7]  [6/7]  eta: 0:00:01  lr: 0.000100  min_lr: 0.000001  loss: 1.6030 (1.6779)  loss_scale: 2048.0000 (2048.0000)  weight_decay: 0.0500 (0.0500)  time: 1.6123  data: 0.5973  max mem: 5581
TASK EPOCH: [7] Total time: 0:00:11 (1.6439 s / it)
Averaged stats: lr: 0.000100  min_lr: 0.000001  loss: 1.6030 (1.7838)  loss_scale: 2048.0000 (2048.0000)  weight_decay: 0.0500 (0.0500)
TASK EPOCH: [8]  [0/7]  eta: 0:00:35  lr: 0.000090  min_lr: 0.000001  loss: 2.2140 (2.2140)  loss_scale: 2048.0000 (2048.0000)  weight_decay: 0.0500 (0.0500)  time: 5.0977  data: 4.2057  max mem: 5581
TASK EPOCH: [8]  [6/7]  eta: 0:00:01  lr: 0.000035  min_lr: 0.000000  loss: 1.6182 (1.7255)  loss_scale: 2048.0000 (2048.0000)  weight_decay: 0.0500 (0.0500)  time: 1.5810  data: 0.6013  max mem: 5581
TASK EPOCH: [8] Total time: 0:00:11 (1.6123 s / it)
Averaged stats: lr: 0.000035  min_lr: 0.000000  loss: 1.6182 (1.7113)  loss_scale: 2048.0000 (2048.0000)  weight_decay: 0.0500 (0.0500)
TASK EPOCH: [9]  [0/7]  eta: 0:00:37  lr: 0.000028  min_lr: 0.000000  loss: 1.8363 (1.8363)  loss_scale: 2048.0000 (2048.0000)  weight_decay: 0.0500 (0.0500)  time: 5.2891  data: 4.2964  max mem: 5581
TASK EPOCH: [9]  [6/7]  eta: 0:00:01  lr: 0.000005  min_lr: 0.000000  loss: 1.6993 (1.7636)  loss_scale: 2048.0000 (2048.0000)  weight_decay: 0.0500 (0.0500)  time: 1.6114  data: 0.6140  max mem: 5581
TASK EPOCH: [9] Total time: 0:00:11 (1.6441 s / it)
Averaged stats: lr: 0.000005  min_lr: 0.000000  loss: 1.6993 (1.6849)  loss_scale: 2048.0000 (2048.0000)  weight_decay: 0.0500 (0.0500)
--------------------
--------------------
start rehearsal training for 10 epochs 
Rehearsal EPOCH: [0]  [0/7]  eta: 0:00:35  lr: 0.000000  min_lr: 0.000000  loss: 5.7081 (5.7081)  loss_scale: 2048.0000 (2048.0000)  weight_decay: 0.0500 (0.0500)  time: 5.1323  data: 3.6042  max mem: 5581
Rehearsal EPOCH: [0]  [6/7]  eta: 0:00:01  lr: 0.000044  min_lr: 0.000000  loss: 5.6346 (5.5584)  loss_scale: 2048.0000 (2048.0000)  weight_decay: 0.0500 (0.0500)  time: 1.5872  data: 0.5154  max mem: 5581
Rehearsal EPOCH: [0] Total time: 0:00:11 (1.6205 s / it)
Averaged stats: lr: 0.000044  min_lr: 0.000000  loss: 5.6346 (5.6360)  loss_scale: 2048.0000 (2048.0000)  weight_decay: 0.0500 (0.0500)
valid len dataloader task : 0 || len_loader 1
Val:  [0/1]  eta: 0:00:01  loss: 6.2477 (6.2477)  acc1: 0.0000 (0.0000)  acc5: 11.1111 (11.1111)  time: 1.6492  data: 1.2420  max mem: 5581
Val: Total time: 0:00:01 (1.7468 s / it)
Val: Current task task : 1/5
* Acc@1 0.000 Acc@5 8.333 loss 5.934
valid len dataloader task : 1 || len_loader 1
Val:  [0/1]  eta: 0:00:01  loss: 6.1114 (6.1114)  acc1: 0.0000 (0.0000)  acc5: 5.8824 (5.8824)  time: 1.6463  data: 1.3033  max mem: 5581
Val: Total time: 0:00:01 (1.7290 s / it)
Val: Current task task : 2/5
* Acc@1 0.000 Acc@5 1.471 loss 5.806
valid len dataloader task : 2 || len_loader 1
Val:  [0/1]  eta: 0:00:01  loss: 5.5548 (5.5548)  acc1: 0.0000 (0.0000)  acc5: 11.1111 (11.1111)  time: 1.6163  data: 1.2412  max mem: 5581
Val: Total time: 0:00:01 (1.6963 s / it)
Val: Current task task : 3/5
* Acc@1 0.000 Acc@5 11.111 loss 5.527
valid len dataloader task : 3 || len_loader 1
Val:  [0/1]  eta: 0:00:01  loss: 5.9844 (5.9844)  acc1: 0.0000 (0.0000)  acc5: 0.0000 (0.0000)  time: 1.4603  data: 1.1357  max mem: 5581
Val: Total time: 0:00:01 (1.5516 s / it)
Val: Current task task : 4/5
* Acc@1 0.000 Acc@5 0.000 loss 6.201
valid len dataloader task : 4 || len_loader 1
Val:  [0/1]  eta: 0:00:01  loss: 0.5364 (0.5364)  acc1: 87.5000 (87.5000)  acc5: 100.0000 (100.0000)  time: 1.4678  data: 1.1452  max mem: 5581
Val: Total time: 0:00:01 (1.5350 s / it)
Val: Current task task : 5/5
* Acc@1 87.500 Acc@5 100.000 loss 0.524
[VAL-REHEARSAL][1] TOTAL Accuracy of the network on the  val videos: 17.50%
[2023-08-22 23:01:22,696] [INFO] [logging.py:77:log_dist] [Rank 0] [Torch] Checkpoint checkpoint-best_rehearsal is begin to save!
[2023-08-22 23:01:22,699] [INFO] [torch_checkpoint_engine.py:29:commit] [Torch] Checkpoint checkpoint-best_rehearsal is ready now!
[2023-08-22 23:01:22,699] [INFO] [torch_checkpoint_engine.py:29:commit] [Torch] Checkpoint checkpoint-best_rehearsal is ready now!
[2023-08-22 23:01:22,699] [INFO] [logging.py:77:log_dist] [Rank 0] Saving model checkpoint: logs/ucf_10/36/checkpoint-best_rehearsal/mp_rank_00_model_states.pt
[2023-08-22 23:01:22,699] [INFO] [torch_checkpoint_engine.py:29:commit] [Torch] Checkpoint checkpoint-best_rehearsal is ready now!
[2023-08-22 23:01:22,699] [INFO] [torch_checkpoint_engine.py:17:save] [Torch] Saving logs/ucf_10/36/checkpoint-best_rehearsal/mp_rank_00_model_states.pt...
[2023-08-22 23:01:22,699] [INFO] [torch_checkpoint_engine.py:29:commit] [Torch] Checkpoint checkpoint-best_rehearsal is ready now!
[2023-08-22 23:01:22,699] [INFO] [torch_checkpoint_engine.py:29:commit] [Torch] Checkpoint checkpoint-best_rehearsal is ready now!
[2023-08-22 23:01:22,699] [INFO] [torch_checkpoint_engine.py:29:commit] [Torch] Checkpoint checkpoint-best_rehearsal is ready now!
[2023-08-22 23:01:22,699] [INFO] [torch_checkpoint_engine.py:29:commit] [Torch] Checkpoint checkpoint-best_rehearsal is ready now!
[2023-08-22 23:01:26,046] [INFO] [torch_checkpoint_engine.py:19:save] [Torch] Saved logs/ucf_10/36/checkpoint-best_rehearsal/mp_rank_00_model_states.pt.
[2023-08-22 23:01:26,046] [INFO] [torch_checkpoint_engine.py:29:commit] [Torch] Checkpoint checkpoint-best_rehearsal is ready now!
Max total accuracy: 17.50%
Rehearsal EPOCH: [1]  [0/7]  eta: 0:00:34  lr: 0.000051  min_lr: 0.000000  loss: 4.8178 (4.8178)  loss_scale: 2048.0000 (2048.0000)  weight_decay: 0.0500 (0.0500)  time: 4.9301  data: 4.0046  max mem: 5581
Rehearsal EPOCH: [1]  [6/7]  eta: 0:00:01  lr: 0.000096  min_lr: 0.000001  loss: 4.8178 (4.8570)  loss_scale: 2048.0000 (2048.0000)  weight_decay: 0.0500 (0.0500)  time: 1.5629  data: 0.5724  max mem: 5581
Rehearsal EPOCH: [1] Total time: 0:00:11 (1.5945 s / it)
Averaged stats: lr: 0.000096  min_lr: 0.000001  loss: 4.8178 (4.6955)  loss_scale: 2048.0000 (2048.0000)  weight_decay: 0.0500 (0.0500)
valid len dataloader task : 0 || len_loader 1
Val:  [0/1]  eta: 0:00:01  loss: 4.1661 (4.1661)  acc1: 0.0000 (0.0000)  acc5: 50.0000 (50.0000)  time: 1.6555  data: 1.2369  max mem: 5581
Val: Total time: 0:00:01 (1.7593 s / it)
Val: Current task task : 1/5
* Acc@1 0.000 Acc@5 60.417 loss 4.021
valid len dataloader task : 1 || len_loader 1
Val:  [0/1]  eta: 0:00:01  loss: 4.1096 (4.1096)  acc1: 5.8824 (5.8824)  acc5: 47.0588 (47.0588)  time: 1.6436  data: 1.2939  max mem: 5581
Val: Total time: 0:00:01 (1.7033 s / it)
Val: Current task task : 2/5
* Acc@1 5.882 Acc@5 50.735 loss 3.934
valid len dataloader task : 2 || len_loader 1
Val:  [0/1]  eta: 0:00:01  loss: 3.5457 (3.5457)  acc1: 11.1111 (11.1111)  acc5: 38.8889 (38.8889)  time: 1.6323  data: 1.2351  max mem: 5581
Val: Total time: 0:00:01 (1.7174 s / it)
Val: Current task task : 3/5
* Acc@1 11.111 Acc@5 48.611 loss 3.483
valid len dataloader task : 3 || len_loader 1
Val:  [0/1]  eta: 0:00:01  loss: 3.5789 (3.5789)  acc1: 18.7500 (18.7500)  acc5: 56.2500 (56.2500)  time: 1.5130  data: 1.1527  max mem: 5581
Val: Total time: 0:00:01 (1.6252 s / it)
Val: Current task task : 4/5
* Acc@1 14.844 Acc@5 49.219 loss 3.715
valid len dataloader task : 4 || len_loader 1
Val:  [0/1]  eta: 0:00:01  loss: 0.8883 (0.8883)  acc1: 93.7500 (93.7500)  acc5: 100.0000 (100.0000)  time: 1.5557  data: 1.1889  max mem: 5581
Val: Total time: 0:00:01 (1.6385 s / it)
Val: Current task task : 5/5
* Acc@1 89.062 Acc@5 100.000 loss 0.911
[VAL-REHEARSAL][2] TOTAL Accuracy of the network on the  val videos: 24.18%
[2023-08-22 23:01:46,114] [INFO] [logging.py:77:log_dist] [Rank 0] [Torch] Checkpoint checkpoint-best_rehearsal is begin to save!
[2023-08-22 23:01:46,116] [INFO] [logging.py:77:log_dist] [Rank 0] Saving model checkpoint: logs/ucf_10/36/checkpoint-best_rehearsal/mp_rank_00_model_states.pt
[2023-08-22 23:01:46,116] [INFO] [torch_checkpoint_engine.py:17:save] [Torch] Saving logs/ucf_10/36/checkpoint-best_rehearsal/mp_rank_00_model_states.pt...
[2023-08-22 23:01:46,116] [INFO] [torch_checkpoint_engine.py:29:commit] [Torch] Checkpoint checkpoint-best_rehearsal is ready now!
[2023-08-22 23:01:46,116] [INFO] [torch_checkpoint_engine.py:29:commit] [Torch] Checkpoint checkpoint-best_rehearsal is ready now!
[2023-08-22 23:01:46,117] [INFO] [torch_checkpoint_engine.py:29:commit] [Torch] Checkpoint checkpoint-best_rehearsal is ready now!
[2023-08-22 23:01:46,117] [INFO] [torch_checkpoint_engine.py:29:commit] [Torch] Checkpoint checkpoint-best_rehearsal is ready now!
[2023-08-22 23:01:46,117] [INFO] [torch_checkpoint_engine.py:29:commit] [Torch] Checkpoint checkpoint-best_rehearsal is ready now!
[2023-08-22 23:01:46,117] [INFO] [torch_checkpoint_engine.py:29:commit] [Torch] Checkpoint checkpoint-best_rehearsal is ready now!
[2023-08-22 23:01:46,118] [INFO] [torch_checkpoint_engine.py:29:commit] [Torch] Checkpoint checkpoint-best_rehearsal is ready now!
[2023-08-22 23:01:49,407] [INFO] [torch_checkpoint_engine.py:19:save] [Torch] Saved logs/ucf_10/36/checkpoint-best_rehearsal/mp_rank_00_model_states.pt.
[2023-08-22 23:01:49,408] [INFO] [torch_checkpoint_engine.py:29:commit] [Torch] Checkpoint checkpoint-best_rehearsal is ready now!
Max total accuracy: 24.18%
Rehearsal EPOCH: [2]  [0/7]  eta: 0:00:34  lr: 0.000103  min_lr: 0.000001  loss: 3.4336 (3.4336)  loss_scale: 2048.0000 (2048.0000)  weight_decay: 0.0500 (0.0500)  time: 4.9218  data: 3.7843  max mem: 5581
[2023-08-22 23:02:00,306] [INFO] [fused_optimizer.py:394:_update_scale] No Grad overflow for 128 iterations
[2023-08-22 23:02:00,306] [INFO] [fused_optimizer.py:394:_update_scale] No Grad overflow for 128 iterations
[2023-08-22 23:02:00,306] [INFO] [fused_optimizer.py:394:_update_scale] No Grad overflow for 128 iterations
[2023-08-22 23:02:00,307] [INFO] [fused_optimizer.py:396:_update_scale] Increasing dynamic loss scale from 2048 to 4096
[2023-08-22 23:02:00,307] [INFO] [fused_optimizer.py:396:_update_scale] Increasing dynamic loss scale from 2048 to 4096
[2023-08-22 23:02:00,307] [INFO] [fused_optimizer.py:396:_update_scale] Increasing dynamic loss scale from 2048 to 4096
[2023-08-22 23:02:00,306] [INFO] [fused_optimizer.py:394:_update_scale] No Grad overflow for 128 iterations
[2023-08-22 23:02:00,307] [INFO] [fused_optimizer.py:396:_update_scale] Increasing dynamic loss scale from 2048 to 4096
[2023-08-22 23:02:00,307] [INFO] [fused_optimizer.py:394:_update_scale] No Grad overflow for 128 iterations
[2023-08-22 23:02:00,307] [INFO] [fused_optimizer.py:394:_update_scale] No Grad overflow for 128 iterations
[2023-08-22 23:02:00,307] [INFO] [fused_optimizer.py:394:_update_scale] No Grad overflow for 128 iterations
[2023-08-22 23:02:00,307] [INFO] [fused_optimizer.py:396:_update_scale] Increasing dynamic loss scale from 2048 to 4096
[2023-08-22 23:02:00,307] [INFO] [fused_optimizer.py:396:_update_scale] Increasing dynamic loss scale from 2048 to 4096
[2023-08-22 23:02:00,307] [INFO] [fused_optimizer.py:396:_update_scale] Increasing dynamic loss scale from 2048 to 4096
[2023-08-22 23:02:00,307] [INFO] [fused_optimizer.py:394:_update_scale] No Grad overflow for 128 iterations
[2023-08-22 23:02:00,307] [INFO] [fused_optimizer.py:396:_update_scale] Increasing dynamic loss scale from 2048 to 4096
Rehearsal EPOCH: [2]  [6/7]  eta: 0:00:01  lr: 0.000147  min_lr: 0.000001  loss: 3.4101 (3.3017)  loss_scale: 2048.0000 (2340.5714)  weight_decay: 0.0500 (0.0500)  time: 1.5574  data: 0.5410  max mem: 5581
Rehearsal EPOCH: [2] Total time: 0:00:11 (1.5896 s / it)
Averaged stats: lr: 0.000147  min_lr: 0.000001  loss: 3.4101 (3.4603)  loss_scale: 2048.0000 (2340.5714)  weight_decay: 0.0500 (0.0500)
valid len dataloader task : 0 || len_loader 1
Val:  [0/1]  eta: 0:00:01  loss: 3.5541 (3.5541)  acc1: 5.5556 (5.5556)  acc5: 44.4444 (44.4444)  time: 1.6871  data: 1.2630  max mem: 5581
Val: Total time: 0:00:01 (1.7634 s / it)
Val: Current task task : 1/5
* Acc@1 12.500 Acc@5 66.667 loss 3.345
valid len dataloader task : 1 || len_loader 1
Val:  [0/1]  eta: 0:00:01  loss: 3.4218 (3.4218)  acc1: 17.6471 (17.6471)  acc5: 58.8235 (58.8235)  time: 1.6806  data: 1.3002  max mem: 5581
Val: Total time: 0:00:01 (1.7594 s / it)
Val: Current task task : 2/5
* Acc@1 19.118 Acc@5 61.765 loss 3.333
valid len dataloader task : 2 || len_loader 1
Val:  [0/1]  eta: 0:00:01  loss: 2.8171 (2.8171)  acc1: 38.8889 (38.8889)  acc5: 83.3333 (83.3333)  time: 1.6110  data: 1.2335  max mem: 5581
Val: Total time: 0:00:01 (1.6848 s / it)
Val: Current task task : 3/5
* Acc@1 40.972 Acc@5 81.944 loss 2.775
valid len dataloader task : 3 || len_loader 1
Val:  [0/1]  eta: 0:00:01  loss: 2.6539 (2.6539)  acc1: 31.2500 (31.2500)  acc5: 87.5000 (87.5000)  time: 1.4668  data: 1.1302  max mem: 5581
Val: Total time: 0:00:01 (1.5595 s / it)
Val: Current task task : 4/5
* Acc@1 32.812 Acc@5 85.156 loss 2.713
valid len dataloader task : 4 || len_loader 1
Val:  [0/1]  eta: 0:00:01  loss: 2.9333 (2.9333)  acc1: 37.5000 (37.5000)  acc5: 68.7500 (68.7500)  time: 1.4994  data: 1.1503  max mem: 5581
Val: Total time: 0:00:01 (1.6036 s / it)
Val: Current task task : 5/5
* Acc@1 42.969 Acc@5 71.094 loss 2.898
[VAL-REHEARSAL][3] TOTAL Accuracy of the network on the  val videos: 29.67%
[2023-08-22 23:02:09,331] [INFO] [logging.py:77:log_dist] [Rank 0] [Torch] Checkpoint checkpoint-best_rehearsal is begin to save!
[2023-08-22 23:02:09,334] [INFO] [torch_checkpoint_engine.py:29:commit] [Torch] Checkpoint checkpoint-best_rehearsal is ready now!
[2023-08-22 23:02:09,334] [INFO] [torch_checkpoint_engine.py:29:commit] [Torch] Checkpoint checkpoint-best_rehearsal is ready now!
[2023-08-22 23:02:09,334] [INFO] [torch_checkpoint_engine.py:29:commit] [Torch] Checkpoint checkpoint-best_rehearsal is ready now!
[2023-08-22 23:02:09,334] [INFO] [torch_checkpoint_engine.py:29:commit] [Torch] Checkpoint checkpoint-best_rehearsal is ready now!
[2023-08-22 23:02:09,334] [INFO] [torch_checkpoint_engine.py:29:commit] [Torch] Checkpoint checkpoint-best_rehearsal is ready now!
[2023-08-22 23:02:09,334] [INFO] [torch_checkpoint_engine.py:29:commit] [Torch] Checkpoint checkpoint-best_rehearsal is ready now!
[2023-08-22 23:02:09,334] [INFO] [logging.py:77:log_dist] [Rank 0] Saving model checkpoint: logs/ucf_10/36/checkpoint-best_rehearsal/mp_rank_00_model_states.pt
[2023-08-22 23:02:09,334] [INFO] [torch_checkpoint_engine.py:17:save] [Torch] Saving logs/ucf_10/36/checkpoint-best_rehearsal/mp_rank_00_model_states.pt...
[2023-08-22 23:02:09,335] [INFO] [torch_checkpoint_engine.py:29:commit] [Torch] Checkpoint checkpoint-best_rehearsal is ready now!
[2023-08-22 23:02:12,405] [INFO] [torch_checkpoint_engine.py:19:save] [Torch] Saved logs/ucf_10/36/checkpoint-best_rehearsal/mp_rank_00_model_states.pt.
[2023-08-22 23:02:12,406] [INFO] [torch_checkpoint_engine.py:29:commit] [Torch] Checkpoint checkpoint-best_rehearsal is ready now!
Max total accuracy: 29.67%
Rehearsal EPOCH: [3]  [0/7]  eta: 0:00:35  lr: 0.000154  min_lr: 0.000001  loss: 2.8260 (2.8260)  loss_scale: 4096.0000 (4096.0000)  weight_decay: 0.0500 (0.0500)  time: 5.0410  data: 3.7164  max mem: 5581
Rehearsal EPOCH: [3]  [6/7]  eta: 0:00:01  lr: 0.000199  min_lr: 0.000002  loss: 3.1351 (3.1786)  loss_scale: 4096.0000 (4096.0000)  weight_decay: 0.0500 (0.0500)  time: 1.5783  data: 0.5314  max mem: 5581
Rehearsal EPOCH: [3] Total time: 0:00:11 (1.6097 s / it)
Averaged stats: lr: 0.000199  min_lr: 0.000002  loss: 3.1351 (3.1996)  loss_scale: 4096.0000 (4096.0000)  weight_decay: 0.0500 (0.0500)
valid len dataloader task : 0 || len_loader 1
Val:  [0/1]  eta: 0:00:01  loss: 3.1752 (3.1752)  acc1: 22.2222 (22.2222)  acc5: 72.2222 (72.2222)  time: 1.6271  data: 1.2423  max mem: 5581
Val: Total time: 0:00:01 (1.7211 s / it)
Val: Current task task : 1/5
* Acc@1 37.500 Acc@5 81.250 loss 2.877
valid len dataloader task : 1 || len_loader 1
Val:  [0/1]  eta: 0:00:01  loss: 2.9782 (2.9782)  acc1: 35.2941 (35.2941)  acc5: 70.5882 (70.5882)  time: 1.5279  data: 1.1862  max mem: 5581
Val: Total time: 0:00:01 (1.5955 s / it)
Val: Current task task : 2/5
* Acc@1 31.618 Acc@5 75.000 loss 2.860
valid len dataloader task : 2 || len_loader 1
Val:  [0/1]  eta: 0:00:01  loss: 2.6736 (2.6736)  acc1: 44.4444 (44.4444)  acc5: 94.4444 (94.4444)  time: 1.5903  data: 1.2121  max mem: 5581
Val: Total time: 0:00:01 (1.6680 s / it)
Val: Current task task : 3/5
* Acc@1 50.000 Acc@5 92.361 loss 2.503
valid len dataloader task : 3 || len_loader 1
Val:  [0/1]  eta: 0:00:01  loss: 2.4466 (2.4466)  acc1: 43.7500 (43.7500)  acc5: 93.7500 (93.7500)  time: 1.4671  data: 1.1430  max mem: 5581
Val: Total time: 0:00:01 (1.5470 s / it)
Val: Current task task : 4/5
* Acc@1 41.406 Acc@5 94.531 loss 2.455
valid len dataloader task : 4 || len_loader 1
Val:  [0/1]  eta: 0:00:01  loss: 1.9406 (1.9406)  acc1: 81.2500 (81.2500)  acc5: 87.5000 (87.5000)  time: 1.4395  data: 1.1153  max mem: 5581
Val: Total time: 0:00:01 (1.5224 s / it)
Val: Current task task : 5/5
* Acc@1 70.312 Acc@5 84.375 loss 2.119
[VAL-REHEARSAL][4] TOTAL Accuracy of the network on the  val videos: 46.17%
[2023-08-22 23:02:32,489] [INFO] [logging.py:77:log_dist] [Rank 0] [Torch] Checkpoint checkpoint-best_rehearsal is begin to save!
[2023-08-22 23:02:32,492] [INFO] [torch_checkpoint_engine.py:29:commit] [Torch] Checkpoint checkpoint-best_rehearsal is ready now!
[2023-08-22 23:02:32,492] [INFO] [torch_checkpoint_engine.py:29:commit] [Torch] Checkpoint checkpoint-best_rehearsal is ready now!
[2023-08-22 23:02:32,492] [INFO] [torch_checkpoint_engine.py:29:commit] [Torch] Checkpoint checkpoint-best_rehearsal is ready now!
[2023-08-22 23:02:32,492] [INFO] [torch_checkpoint_engine.py:29:commit] [Torch] Checkpoint checkpoint-best_rehearsal is ready now!
[2023-08-22 23:02:32,492] [INFO] [torch_checkpoint_engine.py:29:commit] [Torch] Checkpoint checkpoint-best_rehearsal is ready now!
[2023-08-22 23:02:32,492] [INFO] [torch_checkpoint_engine.py:29:commit] [Torch] Checkpoint checkpoint-best_rehearsal is ready now!
[2023-08-22 23:02:32,492] [INFO] [logging.py:77:log_dist] [Rank 0] Saving model checkpoint: logs/ucf_10/36/checkpoint-best_rehearsal/mp_rank_00_model_states.pt
[2023-08-22 23:02:32,492] [INFO] [torch_checkpoint_engine.py:17:save] [Torch] Saving logs/ucf_10/36/checkpoint-best_rehearsal/mp_rank_00_model_states.pt...
[2023-08-22 23:02:32,492] [INFO] [torch_checkpoint_engine.py:29:commit] [Torch] Checkpoint checkpoint-best_rehearsal is ready now!
[2023-08-22 23:02:35,511] [INFO] [torch_checkpoint_engine.py:19:save] [Torch] Saved logs/ucf_10/36/checkpoint-best_rehearsal/mp_rank_00_model_states.pt.
[2023-08-22 23:02:35,511] [INFO] [torch_checkpoint_engine.py:29:commit] [Torch] Checkpoint checkpoint-best_rehearsal is ready now!
Max total accuracy: 46.17%
Rehearsal EPOCH: [4]  [0/7]  eta: 0:00:36  lr: 0.000206  min_lr: 0.000002  loss: 2.6073 (2.6073)  loss_scale: 4096.0000 (4096.0000)  weight_decay: 0.0500 (0.0500)  time: 5.2355  data: 3.3656  max mem: 5581
Rehearsal EPOCH: [4]  [6/7]  eta: 0:00:01  lr: 0.000250  min_lr: 0.000002  loss: 2.9075 (2.9320)  loss_scale: 4096.0000 (4096.0000)  weight_decay: 0.0500 (0.0500)  time: 1.6056  data: 0.4811  max mem: 5581
Rehearsal EPOCH: [4] Total time: 0:00:11 (1.6370 s / it)
Averaged stats: lr: 0.000250  min_lr: 0.000002  loss: 2.9075 (2.9982)  loss_scale: 4096.0000 (4096.0000)  weight_decay: 0.0500 (0.0500)
valid len dataloader task : 0 || len_loader 1
Val:  [0/1]  eta: 0:00:01  loss: 2.8038 (2.8038)  acc1: 38.8889 (38.8889)  acc5: 83.3333 (83.3333)  time: 1.6239  data: 1.2212  max mem: 5581
Val: Total time: 0:00:01 (1.7171 s / it)
Val: Current task task : 1/5
* Acc@1 40.972 Acc@5 84.028 loss 2.594
valid len dataloader task : 1 || len_loader 1
Val:  [0/1]  eta: 0:00:01  loss: 2.7261 (2.7261)  acc1: 35.2941 (35.2941)  acc5: 76.4706 (76.4706)  time: 1.5782  data: 1.2056  max mem: 5581
Val: Total time: 0:00:01 (1.6783 s / it)
Val: Current task task : 2/5
* Acc@1 34.559 Acc@5 76.471 loss 2.598
valid len dataloader task : 2 || len_loader 1
Val:  [0/1]  eta: 0:00:01  loss: 2.3309 (2.3309)  acc1: 38.8889 (38.8889)  acc5: 88.8889 (88.8889)  time: 1.6228  data: 1.2442  max mem: 5581
Val: Total time: 0:00:01 (1.7087 s / it)
Val: Current task task : 3/5
* Acc@1 43.750 Acc@5 92.361 loss 2.317
valid len dataloader task : 3 || len_loader 1
Val:  [0/1]  eta: 0:00:01  loss: 2.3535 (2.3535)  acc1: 31.2500 (31.2500)  acc5: 93.7500 (93.7500)  time: 1.4395  data: 1.1145  max mem: 5581
Val: Total time: 0:00:01 (1.4981 s / it)
Val: Current task task : 4/5
* Acc@1 25.781 Acc@5 92.188 loss 2.445
valid len dataloader task : 4 || len_loader 1
Val:  [0/1]  eta: 0:00:01  loss: 1.5942 (1.5942)  acc1: 75.0000 (75.0000)  acc5: 87.5000 (87.5000)  time: 1.5479  data: 1.1584  max mem: 5581
Val: Total time: 0:00:01 (1.6331 s / it)
Val: Current task task : 5/5
* Acc@1 75.000 Acc@5 88.281 loss 1.702
[VAL-REHEARSAL][5] TOTAL Accuracy of the network on the  val videos: 44.01%
Max total accuracy: 46.17%
Rehearsal EPOCH: [5]  [0/7]  eta: 0:00:36  lr: 0.000250  min_lr: 0.000002  loss: 3.2831 (3.2831)  loss_scale: 4096.0000 (4096.0000)  weight_decay: 0.0500 (0.0500)  time: 5.1531  data: 3.9497  max mem: 5581
Rehearsal EPOCH: [5]  [6/7]  eta: 0:00:01  lr: 0.000233  min_lr: 0.000002  loss: 2.6066 (2.7525)  loss_scale: 4096.0000 (4096.0000)  weight_decay: 0.0500 (0.0500)  time: 1.5933  data: 0.5645  max mem: 5581
Rehearsal EPOCH: [5] Total time: 0:00:11 (1.6262 s / it)
Averaged stats: lr: 0.000233  min_lr: 0.000002  loss: 2.6066 (2.8600)  loss_scale: 4096.0000 (4096.0000)  weight_decay: 0.0500 (0.0500)
valid len dataloader task : 0 || len_loader 1
Val:  [0/1]  eta: 0:00:01  loss: 2.5094 (2.5094)  acc1: 33.3333 (33.3333)  acc5: 77.7778 (77.7778)  time: 1.6928  data: 1.2701  max mem: 5581
Val: Total time: 0:00:01 (1.7798 s / it)
Val: Current task task : 1/5
* Acc@1 44.444 Acc@5 83.333 loss 2.309
valid len dataloader task : 1 || len_loader 1
Val:  [0/1]  eta: 0:00:01  loss: 2.5001 (2.5001)  acc1: 47.0588 (47.0588)  acc5: 76.4706 (76.4706)  time: 1.6275  data: 1.2669  max mem: 5581
Val: Total time: 0:00:01 (1.7345 s / it)
Val: Current task task : 2/5
* Acc@1 55.147 Acc@5 80.147 loss 2.324
valid len dataloader task : 2 || len_loader 1
Val:  [0/1]  eta: 0:00:01  loss: 2.0726 (2.0726)  acc1: 44.4444 (44.4444)  acc5: 94.4444 (94.4444)  time: 1.5956  data: 1.2242  max mem: 5581
Val: Total time: 0:00:01 (1.6889 s / it)
Val: Current task task : 3/5
* Acc@1 54.167 Acc@5 93.750 loss 2.037
valid len dataloader task : 3 || len_loader 1
Val:  [0/1]  eta: 0:00:01  loss: 2.2264 (2.2264)  acc1: 37.5000 (37.5000)  acc5: 93.7500 (93.7500)  time: 1.5199  data: 1.1624  max mem: 5581
Val: Total time: 0:00:01 (1.6138 s / it)
Val: Current task task : 4/5
* Acc@1 37.500 Acc@5 93.750 loss 2.235
valid len dataloader task : 4 || len_loader 1
Val:  [0/1]  eta: 0:00:01  loss: 1.5918 (1.5918)  acc1: 81.2500 (81.2500)  acc5: 100.0000 (100.0000)  time: 1.5443  data: 1.1590  max mem: 5581
Val: Total time: 0:00:01 (1.6193 s / it)
Val: Current task task : 5/5
* Acc@1 72.656 Acc@5 98.438 loss 1.756
[VAL-REHEARSAL][6] TOTAL Accuracy of the network on the  val videos: 52.78%
[2023-08-22 23:03:15,867] [INFO] [logging.py:77:log_dist] [Rank 0] [Torch] Checkpoint checkpoint-best_rehearsal is begin to save!
[2023-08-22 23:03:15,870] [INFO] [torch_checkpoint_engine.py:29:commit] [Torch] Checkpoint checkpoint-best_rehearsal is ready now!
[2023-08-22 23:03:15,870] [INFO] [torch_checkpoint_engine.py:29:commit] [Torch] Checkpoint checkpoint-best_rehearsal is ready now!
[2023-08-22 23:03:15,870] [INFO] [torch_checkpoint_engine.py:29:commit] [Torch] Checkpoint checkpoint-best_rehearsal is ready now!
[2023-08-22 23:03:15,870] [INFO] [torch_checkpoint_engine.py:29:commit] [Torch] Checkpoint checkpoint-best_rehearsal is ready now!
[2023-08-22 23:03:15,870] [INFO] [logging.py:77:log_dist] [Rank 0] Saving model checkpoint: logs/ucf_10/36/checkpoint-best_rehearsal/mp_rank_00_model_states.pt
[2023-08-22 23:03:15,870] [INFO] [torch_checkpoint_engine.py:29:commit] [Torch] Checkpoint checkpoint-best_rehearsal is ready now!
[2023-08-22 23:03:15,870] [INFO] [torch_checkpoint_engine.py:17:save] [Torch] Saving logs/ucf_10/36/checkpoint-best_rehearsal/mp_rank_00_model_states.pt...
[2023-08-22 23:03:15,870] [INFO] [torch_checkpoint_engine.py:29:commit] [Torch] Checkpoint checkpoint-best_rehearsal is ready now!
[2023-08-22 23:03:15,870] [INFO] [torch_checkpoint_engine.py:29:commit] [Torch] Checkpoint checkpoint-best_rehearsal is ready now!
[2023-08-22 23:03:19,269] [INFO] [torch_checkpoint_engine.py:19:save] [Torch] Saved logs/ucf_10/36/checkpoint-best_rehearsal/mp_rank_00_model_states.pt.
[2023-08-22 23:03:19,269] [INFO] [torch_checkpoint_engine.py:29:commit] [Torch] Checkpoint checkpoint-best_rehearsal is ready now!
Max total accuracy: 52.78%
Rehearsal EPOCH: [6]  [0/7]  eta: 0:00:34  lr: 0.000227  min_lr: 0.000002  loss: 2.7165 (2.7165)  loss_scale: 4096.0000 (4096.0000)  weight_decay: 0.0500 (0.0500)  time: 4.9034  data: 3.5735  max mem: 5581
Rehearsal EPOCH: [6]  [6/7]  eta: 0:00:01  lr: 0.000176  min_lr: 0.000002  loss: 2.8296 (2.9423)  loss_scale: 4096.0000 (4096.0000)  weight_decay: 0.0500 (0.0500)  time: 1.5581  data: 0.5108  max mem: 5581
Rehearsal EPOCH: [6] Total time: 0:00:11 (1.5908 s / it)
Averaged stats: lr: 0.000176  min_lr: 0.000002  loss: 2.8296 (2.8239)  loss_scale: 4096.0000 (4096.0000)  weight_decay: 0.0500 (0.0500)
valid len dataloader task : 0 || len_loader 1
Val:  [0/1]  eta: 0:00:01  loss: 2.6726 (2.6726)  acc1: 38.8889 (38.8889)  acc5: 66.6667 (66.6667)  time: 1.6165  data: 1.2270  max mem: 5581
Val: Total time: 0:00:01 (1.7104 s / it)
Val: Current task task : 1/5
* Acc@1 43.750 Acc@5 83.333 loss 2.268
valid len dataloader task : 1 || len_loader 1
Val:  [0/1]  eta: 0:00:01  loss: 2.3056 (2.3056)  acc1: 52.9412 (52.9412)  acc5: 76.4706 (76.4706)  time: 1.6878  data: 1.2912  max mem: 5581
Val: Total time: 0:00:01 (1.7764 s / it)
Val: Current task task : 2/5
* Acc@1 58.088 Acc@5 82.353 loss 2.165
valid len dataloader task : 2 || len_loader 1
Val:  [0/1]  eta: 0:00:01  loss: 1.8562 (1.8562)  acc1: 50.0000 (50.0000)  acc5: 94.4444 (94.4444)  time: 1.5923  data: 1.2157  max mem: 5581
Val: Total time: 0:00:01 (1.6920 s / it)
Val: Current task task : 3/5
* Acc@1 54.861 Acc@5 93.056 loss 1.881
valid len dataloader task : 3 || len_loader 1
Val:  [0/1]  eta: 0:00:01  loss: 2.0156 (2.0156)  acc1: 43.7500 (43.7500)  acc5: 93.7500 (93.7500)  time: 1.4703  data: 1.1296  max mem: 5581
Val: Total time: 0:00:01 (1.5410 s / it)
Val: Current task task : 4/5
* Acc@1 50.781 Acc@5 95.312 loss 2.035
valid len dataloader task : 4 || len_loader 1
Val:  [0/1]  eta: 0:00:01  loss: 1.6963 (1.6963)  acc1: 81.2500 (81.2500)  acc5: 100.0000 (100.0000)  time: 1.4853  data: 1.1339  max mem: 5581
Val: Total time: 0:00:01 (1.5722 s / it)
Val: Current task task : 5/5
* Acc@1 72.656 Acc@5 97.656 loss 1.838
[VAL-REHEARSAL][7] TOTAL Accuracy of the network on the  val videos: 56.03%
[2023-08-22 23:03:39,126] [INFO] [logging.py:77:log_dist] [Rank 0] [Torch] Checkpoint checkpoint-best_rehearsal is begin to save!
[2023-08-22 23:03:39,128] [INFO] [torch_checkpoint_engine.py:29:commit] [Torch] Checkpoint checkpoint-best_rehearsal is ready now!
[2023-08-22 23:03:39,128] [INFO] [logging.py:77:log_dist] [Rank 0] Saving model checkpoint: logs/ucf_10/36/checkpoint-best_rehearsal/mp_rank_00_model_states.pt
[2023-08-22 23:03:39,128] [INFO] [torch_checkpoint_engine.py:17:save] [Torch] Saving logs/ucf_10/36/checkpoint-best_rehearsal/mp_rank_00_model_states.pt...
[2023-08-22 23:03:39,128] [INFO] [torch_checkpoint_engine.py:29:commit] [Torch] Checkpoint checkpoint-best_rehearsal is ready now!
[2023-08-22 23:03:39,128] [INFO] [torch_checkpoint_engine.py:29:commit] [Torch] Checkpoint checkpoint-best_rehearsal is ready now!
[2023-08-22 23:03:39,128] [INFO] [torch_checkpoint_engine.py:29:commit] [Torch] Checkpoint checkpoint-best_rehearsal is ready now!
[2023-08-22 23:03:39,128] [INFO] [torch_checkpoint_engine.py:29:commit] [Torch] Checkpoint checkpoint-best_rehearsal is ready now!
[2023-08-22 23:03:39,129] [INFO] [torch_checkpoint_engine.py:29:commit] [Torch] Checkpoint checkpoint-best_rehearsal is ready now!
[2023-08-22 23:03:39,129] [INFO] [torch_checkpoint_engine.py:29:commit] [Torch] Checkpoint checkpoint-best_rehearsal is ready now!
[2023-08-22 23:03:44,080] [INFO] [torch_checkpoint_engine.py:19:save] [Torch] Saved logs/ucf_10/36/checkpoint-best_rehearsal/mp_rank_00_model_states.pt.
[2023-08-22 23:03:44,081] [INFO] [torch_checkpoint_engine.py:29:commit] [Torch] Checkpoint checkpoint-best_rehearsal is ready now!
Max total accuracy: 56.03%
Rehearsal EPOCH: [7]  [0/7]  eta: 0:00:35  lr: 0.000165  min_lr: 0.000002  loss: 2.8815 (2.8815)  loss_scale: 4096.0000 (4096.0000)  weight_decay: 0.0500 (0.0500)  time: 5.0169  data: 3.7626  max mem: 5581
Rehearsal EPOCH: [7]  [6/7]  eta: 0:00:01  lr: 0.000100  min_lr: 0.000001  loss: 2.9172 (2.9487)  loss_scale: 4096.0000 (4096.0000)  weight_decay: 0.0500 (0.0500)  time: 1.5742  data: 0.5379  max mem: 5581
Rehearsal EPOCH: [7] Total time: 0:00:11 (1.6069 s / it)
Averaged stats: lr: 0.000100  min_lr: 0.000001  loss: 2.9172 (2.8202)  loss_scale: 4096.0000 (4096.0000)  weight_decay: 0.0500 (0.0500)
valid len dataloader task : 0 || len_loader 1
Val:  [0/1]  eta: 0:00:01  loss: 2.4118 (2.4118)  acc1: 38.8889 (38.8889)  acc5: 77.7778 (77.7778)  time: 1.6241  data: 1.2468  max mem: 5581
Val: Total time: 0:00:01 (1.6873 s / it)
Val: Current task task : 1/5
* Acc@1 46.528 Acc@5 86.806 loss 2.148
valid len dataloader task : 1 || len_loader 1
Val:  [0/1]  eta: 0:00:01  loss: 2.2580 (2.2580)  acc1: 64.7059 (64.7059)  acc5: 82.3529 (82.3529)  time: 1.6284  data: 1.2890  max mem: 5581
Val: Total time: 0:00:01 (1.7055 s / it)
Val: Current task task : 2/5
* Acc@1 59.559 Acc@5 82.353 loss 2.120
valid len dataloader task : 2 || len_loader 1
Val:  [0/1]  eta: 0:00:01  loss: 1.9187 (1.9187)  acc1: 55.5556 (55.5556)  acc5: 94.4444 (94.4444)  time: 1.6649  data: 1.2780  max mem: 5581
Val: Total time: 0:00:01 (1.7589 s / it)
Val: Current task task : 3/5
* Acc@1 60.417 Acc@5 92.361 loss 1.826
valid len dataloader task : 3 || len_loader 1
Val:  [0/1]  eta: 0:00:01  loss: 1.8607 (1.8607)  acc1: 62.5000 (62.5000)  acc5: 100.0000 (100.0000)  time: 1.4690  data: 1.1241  max mem: 5581
Val: Total time: 0:00:01 (1.5384 s / it)
Val: Current task task : 4/5
* Acc@1 54.688 Acc@5 92.969 loss 1.962
valid len dataloader task : 4 || len_loader 1
Val:  [0/1]  eta: 0:00:01  loss: 1.7853 (1.7853)  acc1: 81.2500 (81.2500)  acc5: 100.0000 (100.0000)  time: 1.5790  data: 1.2532  max mem: 5581
Val: Total time: 0:00:01 (1.6673 s / it)
Val: Current task task : 5/5
* Acc@1 69.531 Acc@5 97.656 loss 1.848
[VAL-REHEARSAL][8] TOTAL Accuracy of the network on the  val videos: 58.14%
[2023-08-22 23:04:04,142] [INFO] [logging.py:77:log_dist] [Rank 0] [Torch] Checkpoint checkpoint-best_rehearsal is begin to save!
[2023-08-22 23:04:04,145] [INFO] [torch_checkpoint_engine.py:29:commit] [Torch] Checkpoint checkpoint-best_rehearsal is ready now!
[2023-08-22 23:04:04,145] [INFO] [torch_checkpoint_engine.py:29:commit] [Torch] Checkpoint checkpoint-best_rehearsal is ready now!
[2023-08-22 23:04:04,145] [INFO] [torch_checkpoint_engine.py:29:commit] [Torch] Checkpoint checkpoint-best_rehearsal is ready now!
[2023-08-22 23:04:04,145] [INFO] [torch_checkpoint_engine.py:29:commit] [Torch] Checkpoint checkpoint-best_rehearsal is ready now!
[2023-08-22 23:04:04,145] [INFO] [torch_checkpoint_engine.py:29:commit] [Torch] Checkpoint checkpoint-best_rehearsal is ready now!
[2023-08-22 23:04:04,145] [INFO] [torch_checkpoint_engine.py:29:commit] [Torch] Checkpoint checkpoint-best_rehearsal is ready now!
[2023-08-22 23:04:04,145] [INFO] [torch_checkpoint_engine.py:29:commit] [Torch] Checkpoint checkpoint-best_rehearsal is ready now!
[2023-08-22 23:04:04,146] [INFO] [logging.py:77:log_dist] [Rank 0] Saving model checkpoint: logs/ucf_10/36/checkpoint-best_rehearsal/mp_rank_00_model_states.pt
[2023-08-22 23:04:04,146] [INFO] [torch_checkpoint_engine.py:17:save] [Torch] Saving logs/ucf_10/36/checkpoint-best_rehearsal/mp_rank_00_model_states.pt...
[2023-08-22 23:04:10,435] [INFO] [torch_checkpoint_engine.py:19:save] [Torch] Saved logs/ucf_10/36/checkpoint-best_rehearsal/mp_rank_00_model_states.pt.
[2023-08-22 23:04:10,435] [INFO] [torch_checkpoint_engine.py:29:commit] [Torch] Checkpoint checkpoint-best_rehearsal is ready now!
Max total accuracy: 58.14%
Rehearsal EPOCH: [8]  [0/7]  eta: 0:00:36  lr: 0.000090  min_lr: 0.000001  loss: 2.2919 (2.2919)  loss_scale: 4096.0000 (4096.0000)  weight_decay: 0.0500 (0.0500)  time: 5.2082  data: 3.5226  max mem: 5581
Rehearsal EPOCH: [8]  [6/7]  eta: 0:00:01  lr: 0.000035  min_lr: 0.000000  loss: 2.7143 (2.7281)  loss_scale: 4096.0000 (4096.0000)  weight_decay: 0.0500 (0.0500)  time: 1.6018  data: 0.5036  max mem: 5581
Rehearsal EPOCH: [8] Total time: 0:00:11 (1.6343 s / it)
Averaged stats: lr: 0.000035  min_lr: 0.000000  loss: 2.7143 (2.7692)  loss_scale: 4096.0000 (4096.0000)  weight_decay: 0.0500 (0.0500)
valid len dataloader task : 0 || len_loader 1
Val:  [0/1]  eta: 0:00:01  loss: 2.4711 (2.4711)  acc1: 38.8889 (38.8889)  acc5: 72.2222 (72.2222)  time: 1.6166  data: 1.2449  max mem: 5581
Val: Total time: 0:00:01 (1.6894 s / it)
Val: Current task task : 1/5
* Acc@1 47.917 Acc@5 84.722 loss 2.135
valid len dataloader task : 1 || len_loader 1
Val:  [0/1]  eta: 0:00:01  loss: 2.2548 (2.2548)  acc1: 58.8235 (58.8235)  acc5: 82.3529 (82.3529)  time: 1.6117  data: 1.2444  max mem: 5581
Val: Total time: 0:00:01 (1.7291 s / it)
Val: Current task task : 2/5
* Acc@1 58.088 Acc@5 82.353 loss 2.104
valid len dataloader task : 2 || len_loader 1
Val:  [0/1]  eta: 0:00:01  loss: 1.7569 (1.7569)  acc1: 50.0000 (50.0000)  acc5: 94.4444 (94.4444)  time: 1.6651  data: 1.2547  max mem: 5581
Val: Total time: 0:00:01 (1.7523 s / it)
Val: Current task task : 3/5
* Acc@1 60.417 Acc@5 93.056 loss 1.783
valid len dataloader task : 3 || len_loader 1
Val:  [0/1]  eta: 0:00:01  loss: 1.7534 (1.7534)  acc1: 81.2500 (81.2500)  acc5: 100.0000 (100.0000)  time: 1.4940  data: 1.1287  max mem: 5581
Val: Total time: 0:00:01 (1.5890 s / it)
Val: Current task task : 4/5
* Acc@1 60.156 Acc@5 96.875 loss 1.909
valid len dataloader task : 4 || len_loader 1
Val:  [0/1]  eta: 0:00:01  loss: 1.7280 (1.7280)  acc1: 81.2500 (81.2500)  acc5: 100.0000 (100.0000)  time: 1.4500  data: 1.1175  max mem: 5581
Val: Total time: 0:00:01 (1.5319 s / it)
Val: Current task task : 5/5
* Acc@1 67.188 Acc@5 97.656 loss 1.843
[VAL-REHEARSAL][9] TOTAL Accuracy of the network on the  val videos: 58.75%
[2023-08-22 23:04:30,651] [INFO] [logging.py:77:log_dist] [Rank 0] [Torch] Checkpoint checkpoint-best_rehearsal is begin to save!
[2023-08-22 23:04:30,653] [INFO] [logging.py:77:log_dist] [Rank 0] Saving model checkpoint: logs/ucf_10/36/checkpoint-best_rehearsal/mp_rank_00_model_states.pt
[2023-08-22 23:04:30,653] [INFO] [torch_checkpoint_engine.py:17:save] [Torch] Saving logs/ucf_10/36/checkpoint-best_rehearsal/mp_rank_00_model_states.pt...
[2023-08-22 23:04:30,653] [INFO] [torch_checkpoint_engine.py:29:commit] [Torch] Checkpoint checkpoint-best_rehearsal is ready now!
[2023-08-22 23:04:30,653] [INFO] [torch_checkpoint_engine.py:29:commit] [Torch] Checkpoint checkpoint-best_rehearsal is ready now!
[2023-08-22 23:04:30,653] [INFO] [torch_checkpoint_engine.py:29:commit] [Torch] Checkpoint checkpoint-best_rehearsal is ready now!
[2023-08-22 23:04:30,653] [INFO] [torch_checkpoint_engine.py:29:commit] [Torch] Checkpoint checkpoint-best_rehearsal is ready now!
[2023-08-22 23:04:30,654] [INFO] [torch_checkpoint_engine.py:29:commit] [Torch] Checkpoint checkpoint-best_rehearsal is ready now!
[2023-08-22 23:04:30,654] [INFO] [torch_checkpoint_engine.py:29:commit] [Torch] Checkpoint checkpoint-best_rehearsal is ready now!
[2023-08-22 23:04:30,654] [INFO] [torch_checkpoint_engine.py:29:commit] [Torch] Checkpoint checkpoint-best_rehearsal is ready now!
[2023-08-22 23:04:34,811] [INFO] [torch_checkpoint_engine.py:19:save] [Torch] Saved logs/ucf_10/36/checkpoint-best_rehearsal/mp_rank_00_model_states.pt.
[2023-08-22 23:04:34,812] [INFO] [torch_checkpoint_engine.py:29:commit] [Torch] Checkpoint checkpoint-best_rehearsal is ready now!
Max total accuracy: 58.75%
Rehearsal EPOCH: [9]  [0/7]  eta: 0:00:36  lr: 0.000028  min_lr: 0.000000  loss: 2.8608 (2.8608)  loss_scale: 4096.0000 (4096.0000)  weight_decay: 0.0500 (0.0500)  time: 5.2463  data: 3.8082  max mem: 5581
Rehearsal EPOCH: [9]  [6/7]  eta: 0:00:01  lr: 0.000005  min_lr: 0.000000  loss: 2.5022 (2.6192)  loss_scale: 4096.0000 (4096.0000)  weight_decay: 0.0500 (0.0500)  time: 1.6076  data: 0.5443  max mem: 5581
Rehearsal EPOCH: [9] Total time: 0:00:11 (1.6408 s / it)
Averaged stats: lr: 0.000005  min_lr: 0.000000  loss: 2.5022 (2.7586)  loss_scale: 4096.0000 (4096.0000)  weight_decay: 0.0500 (0.0500)
valid len dataloader task : 0 || len_loader 1
Val:  [0/1]  eta: 0:00:01  loss: 2.4485 (2.4485)  acc1: 38.8889 (38.8889)  acc5: 77.7778 (77.7778)  time: 1.6553  data: 1.2705  max mem: 5581
Val: Total time: 0:00:01 (1.7379 s / it)
Val: Current task task : 1/5
* Acc@1 48.611 Acc@5 86.111 loss 2.120
valid len dataloader task : 1 || len_loader 1
Val:  [0/1]  eta: 0:00:01  loss: 2.2126 (2.2126)  acc1: 58.8235 (58.8235)  acc5: 82.3529 (82.3529)  time: 1.5537  data: 1.2012  max mem: 5581
Val: Total time: 0:00:01 (1.6392 s / it)
Val: Current task task : 2/5
* Acc@1 56.618 Acc@5 83.824 loss 2.090
valid len dataloader task : 2 || len_loader 1
Val:  [0/1]  eta: 0:00:01  loss: 1.7308 (1.7308)  acc1: 66.6667 (66.6667)  acc5: 94.4444 (94.4444)  time: 1.5873  data: 1.2156  max mem: 5581
Val: Total time: 0:00:01 (1.6839 s / it)
Val: Current task task : 3/5
* Acc@1 65.278 Acc@5 92.361 loss 1.797
valid len dataloader task : 3 || len_loader 1
Val:  [0/1]  eta: 0:00:01  loss: 1.7952 (1.7952)  acc1: 62.5000 (62.5000)  acc5: 100.0000 (100.0000)  time: 1.4749  data: 1.1515  max mem: 5581
Val: Total time: 0:00:01 (1.5792 s / it)
Val: Current task task : 4/5
* Acc@1 58.594 Acc@5 96.875 loss 1.874
valid len dataloader task : 4 || len_loader 1
Val:  [0/1]  eta: 0:00:01  loss: 1.7429 (1.7429)  acc1: 81.2500 (81.2500)  acc5: 100.0000 (100.0000)  time: 1.4875  data: 1.1492  max mem: 5581
Val: Total time: 0:00:01 (1.5736 s / it)
Val: Current task task : 5/5
* Acc@1 68.750 Acc@5 96.875 loss 1.843
[VAL-REHEARSAL][10] TOTAL Accuracy of the network on the  val videos: 59.57%
[2023-08-22 23:04:55,036] [INFO] [logging.py:77:log_dist] [Rank 0] [Torch] Checkpoint checkpoint-best_rehearsal is begin to save!
[2023-08-22 23:04:55,038] [INFO] [torch_checkpoint_engine.py:29:commit] [Torch] Checkpoint checkpoint-best_rehearsal is ready now!
[2023-08-22 23:04:55,038] [INFO] [torch_checkpoint_engine.py:29:commit] [Torch] Checkpoint checkpoint-best_rehearsal is ready now!
[2023-08-22 23:04:55,038] [INFO] [torch_checkpoint_engine.py:29:commit] [Torch] Checkpoint checkpoint-best_rehearsal is ready now!
[2023-08-22 23:04:55,038] [INFO] [torch_checkpoint_engine.py:29:commit] [Torch] Checkpoint checkpoint-best_rehearsal is ready now!
[2023-08-22 23:04:55,038] [INFO] [torch_checkpoint_engine.py:29:commit] [Torch] Checkpoint checkpoint-best_rehearsal is ready now!
[2023-08-22 23:04:55,038] [INFO] [torch_checkpoint_engine.py:29:commit] [Torch] Checkpoint checkpoint-best_rehearsal is ready now!
[2023-08-22 23:04:55,039] [INFO] [torch_checkpoint_engine.py:29:commit] [Torch] Checkpoint checkpoint-best_rehearsal is ready now!
[2023-08-22 23:04:55,039] [INFO] [logging.py:77:log_dist] [Rank 0] Saving model checkpoint: logs/ucf_10/36/checkpoint-best_rehearsal/mp_rank_00_model_states.pt
[2023-08-22 23:04:55,039] [INFO] [torch_checkpoint_engine.py:17:save] [Torch] Saving logs/ucf_10/36/checkpoint-best_rehearsal/mp_rank_00_model_states.pt...
[2023-08-22 23:04:58,012] [INFO] [torch_checkpoint_engine.py:19:save] [Torch] Saved logs/ucf_10/36/checkpoint-best_rehearsal/mp_rank_00_model_states.pt.
[2023-08-22 23:04:58,012] [INFO] [torch_checkpoint_engine.py:29:commit] [Torch] Checkpoint checkpoint-best_rehearsal is ready now!
Max total accuracy: 59.57%
load best rehearsal model
<All keys matched successfully>
valid len dataloader task : 0 || len_loader 1
Val:  [0/1]  eta: 0:00:01  loss: 2.3623 (2.3623)  acc1: 44.4444 (44.4444)  acc5: 77.7778 (77.7778)  time: 1.6104  data: 1.2037  max mem: 5581
Val: Total time: 0:00:01 (1.7086 s / it)
Val: Current task task : 1/5
* Acc@1 47.917 Acc@5 88.194 loss 2.099
valid len dataloader task : 1 || len_loader 1
Val:  [0/1]  eta: 0:00:01  loss: 2.2052 (2.2052)  acc1: 64.7059 (64.7059)  acc5: 82.3529 (82.3529)  time: 1.5265  data: 1.1770  max mem: 5581
Val: Total time: 0:00:01 (1.6069 s / it)
Val: Current task task : 2/5
* Acc@1 57.353 Acc@5 84.559 loss 2.094
valid len dataloader task : 2 || len_loader 1
Val:  [0/1]  eta: 0:00:01  loss: 1.7825 (1.7825)  acc1: 55.5556 (55.5556)  acc5: 94.4444 (94.4444)  time: 1.5349  data: 1.1737  max mem: 5581
Val: Total time: 0:00:01 (1.5974 s / it)
Val: Current task task : 3/5
* Acc@1 65.972 Acc@5 94.444 loss 1.754
valid len dataloader task : 3 || len_loader 1
Val:  [0/1]  eta: 0:00:01  loss: 1.8298 (1.8298)  acc1: 62.5000 (62.5000)  acc5: 100.0000 (100.0000)  time: 1.3913  data: 1.0723  max mem: 5581
Val: Total time: 0:00:01 (1.4652 s / it)
Val: Current task task : 4/5
* Acc@1 58.594 Acc@5 96.875 loss 1.878
valid len dataloader task : 4 || len_loader 1
Val:  [0/1]  eta: 0:00:01  loss: 1.7604 (1.7604)  acc1: 75.0000 (75.0000)  acc5: 100.0000 (100.0000)  time: 1.4299  data: 1.1093  max mem: 5581
Val: Total time: 0:00:01 (1.5032 s / it)
Val: Current task task : 5/5
* Acc@1 68.750 Acc@5 97.656 loss 1.836
[TEST] Accuracy of the network on the  test videos: 59.72%
Training time 0:06:00
current task : 6 | train | Number of the class = 101
current task : 6 | validation | Number of the class = 101
current task : 6 | validation | Number of the class = 101
Sampler_train = <torch.utils.data.distributed.DistributedSampler object at 0x7f94b4400ed0>
Sampler_rehearsal = <torch.utils.data.distributed.DistributedSampler object at 0x7f94b4758a50>
Warning: Enabling distributed evaluation with an eval dataset not divisible by process number. This will slightly alter validation results as extra duplicate entries are added to achieve equal num of samples per-process.
Number of training examples = 922
Number of training training per epoch = 7
Number of rehearsal training examples = 1010
Number of rehearsal training training per epoch = 7
Use step level LR scheduler!
Set warmup steps = 35
Set warmup steps = 0
Max WD = 0.0500000, Min WD = 0.0500000
Use step level LR scheduler!
Set warmup steps = 35
Set warmup steps = 0
Max WD = 0.0500000, Min WD = 0.0500000
==================================================
==================================================
==================================================
==================================================
Current task index : 6/10
==================================================
==================================================
==================================================
==================================================
Start training for 10 epochs
TASK EPOCH: [0]  [0/7]  eta: 0:00:34  lr: 0.000000  min_lr: 0.000000  loss: 4.5890 (4.5890)  loss_scale: 4096.0000 (4096.0000)  weight_decay: 0.0500 (0.0500)  time: 4.9484  data: 3.8725  max mem: 5581
TASK EPOCH: [0]  [6/7]  eta: 0:00:01  lr: 0.000044  min_lr: 0.000000  loss: 4.5434 (4.5291)  loss_scale: 4096.0000 (4096.0000)  weight_decay: 0.0500 (0.0500)  time: 1.5638  data: 0.5536  max mem: 5581
TASK EPOCH: [0] Total time: 0:00:11 (1.5976 s / it)
Averaged stats: lr: 0.000044  min_lr: 0.000000  loss: 4.5434 (4.5275)  loss_scale: 4096.0000 (4096.0000)  weight_decay: 0.0500 (0.0500)
TASK EPOCH: [1]  [0/7]  eta: 0:00:36  lr: 0.000051  min_lr: 0.000000  loss: 4.3437 (4.3437)  loss_scale: 4096.0000 (4096.0000)  weight_decay: 0.0500 (0.0500)  time: 5.2098  data: 4.1500  max mem: 5581
TASK EPOCH: [1]  [6/7]  eta: 0:00:01  lr: 0.000096  min_lr: 0.000001  loss: 4.1722 (4.1327)  loss_scale: 4096.0000 (4096.0000)  weight_decay: 0.0500 (0.0500)  time: 1.6008  data: 0.5931  max mem: 5581
TASK EPOCH: [1] Total time: 0:00:11 (1.6346 s / it)
Averaged stats: lr: 0.000096  min_lr: 0.000001  loss: 4.1722 (4.1425)  loss_scale: 4096.0000 (4096.0000)  weight_decay: 0.0500 (0.0500)
TASK EPOCH: [2]  [0/7]  eta: 0:00:36  lr: 0.000103  min_lr: 0.000001  loss: 3.7961 (3.7961)  loss_scale: 4096.0000 (4096.0000)  weight_decay: 0.0500 (0.0500)  time: 5.2802  data: 4.0201  max mem: 5581
TASK EPOCH: [2]  [6/7]  eta: 0:00:01  lr: 0.000147  min_lr: 0.000001  loss: 3.3006 (3.3026)  loss_scale: 4096.0000 (4096.0000)  weight_decay: 0.0500 (0.0500)  time: 1.6100  data: 0.5746  max mem: 5581
TASK EPOCH: [2] Total time: 0:00:11 (1.6421 s / it)
Averaged stats: lr: 0.000147  min_lr: 0.000001  loss: 3.3006 (3.3290)  loss_scale: 4096.0000 (4096.0000)  weight_decay: 0.0500 (0.0500)
TASK EPOCH: [3]  [0/7]  eta: 0:00:35  lr: 0.000154  min_lr: 0.000001  loss: 2.5428 (2.5428)  loss_scale: 4096.0000 (4096.0000)  weight_decay: 0.0500 (0.0500)  time: 5.0015  data: 3.4119  max mem: 5581
TASK EPOCH: [3]  [6/7]  eta: 0:00:01  lr: 0.000199  min_lr: 0.000002  loss: 2.3577 (2.3682)  loss_scale: 4096.0000 (4096.0000)  weight_decay: 0.0500 (0.0500)  time: 1.5700  data: 0.4878  max mem: 5581
TASK EPOCH: [3] Total time: 0:00:11 (1.6016 s / it)
Averaged stats: lr: 0.000199  min_lr: 0.000002  loss: 2.3577 (2.3555)  loss_scale: 4096.0000 (4096.0000)  weight_decay: 0.0500 (0.0500)
TASK EPOCH: [4]  [0/7]  eta: 0:00:34  lr: 0.000206  min_lr: 0.000002  loss: 2.1352 (2.1352)  loss_scale: 4096.0000 (4096.0000)  weight_decay: 0.0500 (0.0500)  time: 4.9722  data: 2.8159  max mem: 5581
TASK EPOCH: [4]  [6/7]  eta: 0:00:01  lr: 0.000250  min_lr: 0.000002  loss: 2.1148 (2.0667)  loss_scale: 4096.0000 (4096.0000)  weight_decay: 0.0500 (0.0500)  time: 1.5647  data: 0.4027  max mem: 5581
TASK EPOCH: [4] Total time: 0:00:11 (1.5973 s / it)
Averaged stats: lr: 0.000250  min_lr: 0.000002  loss: 2.1148 (2.0580)  loss_scale: 4096.0000 (4096.0000)  weight_decay: 0.0500 (0.0500)
TASK EPOCH: [5]  [0/7]  eta: 0:00:35  lr: 0.000250  min_lr: 0.000002  loss: 2.0783 (2.0783)  loss_scale: 4096.0000 (4096.0000)  weight_decay: 0.0500 (0.0500)  time: 5.0060  data: 3.2619  max mem: 5581
TASK EPOCH: [5]  [6/7]  eta: 0:00:01  lr: 0.000233  min_lr: 0.000002  loss: 1.9856 (1.9566)  loss_scale: 4096.0000 (4096.0000)  weight_decay: 0.0500 (0.0500)  time: 1.5691  data: 0.4663  max mem: 5581
TASK EPOCH: [5] Total time: 0:00:11 (1.6024 s / it)
Averaged stats: lr: 0.000233  min_lr: 0.000002  loss: 1.9856 (1.9332)  loss_scale: 4096.0000 (4096.0000)  weight_decay: 0.0500 (0.0500)
TASK EPOCH: [6]  [0/7]  eta: 0:00:33  lr: 0.000227  min_lr: 0.000002  loss: 2.0090 (2.0090)  loss_scale: 4096.0000 (4096.0000)  weight_decay: 0.0500 (0.0500)  time: 4.8223  data: 3.7020  max mem: 5581
TASK EPOCH: [6]  [6/7]  eta: 0:00:01  lr: 0.000176  min_lr: 0.000002  loss: 2.1089 (2.1177)  loss_scale: 4096.0000 (4096.0000)  weight_decay: 0.0500 (0.0500)  time: 1.5432  data: 0.5293  max mem: 5581
TASK EPOCH: [6] Total time: 0:00:11 (1.5733 s / it)
Averaged stats: lr: 0.000176  min_lr: 0.000002  loss: 2.1089 (1.8893)  loss_scale: 4096.0000 (4096.0000)  weight_decay: 0.0500 (0.0500)
TASK EPOCH: [7]  [0/7]  eta: 0:00:35  lr: 0.000165  min_lr: 0.000002  loss: 1.8939 (1.8939)  loss_scale: 4096.0000 (4096.0000)  weight_decay: 0.0500 (0.0500)  time: 5.1157  data: 3.3304  max mem: 5581
TASK EPOCH: [7]  [6/7]  eta: 0:00:01  lr: 0.000100  min_lr: 0.000001  loss: 1.9218 (1.9091)  loss_scale: 4096.0000 (4096.0000)  weight_decay: 0.0500 (0.0500)  time: 1.5841  data: 0.4762  max mem: 5581
TASK EPOCH: [7] Total time: 0:00:11 (1.6178 s / it)
Averaged stats: lr: 0.000100  min_lr: 0.000001  loss: 1.9218 (1.8458)  loss_scale: 4096.0000 (4096.0000)  weight_decay: 0.0500 (0.0500)
TASK EPOCH: [8]  [0/7]  eta: 0:00:36  lr: 0.000090  min_lr: 0.000001  loss: 2.2805 (2.2805)  loss_scale: 4096.0000 (4096.0000)  weight_decay: 0.0500 (0.0500)  time: 5.2469  data: 3.4784  max mem: 5581
TASK EPOCH: [8]  [6/7]  eta: 0:00:01  lr: 0.000035  min_lr: 0.000000  loss: 1.8520 (1.7668)  loss_scale: 4096.0000 (4096.0000)  weight_decay: 0.0500 (0.0500)  time: 1.6029  data: 0.4973  max mem: 5581
TASK EPOCH: [8] Total time: 0:00:11 (1.6351 s / it)
Averaged stats: lr: 0.000035  min_lr: 0.000000  loss: 1.8520 (1.8052)  loss_scale: 4096.0000 (4096.0000)  weight_decay: 0.0500 (0.0500)
TASK EPOCH: [9]  [0/7]  eta: 0:00:35  lr: 0.000028  min_lr: 0.000000  loss: 1.7933 (1.7933)  loss_scale: 4096.0000 (4096.0000)  weight_decay: 0.0500 (0.0500)  time: 5.0890  data: 3.6953  max mem: 5581
TASK EPOCH: [9]  [6/7]  eta: 0:00:01  lr: 0.000005  min_lr: 0.000000  loss: 2.0137 (1.9180)  loss_scale: 4096.0000 (4096.0000)  weight_decay: 0.0500 (0.0500)  time: 1.5816  data: 0.5282  max mem: 5581
TASK EPOCH: [9] Total time: 0:00:11 (1.6140 s / it)
Averaged stats: lr: 0.000005  min_lr: 0.000000  loss: 2.0137 (1.8194)  loss_scale: 4096.0000 (4096.0000)  weight_decay: 0.0500 (0.0500)
--------------------
--------------------
start rehearsal training for 10 epochs 
Rehearsal EPOCH: [0]  [0/7]  eta: 0:00:36  lr: 0.000000  min_lr: 0.000000  loss: 5.4980 (5.4980)  loss_scale: 4096.0000 (4096.0000)  weight_decay: 0.0500 (0.0500)  time: 5.2680  data: 4.3856  max mem: 5581
Rehearsal EPOCH: [0]  [6/7]  eta: 0:00:01  lr: 0.000044  min_lr: 0.000000  loss: 5.3266 (5.0988)  loss_scale: 4096.0000 (4096.0000)  weight_decay: 0.0500 (0.0500)  time: 1.6068  data: 0.6268  max mem: 5581
Rehearsal EPOCH: [0] Total time: 0:00:11 (1.6397 s / it)
Averaged stats: lr: 0.000044  min_lr: 0.000000  loss: 5.3266 (5.4416)  loss_scale: 4096.0000 (4096.0000)  weight_decay: 0.0500 (0.0500)
valid len dataloader task : 0 || len_loader 1
Val:  [0/1]  eta: 0:00:01  loss: 5.3748 (5.3748)  acc1: 0.0000 (0.0000)  acc5: 11.1111 (11.1111)  time: 1.6055  data: 1.2232  max mem: 5581
Val: Total time: 0:00:01 (1.7013 s / it)
Val: Current task task : 1/6
* Acc@1 0.000 Acc@5 18.750 loss 5.181
valid len dataloader task : 1 || len_loader 1
Val:  [0/1]  eta: 0:00:01  loss: 4.9484 (4.9484)  acc1: 5.8824 (5.8824)  acc5: 17.6471 (17.6471)  time: 1.4847  data: 1.1452  max mem: 5581
Val: Total time: 0:00:01 (1.5477 s / it)
Val: Current task task : 2/6
* Acc@1 2.206 Acc@5 14.706 loss 4.898
valid len dataloader task : 2 || len_loader 1
Val:  [0/1]  eta: 0:00:01  loss: 4.7396 (4.7396)  acc1: 0.0000 (0.0000)  acc5: 22.2222 (22.2222)  time: 1.5514  data: 1.1968  max mem: 5581
Val: Total time: 0:00:01 (1.6136 s / it)
Val: Current task task : 3/6
* Acc@1 0.000 Acc@5 26.389 loss 4.721
valid len dataloader task : 3 || len_loader 1
Val:  [0/1]  eta: 0:00:01  loss: 5.5186 (5.5186)  acc1: 0.0000 (0.0000)  acc5: 6.2500 (6.2500)  time: 1.4363  data: 1.0961  max mem: 5581
Val: Total time: 0:00:01 (1.5255 s / it)
Val: Current task task : 4/6
* Acc@1 0.000 Acc@5 3.125 loss 5.642
valid len dataloader task : 4 || len_loader 1
Val:  [0/1]  eta: 0:00:01  loss: 5.3666 (5.3666)  acc1: 0.0000 (0.0000)  acc5: 6.2500 (6.2500)  time: 1.4275  data: 1.1088  max mem: 5581
Val: Total time: 0:00:01 (1.4983 s / it)
Val: Current task task : 5/6
* Acc@1 0.000 Acc@5 10.156 loss 5.344
valid len dataloader task : 5 || len_loader 1
Val:  [0/1]  eta: 0:00:01  loss: 0.4349 (0.4349)  acc1: 100.0000 (100.0000)  acc5: 100.0000 (100.0000)  time: 1.5057  data: 1.1692  max mem: 5581
Val: Total time: 0:00:01 (1.5688 s / it)
Val: Current task task : 6/6
* Acc@1 91.176 Acc@5 100.000 loss 0.510
[VAL-REHEARSAL][1] TOTAL Accuracy of the network on the  val videos: 15.56%
[2023-08-22 23:07:24,220] [INFO] [logging.py:77:log_dist] [Rank 0] [Torch] Checkpoint checkpoint-best_rehearsal is begin to save!
[2023-08-22 23:07:24,223] [INFO] [logging.py:77:log_dist] [Rank 0] Saving model checkpoint: logs/ucf_10/36/checkpoint-best_rehearsal/mp_rank_00_model_states.pt
[2023-08-22 23:07:24,223] [INFO] [torch_checkpoint_engine.py:29:commit] [Torch] Checkpoint checkpoint-best_rehearsal is ready now!
[2023-08-22 23:07:24,223] [INFO] [torch_checkpoint_engine.py:17:save] [Torch] Saving logs/ucf_10/36/checkpoint-best_rehearsal/mp_rank_00_model_states.pt...
[2023-08-22 23:07:24,223] [INFO] [torch_checkpoint_engine.py:29:commit] [Torch] Checkpoint checkpoint-best_rehearsal is ready now!
[2023-08-22 23:07:24,223] [INFO] [torch_checkpoint_engine.py:29:commit] [Torch] Checkpoint checkpoint-best_rehearsal is ready now!
[2023-08-22 23:07:24,223] [INFO] [torch_checkpoint_engine.py:29:commit] [Torch] Checkpoint checkpoint-best_rehearsal is ready now!
[2023-08-22 23:07:24,223] [INFO] [torch_checkpoint_engine.py:29:commit] [Torch] Checkpoint checkpoint-best_rehearsal is ready now!
[2023-08-22 23:07:24,223] [INFO] [torch_checkpoint_engine.py:29:commit] [Torch] Checkpoint checkpoint-best_rehearsal is ready now!
[2023-08-22 23:07:24,223] [INFO] [torch_checkpoint_engine.py:29:commit] [Torch] Checkpoint checkpoint-best_rehearsal is ready now!
[2023-08-22 23:07:27,477] [INFO] [torch_checkpoint_engine.py:19:save] [Torch] Saved logs/ucf_10/36/checkpoint-best_rehearsal/mp_rank_00_model_states.pt.
[2023-08-22 23:07:27,478] [INFO] [torch_checkpoint_engine.py:29:commit] [Torch] Checkpoint checkpoint-best_rehearsal is ready now!
Max total accuracy: 15.56%
Rehearsal EPOCH: [1]  [0/7]  eta: 0:00:35  lr: 0.000051  min_lr: 0.000000  loss: 4.5864 (4.5864)  loss_scale: 4096.0000 (4096.0000)  weight_decay: 0.0500 (0.0500)  time: 5.0296  data: 3.7999  max mem: 5581
[2023-08-22 23:07:33,673] [INFO] [fused_optimizer.py:394:_update_scale] No Grad overflow for 128 iterations
[2023-08-22 23:07:33,673] [INFO] [fused_optimizer.py:396:_update_scale] Increasing dynamic loss scale from 4096 to 8192
[2023-08-22 23:07:33,673] [INFO] [fused_optimizer.py:394:_update_scale] No Grad overflow for 128 iterations
[2023-08-22 23:07:33,673] [INFO] [fused_optimizer.py:394:_update_scale] No Grad overflow for 128 iterations
[2023-08-22 23:07:33,673] [INFO] [fused_optimizer.py:396:_update_scale] Increasing dynamic loss scale from 4096 to 8192
[2023-08-22 23:07:33,673] [INFO] [fused_optimizer.py:394:_update_scale] No Grad overflow for 128 iterations
[2023-08-22 23:07:33,673] [INFO] [fused_optimizer.py:394:_update_scale] No Grad overflow for 128 iterations
[2023-08-22 23:07:33,673] [INFO] [fused_optimizer.py:396:_update_scale] Increasing dynamic loss scale from 4096 to 8192
[2023-08-22 23:07:33,673] [INFO] [fused_optimizer.py:396:_update_scale] Increasing dynamic loss scale from 4096 to 8192
[2023-08-22 23:07:33,673] [INFO] [fused_optimizer.py:396:_update_scale] Increasing dynamic loss scale from 4096 to 8192
[2023-08-22 23:07:33,673] [INFO] [fused_optimizer.py:394:_update_scale] No Grad overflow for 128 iterations
[2023-08-22 23:07:33,673] [INFO] [fused_optimizer.py:396:_update_scale] Increasing dynamic loss scale from 4096 to 8192
[2023-08-22 23:07:33,673] [INFO] [fused_optimizer.py:394:_update_scale] No Grad overflow for 128 iterations
[2023-08-22 23:07:33,673] [INFO] [fused_optimizer.py:396:_update_scale] Increasing dynamic loss scale from 4096 to 8192
[2023-08-22 23:07:33,673] [INFO] [fused_optimizer.py:394:_update_scale] No Grad overflow for 128 iterations
[2023-08-22 23:07:33,674] [INFO] [fused_optimizer.py:396:_update_scale] Increasing dynamic loss scale from 4096 to 8192
[2023-08-22 23:07:35,670] [INFO] [fused_optimizer.py:383:_update_scale] 
Grad overflow on iteration 770
[2023-08-22 23:07:35,670] [INFO] [fused_optimizer.py:385:_update_scale] Reducing dynamic loss scale from 8192 to 4096.0
[2023-08-22 23:07:35,670] [INFO] [fused_optimizer.py:383:_update_scale] 
Grad overflow on iteration 770
[2023-08-22 23:07:35,670] [INFO] [fused_optimizer.py:383:_update_scale] 
Grad overflow on iteration 770
[2023-08-22 23:07:35,670] [INFO] [fused_optimizer.py:383:_update_scale] 
Grad overflow on iteration 770
[2023-08-22 23:07:35,670] [INFO] [fused_optimizer.py:383:_update_scale] 
Grad overflow on iteration 770
[2023-08-22 23:07:35,670] [INFO] [fused_optimizer.py:385:_update_scale] Reducing dynamic loss scale from 8192 to 4096.0
[2023-08-22 23:07:35,670] [INFO] [fused_optimizer.py:385:_update_scale] Reducing dynamic loss scale from 8192 to 4096.0
[2023-08-22 23:07:35,670] [INFO] [fused_optimizer.py:385:_update_scale] Reducing dynamic loss scale from 8192 to 4096.0
[2023-08-22 23:07:35,670] [INFO] [fused_optimizer.py:385:_update_scale] Reducing dynamic loss scale from 8192 to 4096.0
[2023-08-22 23:07:35,670] [INFO] [fused_optimizer.py:383:_update_scale] 
Grad overflow on iteration 770
[2023-08-22 23:07:35,670] [INFO] [logging.py:77:log_dist] [Rank 0] Overflow detected. Skipping step. Attempted loss scale: 8192, reducing to 4096.0
[2023-08-22 23:07:35,670] [INFO] [fused_optimizer.py:383:_update_scale] 
Grad overflow on iteration 770
[2023-08-22 23:07:35,670] [INFO] [fused_optimizer.py:385:_update_scale] Reducing dynamic loss scale from 8192 to 4096.0
[2023-08-22 23:07:35,670] [INFO] [fused_optimizer.py:385:_update_scale] Reducing dynamic loss scale from 8192 to 4096.0
[2023-08-22 23:07:35,671] [INFO] [fused_optimizer.py:383:_update_scale] 
Grad overflow on iteration 770
[2023-08-22 23:07:35,671] [INFO] [fused_optimizer.py:385:_update_scale] Reducing dynamic loss scale from 8192 to 4096.0
Rehearsal EPOCH: [1]  [6/7]  eta: 0:00:01  lr: 0.000096  min_lr: 0.000001  loss: 4.2618 (4.4334)  loss_scale: 4096.0000 (5266.2857)  weight_decay: 0.0500 (0.0500)  time: 1.5721  data: 0.5432  max mem: 5581
Rehearsal EPOCH: [1] Total time: 0:00:11 (1.6052 s / it)
Averaged stats: lr: 0.000096  min_lr: 0.000001  loss: 4.2618 (4.2935)  loss_scale: 4096.0000 (5266.2857)  weight_decay: 0.0500 (0.0500)
valid len dataloader task : 0 || len_loader 1
Val:  [0/1]  eta: 0:00:01  loss: 3.4225 (3.4225)  acc1: 0.0000 (0.0000)  acc5: 38.8889 (38.8889)  time: 1.5750  data: 1.2034  max mem: 5581
Val: Total time: 0:00:01 (1.6626 s / it)
Val: Current task task : 1/6
* Acc@1 3.472 Acc@5 52.083 loss 3.409
valid len dataloader task : 1 || len_loader 1
Val:  [0/1]  eta: 0:00:01  loss: 3.4360 (3.4360)  acc1: 17.6471 (17.6471)  acc5: 47.0588 (47.0588)  time: 1.5348  data: 1.1934  max mem: 5581
Val: Total time: 0:00:01 (1.6082 s / it)
Val: Current task task : 2/6
* Acc@1 17.647 Acc@5 55.147 loss 3.361
valid len dataloader task : 2 || len_loader 1
Val:  [0/1]  eta: 0:00:01  loss: 3.0745 (3.0745)  acc1: 27.7778 (27.7778)  acc5: 50.0000 (50.0000)  time: 1.5002  data: 1.1450  max mem: 5581
Val: Total time: 0:00:01 (1.5622 s / it)
Val: Current task task : 3/6
* Acc@1 20.833 Acc@5 49.306 loss 3.184
valid len dataloader task : 3 || len_loader 1
Val:  [0/1]  eta: 0:00:01  loss: 3.4587 (3.4587)  acc1: 12.5000 (12.5000)  acc5: 43.7500 (43.7500)  time: 1.4260  data: 1.1067  max mem: 5581
Val: Total time: 0:00:01 (1.4847 s / it)
Val: Current task task : 4/6
* Acc@1 2.344 Acc@5 44.531 loss 3.527
valid len dataloader task : 4 || len_loader 1
Val:  [0/1]  eta: 0:00:01  loss: 3.4952 (3.4952)  acc1: 0.0000 (0.0000)  acc5: 31.2500 (31.2500)  time: 1.4003  data: 1.0785  max mem: 5581
Val: Total time: 0:00:01 (1.4679 s / it)
Val: Current task task : 5/6
* Acc@1 1.562 Acc@5 50.781 loss 3.374
valid len dataloader task : 5 || len_loader 1
Val:  [0/1]  eta: 0:00:01  loss: 1.8447 (1.8447)  acc1: 64.7059 (64.7059)  acc5: 88.2353 (88.2353)  time: 1.4992  data: 1.1606  max mem: 5581
Val: Total time: 0:00:01 (1.5817 s / it)
Val: Current task task : 6/6
* Acc@1 63.971 Acc@5 88.971 loss 1.949
[VAL-REHEARSAL][2] TOTAL Accuracy of the network on the  val videos: 18.30%
[2023-08-22 23:07:49,284] [INFO] [logging.py:77:log_dist] [Rank 0] [Torch] Checkpoint checkpoint-best_rehearsal is begin to save!
[2023-08-22 23:07:49,286] [INFO] [torch_checkpoint_engine.py:29:commit] [Torch] Checkpoint checkpoint-best_rehearsal is ready now!
[2023-08-22 23:07:49,286] [INFO] [torch_checkpoint_engine.py:29:commit] [Torch] Checkpoint checkpoint-best_rehearsal is ready now!
[2023-08-22 23:07:49,286] [INFO] [torch_checkpoint_engine.py:29:commit] [Torch] Checkpoint checkpoint-best_rehearsal is ready now!
[2023-08-22 23:07:49,286] [INFO] [torch_checkpoint_engine.py:29:commit] [Torch] Checkpoint checkpoint-best_rehearsal is ready now!
[2023-08-22 23:07:49,287] [INFO] [torch_checkpoint_engine.py:29:commit] [Torch] Checkpoint checkpoint-best_rehearsal is ready now!
[2023-08-22 23:07:49,287] [INFO] [torch_checkpoint_engine.py:29:commit] [Torch] Checkpoint checkpoint-best_rehearsal is ready now!
[2023-08-22 23:07:49,287] [INFO] [logging.py:77:log_dist] [Rank 0] Saving model checkpoint: logs/ucf_10/36/checkpoint-best_rehearsal/mp_rank_00_model_states.pt
[2023-08-22 23:07:49,287] [INFO] [torch_checkpoint_engine.py:17:save] [Torch] Saving logs/ucf_10/36/checkpoint-best_rehearsal/mp_rank_00_model_states.pt...
[2023-08-22 23:07:49,287] [INFO] [torch_checkpoint_engine.py:29:commit] [Torch] Checkpoint checkpoint-best_rehearsal is ready now!
[2023-08-22 23:07:52,731] [INFO] [torch_checkpoint_engine.py:19:save] [Torch] Saved logs/ucf_10/36/checkpoint-best_rehearsal/mp_rank_00_model_states.pt.
[2023-08-22 23:07:52,731] [INFO] [torch_checkpoint_engine.py:29:commit] [Torch] Checkpoint checkpoint-best_rehearsal is ready now!
Max total accuracy: 18.30%
Rehearsal EPOCH: [2]  [0/7]  eta: 0:00:37  lr: 0.000103  min_lr: 0.000001  loss: 3.8276 (3.8276)  loss_scale: 4096.0000 (4096.0000)  weight_decay: 0.0500 (0.0500)  time: 5.3302  data: 4.1054  max mem: 5581
Rehearsal EPOCH: [2]  [6/7]  eta: 0:00:01  lr: 0.000147  min_lr: 0.000001  loss: 3.6336 (3.5955)  loss_scale: 4096.0000 (4096.0000)  weight_decay: 0.0500 (0.0500)  time: 1.6162  data: 0.5868  max mem: 5581
Rehearsal EPOCH: [2] Total time: 0:00:11 (1.6477 s / it)
Averaged stats: lr: 0.000147  min_lr: 0.000001  loss: 3.6336 (3.6479)  loss_scale: 4096.0000 (4096.0000)  weight_decay: 0.0500 (0.0500)
valid len dataloader task : 0 || len_loader 1
Val:  [0/1]  eta: 0:00:01  loss: 3.0599 (3.0599)  acc1: 16.6667 (16.6667)  acc5: 83.3333 (83.3333)  time: 1.5783  data: 1.2008  max mem: 5581
Val: Total time: 0:00:01 (1.6758 s / it)
Val: Current task task : 1/6
* Acc@1 28.472 Acc@5 70.139 loss 3.087
valid len dataloader task : 1 || len_loader 1
Val:  [0/1]  eta: 0:00:01  loss: 3.0819 (3.0819)  acc1: 41.1765 (41.1765)  acc5: 58.8235 (58.8235)  time: 1.5306  data: 1.1815  max mem: 5581
Val: Total time: 0:00:01 (1.6153 s / it)
Val: Current task task : 2/6
* Acc@1 33.088 Acc@5 64.706 loss 3.016
valid len dataloader task : 2 || len_loader 1
Val:  [0/1]  eta: 0:00:01  loss: 2.9113 (2.9113)  acc1: 44.4444 (44.4444)  acc5: 72.2222 (72.2222)  time: 1.5445  data: 1.1782  max mem: 5581
Val: Total time: 0:00:01 (1.5993 s / it)
Val: Current task task : 3/6
* Acc@1 40.972 Acc@5 72.917 loss 2.831
valid len dataloader task : 3 || len_loader 1
Val:  [0/1]  eta: 0:00:01  loss: 2.6795 (2.6795)  acc1: 31.2500 (31.2500)  acc5: 93.7500 (93.7500)  time: 1.4116  data: 1.0960  max mem: 5581
Val: Total time: 0:00:01 (1.4811 s / it)
Val: Current task task : 4/6
* Acc@1 42.969 Acc@5 87.500 loss 2.685
valid len dataloader task : 4 || len_loader 1
Val:  [0/1]  eta: 0:00:01  loss: 2.5795 (2.5795)  acc1: 62.5000 (62.5000)  acc5: 87.5000 (87.5000)  time: 1.4180  data: 1.1016  max mem: 5581
Val: Total time: 0:00:01 (1.5016 s / it)
Val: Current task task : 5/6
* Acc@1 54.688 Acc@5 89.062 loss 2.555
valid len dataloader task : 5 || len_loader 1
Val:  [0/1]  eta: 0:00:01  loss: 3.4898 (3.4898)  acc1: 29.4118 (29.4118)  acc5: 52.9412 (52.9412)  time: 1.5612  data: 1.1833  max mem: 5581
Val: Total time: 0:00:01 (1.6473 s / it)
Val: Current task task : 6/6
* Acc@1 19.118 Acc@5 46.324 loss 3.570
[VAL-REHEARSAL][3] TOTAL Accuracy of the network on the  val videos: 36.55%
[2023-08-22 23:08:14,789] [INFO] [logging.py:77:log_dist] [Rank 0] [Torch] Checkpoint checkpoint-best_rehearsal is begin to save!
[2023-08-22 23:08:14,792] [INFO] [torch_checkpoint_engine.py:29:commit] [Torch] Checkpoint checkpoint-best_rehearsal is ready now!
[2023-08-22 23:08:14,792] [INFO] [torch_checkpoint_engine.py:29:commit] [Torch] Checkpoint checkpoint-best_rehearsal is ready now!
[2023-08-22 23:08:14,792] [INFO] [torch_checkpoint_engine.py:29:commit] [Torch] Checkpoint checkpoint-best_rehearsal is ready now!
[2023-08-22 23:08:14,792] [INFO] [torch_checkpoint_engine.py:29:commit] [Torch] Checkpoint checkpoint-best_rehearsal is ready now!
[2023-08-22 23:08:14,792] [INFO] [torch_checkpoint_engine.py:29:commit] [Torch] Checkpoint checkpoint-best_rehearsal is ready now!
[2023-08-22 23:08:14,792] [INFO] [torch_checkpoint_engine.py:29:commit] [Torch] Checkpoint checkpoint-best_rehearsal is ready now!
[2023-08-22 23:08:14,792] [INFO] [logging.py:77:log_dist] [Rank 0] Saving model checkpoint: logs/ucf_10/36/checkpoint-best_rehearsal/mp_rank_00_model_states.pt
[2023-08-22 23:08:14,792] [INFO] [torch_checkpoint_engine.py:17:save] [Torch] Saving logs/ucf_10/36/checkpoint-best_rehearsal/mp_rank_00_model_states.pt...
[2023-08-22 23:08:14,792] [INFO] [torch_checkpoint_engine.py:29:commit] [Torch] Checkpoint checkpoint-best_rehearsal is ready now!
[2023-08-22 23:08:18,091] [INFO] [torch_checkpoint_engine.py:19:save] [Torch] Saved logs/ucf_10/36/checkpoint-best_rehearsal/mp_rank_00_model_states.pt.
[2023-08-22 23:08:18,092] [INFO] [torch_checkpoint_engine.py:29:commit] [Torch] Checkpoint checkpoint-best_rehearsal is ready now!
Max total accuracy: 36.55%
Rehearsal EPOCH: [3]  [0/7]  eta: 0:00:34  lr: 0.000154  min_lr: 0.000001  loss: 3.5915 (3.5915)  loss_scale: 4096.0000 (4096.0000)  weight_decay: 0.0500 (0.0500)  time: 4.9074  data: 3.6751  max mem: 5581
Rehearsal EPOCH: [3]  [6/7]  eta: 0:00:01  lr: 0.000199  min_lr: 0.000002  loss: 3.2736 (3.2674)  loss_scale: 4096.0000 (4096.0000)  weight_decay: 0.0500 (0.0500)  time: 1.5543  data: 0.5254  max mem: 5581
Rehearsal EPOCH: [3] Total time: 0:00:11 (1.5865 s / it)
Averaged stats: lr: 0.000199  min_lr: 0.000002  loss: 3.2736 (3.2969)  loss_scale: 4096.0000 (4096.0000)  weight_decay: 0.0500 (0.0500)
valid len dataloader task : 0 || len_loader 1
Val:  [0/1]  eta: 0:00:01  loss: 2.8764 (2.8764)  acc1: 27.7778 (27.7778)  acc5: 72.2222 (72.2222)  time: 1.5431  data: 1.1794  max mem: 5581
Val: Total time: 0:00:01 (1.6251 s / it)
Val: Current task task : 1/6
* Acc@1 25.000 Acc@5 77.778 loss 2.716
valid len dataloader task : 1 || len_loader 1
Val:  [0/1]  eta: 0:00:01  loss: 2.7838 (2.7838)  acc1: 23.5294 (23.5294)  acc5: 70.5882 (70.5882)  time: 1.5665  data: 1.2055  max mem: 5581
Val: Total time: 0:00:01 (1.6659 s / it)
Val: Current task task : 2/6
* Acc@1 25.000 Acc@5 73.529 loss 2.702
valid len dataloader task : 2 || len_loader 1
Val:  [0/1]  eta: 0:00:01  loss: 2.3662 (2.3662)  acc1: 44.4444 (44.4444)  acc5: 77.7778 (77.7778)  time: 1.5166  data: 1.1584  max mem: 5581
Val: Total time: 0:00:01 (1.5796 s / it)
Val: Current task task : 3/6
* Acc@1 40.278 Acc@5 80.556 loss 2.512
valid len dataloader task : 3 || len_loader 1
Val:  [0/1]  eta: 0:00:01  loss: 2.2821 (2.2821)  acc1: 43.7500 (43.7500)  acc5: 100.0000 (100.0000)  time: 1.4030  data: 1.0858  max mem: 5581
Val: Total time: 0:00:01 (1.4907 s / it)
Val: Current task task : 4/6
* Acc@1 36.719 Acc@5 94.531 loss 2.388
valid len dataloader task : 4 || len_loader 1
Val:  [0/1]  eta: 0:00:01  loss: 2.1529 (2.1529)  acc1: 43.7500 (43.7500)  acc5: 100.0000 (100.0000)  time: 1.4033  data: 1.0857  max mem: 5581
Val: Total time: 0:00:01 (1.4772 s / it)
Val: Current task task : 5/6
* Acc@1 57.812 Acc@5 100.000 loss 2.176
valid len dataloader task : 5 || len_loader 1
Val:  [0/1]  eta: 0:00:01  loss: 2.2099 (2.2099)  acc1: 64.7059 (64.7059)  acc5: 94.1176 (94.1176)  time: 1.4919  data: 1.1538  max mem: 5581
Val: Total time: 0:00:01 (1.5515 s / it)
Val: Current task task : 6/6
* Acc@1 55.147 Acc@5 96.324 loss 2.175
[VAL-REHEARSAL][4] TOTAL Accuracy of the network on the  val videos: 39.99%
[2023-08-22 23:08:39,620] [INFO] [logging.py:77:log_dist] [Rank 0] [Torch] Checkpoint checkpoint-best_rehearsal is begin to save!
[2023-08-22 23:08:39,623] [INFO] [torch_checkpoint_engine.py:29:commit] [Torch] Checkpoint checkpoint-best_rehearsal is ready now!
[2023-08-22 23:08:39,623] [INFO] [torch_checkpoint_engine.py:29:commit] [Torch] Checkpoint checkpoint-best_rehearsal is ready now!
[2023-08-22 23:08:39,623] [INFO] [torch_checkpoint_engine.py:29:commit] [Torch] Checkpoint checkpoint-best_rehearsal is ready now!
[2023-08-22 23:08:39,623] [INFO] [torch_checkpoint_engine.py:29:commit] [Torch] Checkpoint checkpoint-best_rehearsal is ready now!
[2023-08-22 23:08:39,623] [INFO] [torch_checkpoint_engine.py:29:commit] [Torch] Checkpoint checkpoint-best_rehearsal is ready now!
[2023-08-22 23:08:39,623] [INFO] [torch_checkpoint_engine.py:29:commit] [Torch] Checkpoint checkpoint-best_rehearsal is ready now!
[2023-08-22 23:08:39,624] [INFO] [logging.py:77:log_dist] [Rank 0] Saving model checkpoint: logs/ucf_10/36/checkpoint-best_rehearsal/mp_rank_00_model_states.pt
[2023-08-22 23:08:39,624] [INFO] [torch_checkpoint_engine.py:29:commit] [Torch] Checkpoint checkpoint-best_rehearsal is ready now!
[2023-08-22 23:08:39,624] [INFO] [torch_checkpoint_engine.py:17:save] [Torch] Saving logs/ucf_10/36/checkpoint-best_rehearsal/mp_rank_00_model_states.pt...
[2023-08-22 23:08:42,917] [INFO] [torch_checkpoint_engine.py:19:save] [Torch] Saved logs/ucf_10/36/checkpoint-best_rehearsal/mp_rank_00_model_states.pt.
[2023-08-22 23:08:42,918] [INFO] [torch_checkpoint_engine.py:29:commit] [Torch] Checkpoint checkpoint-best_rehearsal is ready now!
Max total accuracy: 39.99%
Rehearsal EPOCH: [4]  [0/7]  eta: 0:00:35  lr: 0.000206  min_lr: 0.000002  loss: 2.9937 (2.9937)  loss_scale: 4096.0000 (4096.0000)  weight_decay: 0.0500 (0.0500)  time: 5.1114  data: 4.1890  max mem: 5581
Rehearsal EPOCH: [4]  [6/7]  eta: 0:00:01  lr: 0.000250  min_lr: 0.000002  loss: 3.0469 (3.1724)  loss_scale: 4096.0000 (4096.0000)  weight_decay: 0.0500 (0.0500)  time: 1.5899  data: 0.5988  max mem: 5581
Rehearsal EPOCH: [4] Total time: 0:00:11 (1.6248 s / it)
Averaged stats: lr: 0.000250  min_lr: 0.000002  loss: 3.0469 (3.1660)  loss_scale: 4096.0000 (4096.0000)  weight_decay: 0.0500 (0.0500)
valid len dataloader task : 0 || len_loader 1
Val:  [0/1]  eta: 0:00:01  loss: 2.6239 (2.6239)  acc1: 33.3333 (33.3333)  acc5: 83.3333 (83.3333)  time: 1.6587  data: 1.2801  max mem: 5581
Val: Total time: 0:00:01 (1.7410 s / it)
Val: Current task task : 1/6
* Acc@1 32.639 Acc@5 84.028 loss 2.488
valid len dataloader task : 1 || len_loader 1
Val:  [0/1]  eta: 0:00:01  loss: 2.5978 (2.5978)  acc1: 35.2941 (35.2941)  acc5: 70.5882 (70.5882)  time: 1.4831  data: 1.1406  max mem: 5581
Val: Total time: 0:00:01 (1.5659 s / it)
Val: Current task task : 2/6
* Acc@1 37.500 Acc@5 69.853 loss 2.509
valid len dataloader task : 2 || len_loader 1
Val:  [0/1]  eta: 0:00:01  loss: 2.2400 (2.2400)  acc1: 44.4444 (44.4444)  acc5: 83.3333 (83.3333)  time: 1.5672  data: 1.2116  max mem: 5581
Val: Total time: 0:00:01 (1.6458 s / it)
Val: Current task task : 3/6
* Acc@1 39.583 Acc@5 81.250 loss 2.326
valid len dataloader task : 3 || len_loader 1
Val:  [0/1]  eta: 0:00:01  loss: 2.2544 (2.2544)  acc1: 31.2500 (31.2500)  acc5: 87.5000 (87.5000)  time: 1.4125  data: 1.0928  max mem: 5581
Val: Total time: 0:00:01 (1.4768 s / it)
Val: Current task task : 4/6
* Acc@1 30.469 Acc@5 91.406 loss 2.309
valid len dataloader task : 4 || len_loader 1
Val:  [0/1]  eta: 0:00:01  loss: 2.1010 (2.1010)  acc1: 43.7500 (43.7500)  acc5: 100.0000 (100.0000)  time: 1.5526  data: 1.1847  max mem: 5581
Val: Total time: 0:00:01 (1.6629 s / it)
Val: Current task task : 5/6
* Acc@1 45.312 Acc@5 98.438 loss 2.177
valid len dataloader task : 5 || len_loader 1
Val:  [0/1]  eta: 0:00:01  loss: 1.7157 (1.7157)  acc1: 82.3529 (82.3529)  acc5: 100.0000 (100.0000)  time: 1.5100  data: 1.1710  max mem: 5581
Val: Total time: 0:00:01 (1.5797 s / it)
Val: Current task task : 6/6
* Acc@1 75.000 Acc@5 97.794 loss 1.757
[VAL-REHEARSAL][5] TOTAL Accuracy of the network on the  val videos: 43.42%
[2023-08-22 23:09:05,100] [INFO] [logging.py:77:log_dist] [Rank 0] [Torch] Checkpoint checkpoint-best_rehearsal is begin to save!
[2023-08-22 23:09:05,103] [INFO] [torch_checkpoint_engine.py:29:commit] [Torch] Checkpoint checkpoint-best_rehearsal is ready now!
[2023-08-22 23:09:05,103] [INFO] [torch_checkpoint_engine.py:29:commit] [Torch] Checkpoint checkpoint-best_rehearsal is ready now!
[2023-08-22 23:09:05,103] [INFO] [torch_checkpoint_engine.py:29:commit] [Torch] Checkpoint checkpoint-best_rehearsal is ready now!
[2023-08-22 23:09:05,103] [INFO] [torch_checkpoint_engine.py:29:commit] [Torch] Checkpoint checkpoint-best_rehearsal is ready now!
[2023-08-22 23:09:05,103] [INFO] [torch_checkpoint_engine.py:29:commit] [Torch] Checkpoint checkpoint-best_rehearsal is ready now!
[2023-08-22 23:09:05,103] [INFO] [logging.py:77:log_dist] [Rank 0] Saving model checkpoint: logs/ucf_10/36/checkpoint-best_rehearsal/mp_rank_00_model_states.pt
[2023-08-22 23:09:05,103] [INFO] [torch_checkpoint_engine.py:17:save] [Torch] Saving logs/ucf_10/36/checkpoint-best_rehearsal/mp_rank_00_model_states.pt...
[2023-08-22 23:09:05,103] [INFO] [torch_checkpoint_engine.py:29:commit] [Torch] Checkpoint checkpoint-best_rehearsal is ready now!
[2023-08-22 23:09:05,103] [INFO] [torch_checkpoint_engine.py:29:commit] [Torch] Checkpoint checkpoint-best_rehearsal is ready now!
[2023-08-22 23:09:08,349] [INFO] [torch_checkpoint_engine.py:19:save] [Torch] Saved logs/ucf_10/36/checkpoint-best_rehearsal/mp_rank_00_model_states.pt.
[2023-08-22 23:09:08,349] [INFO] [torch_checkpoint_engine.py:29:commit] [Torch] Checkpoint checkpoint-best_rehearsal is ready now!
Max total accuracy: 43.42%
Rehearsal EPOCH: [5]  [0/7]  eta: 0:00:37  lr: 0.000250  min_lr: 0.000002  loss: 3.1789 (3.1789)  loss_scale: 4096.0000 (4096.0000)  weight_decay: 0.0500 (0.0500)  time: 5.4198  data: 3.6478  max mem: 5581
Rehearsal EPOCH: [5]  [6/7]  eta: 0:00:01  lr: 0.000233  min_lr: 0.000002  loss: 3.1789 (3.1198)  loss_scale: 4096.0000 (4096.0000)  weight_decay: 0.0500 (0.0500)  time: 1.6280  data: 0.5214  max mem: 5581
Rehearsal EPOCH: [5] Total time: 0:00:11 (1.6606 s / it)
Averaged stats: lr: 0.000233  min_lr: 0.000002  loss: 3.1789 (3.1025)  loss_scale: 4096.0000 (4096.0000)  weight_decay: 0.0500 (0.0500)
valid len dataloader task : 0 || len_loader 1
Val:  [0/1]  eta: 0:00:01  loss: 2.4692 (2.4692)  acc1: 27.7778 (27.7778)  acc5: 88.8889 (88.8889)  time: 1.5689  data: 1.2110  max mem: 5581
Val: Total time: 0:00:01 (1.6520 s / it)
Val: Current task task : 1/6
* Acc@1 36.806 Acc@5 85.417 loss 2.342
valid len dataloader task : 1 || len_loader 1
Val:  [0/1]  eta: 0:00:01  loss: 2.4247 (2.4247)  acc1: 47.0588 (47.0588)  acc5: 76.4706 (76.4706)  time: 1.4939  data: 1.1574  max mem: 5581
Val: Total time: 0:00:01 (1.5709 s / it)
Val: Current task task : 2/6
* Acc@1 43.382 Acc@5 78.676 loss 2.325
valid len dataloader task : 2 || len_loader 1
Val:  [0/1]  eta: 0:00:01  loss: 2.0050 (2.0050)  acc1: 50.0000 (50.0000)  acc5: 88.8889 (88.8889)  time: 1.5507  data: 1.1944  max mem: 5581
Val: Total time: 0:00:01 (1.6107 s / it)
Val: Current task task : 3/6
* Acc@1 50.694 Acc@5 83.333 loss 2.083
valid len dataloader task : 3 || len_loader 1
Val:  [0/1]  eta: 0:00:01  loss: 2.0799 (2.0799)  acc1: 43.7500 (43.7500)  acc5: 87.5000 (87.5000)  time: 1.3969  data: 1.0804  max mem: 5581
Val: Total time: 0:00:01 (1.4666 s / it)
Val: Current task task : 4/6
* Acc@1 47.656 Acc@5 95.312 loss 2.088
valid len dataloader task : 4 || len_loader 1
Val:  [0/1]  eta: 0:00:01  loss: 2.0264 (2.0264)  acc1: 50.0000 (50.0000)  acc5: 100.0000 (100.0000)  time: 1.3984  data: 1.0829  max mem: 5581
Val: Total time: 0:00:01 (1.4641 s / it)
Val: Current task task : 5/6
* Acc@1 53.906 Acc@5 99.219 loss 2.074
valid len dataloader task : 5 || len_loader 1
Val:  [0/1]  eta: 0:00:01  loss: 1.6605 (1.6605)  acc1: 82.3529 (82.3529)  acc5: 100.0000 (100.0000)  time: 1.4981  data: 1.1609  max mem: 5581
Val: Total time: 0:00:01 (1.5724 s / it)
Val: Current task task : 6/6
* Acc@1 71.324 Acc@5 98.529 loss 1.777
[VAL-REHEARSAL][6] TOTAL Accuracy of the network on the  val videos: 50.63%
[2023-08-22 23:09:30,491] [INFO] [logging.py:77:log_dist] [Rank 0] [Torch] Checkpoint checkpoint-best_rehearsal is begin to save!
[2023-08-22 23:09:30,493] [INFO] [torch_checkpoint_engine.py:29:commit] [Torch] Checkpoint checkpoint-best_rehearsal is ready now!
[2023-08-22 23:09:30,493] [INFO] [torch_checkpoint_engine.py:29:commit] [Torch] Checkpoint checkpoint-best_rehearsal is ready now!
[2023-08-22 23:09:30,494] [INFO] [torch_checkpoint_engine.py:29:commit] [Torch] Checkpoint checkpoint-best_rehearsal is ready now!
[2023-08-22 23:09:30,494] [INFO] [torch_checkpoint_engine.py:29:commit] [Torch] Checkpoint checkpoint-best_rehearsal is ready now!
[2023-08-22 23:09:30,494] [INFO] [logging.py:77:log_dist] [Rank 0] Saving model checkpoint: logs/ucf_10/36/checkpoint-best_rehearsal/mp_rank_00_model_states.pt
[2023-08-22 23:09:30,494] [INFO] [torch_checkpoint_engine.py:17:save] [Torch] Saving logs/ucf_10/36/checkpoint-best_rehearsal/mp_rank_00_model_states.pt...
[2023-08-22 23:09:30,494] [INFO] [torch_checkpoint_engine.py:29:commit] [Torch] Checkpoint checkpoint-best_rehearsal is ready now!
[2023-08-22 23:09:30,494] [INFO] [torch_checkpoint_engine.py:29:commit] [Torch] Checkpoint checkpoint-best_rehearsal is ready now!
[2023-08-22 23:09:30,495] [INFO] [torch_checkpoint_engine.py:29:commit] [Torch] Checkpoint checkpoint-best_rehearsal is ready now!
[2023-08-22 23:09:33,541] [INFO] [torch_checkpoint_engine.py:19:save] [Torch] Saved logs/ucf_10/36/checkpoint-best_rehearsal/mp_rank_00_model_states.pt.
[2023-08-22 23:09:33,541] [INFO] [torch_checkpoint_engine.py:29:commit] [Torch] Checkpoint checkpoint-best_rehearsal is ready now!
Max total accuracy: 50.63%
Rehearsal EPOCH: [6]  [0/7]  eta: 0:00:36  lr: 0.000227  min_lr: 0.000002  loss: 2.7010 (2.7010)  loss_scale: 4096.0000 (4096.0000)  weight_decay: 0.0500 (0.0500)  time: 5.2226  data: 3.5592  max mem: 5581
Rehearsal EPOCH: [6]  [6/7]  eta: 0:00:01  lr: 0.000176  min_lr: 0.000002  loss: 2.7547 (2.8627)  loss_scale: 4096.0000 (4096.0000)  weight_decay: 0.0500 (0.0500)  time: 1.5970  data: 0.5087  max mem: 5581
Rehearsal EPOCH: [6] Total time: 0:00:11 (1.6298 s / it)
Averaged stats: lr: 0.000176  min_lr: 0.000002  loss: 2.7547 (2.9970)  loss_scale: 4096.0000 (4096.0000)  weight_decay: 0.0500 (0.0500)
valid len dataloader task : 0 || len_loader 1
Val:  [0/1]  eta: 0:00:01  loss: 2.3119 (2.3119)  acc1: 44.4444 (44.4444)  acc5: 83.3333 (83.3333)  time: 1.5664  data: 1.1999  max mem: 5581
Val: Total time: 0:00:01 (1.6645 s / it)
Val: Current task task : 1/6
* Acc@1 46.528 Acc@5 86.806 loss 2.208
valid len dataloader task : 1 || len_loader 1
Val:  [0/1]  eta: 0:00:01  loss: 2.2374 (2.2374)  acc1: 64.7059 (64.7059)  acc5: 82.3529 (82.3529)  time: 1.5760  data: 1.2228  max mem: 5581
Val: Total time: 0:00:01 (1.6668 s / it)
Val: Current task task : 2/6
* Acc@1 49.265 Acc@5 83.088 loss 2.182
valid len dataloader task : 2 || len_loader 1
Val:  [0/1]  eta: 0:00:01  loss: 1.9267 (1.9267)  acc1: 55.5556 (55.5556)  acc5: 83.3333 (83.3333)  time: 1.5401  data: 1.1832  max mem: 5581
Val: Total time: 0:00:01 (1.6187 s / it)
Val: Current task task : 3/6
* Acc@1 55.556 Acc@5 84.722 loss 1.975
valid len dataloader task : 3 || len_loader 1
Val:  [0/1]  eta: 0:00:01  loss: 1.8351 (1.8351)  acc1: 68.7500 (68.7500)  acc5: 100.0000 (100.0000)  time: 1.4214  data: 1.0953  max mem: 5581
Val: Total time: 0:00:01 (1.4848 s / it)
Val: Current task task : 4/6
* Acc@1 57.812 Acc@5 96.094 loss 1.939
valid len dataloader task : 4 || len_loader 1
Val:  [0/1]  eta: 0:00:01  loss: 1.9579 (1.9579)  acc1: 68.7500 (68.7500)  acc5: 100.0000 (100.0000)  time: 1.4243  data: 1.1078  max mem: 5581
Val: Total time: 0:00:01 (1.4976 s / it)
Val: Current task task : 5/6
* Acc@1 57.812 Acc@5 100.000 loss 2.054
valid len dataloader task : 5 || len_loader 1
Val:  [0/1]  eta: 0:00:01  loss: 1.6901 (1.6901)  acc1: 64.7059 (64.7059)  acc5: 100.0000 (100.0000)  time: 1.5201  data: 1.1769  max mem: 5581
Val: Total time: 0:00:01 (1.5889 s / it)
Val: Current task task : 6/6
* Acc@1 63.971 Acc@5 97.794 loss 1.834
[VAL-REHEARSAL][7] TOTAL Accuracy of the network on the  val videos: 55.16%
[2023-08-22 23:09:55,504] [INFO] [logging.py:77:log_dist] [Rank 0] [Torch] Checkpoint checkpoint-best_rehearsal is begin to save!
[2023-08-22 23:09:55,507] [INFO] [logging.py:77:log_dist] [Rank 0] Saving model checkpoint: logs/ucf_10/36/checkpoint-best_rehearsal/mp_rank_00_model_states.pt
[2023-08-22 23:09:55,507] [INFO] [torch_checkpoint_engine.py:29:commit] [Torch] Checkpoint checkpoint-best_rehearsal is ready now!
[2023-08-22 23:09:55,507] [INFO] [torch_checkpoint_engine.py:17:save] [Torch] Saving logs/ucf_10/36/checkpoint-best_rehearsal/mp_rank_00_model_states.pt...
[2023-08-22 23:09:55,507] [INFO] [torch_checkpoint_engine.py:29:commit] [Torch] Checkpoint checkpoint-best_rehearsal is ready now!
[2023-08-22 23:09:55,507] [INFO] [torch_checkpoint_engine.py:29:commit] [Torch] Checkpoint checkpoint-best_rehearsal is ready now!
[2023-08-22 23:09:55,507] [INFO] [torch_checkpoint_engine.py:29:commit] [Torch] Checkpoint checkpoint-best_rehearsal is ready now!
[2023-08-22 23:09:55,507] [INFO] [torch_checkpoint_engine.py:29:commit] [Torch] Checkpoint checkpoint-best_rehearsal is ready now!
[2023-08-22 23:09:55,507] [INFO] [torch_checkpoint_engine.py:29:commit] [Torch] Checkpoint checkpoint-best_rehearsal is ready now!
[2023-08-22 23:09:55,508] [INFO] [torch_checkpoint_engine.py:29:commit] [Torch] Checkpoint checkpoint-best_rehearsal is ready now!
[2023-08-22 23:09:58,849] [INFO] [torch_checkpoint_engine.py:19:save] [Torch] Saved logs/ucf_10/36/checkpoint-best_rehearsal/mp_rank_00_model_states.pt.
[2023-08-22 23:09:58,850] [INFO] [torch_checkpoint_engine.py:29:commit] [Torch] Checkpoint checkpoint-best_rehearsal is ready now!
Max total accuracy: 55.16%
Rehearsal EPOCH: [7]  [0/7]  eta: 0:00:32  lr: 0.000165  min_lr: 0.000002  loss: 2.6317 (2.6317)  loss_scale: 4096.0000 (4096.0000)  weight_decay: 0.0500 (0.0500)  time: 4.6373  data: 3.1907  max mem: 5581
Rehearsal EPOCH: [7]  [6/7]  eta: 0:00:01  lr: 0.000100  min_lr: 0.000001  loss: 2.8794 (2.9360)  loss_scale: 4096.0000 (4096.0000)  weight_decay: 0.0500 (0.0500)  time: 1.5183  data: 0.4561  max mem: 5581
Rehearsal EPOCH: [7] Total time: 0:00:10 (1.5509 s / it)
Averaged stats: lr: 0.000100  min_lr: 0.000001  loss: 2.8794 (2.9696)  loss_scale: 4096.0000 (4096.0000)  weight_decay: 0.0500 (0.0500)
valid len dataloader task : 0 || len_loader 1
Val:  [0/1]  eta: 0:00:01  loss: 2.2209 (2.2209)  acc1: 50.0000 (50.0000)  acc5: 88.8889 (88.8889)  time: 1.5878  data: 1.1944  max mem: 5581
Val: Total time: 0:00:01 (1.6896 s / it)
Val: Current task task : 1/6
* Acc@1 48.611 Acc@5 89.583 loss 2.106
valid len dataloader task : 1 || len_loader 1
Val:  [0/1]  eta: 0:00:01  loss: 2.1657 (2.1657)  acc1: 64.7059 (64.7059)  acc5: 82.3529 (82.3529)  time: 1.5338  data: 1.1924  max mem: 5581
Val: Total time: 0:00:01 (1.5975 s / it)
Val: Current task task : 2/6
* Acc@1 50.735 Acc@5 86.029 loss 2.123
valid len dataloader task : 2 || len_loader 1
Val:  [0/1]  eta: 0:00:01  loss: 1.8335 (1.8335)  acc1: 55.5556 (55.5556)  acc5: 88.8889 (88.8889)  time: 1.5338  data: 1.1549  max mem: 5581
Val: Total time: 0:00:01 (1.6098 s / it)
Val: Current task task : 3/6
* Acc@1 61.806 Acc@5 86.806 loss 1.907
valid len dataloader task : 3 || len_loader 1
Val:  [0/1]  eta: 0:00:01  loss: 1.8170 (1.8170)  acc1: 62.5000 (62.5000)  acc5: 93.7500 (93.7500)  time: 1.3754  data: 1.0586  max mem: 5581
Val: Total time: 0:00:01 (1.4329 s / it)
Val: Current task task : 4/6
* Acc@1 63.281 Acc@5 96.875 loss 1.847
valid len dataloader task : 4 || len_loader 1
Val:  [0/1]  eta: 0:00:01  loss: 1.8808 (1.8808)  acc1: 68.7500 (68.7500)  acc5: 100.0000 (100.0000)  time: 1.4111  data: 1.0924  max mem: 5581
Val: Total time: 0:00:01 (1.4729 s / it)
Val: Current task task : 5/6
* Acc@1 63.281 Acc@5 98.438 loss 2.007
valid len dataloader task : 5 || len_loader 1
Val:  [0/1]  eta: 0:00:01  loss: 1.7740 (1.7740)  acc1: 64.7059 (64.7059)  acc5: 100.0000 (100.0000)  time: 1.4886  data: 1.1521  max mem: 5581
Val: Total time: 0:00:01 (1.5583 s / it)
Val: Current task task : 6/6
* Acc@1 60.294 Acc@5 97.794 loss 1.873
[VAL-REHEARSAL][8] TOTAL Accuracy of the network on the  val videos: 58.00%
[2023-08-22 23:10:20,829] [INFO] [logging.py:77:log_dist] [Rank 0] [Torch] Checkpoint checkpoint-best_rehearsal is begin to save!
[2023-08-22 23:10:20,831] [INFO] [logging.py:77:log_dist] [Rank 0] Saving model checkpoint: logs/ucf_10/36/checkpoint-best_rehearsal/mp_rank_00_model_states.pt
[2023-08-22 23:10:20,831] [INFO] [torch_checkpoint_engine.py:17:save] [Torch] Saving logs/ucf_10/36/checkpoint-best_rehearsal/mp_rank_00_model_states.pt...
[2023-08-22 23:10:20,831] [INFO] [torch_checkpoint_engine.py:29:commit] [Torch] Checkpoint checkpoint-best_rehearsal is ready now!
[2023-08-22 23:10:20,832] [INFO] [torch_checkpoint_engine.py:29:commit] [Torch] Checkpoint checkpoint-best_rehearsal is ready now!
[2023-08-22 23:10:20,832] [INFO] [torch_checkpoint_engine.py:29:commit] [Torch] Checkpoint checkpoint-best_rehearsal is ready now!
[2023-08-22 23:10:20,832] [INFO] [torch_checkpoint_engine.py:29:commit] [Torch] Checkpoint checkpoint-best_rehearsal is ready now!
[2023-08-22 23:10:20,832] [INFO] [torch_checkpoint_engine.py:29:commit] [Torch] Checkpoint checkpoint-best_rehearsal is ready now!
[2023-08-22 23:10:20,832] [INFO] [torch_checkpoint_engine.py:29:commit] [Torch] Checkpoint checkpoint-best_rehearsal is ready now!
[2023-08-22 23:10:20,832] [INFO] [torch_checkpoint_engine.py:29:commit] [Torch] Checkpoint checkpoint-best_rehearsal is ready now!
[2023-08-22 23:10:24,108] [INFO] [torch_checkpoint_engine.py:19:save] [Torch] Saved logs/ucf_10/36/checkpoint-best_rehearsal/mp_rank_00_model_states.pt.
[2023-08-22 23:10:24,109] [INFO] [torch_checkpoint_engine.py:29:commit] [Torch] Checkpoint checkpoint-best_rehearsal is ready now!
Max total accuracy: 58.00%
Rehearsal EPOCH: [8]  [0/7]  eta: 0:00:35  lr: 0.000090  min_lr: 0.000001  loss: 3.4703 (3.4703)  loss_scale: 4096.0000 (4096.0000)  weight_decay: 0.0500 (0.0500)  time: 5.0906  data: 3.4214  max mem: 5581
Rehearsal EPOCH: [8]  [6/7]  eta: 0:00:01  lr: 0.000035  min_lr: 0.000000  loss: 2.9309 (2.8905)  loss_scale: 4096.0000 (4096.0000)  weight_decay: 0.0500 (0.0500)  time: 1.5799  data: 0.4890  max mem: 5581
Rehearsal EPOCH: [8] Total time: 0:00:11 (1.6122 s / it)
Averaged stats: lr: 0.000035  min_lr: 0.000000  loss: 2.9309 (2.9614)  loss_scale: 4096.0000 (4096.0000)  weight_decay: 0.0500 (0.0500)
valid len dataloader task : 0 || len_loader 1
Val:  [0/1]  eta: 0:00:01  loss: 2.2797 (2.2797)  acc1: 38.8889 (38.8889)  acc5: 83.3333 (83.3333)  time: 1.5687  data: 1.1949  max mem: 5581
Val: Total time: 0:00:01 (1.6453 s / it)
Val: Current task task : 1/6
* Acc@1 44.444 Acc@5 90.278 loss 2.122
valid len dataloader task : 1 || len_loader 1
Val:  [0/1]  eta: 0:00:01  loss: 2.1844 (2.1844)  acc1: 64.7059 (64.7059)  acc5: 82.3529 (82.3529)  time: 1.5992  data: 1.1991  max mem: 5581
Val: Total time: 0:00:01 (1.6939 s / it)
Val: Current task task : 2/6
* Acc@1 54.412 Acc@5 86.029 loss 2.120
valid len dataloader task : 2 || len_loader 1
Val:  [0/1]  eta: 0:00:01  loss: 1.8119 (1.8119)  acc1: 55.5556 (55.5556)  acc5: 88.8889 (88.8889)  time: 1.6141  data: 1.2152  max mem: 5581
Val: Total time: 0:00:01 (1.6957 s / it)
Val: Current task task : 3/6
* Acc@1 59.722 Acc@5 88.889 loss 1.876
valid len dataloader task : 3 || len_loader 1
Val:  [0/1]  eta: 0:00:01  loss: 1.7057 (1.7057)  acc1: 68.7500 (68.7500)  acc5: 100.0000 (100.0000)  time: 1.4365  data: 1.1157  max mem: 5581
Val: Total time: 0:00:01 (1.5377 s / it)
Val: Current task task : 4/6
* Acc@1 64.844 Acc@5 96.875 loss 1.815
valid len dataloader task : 4 || len_loader 1
Val:  [0/1]  eta: 0:00:01  loss: 1.9042 (1.9042)  acc1: 62.5000 (62.5000)  acc5: 100.0000 (100.0000)  time: 1.4310  data: 1.1065  max mem: 5581
Val: Total time: 0:00:01 (1.5068 s / it)
Val: Current task task : 5/6
* Acc@1 59.375 Acc@5 100.000 loss 1.986
valid len dataloader task : 5 || len_loader 1
Val:  [0/1]  eta: 0:00:01  loss: 1.6783 (1.6783)  acc1: 76.4706 (76.4706)  acc5: 100.0000 (100.0000)  time: 1.4802  data: 1.1415  max mem: 5581
Val: Total time: 0:00:01 (1.5581 s / it)
Val: Current task task : 6/6
* Acc@1 61.765 Acc@5 97.794 loss 1.873
[VAL-REHEARSAL][9] TOTAL Accuracy of the network on the  val videos: 57.43%
Max total accuracy: 58.00%
Rehearsal EPOCH: [9]  [0/7]  eta: 0:00:34  lr: 0.000028  min_lr: 0.000000  loss: 3.4092 (3.4092)  loss_scale: 4096.0000 (4096.0000)  weight_decay: 0.0500 (0.0500)  time: 4.9818  data: 3.7268  max mem: 5581
Rehearsal EPOCH: [9]  [6/7]  eta: 0:00:01  lr: 0.000005  min_lr: 0.000000  loss: 2.8389 (2.8538)  loss_scale: 4096.0000 (4096.0000)  weight_decay: 0.0500 (0.0500)  time: 1.5632  data: 0.5327  max mem: 5581
Rehearsal EPOCH: [9] Total time: 0:00:11 (1.5957 s / it)
Averaged stats: lr: 0.000005  min_lr: 0.000000  loss: 2.8389 (2.9245)  loss_scale: 4096.0000 (4096.0000)  weight_decay: 0.0500 (0.0500)
valid len dataloader task : 0 || len_loader 1
Val:  [0/1]  eta: 0:00:01  loss: 2.2084 (2.2084)  acc1: 50.0000 (50.0000)  acc5: 83.3333 (83.3333)  time: 1.5668  data: 1.1997  max mem: 5581
Val: Total time: 0:00:01 (1.6685 s / it)
Val: Current task task : 1/6
* Acc@1 48.611 Acc@5 90.278 loss 2.108
valid len dataloader task : 1 || len_loader 1
Val:  [0/1]  eta: 0:00:01  loss: 2.2218 (2.2218)  acc1: 64.7059 (64.7059)  acc5: 82.3529 (82.3529)  time: 1.5964  data: 1.2290  max mem: 5581
Val: Total time: 0:00:01 (1.6872 s / it)
Val: Current task task : 2/6
* Acc@1 52.206 Acc@5 86.029 loss 2.130
valid len dataloader task : 2 || len_loader 1
Val:  [0/1]  eta: 0:00:01  loss: 1.8351 (1.8351)  acc1: 55.5556 (55.5556)  acc5: 88.8889 (88.8889)  time: 1.5512  data: 1.1945  max mem: 5581
Val: Total time: 0:00:01 (1.6273 s / it)
Val: Current task task : 3/6
* Acc@1 57.639 Acc@5 88.889 loss 1.875
valid len dataloader task : 3 || len_loader 1
Val:  [0/1]  eta: 0:00:01  loss: 1.8385 (1.8385)  acc1: 62.5000 (62.5000)  acc5: 100.0000 (100.0000)  time: 1.4914  data: 1.1262  max mem: 5581
Val: Total time: 0:00:01 (1.5885 s / it)
Val: Current task task : 4/6
* Acc@1 61.719 Acc@5 98.438 loss 1.838
valid len dataloader task : 4 || len_loader 1
Val:  [0/1]  eta: 0:00:01  loss: 1.9345 (1.9345)  acc1: 62.5000 (62.5000)  acc5: 100.0000 (100.0000)  time: 1.3940  data: 1.0777  max mem: 5581
Val: Total time: 0:00:01 (1.4648 s / it)
Val: Current task task : 5/6
* Acc@1 61.719 Acc@5 100.000 loss 1.994
valid len dataloader task : 5 || len_loader 1
Val:  [0/1]  eta: 0:00:01  loss: 1.6608 (1.6608)  acc1: 82.3529 (82.3529)  acc5: 100.0000 (100.0000)  time: 1.4665  data: 1.1298  max mem: 5581
Val: Total time: 0:00:01 (1.5367 s / it)
Val: Current task task : 6/6
* Acc@1 62.500 Acc@5 97.794 loss 1.852
[VAL-REHEARSAL][10] TOTAL Accuracy of the network on the  val videos: 57.40%
Max total accuracy: 58.00%
load best rehearsal model
<All keys matched successfully>
valid len dataloader task : 0 || len_loader 1
Val:  [0/1]  eta: 0:00:01  loss: 2.2427 (2.2427)  acc1: 44.4444 (44.4444)  acc5: 88.8889 (88.8889)  time: 1.6399  data: 1.2691  max mem: 5581
Val: Total time: 0:00:01 (1.7310 s / it)
Val: Current task task : 1/6
* Acc@1 47.917 Acc@5 90.278 loss 2.131
valid len dataloader task : 1 || len_loader 1
Val:  [0/1]  eta: 0:00:01  loss: 2.1990 (2.1990)  acc1: 64.7059 (64.7059)  acc5: 82.3529 (82.3529)  time: 1.6481  data: 1.2646  max mem: 5581
Val: Total time: 0:00:01 (1.7552 s / it)
Val: Current task task : 2/6
* Acc@1 53.676 Acc@5 83.824 loss 2.125
valid len dataloader task : 2 || len_loader 1
Val:  [0/1]  eta: 0:00:01  loss: 1.9371 (1.9371)  acc1: 50.0000 (50.0000)  acc5: 88.8889 (88.8889)  time: 1.6959  data: 1.2595  max mem: 5581
Val: Total time: 0:00:01 (1.8008 s / it)
Val: Current task task : 3/6
* Acc@1 56.250 Acc@5 87.500 loss 1.918
valid len dataloader task : 3 || len_loader 1
Val:  [0/1]  eta: 0:00:01  loss: 1.8117 (1.8117)  acc1: 68.7500 (68.7500)  acc5: 100.0000 (100.0000)  time: 1.5172  data: 1.1665  max mem: 5581
Val: Total time: 0:00:01 (1.5885 s / it)
Val: Current task task : 4/6
* Acc@1 64.062 Acc@5 97.656 loss 1.844
valid len dataloader task : 4 || len_loader 1
Val:  [0/1]  eta: 0:00:01  loss: 1.8691 (1.8691)  acc1: 68.7500 (68.7500)  acc5: 100.0000 (100.0000)  time: 1.4774  data: 1.1487  max mem: 5581
Val: Total time: 0:00:01 (1.5692 s / it)
Val: Current task task : 5/6
* Acc@1 58.594 Acc@5 98.438 loss 2.006
valid len dataloader task : 5 || len_loader 1
Val:  [0/1]  eta: 0:00:01  loss: 1.7894 (1.7894)  acc1: 64.7059 (64.7059)  acc5: 100.0000 (100.0000)  time: 1.5367  data: 1.1966  max mem: 5581
Val: Total time: 0:00:01 (1.6222 s / it)
Val: Current task task : 6/6
* Acc@1 60.294 Acc@5 98.529 loss 1.859
[TEST] Accuracy of the network on the  test videos: 56.80%
Training time 0:06:11
current task : 7 | train | Number of the class = 101
current task : 7 | validation | Number of the class = 101
current task : 7 | validation | Number of the class = 101
Sampler_train = <torch.utils.data.distributed.DistributedSampler object at 0x7f94b42b6590>
Sampler_rehearsal = <torch.utils.data.distributed.DistributedSampler object at 0x7f9555ac0750>
Warning: Enabling distributed evaluation with an eval dataset not divisible by process number. This will slightly alter validation results as extra duplicate entries are added to achieve equal num of samples per-process.
Number of training examples = 966
Number of training training per epoch = 7
Number of rehearsal training examples = 1010
Number of rehearsal training training per epoch = 7
Use step level LR scheduler!
Set warmup steps = 35
Set warmup steps = 0
Max WD = 0.0500000, Min WD = 0.0500000
Use step level LR scheduler!
Set warmup steps = 35
Set warmup steps = 0
Max WD = 0.0500000, Min WD = 0.0500000
==================================================
==================================================
==================================================
==================================================
Current task index : 7/10
==================================================
==================================================
==================================================
==================================================
Start training for 10 epochs
[2023-08-22 23:11:25,787] [INFO] [fused_optimizer.py:383:_update_scale] 
Grad overflow on iteration 830
[2023-08-22 23:11:25,787] [INFO] [fused_optimizer.py:383:_update_scale] 
Grad overflow on iteration 830
[2023-08-22 23:11:25,787] [INFO] [fused_optimizer.py:385:_update_scale] Reducing dynamic loss scale from 4096.0 to 2048.0
[2023-08-22 23:11:25,787] [INFO] [fused_optimizer.py:385:_update_scale] Reducing dynamic loss scale from 4096.0 to 2048.0
[2023-08-22 23:11:25,787] [INFO] [fused_optimizer.py:383:_update_scale] 
Grad overflow on iteration 830
[2023-08-22 23:11:25,787] [INFO] [fused_optimizer.py:383:_update_scale] 
Grad overflow on iteration 830
[2023-08-22 23:11:25,787] [INFO] [fused_optimizer.py:385:_update_scale] Reducing dynamic loss scale from 4096.0 to 2048.0
[2023-08-22 23:11:25,787] [INFO] [fused_optimizer.py:383:_update_scale] 
Grad overflow on iteration 830
[2023-08-22 23:11:25,787] [INFO] [fused_optimizer.py:385:_update_scale] Reducing dynamic loss scale from 4096.0 to 2048.0
[2023-08-22 23:11:25,787] [INFO] [fused_optimizer.py:383:_update_scale] 
Grad overflow on iteration 830
[2023-08-22 23:11:25,787] [INFO] [fused_optimizer.py:385:_update_scale] Reducing dynamic loss scale from 4096.0 to 2048.0
[2023-08-22 23:11:25,787] [INFO] [fused_optimizer.py:385:_update_scale] Reducing dynamic loss scale from 4096.0 to 2048.0
[2023-08-22 23:11:25,787] [INFO] [fused_optimizer.py:383:_update_scale] 
Grad overflow on iteration 830
[2023-08-22 23:11:25,788] [INFO] [logging.py:77:log_dist] [Rank 0] Overflow detected. Skipping step. Attempted loss scale: 4096.0, reducing to 2048.0
[2023-08-22 23:11:25,788] [INFO] [fused_optimizer.py:385:_update_scale] Reducing dynamic loss scale from 4096.0 to 2048.0
[2023-08-22 23:11:25,787] [INFO] [fused_optimizer.py:383:_update_scale] 
Grad overflow on iteration 830
[2023-08-22 23:11:25,788] [INFO] [fused_optimizer.py:385:_update_scale] Reducing dynamic loss scale from 4096.0 to 2048.0
TASK EPOCH: [0]  [0/7]  eta: 0:00:35  lr: 0.000000  min_lr: 0.000000  loss: 4.7819 (4.7819)  loss_scale: 2048.0000 (2048.0000)  weight_decay: 0.0500 (0.0500)  time: 5.0769  data: 3.6125  max mem: 5581
TASK EPOCH: [0]  [6/7]  eta: 0:00:01  lr: 0.000044  min_lr: 0.000000  loss: 4.7819 (4.8086)  loss_scale: 2048.0000 (2048.0000)  weight_decay: 0.0500 (0.0500)  time: 1.5789  data: 0.5165  max mem: 5581
TASK EPOCH: [0] Total time: 0:00:11 (1.6127 s / it)
Averaged stats: lr: 0.000044  min_lr: 0.000000  loss: 4.7819 (4.7568)  loss_scale: 2048.0000 (2048.0000)  weight_decay: 0.0500 (0.0500)
TASK EPOCH: [1]  [0/7]  eta: 0:00:33  lr: 0.000051  min_lr: 0.000000  loss: 4.5761 (4.5761)  loss_scale: 2048.0000 (2048.0000)  weight_decay: 0.0500 (0.0500)  time: 4.8131  data: 3.7546  max mem: 5581
TASK EPOCH: [1]  [6/7]  eta: 0:00:01  lr: 0.000096  min_lr: 0.000001  loss: 4.4402 (4.3516)  loss_scale: 2048.0000 (2048.0000)  weight_decay: 0.0500 (0.0500)  time: 1.5386  data: 0.5369  max mem: 5581
TASK EPOCH: [1] Total time: 0:00:11 (1.5718 s / it)
Averaged stats: lr: 0.000096  min_lr: 0.000001  loss: 4.4402 (4.3674)  loss_scale: 2048.0000 (2048.0000)  weight_decay: 0.0500 (0.0500)
TASK EPOCH: [2]  [0/7]  eta: 0:00:33  lr: 0.000103  min_lr: 0.000001  loss: 3.8407 (3.8407)  loss_scale: 2048.0000 (2048.0000)  weight_decay: 0.0500 (0.0500)  time: 4.8493  data: 3.2624  max mem: 5581
TASK EPOCH: [2]  [6/7]  eta: 0:00:01  lr: 0.000147  min_lr: 0.000001  loss: 3.3469 (3.4469)  loss_scale: 2048.0000 (2048.0000)  weight_decay: 0.0500 (0.0500)  time: 1.5440  data: 0.4664  max mem: 5581
TASK EPOCH: [2] Total time: 0:00:11 (1.5778 s / it)
Averaged stats: lr: 0.000147  min_lr: 0.000001  loss: 3.3469 (3.4397)  loss_scale: 2048.0000 (2048.0000)  weight_decay: 0.0500 (0.0500)
TASK EPOCH: [3]  [0/7]  eta: 0:00:36  lr: 0.000154  min_lr: 0.000001  loss: 2.8846 (2.8846)  loss_scale: 2048.0000 (2048.0000)  weight_decay: 0.0500 (0.0500)  time: 5.1465  data: 4.2598  max mem: 5581
TASK EPOCH: [3]  [6/7]  eta: 0:00:01  lr: 0.000199  min_lr: 0.000002  loss: 2.4605 (2.4576)  loss_scale: 2048.0000 (2048.0000)  weight_decay: 0.0500 (0.0500)  time: 1.5875  data: 0.6090  max mem: 5581
TASK EPOCH: [3] Total time: 0:00:11 (1.6204 s / it)
Averaged stats: lr: 0.000199  min_lr: 0.000002  loss: 2.4605 (2.3956)  loss_scale: 2048.0000 (2048.0000)  weight_decay: 0.0500 (0.0500)
TASK EPOCH: [4]  [0/7]  eta: 0:00:36  lr: 0.000206  min_lr: 0.000002  loss: 2.2492 (2.2492)  loss_scale: 2048.0000 (2048.0000)  weight_decay: 0.0500 (0.0500)  time: 5.1692  data: 3.4269  max mem: 5581
TASK EPOCH: [4]  [6/7]  eta: 0:00:01  lr: 0.000250  min_lr: 0.000002  loss: 2.2075 (2.1097)  loss_scale: 2048.0000 (2048.0000)  weight_decay: 0.0500 (0.0500)  time: 1.5932  data: 0.4901  max mem: 5581
TASK EPOCH: [4] Total time: 0:00:11 (1.6269 s / it)
Averaged stats: lr: 0.000250  min_lr: 0.000002  loss: 2.2075 (2.1011)  loss_scale: 2048.0000 (2048.0000)  weight_decay: 0.0500 (0.0500)
TASK EPOCH: [5]  [0/7]  eta: 0:00:35  lr: 0.000250  min_lr: 0.000002  loss: 1.8175 (1.8175)  loss_scale: 2048.0000 (2048.0000)  weight_decay: 0.0500 (0.0500)  time: 5.1110  data: 4.2220  max mem: 5581
TASK EPOCH: [5]  [6/7]  eta: 0:00:01  lr: 0.000233  min_lr: 0.000002  loss: 1.9346 (1.9921)  loss_scale: 2048.0000 (2048.0000)  weight_decay: 0.0500 (0.0500)  time: 1.5840  data: 0.6036  max mem: 5581
TASK EPOCH: [5] Total time: 0:00:11 (1.6176 s / it)
Averaged stats: lr: 0.000233  min_lr: 0.000002  loss: 1.9346 (1.9765)  loss_scale: 2048.0000 (2048.0000)  weight_decay: 0.0500 (0.0500)
TASK EPOCH: [6]  [0/7]  eta: 0:00:34  lr: 0.000227  min_lr: 0.000002  loss: 1.9509 (1.9509)  loss_scale: 2048.0000 (2048.0000)  weight_decay: 0.0500 (0.0500)  time: 4.8847  data: 3.5856  max mem: 5581
TASK EPOCH: [6]  [6/7]  eta: 0:00:01  lr: 0.000176  min_lr: 0.000002  loss: 1.9509 (1.9417)  loss_scale: 2048.0000 (2048.0000)  weight_decay: 0.0500 (0.0500)  time: 1.5511  data: 0.5126  max mem: 5581
TASK EPOCH: [6] Total time: 0:00:11 (1.5858 s / it)
Averaged stats: lr: 0.000176  min_lr: 0.000002  loss: 1.9509 (1.9408)  loss_scale: 2048.0000 (2048.0000)  weight_decay: 0.0500 (0.0500)
TASK EPOCH: [7]  [0/7]  eta: 0:00:35  lr: 0.000165  min_lr: 0.000002  loss: 1.5173 (1.5173)  loss_scale: 2048.0000 (2048.0000)  weight_decay: 0.0500 (0.0500)  time: 5.0693  data: 3.3655  max mem: 5581
TASK EPOCH: [7]  [6/7]  eta: 0:00:01  lr: 0.000100  min_lr: 0.000001  loss: 2.1540 (1.9298)  loss_scale: 2048.0000 (2048.0000)  weight_decay: 0.0500 (0.0500)  time: 1.5796  data: 0.4812  max mem: 5581
TASK EPOCH: [7] Total time: 0:00:11 (1.6139 s / it)
Averaged stats: lr: 0.000100  min_lr: 0.000001  loss: 2.1540 (1.9608)  loss_scale: 2048.0000 (2048.0000)  weight_decay: 0.0500 (0.0500)
TASK EPOCH: [8]  [0/7]  eta: 0:00:34  lr: 0.000090  min_lr: 0.000001  loss: 1.8650 (1.8650)  loss_scale: 2048.0000 (2048.0000)  weight_decay: 0.0500 (0.0500)  time: 4.9630  data: 4.0715  max mem: 5581
TASK EPOCH: [8]  [6/7]  eta: 0:00:01  lr: 0.000035  min_lr: 0.000000  loss: 1.8650 (1.7537)  loss_scale: 2048.0000 (2048.0000)  weight_decay: 0.0500 (0.0500)  time: 1.5635  data: 0.5820  max mem: 5581
TASK EPOCH: [8] Total time: 0:00:11 (1.5970 s / it)
Averaged stats: lr: 0.000035  min_lr: 0.000000  loss: 1.8650 (1.8858)  loss_scale: 2048.0000 (2048.0000)  weight_decay: 0.0500 (0.0500)
TASK EPOCH: [9]  [0/7]  eta: 0:00:34  lr: 0.000028  min_lr: 0.000000  loss: 1.7567 (1.7567)  loss_scale: 2048.0000 (2048.0000)  weight_decay: 0.0500 (0.0500)  time: 4.9125  data: 4.0081  max mem: 5581
TASK EPOCH: [9]  [6/7]  eta: 0:00:01  lr: 0.000005  min_lr: 0.000000  loss: 1.7668 (1.7410)  loss_scale: 2048.0000 (2048.0000)  weight_decay: 0.0500 (0.0500)  time: 1.5551  data: 0.5730  max mem: 5581
TASK EPOCH: [9] Total time: 0:00:11 (1.5898 s / it)
Averaged stats: lr: 0.000005  min_lr: 0.000000  loss: 1.7668 (1.8253)  loss_scale: 2048.0000 (2048.0000)  weight_decay: 0.0500 (0.0500)
--------------------
--------------------
start rehearsal training for 10 epochs 
Rehearsal EPOCH: [0]  [0/7]  eta: 0:00:36  lr: 0.000000  min_lr: 0.000000  loss: 5.4193 (5.4193)  loss_scale: 2048.0000 (2048.0000)  weight_decay: 0.0500 (0.0500)  time: 5.2424  data: 4.3574  max mem: 5581
Rehearsal EPOCH: [0]  [6/7]  eta: 0:00:01  lr: 0.000044  min_lr: 0.000000  loss: 5.1163 (5.1700)  loss_scale: 2048.0000 (2048.0000)  weight_decay: 0.0500 (0.0500)  time: 1.6040  data: 0.6229  max mem: 5581
Rehearsal EPOCH: [0] Total time: 0:00:11 (1.6374 s / it)
Averaged stats: lr: 0.000044  min_lr: 0.000000  loss: 5.1163 (5.2947)  loss_scale: 2048.0000 (2048.0000)  weight_decay: 0.0500 (0.0500)
valid len dataloader task : 0 || len_loader 1
Val:  [0/1]  eta: 0:00:01  loss: 4.6483 (4.6483)  acc1: 5.5556 (5.5556)  acc5: 38.8889 (38.8889)  time: 1.6658  data: 1.2587  max mem: 5581
Val: Total time: 0:00:01 (1.7814 s / it)
Val: Current task task : 1/7
* Acc@1 6.944 Acc@5 46.528 loss 4.420
valid len dataloader task : 1 || len_loader 1
Val:  [0/1]  eta: 0:00:01  loss: 4.8348 (4.8348)  acc1: 0.0000 (0.0000)  acc5: 41.1765 (41.1765)  time: 1.6218  data: 1.2674  max mem: 5581
Val: Total time: 0:00:01 (1.6966 s / it)
Val: Current task task : 2/7
* Acc@1 0.735 Acc@5 44.853 loss 4.531
valid len dataloader task : 2 || len_loader 1
Val:  [0/1]  eta: 0:00:01  loss: 4.7280 (4.7280)  acc1: 0.0000 (0.0000)  acc5: 22.2222 (22.2222)  time: 1.6811  data: 1.2729  max mem: 5581
Val: Total time: 0:00:01 (1.7642 s / it)
Val: Current task task : 3/7
* Acc@1 2.778 Acc@5 30.556 loss 4.514
valid len dataloader task : 3 || len_loader 1
Val:  [0/1]  eta: 0:00:01  loss: 4.7617 (4.7617)  acc1: 0.0000 (0.0000)  acc5: 18.7500 (18.7500)  time: 1.4536  data: 1.1297  max mem: 5581
Val: Total time: 0:00:01 (1.5413 s / it)
Val: Current task task : 4/7
* Acc@1 0.000 Acc@5 25.781 loss 4.928
valid len dataloader task : 4 || len_loader 1
Val:  [0/1]  eta: 0:00:01  loss: 5.2488 (5.2488)  acc1: 0.0000 (0.0000)  acc5: 12.5000 (12.5000)  time: 1.4964  data: 1.1443  max mem: 5581
Val: Total time: 0:00:01 (1.6397 s / it)
Val: Current task task : 5/7
* Acc@1 0.000 Acc@5 24.219 loss 5.247
valid len dataloader task : 5 || len_loader 1
Val:  [0/1]  eta: 0:00:01  loss: 4.9967 (4.9967)  acc1: 0.0000 (0.0000)  acc5: 23.5294 (23.5294)  time: 1.6062  data: 1.2254  max mem: 5581
Val: Total time: 0:00:01 (1.7014 s / it)
Val: Current task task : 6/7
* Acc@1 0.000 Acc@5 20.588 loss 4.840
valid len dataloader task : 6 || len_loader 1
Val:  [0/1]  eta: 0:00:01  loss: 0.5078 (0.5078)  acc1: 88.8889 (88.8889)  acc5: 100.0000 (100.0000)  time: 1.6303  data: 1.2160  max mem: 5581
Val: Total time: 0:00:01 (1.7341 s / it)
Val: Current task task : 7/7
* Acc@1 85.417 Acc@5 100.000 loss 0.578
[VAL-REHEARSAL][1] TOTAL Accuracy of the network on the  val videos: 13.70%
[2023-08-22 23:13:36,721] [INFO] [logging.py:77:log_dist] [Rank 0] [Torch] Checkpoint checkpoint-best_rehearsal is begin to save!
[2023-08-22 23:13:36,723] [INFO] [logging.py:77:log_dist] [Rank 0] Saving model checkpoint: logs/ucf_10/36/checkpoint-best_rehearsal/mp_rank_00_model_states.pt
[2023-08-22 23:13:36,723] [INFO] [torch_checkpoint_engine.py:17:save] [Torch] Saving logs/ucf_10/36/checkpoint-best_rehearsal/mp_rank_00_model_states.pt...
[2023-08-22 23:13:36,723] [INFO] [torch_checkpoint_engine.py:29:commit] [Torch] Checkpoint checkpoint-best_rehearsal is ready now!
[2023-08-22 23:13:36,723] [INFO] [torch_checkpoint_engine.py:29:commit] [Torch] Checkpoint checkpoint-best_rehearsal is ready now!
[2023-08-22 23:13:36,724] [INFO] [torch_checkpoint_engine.py:29:commit] [Torch] Checkpoint checkpoint-best_rehearsal is ready now!
[2023-08-22 23:13:36,724] [INFO] [torch_checkpoint_engine.py:29:commit] [Torch] Checkpoint checkpoint-best_rehearsal is ready now!
[2023-08-22 23:13:36,724] [INFO] [torch_checkpoint_engine.py:29:commit] [Torch] Checkpoint checkpoint-best_rehearsal is ready now!
[2023-08-22 23:13:36,724] [INFO] [torch_checkpoint_engine.py:29:commit] [Torch] Checkpoint checkpoint-best_rehearsal is ready now!
[2023-08-22 23:13:36,724] [INFO] [torch_checkpoint_engine.py:29:commit] [Torch] Checkpoint checkpoint-best_rehearsal is ready now!
[2023-08-22 23:13:39,891] [INFO] [torch_checkpoint_engine.py:19:save] [Torch] Saved logs/ucf_10/36/checkpoint-best_rehearsal/mp_rank_00_model_states.pt.
[2023-08-22 23:13:39,892] [INFO] [torch_checkpoint_engine.py:29:commit] [Torch] Checkpoint checkpoint-best_rehearsal is ready now!
Max total accuracy: 13.70%
Rehearsal EPOCH: [1]  [0/7]  eta: 0:00:30  lr: 0.000051  min_lr: 0.000000  loss: 4.1424 (4.1424)  loss_scale: 2048.0000 (2048.0000)  weight_decay: 0.0500 (0.0500)  time: 4.3647  data: 3.4780  max mem: 5581
Rehearsal EPOCH: [1]  [6/7]  eta: 0:00:01  lr: 0.000096  min_lr: 0.000001  loss: 3.9845 (3.9925)  loss_scale: 2048.0000 (2048.0000)  weight_decay: 0.0500 (0.0500)  time: 1.4764  data: 0.4972  max mem: 5581
Rehearsal EPOCH: [1] Total time: 0:00:10 (1.5115 s / it)
Averaged stats: lr: 0.000096  min_lr: 0.000001  loss: 3.9845 (4.0292)  loss_scale: 2048.0000 (2048.0000)  weight_decay: 0.0500 (0.0500)
valid len dataloader task : 0 || len_loader 1
Val:  [0/1]  eta: 0:00:01  loss: 2.9810 (2.9810)  acc1: 27.7778 (27.7778)  acc5: 55.5556 (55.5556)  time: 1.5357  data: 1.1773  max mem: 5581
Val: Total time: 0:00:01 (1.6123 s / it)
Val: Current task task : 1/7
* Acc@1 31.944 Acc@5 61.111 loss 2.886
valid len dataloader task : 1 || len_loader 1
Val:  [0/1]  eta: 0:00:01  loss: 3.1315 (3.1315)  acc1: 23.5294 (23.5294)  acc5: 52.9412 (52.9412)  time: 1.5949  data: 1.2363  max mem: 5581
Val: Total time: 0:00:01 (1.6751 s / it)
Val: Current task task : 2/7
* Acc@1 25.000 Acc@5 58.088 loss 3.023
valid len dataloader task : 2 || len_loader 1
Val:  [0/1]  eta: 0:00:01  loss: 3.0302 (3.0302)  acc1: 27.7778 (27.7778)  acc5: 61.1111 (61.1111)  time: 1.6869  data: 1.2843  max mem: 5581
Val: Total time: 0:00:01 (1.7719 s / it)
Val: Current task task : 3/7
* Acc@1 27.778 Acc@5 53.472 loss 3.082
valid len dataloader task : 3 || len_loader 1
Val:  [0/1]  eta: 0:00:01  loss: 3.1087 (3.1087)  acc1: 25.0000 (25.0000)  acc5: 68.7500 (68.7500)  time: 1.4334  data: 1.1043  max mem: 5581
Val: Total time: 0:00:01 (1.5249 s / it)
Val: Current task task : 4/7
* Acc@1 24.219 Acc@5 67.969 loss 3.152
valid len dataloader task : 4 || len_loader 1
Val:  [0/1]  eta: 0:00:01  loss: 3.1407 (3.1407)  acc1: 18.7500 (18.7500)  acc5: 75.0000 (75.0000)  time: 1.5408  data: 1.1746  max mem: 5581
Val: Total time: 0:00:01 (1.6319 s / it)
Val: Current task task : 5/7
* Acc@1 16.406 Acc@5 59.375 loss 3.318
valid len dataloader task : 5 || len_loader 1
Val:  [0/1]  eta: 0:00:01  loss: 2.9833 (2.9833)  acc1: 29.4118 (29.4118)  acc5: 52.9412 (52.9412)  time: 1.5984  data: 1.2176  max mem: 5581
Val: Total time: 0:00:01 (1.6785 s / it)
Val: Current task task : 6/7
* Acc@1 30.147 Acc@5 65.441 loss 2.924
valid len dataloader task : 6 || len_loader 1
Val:  [0/1]  eta: 0:00:01  loss: 2.5601 (2.5601)  acc1: 38.8889 (38.8889)  acc5: 72.2222 (72.2222)  time: 1.6463  data: 1.2340  max mem: 5581
Val: Total time: 0:00:01 (1.7279 s / it)
Val: Current task task : 7/7
* Acc@1 46.528 Acc@5 72.222 loss 2.549
[VAL-REHEARSAL][2] TOTAL Accuracy of the network on the  val videos: 28.86%
[2023-08-22 23:14:03,695] [INFO] [logging.py:77:log_dist] [Rank 0] [Torch] Checkpoint checkpoint-best_rehearsal is begin to save!
[2023-08-22 23:14:03,697] [INFO] [logging.py:77:log_dist] [Rank 0] Saving model checkpoint: logs/ucf_10/36/checkpoint-best_rehearsal/mp_rank_00_model_states.pt
[2023-08-22 23:14:03,698] [INFO] [torch_checkpoint_engine.py:17:save] [Torch] Saving logs/ucf_10/36/checkpoint-best_rehearsal/mp_rank_00_model_states.pt...
[2023-08-22 23:14:03,698] [INFO] [torch_checkpoint_engine.py:29:commit] [Torch] Checkpoint checkpoint-best_rehearsal is ready now!
[2023-08-22 23:14:03,698] [INFO] [torch_checkpoint_engine.py:29:commit] [Torch] Checkpoint checkpoint-best_rehearsal is ready now!
[2023-08-22 23:14:03,698] [INFO] [torch_checkpoint_engine.py:29:commit] [Torch] Checkpoint checkpoint-best_rehearsal is ready now!
[2023-08-22 23:14:03,698] [INFO] [torch_checkpoint_engine.py:29:commit] [Torch] Checkpoint checkpoint-best_rehearsal is ready now!
[2023-08-22 23:14:03,698] [INFO] [torch_checkpoint_engine.py:29:commit] [Torch] Checkpoint checkpoint-best_rehearsal is ready now!
[2023-08-22 23:14:03,698] [INFO] [torch_checkpoint_engine.py:29:commit] [Torch] Checkpoint checkpoint-best_rehearsal is ready now!
[2023-08-22 23:14:03,698] [INFO] [torch_checkpoint_engine.py:29:commit] [Torch] Checkpoint checkpoint-best_rehearsal is ready now!
[2023-08-22 23:14:07,050] [INFO] [torch_checkpoint_engine.py:19:save] [Torch] Saved logs/ucf_10/36/checkpoint-best_rehearsal/mp_rank_00_model_states.pt.
[2023-08-22 23:14:07,050] [INFO] [torch_checkpoint_engine.py:29:commit] [Torch] Checkpoint checkpoint-best_rehearsal is ready now!
Max total accuracy: 28.86%
Rehearsal EPOCH: [2]  [0/7]  eta: 0:00:36  lr: 0.000103  min_lr: 0.000001  loss: 4.1868 (4.1868)  loss_scale: 2048.0000 (2048.0000)  weight_decay: 0.0500 (0.0500)  time: 5.1795  data: 4.0514  max mem: 5581
Rehearsal EPOCH: [2]  [6/7]  eta: 0:00:01  lr: 0.000147  min_lr: 0.000001  loss: 3.6948 (3.7778)  loss_scale: 2048.0000 (2048.0000)  weight_decay: 0.0500 (0.0500)  time: 1.5965  data: 0.5790  max mem: 5581
Rehearsal EPOCH: [2] Total time: 0:00:11 (1.6296 s / it)
Averaged stats: lr: 0.000147  min_lr: 0.000001  loss: 3.6948 (3.7808)  loss_scale: 2048.0000 (2048.0000)  weight_decay: 0.0500 (0.0500)
valid len dataloader task : 0 || len_loader 1
Val:  [0/1]  eta: 0:00:01  loss: 2.8066 (2.8066)  acc1: 33.3333 (33.3333)  acc5: 61.1111 (61.1111)  time: 1.6722  data: 1.2720  max mem: 5581
Val: Total time: 0:00:01 (1.7421 s / it)
Val: Current task task : 1/7
* Acc@1 38.194 Acc@5 65.972 loss 2.768
valid len dataloader task : 1 || len_loader 1
Val:  [0/1]  eta: 0:00:01  loss: 2.9754 (2.9754)  acc1: 35.2941 (35.2941)  acc5: 58.8235 (58.8235)  time: 1.6519  data: 1.3096  max mem: 5581
Val: Total time: 0:00:01 (1.7183 s / it)
Val: Current task task : 2/7
* Acc@1 38.235 Acc@5 53.676 loss 2.913
valid len dataloader task : 2 || len_loader 1
Val:  [0/1]  eta: 0:00:01  loss: 2.9623 (2.9623)  acc1: 44.4444 (44.4444)  acc5: 61.1111 (61.1111)  time: 1.5611  data: 1.1934  max mem: 5581
Val: Total time: 0:00:01 (1.6470 s / it)
Val: Current task task : 3/7
* Acc@1 40.278 Acc@5 59.028 loss 2.914
valid len dataloader task : 3 || len_loader 1
Val:  [0/1]  eta: 0:00:01  loss: 2.9233 (2.9233)  acc1: 25.0000 (25.0000)  acc5: 81.2500 (81.2500)  time: 1.4781  data: 1.1305  max mem: 5581
Val: Total time: 0:00:01 (1.5854 s / it)
Val: Current task task : 4/7
* Acc@1 28.125 Acc@5 80.469 loss 2.826
valid len dataloader task : 4 || len_loader 1
Val:  [0/1]  eta: 0:00:01  loss: 2.8591 (2.8591)  acc1: 25.0000 (25.0000)  acc5: 75.0000 (75.0000)  time: 1.4726  data: 1.1252  max mem: 5581
Val: Total time: 0:00:01 (1.5574 s / it)
Val: Current task task : 5/7
* Acc@1 28.125 Acc@5 71.875 loss 2.944
valid len dataloader task : 5 || len_loader 1
Val:  [0/1]  eta: 0:00:01  loss: 2.4882 (2.4882)  acc1: 35.2941 (35.2941)  acc5: 88.2353 (88.2353)  time: 1.6063  data: 1.2142  max mem: 5581
Val: Total time: 0:00:01 (1.7263 s / it)
Val: Current task task : 6/7
* Acc@1 50.000 Acc@5 82.353 loss 2.512
valid len dataloader task : 6 || len_loader 1
Val:  [0/1]  eta: 0:00:01  loss: 3.9449 (3.9449)  acc1: 11.1111 (11.1111)  acc5: 38.8889 (38.8889)  time: 1.5715  data: 1.1639  max mem: 5581
Val: Total time: 0:00:01 (1.6715 s / it)
Val: Current task task : 7/7
* Acc@1 12.500 Acc@5 38.194 loss 3.895
[VAL-REHEARSAL][3] TOTAL Accuracy of the network on the  val videos: 33.64%
[2023-08-22 23:14:30,800] [INFO] [logging.py:77:log_dist] [Rank 0] [Torch] Checkpoint checkpoint-best_rehearsal is begin to save!
[2023-08-22 23:14:30,803] [INFO] [torch_checkpoint_engine.py:29:commit] [Torch] Checkpoint checkpoint-best_rehearsal is ready now!
[2023-08-22 23:14:30,803] [INFO] [torch_checkpoint_engine.py:29:commit] [Torch] Checkpoint checkpoint-best_rehearsal is ready now!
[2023-08-22 23:14:30,803] [INFO] [torch_checkpoint_engine.py:29:commit] [Torch] Checkpoint checkpoint-best_rehearsal is ready now!
[2023-08-22 23:14:30,803] [INFO] [torch_checkpoint_engine.py:29:commit] [Torch] Checkpoint checkpoint-best_rehearsal is ready now!
[2023-08-22 23:14:30,803] [INFO] [torch_checkpoint_engine.py:29:commit] [Torch] Checkpoint checkpoint-best_rehearsal is ready now!
[2023-08-22 23:14:30,803] [INFO] [logging.py:77:log_dist] [Rank 0] Saving model checkpoint: logs/ucf_10/36/checkpoint-best_rehearsal/mp_rank_00_model_states.pt
[2023-08-22 23:14:30,803] [INFO] [torch_checkpoint_engine.py:29:commit] [Torch] Checkpoint checkpoint-best_rehearsal is ready now!
[2023-08-22 23:14:30,803] [INFO] [torch_checkpoint_engine.py:17:save] [Torch] Saving logs/ucf_10/36/checkpoint-best_rehearsal/mp_rank_00_model_states.pt...
[2023-08-22 23:14:30,803] [INFO] [torch_checkpoint_engine.py:29:commit] [Torch] Checkpoint checkpoint-best_rehearsal is ready now!
[2023-08-22 23:14:33,786] [INFO] [torch_checkpoint_engine.py:19:save] [Torch] Saved logs/ucf_10/36/checkpoint-best_rehearsal/mp_rank_00_model_states.pt.
[2023-08-22 23:14:33,786] [INFO] [torch_checkpoint_engine.py:29:commit] [Torch] Checkpoint checkpoint-best_rehearsal is ready now!
Max total accuracy: 33.64%
Rehearsal EPOCH: [3]  [0/7]  eta: 0:00:35  lr: 0.000154  min_lr: 0.000001  loss: 3.8318 (3.8318)  loss_scale: 2048.0000 (2048.0000)  weight_decay: 0.0500 (0.0500)  time: 5.0352  data: 3.7274  max mem: 5581
Rehearsal EPOCH: [3]  [6/7]  eta: 0:00:01  lr: 0.000199  min_lr: 0.000002  loss: 3.8318 (3.7222)  loss_scale: 2048.0000 (2048.0000)  weight_decay: 0.0500 (0.0500)  time: 1.5724  data: 0.5328  max mem: 5581
Rehearsal EPOCH: [3] Total time: 0:00:11 (1.6048 s / it)
Averaged stats: lr: 0.000199  min_lr: 0.000002  loss: 3.8318 (3.5611)  loss_scale: 2048.0000 (2048.0000)  weight_decay: 0.0500 (0.0500)
valid len dataloader task : 0 || len_loader 1
Val:  [0/1]  eta: 0:00:01  loss: 2.8287 (2.8287)  acc1: 27.7778 (27.7778)  acc5: 66.6667 (66.6667)  time: 1.6256  data: 1.2551  max mem: 5581
Val: Total time: 0:00:01 (1.7109 s / it)
Val: Current task task : 1/7
* Acc@1 36.111 Acc@5 75.000 loss 2.683
valid len dataloader task : 1 || len_loader 1
Val:  [0/1]  eta: 0:00:01  loss: 2.6372 (2.6372)  acc1: 47.0588 (47.0588)  acc5: 64.7059 (64.7059)  time: 1.5704  data: 1.2289  max mem: 5581
Val: Total time: 0:00:01 (1.6450 s / it)
Val: Current task task : 2/7
* Acc@1 41.912 Acc@5 63.235 loss 2.630
valid len dataloader task : 2 || len_loader 1
Val:  [0/1]  eta: 0:00:01  loss: 2.6096 (2.6096)  acc1: 44.4444 (44.4444)  acc5: 61.1111 (61.1111)  time: 1.6246  data: 1.2288  max mem: 5581
Val: Total time: 0:00:01 (1.7216 s / it)
Val: Current task task : 3/7
* Acc@1 44.444 Acc@5 73.611 loss 2.641
valid len dataloader task : 3 || len_loader 1
Val:  [0/1]  eta: 0:00:01  loss: 2.4957 (2.4957)  acc1: 43.7500 (43.7500)  acc5: 81.2500 (81.2500)  time: 1.4601  data: 1.1342  max mem: 5581
Val: Total time: 0:00:01 (1.5475 s / it)
Val: Current task task : 4/7
* Acc@1 37.500 Acc@5 84.375 loss 2.573
valid len dataloader task : 4 || len_loader 1
Val:  [0/1]  eta: 0:00:01  loss: 2.4340 (2.4340)  acc1: 50.0000 (50.0000)  acc5: 100.0000 (100.0000)  time: 1.4675  data: 1.1235  max mem: 5581
Val: Total time: 0:00:01 (1.5643 s / it)
Val: Current task task : 5/7
* Acc@1 48.438 Acc@5 90.625 loss 2.546
valid len dataloader task : 5 || len_loader 1
Val:  [0/1]  eta: 0:00:01  loss: 2.1624 (2.1624)  acc1: 47.0588 (47.0588)  acc5: 94.1176 (94.1176)  time: 1.5204  data: 1.1755  max mem: 5581
Val: Total time: 0:00:01 (1.5971 s / it)
Val: Current task task : 6/7
* Acc@1 53.676 Acc@5 95.588 loss 2.178
valid len dataloader task : 6 || len_loader 1
Val:  [0/1]  eta: 0:00:01  loss: 2.5398 (2.5398)  acc1: 33.3333 (33.3333)  acc5: 83.3333 (83.3333)  time: 1.5775  data: 1.1837  max mem: 5581
Val: Total time: 0:00:01 (1.6586 s / it)
Val: Current task task : 7/7
* Acc@1 39.583 Acc@5 79.861 loss 2.531
[VAL-REHEARSAL][4] TOTAL Accuracy of the network on the  val videos: 43.09%
[2023-08-22 23:14:57,462] [INFO] [logging.py:77:log_dist] [Rank 0] [Torch] Checkpoint checkpoint-best_rehearsal is begin to save!
[2023-08-22 23:14:57,464] [INFO] [torch_checkpoint_engine.py:29:commit] [Torch] Checkpoint checkpoint-best_rehearsal is ready now!
[2023-08-22 23:14:57,464] [INFO] [torch_checkpoint_engine.py:29:commit] [Torch] Checkpoint checkpoint-best_rehearsal is ready now!
[2023-08-22 23:14:57,465] [INFO] [torch_checkpoint_engine.py:29:commit] [Torch] Checkpoint checkpoint-best_rehearsal is ready now!
[2023-08-22 23:14:57,465] [INFO] [torch_checkpoint_engine.py:29:commit] [Torch] Checkpoint checkpoint-best_rehearsal is ready now!
[2023-08-22 23:14:57,465] [INFO] [torch_checkpoint_engine.py:29:commit] [Torch] Checkpoint checkpoint-best_rehearsal is ready now!
[2023-08-22 23:14:57,465] [INFO] [logging.py:77:log_dist] [Rank 0] Saving model checkpoint: logs/ucf_10/36/checkpoint-best_rehearsal/mp_rank_00_model_states.pt
[2023-08-22 23:14:57,465] [INFO] [torch_checkpoint_engine.py:29:commit] [Torch] Checkpoint checkpoint-best_rehearsal is ready now!
[2023-08-22 23:14:57,465] [INFO] [torch_checkpoint_engine.py:17:save] [Torch] Saving logs/ucf_10/36/checkpoint-best_rehearsal/mp_rank_00_model_states.pt...
[2023-08-22 23:14:57,465] [INFO] [torch_checkpoint_engine.py:29:commit] [Torch] Checkpoint checkpoint-best_rehearsal is ready now!
[2023-08-22 23:15:00,618] [INFO] [torch_checkpoint_engine.py:19:save] [Torch] Saved logs/ucf_10/36/checkpoint-best_rehearsal/mp_rank_00_model_states.pt.
[2023-08-22 23:15:00,618] [INFO] [torch_checkpoint_engine.py:29:commit] [Torch] Checkpoint checkpoint-best_rehearsal is ready now!
Max total accuracy: 43.09%
Rehearsal EPOCH: [4]  [0/7]  eta: 0:00:36  lr: 0.000206  min_lr: 0.000002  loss: 3.5811 (3.5811)  loss_scale: 2048.0000 (2048.0000)  weight_decay: 0.0500 (0.0500)  time: 5.2300  data: 3.9416  max mem: 5581
Rehearsal EPOCH: [4]  [6/7]  eta: 0:00:01  lr: 0.000250  min_lr: 0.000002  loss: 3.3199 (3.2794)  loss_scale: 2048.0000 (2048.0000)  weight_decay: 0.0500 (0.0500)  time: 1.5997  data: 0.5634  max mem: 5581
Rehearsal EPOCH: [4] Total time: 0:00:11 (1.6330 s / it)
Averaged stats: lr: 0.000250  min_lr: 0.000002  loss: 3.3199 (3.2728)  loss_scale: 2048.0000 (2048.0000)  weight_decay: 0.0500 (0.0500)
valid len dataloader task : 0 || len_loader 1
Val:  [0/1]  eta: 0:00:01  loss: 2.8823 (2.8823)  acc1: 27.7778 (27.7778)  acc5: 72.2222 (72.2222)  time: 1.6332  data: 1.2433  max mem: 5581
Val: Total time: 0:00:01 (1.7469 s / it)
Val: Current task task : 1/7
* Acc@1 30.556 Acc@5 70.139 loss 2.738
valid len dataloader task : 1 || len_loader 1
Val:  [0/1]  eta: 0:00:01  loss: 2.5649 (2.5649)  acc1: 41.1765 (41.1765)  acc5: 70.5882 (70.5882)  time: 1.6465  data: 1.2772  max mem: 5581
Val: Total time: 0:00:01 (1.7294 s / it)
Val: Current task task : 2/7
* Acc@1 33.824 Acc@5 69.118 loss 2.490
valid len dataloader task : 2 || len_loader 1
Val:  [0/1]  eta: 0:00:01  loss: 2.4327 (2.4327)  acc1: 44.4444 (44.4444)  acc5: 66.6667 (66.6667)  time: 1.6840  data: 1.2888  max mem: 5581
Val: Total time: 0:00:01 (1.7676 s / it)
Val: Current task task : 3/7
* Acc@1 41.667 Acc@5 81.250 loss 2.447
valid len dataloader task : 3 || len_loader 1
Val:  [0/1]  eta: 0:00:01  loss: 2.4125 (2.4125)  acc1: 31.2500 (31.2500)  acc5: 93.7500 (93.7500)  time: 1.4705  data: 1.1275  max mem: 5581
Val: Total time: 0:00:01 (1.5855 s / it)
Val: Current task task : 4/7
* Acc@1 34.375 Acc@5 89.062 loss 2.483
valid len dataloader task : 4 || len_loader 1
Val:  [0/1]  eta: 0:00:01  loss: 2.2997 (2.2997)  acc1: 43.7500 (43.7500)  acc5: 93.7500 (93.7500)  time: 1.4476  data: 1.1245  max mem: 5581
Val: Total time: 0:00:01 (1.5318 s / it)
Val: Current task task : 5/7
* Acc@1 35.938 Acc@5 94.531 loss 2.384
valid len dataloader task : 5 || len_loader 1
Val:  [0/1]  eta: 0:00:01  loss: 2.2018 (2.2018)  acc1: 47.0588 (47.0588)  acc5: 88.2353 (88.2353)  time: 1.5732  data: 1.1991  max mem: 5581
Val: Total time: 0:00:01 (1.6505 s / it)
Val: Current task task : 6/7
* Acc@1 54.412 Acc@5 94.118 loss 2.196
valid len dataloader task : 6 || len_loader 1
Val:  [0/1]  eta: 0:00:01  loss: 1.9627 (1.9627)  acc1: 66.6667 (66.6667)  acc5: 88.8889 (88.8889)  time: 1.5860  data: 1.1634  max mem: 5581
Val: Total time: 0:00:01 (1.6937 s / it)
Val: Current task task : 7/7
* Acc@1 68.750 Acc@5 93.056 loss 1.921
[VAL-REHEARSAL][5] TOTAL Accuracy of the network on the  val videos: 42.79%
Max total accuracy: 43.09%
Rehearsal EPOCH: [5]  [0/7]  eta: 0:00:36  lr: 0.000250  min_lr: 0.000002  loss: 2.3739 (2.3739)  loss_scale: 2048.0000 (2048.0000)  weight_decay: 0.0500 (0.0500)  time: 5.1725  data: 3.7359  max mem: 5581
Rehearsal EPOCH: [5]  [6/7]  eta: 0:00:01  lr: 0.000233  min_lr: 0.000002  loss: 3.1778 (3.1216)  loss_scale: 2048.0000 (2048.0000)  weight_decay: 0.0500 (0.0500)  time: 1.5931  data: 0.5341  max mem: 5581
Rehearsal EPOCH: [5] Total time: 0:00:11 (1.6275 s / it)
Averaged stats: lr: 0.000233  min_lr: 0.000002  loss: 3.1778 (3.1703)  loss_scale: 2048.0000 (2048.0000)  weight_decay: 0.0500 (0.0500)
valid len dataloader task : 0 || len_loader 1
Val:  [0/1]  eta: 0:00:01  loss: 2.7971 (2.7971)  acc1: 27.7778 (27.7778)  acc5: 72.2222 (72.2222)  time: 1.6533  data: 1.2848  max mem: 5581
Val: Total time: 0:00:01 (1.7361 s / it)
Val: Current task task : 1/7
* Acc@1 26.389 Acc@5 82.639 loss 2.598
valid len dataloader task : 1 || len_loader 1
Val:  [0/1]  eta: 0:00:01  loss: 2.4662 (2.4662)  acc1: 35.2941 (35.2941)  acc5: 76.4706 (76.4706)  time: 1.6117  data: 1.2415  max mem: 5581
Val: Total time: 0:00:01 (1.7060 s / it)
Val: Current task task : 2/7
* Acc@1 36.765 Acc@5 77.206 loss 2.346
valid len dataloader task : 2 || len_loader 1
Val:  [0/1]  eta: 0:00:01  loss: 2.1993 (2.1993)  acc1: 44.4444 (44.4444)  acc5: 77.7778 (77.7778)  time: 1.6786  data: 1.2688  max mem: 5581
Val: Total time: 0:00:01 (1.7571 s / it)
Val: Current task task : 3/7
* Acc@1 41.667 Acc@5 88.194 loss 2.222
valid len dataloader task : 3 || len_loader 1
Val:  [0/1]  eta: 0:00:01  loss: 2.2604 (2.2604)  acc1: 37.5000 (37.5000)  acc5: 93.7500 (93.7500)  time: 1.4836  data: 1.1502  max mem: 5581
Val: Total time: 0:00:01 (1.5917 s / it)
Val: Current task task : 4/7
* Acc@1 34.375 Acc@5 89.062 loss 2.371
valid len dataloader task : 4 || len_loader 1
Val:  [0/1]  eta: 0:00:01  loss: 2.2684 (2.2684)  acc1: 43.7500 (43.7500)  acc5: 100.0000 (100.0000)  time: 1.4952  data: 1.1395  max mem: 5581
Val: Total time: 0:00:01 (1.5835 s / it)
Val: Current task task : 5/7
* Acc@1 35.938 Acc@5 95.312 loss 2.323
valid len dataloader task : 5 || len_loader 1
Val:  [0/1]  eta: 0:00:01  loss: 2.0654 (2.0654)  acc1: 58.8235 (58.8235)  acc5: 88.2353 (88.2353)  time: 1.5040  data: 1.1617  max mem: 5581
Val: Total time: 0:00:01 (1.5758 s / it)
Val: Current task task : 6/7
* Acc@1 53.676 Acc@5 96.324 loss 2.085
valid len dataloader task : 6 || len_loader 1
Val:  [0/1]  eta: 0:00:01  loss: 1.8117 (1.8117)  acc1: 72.2222 (72.2222)  acc5: 94.4444 (94.4444)  time: 1.5696  data: 1.1832  max mem: 5581
Val: Total time: 0:00:01 (1.6572 s / it)
Val: Current task task : 7/7
* Acc@1 65.972 Acc@5 96.528 loss 1.819
[VAL-REHEARSAL][6] TOTAL Accuracy of the network on the  val videos: 42.11%
Max total accuracy: 43.09%
Rehearsal EPOCH: [6]  [0/7]  eta: 0:00:35  lr: 0.000227  min_lr: 0.000002  loss: 2.9275 (2.9275)  loss_scale: 2048.0000 (2048.0000)  weight_decay: 0.0500 (0.0500)  time: 5.0798  data: 2.9598  max mem: 5581
Rehearsal EPOCH: [6]  [6/7]  eta: 0:00:01  lr: 0.000176  min_lr: 0.000002  loss: 3.2207 (3.1957)  loss_scale: 2048.0000 (2048.0000)  weight_decay: 0.0500 (0.0500)  time: 1.5792  data: 0.4231  max mem: 5581
Rehearsal EPOCH: [6] Total time: 0:00:11 (1.6110 s / it)
Averaged stats: lr: 0.000176  min_lr: 0.000002  loss: 3.2207 (3.1924)  loss_scale: 2048.0000 (2048.0000)  weight_decay: 0.0500 (0.0500)
valid len dataloader task : 0 || len_loader 1
Val:  [0/1]  eta: 0:00:01  loss: 2.6508 (2.6508)  acc1: 27.7778 (27.7778)  acc5: 83.3333 (83.3333)  time: 1.5787  data: 1.2183  max mem: 5581
Val: Total time: 0:00:01 (1.6701 s / it)
Val: Current task task : 1/7
* Acc@1 38.889 Acc@5 90.972 loss 2.396
valid len dataloader task : 1 || len_loader 1
Val:  [0/1]  eta: 0:00:01  loss: 2.3074 (2.3074)  acc1: 47.0588 (47.0588)  acc5: 76.4706 (76.4706)  time: 1.5991  data: 1.2444  max mem: 5581
Val: Total time: 0:00:01 (1.6911 s / it)
Val: Current task task : 2/7
* Acc@1 42.647 Acc@5 79.412 loss 2.225
valid len dataloader task : 2 || len_loader 1
Val:  [0/1]  eta: 0:00:01  loss: 2.1258 (2.1258)  acc1: 44.4444 (44.4444)  acc5: 83.3333 (83.3333)  time: 1.5682  data: 1.2070  max mem: 5581
Val: Total time: 0:00:01 (1.6561 s / it)
Val: Current task task : 3/7
* Acc@1 47.222 Acc@5 90.972 loss 2.068
valid len dataloader task : 3 || len_loader 1
Val:  [0/1]  eta: 0:00:01  loss: 2.1041 (2.1041)  acc1: 50.0000 (50.0000)  acc5: 87.5000 (87.5000)  time: 1.4894  data: 1.1620  max mem: 5581
Val: Total time: 0:00:01 (1.5776 s / it)
Val: Current task task : 4/7
* Acc@1 46.875 Acc@5 94.531 loss 2.138
valid len dataloader task : 4 || len_loader 1
Val:  [0/1]  eta: 0:00:01  loss: 2.1824 (2.1824)  acc1: 43.7500 (43.7500)  acc5: 100.0000 (100.0000)  time: 1.5133  data: 1.1683  max mem: 5581
Val: Total time: 0:00:01 (1.6039 s / it)
Val: Current task task : 5/7
* Acc@1 41.406 Acc@5 96.094 loss 2.225
valid len dataloader task : 5 || len_loader 1
Val:  [0/1]  eta: 0:00:01  loss: 1.8748 (1.8748)  acc1: 64.7059 (64.7059)  acc5: 88.2353 (88.2353)  time: 1.5362  data: 1.1881  max mem: 5581
Val: Total time: 0:00:01 (1.6088 s / it)
Val: Current task task : 6/7
* Acc@1 55.882 Acc@5 92.647 loss 1.913
valid len dataloader task : 6 || len_loader 1
Val:  [0/1]  eta: 0:00:01  loss: 1.8777 (1.8777)  acc1: 72.2222 (72.2222)  acc5: 83.3333 (83.3333)  time: 1.5648  data: 1.1667  max mem: 5581
Val: Total time: 0:00:01 (1.6538 s / it)
Val: Current task task : 7/7
* Acc@1 61.111 Acc@5 90.278 loss 1.951
[VAL-REHEARSAL][7] TOTAL Accuracy of the network on the  val videos: 47.72%
[2023-08-22 23:16:11,806] [INFO] [logging.py:77:log_dist] [Rank 0] [Torch] Checkpoint checkpoint-best_rehearsal is begin to save!
[2023-08-22 23:16:11,809] [INFO] [torch_checkpoint_engine.py:29:commit] [Torch] Checkpoint checkpoint-best_rehearsal is ready now!
[2023-08-22 23:16:11,809] [INFO] [torch_checkpoint_engine.py:29:commit] [Torch] Checkpoint checkpoint-best_rehearsal is ready now!
[2023-08-22 23:16:11,809] [INFO] [torch_checkpoint_engine.py:29:commit] [Torch] Checkpoint checkpoint-best_rehearsal is ready now!
[2023-08-22 23:16:11,809] [INFO] [torch_checkpoint_engine.py:29:commit] [Torch] Checkpoint checkpoint-best_rehearsal is ready now!
[2023-08-22 23:16:11,809] [INFO] [logging.py:77:log_dist] [Rank 0] Saving model checkpoint: logs/ucf_10/36/checkpoint-best_rehearsal/mp_rank_00_model_states.pt
[2023-08-22 23:16:11,809] [INFO] [torch_checkpoint_engine.py:17:save] [Torch] Saving logs/ucf_10/36/checkpoint-best_rehearsal/mp_rank_00_model_states.pt...
[2023-08-22 23:16:11,809] [INFO] [torch_checkpoint_engine.py:29:commit] [Torch] Checkpoint checkpoint-best_rehearsal is ready now!
[2023-08-22 23:16:11,809] [INFO] [torch_checkpoint_engine.py:29:commit] [Torch] Checkpoint checkpoint-best_rehearsal is ready now!
[2023-08-22 23:16:11,810] [INFO] [torch_checkpoint_engine.py:29:commit] [Torch] Checkpoint checkpoint-best_rehearsal is ready now!
[2023-08-22 23:16:15,138] [INFO] [torch_checkpoint_engine.py:19:save] [Torch] Saved logs/ucf_10/36/checkpoint-best_rehearsal/mp_rank_00_model_states.pt.
[2023-08-22 23:16:15,139] [INFO] [torch_checkpoint_engine.py:29:commit] [Torch] Checkpoint checkpoint-best_rehearsal is ready now!
Max total accuracy: 47.72%
Rehearsal EPOCH: [7]  [0/7]  eta: 0:00:36  lr: 0.000165  min_lr: 0.000002  loss: 2.8116 (2.8116)  loss_scale: 2048.0000 (2048.0000)  weight_decay: 0.0500 (0.0500)  time: 5.2766  data: 3.3091  max mem: 5581
Rehearsal EPOCH: [7]  [6/7]  eta: 0:00:01  lr: 0.000100  min_lr: 0.000001  loss: 2.8801 (3.0250)  loss_scale: 2048.0000 (2048.0000)  weight_decay: 0.0500 (0.0500)  time: 1.6090  data: 0.4730  max mem: 5581
Rehearsal EPOCH: [7] Total time: 0:00:11 (1.6416 s / it)
Averaged stats: lr: 0.000100  min_lr: 0.000001  loss: 2.8801 (3.0862)  loss_scale: 2048.0000 (2048.0000)  weight_decay: 0.0500 (0.0500)
valid len dataloader task : 0 || len_loader 1
Val:  [0/1]  eta: 0:00:01  loss: 2.4161 (2.4161)  acc1: 38.8889 (38.8889)  acc5: 83.3333 (83.3333)  time: 1.6434  data: 1.2535  max mem: 5581
Val: Total time: 0:00:01 (1.7067 s / it)
Val: Current task task : 1/7
* Acc@1 43.750 Acc@5 93.056 loss 2.247
valid len dataloader task : 1 || len_loader 1
Val:  [0/1]  eta: 0:00:01  loss: 2.2730 (2.2730)  acc1: 52.9412 (52.9412)  acc5: 76.4706 (76.4706)  time: 1.5881  data: 1.2398  max mem: 5581
Val: Total time: 0:00:01 (1.6776 s / it)
Val: Current task task : 2/7
* Acc@1 46.324 Acc@5 80.147 loss 2.172
valid len dataloader task : 2 || len_loader 1
Val:  [0/1]  eta: 0:00:01  loss: 2.0051 (2.0051)  acc1: 44.4444 (44.4444)  acc5: 83.3333 (83.3333)  time: 1.5496  data: 1.1857  max mem: 5581
Val: Total time: 0:00:01 (1.6148 s / it)
Val: Current task task : 3/7
* Acc@1 47.917 Acc@5 93.056 loss 1.990
valid len dataloader task : 3 || len_loader 1
Val:  [0/1]  eta: 0:00:01  loss: 1.9717 (1.9717)  acc1: 62.5000 (62.5000)  acc5: 87.5000 (87.5000)  time: 1.4288  data: 1.1044  max mem: 5581
Val: Total time: 0:00:01 (1.5192 s / it)
Val: Current task task : 4/7
* Acc@1 52.344 Acc@5 95.312 loss 1.988
valid len dataloader task : 4 || len_loader 1
Val:  [0/1]  eta: 0:00:01  loss: 2.2105 (2.2105)  acc1: 43.7500 (43.7500)  acc5: 100.0000 (100.0000)  time: 1.5125  data: 1.1643  max mem: 5581
Val: Total time: 0:00:01 (1.5854 s / it)
Val: Current task task : 5/7
* Acc@1 48.438 Acc@5 96.875 loss 2.157
valid len dataloader task : 5 || len_loader 1
Val:  [0/1]  eta: 0:00:01  loss: 1.8443 (1.8443)  acc1: 64.7059 (64.7059)  acc5: 88.2353 (88.2353)  time: 1.6311  data: 1.2295  max mem: 5581
Val: Total time: 0:00:01 (1.7218 s / it)
Val: Current task task : 6/7
* Acc@1 56.618 Acc@5 94.853 loss 1.892
valid len dataloader task : 6 || len_loader 1
Val:  [0/1]  eta: 0:00:01  loss: 1.9991 (1.9991)  acc1: 55.5556 (55.5556)  acc5: 94.4444 (94.4444)  time: 1.5873  data: 1.1879  max mem: 5581
Val: Total time: 0:00:01 (1.6891 s / it)
Val: Current task task : 7/7
* Acc@1 52.778 Acc@5 93.056 loss 2.059
[VAL-REHEARSAL][8] TOTAL Accuracy of the network on the  val videos: 49.74%
[2023-08-22 23:16:38,945] [INFO] [logging.py:77:log_dist] [Rank 0] [Torch] Checkpoint checkpoint-best_rehearsal is begin to save!
[2023-08-22 23:16:38,947] [INFO] [torch_checkpoint_engine.py:29:commit] [Torch] Checkpoint checkpoint-best_rehearsal is ready now!
[2023-08-22 23:16:38,947] [INFO] [torch_checkpoint_engine.py:29:commit] [Torch] Checkpoint checkpoint-best_rehearsal is ready now!
[2023-08-22 23:16:38,948] [INFO] [torch_checkpoint_engine.py:29:commit] [Torch] Checkpoint checkpoint-best_rehearsal is ready now!
[2023-08-22 23:16:38,948] [INFO] [torch_checkpoint_engine.py:29:commit] [Torch] Checkpoint checkpoint-best_rehearsal is ready now!
[2023-08-22 23:16:38,948] [INFO] [torch_checkpoint_engine.py:29:commit] [Torch] Checkpoint checkpoint-best_rehearsal is ready now!
[2023-08-22 23:16:38,948] [INFO] [torch_checkpoint_engine.py:29:commit] [Torch] Checkpoint checkpoint-best_rehearsal is ready now!
[2023-08-22 23:16:38,948] [INFO] [torch_checkpoint_engine.py:29:commit] [Torch] Checkpoint checkpoint-best_rehearsal is ready now!
[2023-08-22 23:16:38,948] [INFO] [logging.py:77:log_dist] [Rank 0] Saving model checkpoint: logs/ucf_10/36/checkpoint-best_rehearsal/mp_rank_00_model_states.pt
[2023-08-22 23:16:38,948] [INFO] [torch_checkpoint_engine.py:17:save] [Torch] Saving logs/ucf_10/36/checkpoint-best_rehearsal/mp_rank_00_model_states.pt...
[2023-08-22 23:16:42,838] [INFO] [torch_checkpoint_engine.py:19:save] [Torch] Saved logs/ucf_10/36/checkpoint-best_rehearsal/mp_rank_00_model_states.pt.
[2023-08-22 23:16:42,838] [INFO] [torch_checkpoint_engine.py:29:commit] [Torch] Checkpoint checkpoint-best_rehearsal is ready now!
Max total accuracy: 49.74%
Rehearsal EPOCH: [8]  [0/7]  eta: 0:00:35  lr: 0.000090  min_lr: 0.000001  loss: 3.1264 (3.1264)  loss_scale: 2048.0000 (2048.0000)  weight_decay: 0.0500 (0.0500)  time: 5.0419  data: 3.4926  max mem: 5581
[2023-08-22 23:16:50,910] [INFO] [fused_optimizer.py:394:_update_scale] No Grad overflow for 128 iterations
[2023-08-22 23:16:50,910] [INFO] [fused_optimizer.py:396:_update_scale] Increasing dynamic loss scale from 2048.0 to 4096.0
[2023-08-22 23:16:50,910] [INFO] [fused_optimizer.py:394:_update_scale] No Grad overflow for 128 iterations
[2023-08-22 23:16:50,910] [INFO] [fused_optimizer.py:396:_update_scale] Increasing dynamic loss scale from 2048.0 to 4096.0
[2023-08-22 23:16:50,910] [INFO] [fused_optimizer.py:394:_update_scale] No Grad overflow for 128 iterations
[2023-08-22 23:16:50,910] [INFO] [fused_optimizer.py:396:_update_scale] Increasing dynamic loss scale from 2048.0 to 4096.0
[2023-08-22 23:16:50,910] [INFO] [fused_optimizer.py:394:_update_scale] No Grad overflow for 128 iterations
[2023-08-22 23:16:50,910] [INFO] [fused_optimizer.py:396:_update_scale] Increasing dynamic loss scale from 2048.0 to 4096.0
[2023-08-22 23:16:50,910] [INFO] [fused_optimizer.py:394:_update_scale] No Grad overflow for 128 iterations
[2023-08-22 23:16:50,910] [INFO] [fused_optimizer.py:394:_update_scale] No Grad overflow for 128 iterations
[2023-08-22 23:16:50,910] [INFO] [fused_optimizer.py:396:_update_scale] Increasing dynamic loss scale from 2048.0 to 4096.0
[2023-08-22 23:16:50,910] [INFO] [fused_optimizer.py:394:_update_scale] No Grad overflow for 128 iterations
[2023-08-22 23:16:50,910] [INFO] [fused_optimizer.py:396:_update_scale] Increasing dynamic loss scale from 2048.0 to 4096.0
[2023-08-22 23:16:50,910] [INFO] [fused_optimizer.py:396:_update_scale] Increasing dynamic loss scale from 2048.0 to 4096.0
[2023-08-22 23:16:50,912] [INFO] [fused_optimizer.py:394:_update_scale] No Grad overflow for 128 iterations
[2023-08-22 23:16:50,912] [INFO] [fused_optimizer.py:396:_update_scale] Increasing dynamic loss scale from 2048.0 to 4096.0
Rehearsal EPOCH: [8]  [6/7]  eta: 0:00:01  lr: 0.000035  min_lr: 0.000000  loss: 3.2332 (3.2831)  loss_scale: 4096.0000 (3218.2857)  weight_decay: 0.0500 (0.0500)  time: 1.5759  data: 0.4992  max mem: 5581
Rehearsal EPOCH: [8] Total time: 0:00:11 (1.6086 s / it)
Averaged stats: lr: 0.000035  min_lr: 0.000000  loss: 3.2332 (3.1653)  loss_scale: 4096.0000 (3218.2857)  weight_decay: 0.0500 (0.0500)
valid len dataloader task : 0 || len_loader 1
Val:  [0/1]  eta: 0:00:01  loss: 2.3938 (2.3938)  acc1: 44.4444 (44.4444)  acc5: 83.3333 (83.3333)  time: 1.6555  data: 1.2547  max mem: 5581
Val: Total time: 0:00:01 (1.7171 s / it)
Val: Current task task : 1/7
* Acc@1 45.139 Acc@5 92.361 loss 2.210
valid len dataloader task : 1 || len_loader 1
Val:  [0/1]  eta: 0:00:01  loss: 2.3028 (2.3028)  acc1: 52.9412 (52.9412)  acc5: 76.4706 (76.4706)  time: 1.6279  data: 1.2733  max mem: 5581
Val: Total time: 0:00:01 (1.7065 s / it)
Val: Current task task : 2/7
* Acc@1 50.735 Acc@5 81.618 loss 2.151
valid len dataloader task : 2 || len_loader 1
Val:  [0/1]  eta: 0:00:01  loss: 1.9803 (1.9803)  acc1: 44.4444 (44.4444)  acc5: 94.4444 (94.4444)  time: 1.6636  data: 1.2583  max mem: 5581
Val: Total time: 0:00:01 (1.7427 s / it)
Val: Current task task : 3/7
* Acc@1 51.389 Acc@5 93.056 loss 1.951
valid len dataloader task : 3 || len_loader 1
Val:  [0/1]  eta: 0:00:01  loss: 1.9461 (1.9461)  acc1: 50.0000 (50.0000)  acc5: 100.0000 (100.0000)  time: 1.4516  data: 1.1219  max mem: 5581
Val: Total time: 0:00:01 (1.5404 s / it)
Val: Current task task : 4/7
* Acc@1 51.562 Acc@5 95.312 loss 2.006
valid len dataloader task : 4 || len_loader 1
Val:  [0/1]  eta: 0:00:01  loss: 2.0655 (2.0655)  acc1: 56.2500 (56.2500)  acc5: 100.0000 (100.0000)  time: 1.5307  data: 1.1776  max mem: 5581
Val: Total time: 0:00:01 (1.5942 s / it)
Val: Current task task : 5/7
* Acc@1 53.125 Acc@5 99.219 loss 2.125
valid len dataloader task : 5 || len_loader 1
Val:  [0/1]  eta: 0:00:01  loss: 1.7534 (1.7534)  acc1: 70.5882 (70.5882)  acc5: 94.1176 (94.1176)  time: 1.4969  data: 1.1528  max mem: 5581
Val: Total time: 0:00:01 (1.5682 s / it)
Val: Current task task : 6/7
* Acc@1 61.029 Acc@5 94.118 loss 1.828
valid len dataloader task : 6 || len_loader 1
Val:  [0/1]  eta: 0:00:01  loss: 2.1802 (2.1802)  acc1: 55.5556 (55.5556)  acc5: 72.2222 (72.2222)  time: 1.6301  data: 1.1879  max mem: 5581
Val: Total time: 0:00:01 (1.7156 s / it)
Val: Current task task : 7/7
* Acc@1 54.167 Acc@5 88.194 loss 2.106
[VAL-REHEARSAL][9] TOTAL Accuracy of the network on the  val videos: 52.45%
[2023-08-22 23:17:06,446] [INFO] [logging.py:77:log_dist] [Rank 0] [Torch] Checkpoint checkpoint-best_rehearsal is begin to save!
[2023-08-22 23:17:06,449] [INFO] [torch_checkpoint_engine.py:29:commit] [Torch] Checkpoint checkpoint-best_rehearsal is ready now!
[2023-08-22 23:17:06,449] [INFO] [torch_checkpoint_engine.py:29:commit] [Torch] Checkpoint checkpoint-best_rehearsal is ready now!
[2023-08-22 23:17:06,449] [INFO] [logging.py:77:log_dist] [Rank 0] Saving model checkpoint: logs/ucf_10/36/checkpoint-best_rehearsal/mp_rank_00_model_states.pt
[2023-08-22 23:17:06,449] [INFO] [torch_checkpoint_engine.py:17:save] [Torch] Saving logs/ucf_10/36/checkpoint-best_rehearsal/mp_rank_00_model_states.pt...
[2023-08-22 23:17:06,449] [INFO] [torch_checkpoint_engine.py:29:commit] [Torch] Checkpoint checkpoint-best_rehearsal is ready now!
[2023-08-22 23:17:06,449] [INFO] [torch_checkpoint_engine.py:29:commit] [Torch] Checkpoint checkpoint-best_rehearsal is ready now!
[2023-08-22 23:17:06,449] [INFO] [torch_checkpoint_engine.py:29:commit] [Torch] Checkpoint checkpoint-best_rehearsal is ready now!
[2023-08-22 23:17:06,450] [INFO] [torch_checkpoint_engine.py:29:commit] [Torch] Checkpoint checkpoint-best_rehearsal is ready now!
[2023-08-22 23:17:06,450] [INFO] [torch_checkpoint_engine.py:29:commit] [Torch] Checkpoint checkpoint-best_rehearsal is ready now!
[2023-08-22 23:17:12,686] [INFO] [torch_checkpoint_engine.py:19:save] [Torch] Saved logs/ucf_10/36/checkpoint-best_rehearsal/mp_rank_00_model_states.pt.
[2023-08-22 23:17:12,687] [INFO] [torch_checkpoint_engine.py:29:commit] [Torch] Checkpoint checkpoint-best_rehearsal is ready now!
Max total accuracy: 52.45%
Rehearsal EPOCH: [9]  [0/7]  eta: 0:00:35  lr: 0.000028  min_lr: 0.000000  loss: 3.0939 (3.0939)  loss_scale: 4096.0000 (4096.0000)  weight_decay: 0.0500 (0.0500)  time: 5.0623  data: 4.0822  max mem: 5581
Rehearsal EPOCH: [9]  [6/7]  eta: 0:00:01  lr: 0.000005  min_lr: 0.000000  loss: 3.1655 (3.2218)  loss_scale: 4096.0000 (4096.0000)  weight_decay: 0.0500 (0.0500)  time: 1.5796  data: 0.5834  max mem: 5581
Rehearsal EPOCH: [9] Total time: 0:00:11 (1.6133 s / it)
Averaged stats: lr: 0.000005  min_lr: 0.000000  loss: 3.1655 (3.1971)  loss_scale: 4096.0000 (4096.0000)  weight_decay: 0.0500 (0.0500)
valid len dataloader task : 0 || len_loader 1
Val:  [0/1]  eta: 0:00:01  loss: 2.4521 (2.4521)  acc1: 38.8889 (38.8889)  acc5: 83.3333 (83.3333)  time: 1.6280  data: 1.2474  max mem: 5581
Val: Total time: 0:00:01 (1.7084 s / it)
Val: Current task task : 1/7
* Acc@1 43.750 Acc@5 92.361 loss 2.191
valid len dataloader task : 1 || len_loader 1
Val:  [0/1]  eta: 0:00:01  loss: 2.3281 (2.3281)  acc1: 52.9412 (52.9412)  acc5: 76.4706 (76.4706)  time: 1.5782  data: 1.2081  max mem: 5581
Val: Total time: 0:00:01 (1.6701 s / it)
Val: Current task task : 2/7
* Acc@1 51.471 Acc@5 80.882 loss 2.149
valid len dataloader task : 2 || len_loader 1
Val:  [0/1]  eta: 0:00:01  loss: 1.9706 (1.9706)  acc1: 44.4444 (44.4444)  acc5: 88.8889 (88.8889)  time: 1.7421  data: 1.3635  max mem: 5581
Val: Total time: 0:00:01 (1.8159 s / it)
Val: Current task task : 3/7
* Acc@1 50.694 Acc@5 93.056 loss 1.957
valid len dataloader task : 3 || len_loader 1
Val:  [0/1]  eta: 0:00:01  loss: 1.9597 (1.9597)  acc1: 56.2500 (56.2500)  acc5: 100.0000 (100.0000)  time: 1.4709  data: 1.1294  max mem: 5581
Val: Total time: 0:00:01 (1.5530 s / it)
Val: Current task task : 4/7
* Acc@1 54.688 Acc@5 94.531 loss 1.966
valid len dataloader task : 4 || len_loader 1
Val:  [0/1]  eta: 0:00:01  loss: 2.0408 (2.0408)  acc1: 56.2500 (56.2500)  acc5: 100.0000 (100.0000)  time: 1.4760  data: 1.1312  max mem: 5581
Val: Total time: 0:00:01 (1.5527 s / it)
Val: Current task task : 5/7
* Acc@1 57.031 Acc@5 99.219 loss 2.099
valid len dataloader task : 5 || len_loader 1
Val:  [0/1]  eta: 0:00:01  loss: 1.8190 (1.8190)  acc1: 70.5882 (70.5882)  acc5: 82.3529 (82.3529)  time: 1.5219  data: 1.1759  max mem: 5581
Val: Total time: 0:00:01 (1.5948 s / it)
Val: Current task task : 6/7
* Acc@1 56.618 Acc@5 94.853 loss 1.862
valid len dataloader task : 6 || len_loader 1
Val:  [0/1]  eta: 0:00:01  loss: 2.0088 (2.0088)  acc1: 66.6667 (66.6667)  acc5: 88.8889 (88.8889)  time: 1.6570  data: 1.2301  max mem: 5581
Val: Total time: 0:00:01 (1.7262 s / it)
Val: Current task task : 7/7
* Acc@1 54.861 Acc@5 90.278 loss 2.053
[VAL-REHEARSAL][10] TOTAL Accuracy of the network on the  val videos: 52.73%
[2023-08-22 23:17:36,254] [INFO] [logging.py:77:log_dist] [Rank 0] [Torch] Checkpoint checkpoint-best_rehearsal is begin to save!
[2023-08-22 23:17:36,257] [INFO] [torch_checkpoint_engine.py:29:commit] [Torch] Checkpoint checkpoint-best_rehearsal is ready now!
[2023-08-22 23:17:36,257] [INFO] [torch_checkpoint_engine.py:29:commit] [Torch] Checkpoint checkpoint-best_rehearsal is ready now!
[2023-08-22 23:17:36,257] [INFO] [torch_checkpoint_engine.py:29:commit] [Torch] Checkpoint checkpoint-best_rehearsal is ready now!
[2023-08-22 23:17:36,257] [INFO] [torch_checkpoint_engine.py:29:commit] [Torch] Checkpoint checkpoint-best_rehearsal is ready now!
[2023-08-22 23:17:36,257] [INFO] [torch_checkpoint_engine.py:29:commit] [Torch] Checkpoint checkpoint-best_rehearsal is ready now!
[2023-08-22 23:17:36,257] [INFO] [torch_checkpoint_engine.py:29:commit] [Torch] Checkpoint checkpoint-best_rehearsal is ready now!
[2023-08-22 23:17:36,257] [INFO] [logging.py:77:log_dist] [Rank 0] Saving model checkpoint: logs/ucf_10/36/checkpoint-best_rehearsal/mp_rank_00_model_states.pt
[2023-08-22 23:17:36,257] [INFO] [torch_checkpoint_engine.py:29:commit] [Torch] Checkpoint checkpoint-best_rehearsal is ready now!
[2023-08-22 23:17:36,257] [INFO] [torch_checkpoint_engine.py:17:save] [Torch] Saving logs/ucf_10/36/checkpoint-best_rehearsal/mp_rank_00_model_states.pt...
[2023-08-22 23:17:39,909] [INFO] [torch_checkpoint_engine.py:19:save] [Torch] Saved logs/ucf_10/36/checkpoint-best_rehearsal/mp_rank_00_model_states.pt.
[2023-08-22 23:17:39,910] [INFO] [torch_checkpoint_engine.py:29:commit] [Torch] Checkpoint checkpoint-best_rehearsal is ready now!
Max total accuracy: 52.73%
load best rehearsal model
<All keys matched successfully>
valid len dataloader task : 0 || len_loader 1
Val:  [0/1]  eta: 0:00:01  loss: 2.4116 (2.4116)  acc1: 38.8889 (38.8889)  acc5: 83.3333 (83.3333)  time: 1.6993  data: 1.3280  max mem: 5581
Val: Total time: 0:00:01 (1.7844 s / it)
Val: Current task task : 1/7
* Acc@1 46.528 Acc@5 90.972 loss 2.182
valid len dataloader task : 1 || len_loader 1
Val:  [0/1]  eta: 0:00:01  loss: 2.2862 (2.2862)  acc1: 52.9412 (52.9412)  acc5: 76.4706 (76.4706)  time: 1.6377  data: 1.2517  max mem: 5581
Val: Total time: 0:00:01 (1.7234 s / it)
Val: Current task task : 2/7
* Acc@1 52.941 Acc@5 78.676 loss 2.166
valid len dataloader task : 2 || len_loader 1
Val:  [0/1]  eta: 0:00:01  loss: 1.9847 (1.9847)  acc1: 44.4444 (44.4444)  acc5: 88.8889 (88.8889)  time: 1.6768  data: 1.2957  max mem: 5581
Val: Total time: 0:00:01 (1.7714 s / it)
Val: Current task task : 3/7
* Acc@1 50.000 Acc@5 92.361 loss 1.973
valid len dataloader task : 3 || len_loader 1
Val:  [0/1]  eta: 0:00:01  loss: 1.9379 (1.9379)  acc1: 56.2500 (56.2500)  acc5: 93.7500 (93.7500)  time: 1.5108  data: 1.1718  max mem: 5581
Val: Total time: 0:00:01 (1.5968 s / it)
Val: Current task task : 4/7
* Acc@1 54.688 Acc@5 95.312 loss 1.965
valid len dataloader task : 4 || len_loader 1
Val:  [0/1]  eta: 0:00:01  loss: 2.0340 (2.0340)  acc1: 56.2500 (56.2500)  acc5: 100.0000 (100.0000)  time: 1.5328  data: 1.1861  max mem: 5581
Val: Total time: 0:00:01 (1.6309 s / it)
Val: Current task task : 5/7
* Acc@1 54.688 Acc@5 97.656 loss 2.108
valid len dataloader task : 5 || len_loader 1
Val:  [0/1]  eta: 0:00:01  loss: 1.8136 (1.8136)  acc1: 64.7059 (64.7059)  acc5: 88.2353 (88.2353)  time: 1.5812  data: 1.2090  max mem: 5581
Val: Total time: 0:00:01 (1.6627 s / it)
Val: Current task task : 6/7
* Acc@1 59.559 Acc@5 94.118 loss 1.853
valid len dataloader task : 6 || len_loader 1
Val:  [0/1]  eta: 0:00:01  loss: 2.0092 (2.0092)  acc1: 61.1111 (61.1111)  acc5: 83.3333 (83.3333)  time: 1.6466  data: 1.2531  max mem: 5581
Val: Total time: 0:00:01 (1.7169 s / it)
Val: Current task task : 7/7
* Acc@1 52.083 Acc@5 88.889 loss 2.085
[TEST] Accuracy of the network on the  test videos: 52.93%
Training time 0:06:34
current task : 8 | train | Number of the class = 101
current task : 8 | validation | Number of the class = 101
current task : 8 | validation | Number of the class = 101
Sampler_train = <torch.utils.data.distributed.DistributedSampler object at 0x7f95557ab050>
Sampler_rehearsal = <torch.utils.data.distributed.DistributedSampler object at 0x7f9555ac0710>
Warning: Enabling distributed evaluation with an eval dataset not divisible by process number. This will slightly alter validation results as extra duplicate entries are added to achieve equal num of samples per-process.
Number of training examples = 881
Number of training training per epoch = 6
Number of rehearsal training examples = 1010
Number of rehearsal training training per epoch = 7
Use step level LR scheduler!
Set warmup steps = 30
Set warmup steps = 0
Max WD = 0.0500000, Min WD = 0.0500000
Use step level LR scheduler!
Set warmup steps = 35
Set warmup steps = 0
Max WD = 0.0500000, Min WD = 0.0500000
==================================================
==================================================
==================================================
==================================================
Current task index : 8/10
==================================================
==================================================
==================================================
==================================================
Start training for 10 epochs
TASK EPOCH: [0]  [0/6]  eta: 0:00:27  lr: 0.000000  min_lr: 0.000000  loss: 5.1464 (5.1464)  loss_scale: 4096.0000 (4096.0000)  weight_decay: 0.0500 (0.0500)  time: 4.6646  data: 2.9276  max mem: 5581
TASK EPOCH: [0]  [5/6]  eta: 0:00:01  lr: 0.000043  min_lr: 0.000000  loss: 4.9439 (4.9656)  loss_scale: 4096.0000 (4096.0000)  weight_decay: 0.0500 (0.0500)  time: 1.6114  data: 0.4883  max mem: 5581
TASK EPOCH: [0] Total time: 0:00:09 (1.6475 s / it)
Averaged stats: lr: 0.000043  min_lr: 0.000000  loss: 4.9439 (4.9637)  loss_scale: 4096.0000 (4096.0000)  weight_decay: 0.0500 (0.0500)
TASK EPOCH: [1]  [0/6]  eta: 0:00:28  lr: 0.000052  min_lr: 0.000001  loss: 4.8956 (4.8956)  loss_scale: 4096.0000 (4096.0000)  weight_decay: 0.0500 (0.0500)  time: 4.7110  data: 3.5293  max mem: 5581
TASK EPOCH: [1]  [5/6]  eta: 0:00:01  lr: 0.000095  min_lr: 0.000001  loss: 4.5989 (4.6011)  loss_scale: 4096.0000 (4096.0000)  weight_decay: 0.0500 (0.0500)  time: 1.6166  data: 0.5885  max mem: 5581
TASK EPOCH: [1] Total time: 0:00:09 (1.6527 s / it)
Averaged stats: lr: 0.000095  min_lr: 0.000001  loss: 4.5989 (4.6041)  loss_scale: 4096.0000 (4096.0000)  weight_decay: 0.0500 (0.0500)
TASK EPOCH: [2]  [0/6]  eta: 0:00:27  lr: 0.000103  min_lr: 0.000001  loss: 4.0623 (4.0623)  loss_scale: 4096.0000 (4096.0000)  weight_decay: 0.0500 (0.0500)  time: 4.6446  data: 3.5450  max mem: 5581
TASK EPOCH: [2]  [5/6]  eta: 0:00:01  lr: 0.000147  min_lr: 0.000001  loss: 3.7646 (3.7853)  loss_scale: 4096.0000 (4096.0000)  weight_decay: 0.0500 (0.0500)  time: 1.6070  data: 0.5912  max mem: 5581
TASK EPOCH: [2] Total time: 0:00:09 (1.6431 s / it)
Averaged stats: lr: 0.000147  min_lr: 0.000001  loss: 3.7646 (3.7534)  loss_scale: 4096.0000 (4096.0000)  weight_decay: 0.0500 (0.0500)
TASK EPOCH: [3]  [0/6]  eta: 0:00:29  lr: 0.000155  min_lr: 0.000002  loss: 3.1649 (3.1649)  loss_scale: 4096.0000 (4096.0000)  weight_decay: 0.0500 (0.0500)  time: 4.9445  data: 4.0495  max mem: 5581
TASK EPOCH: [3]  [5/6]  eta: 0:00:01  lr: 0.000198  min_lr: 0.000002  loss: 2.4590 (2.6462)  loss_scale: 4096.0000 (4096.0000)  weight_decay: 0.0500 (0.0500)  time: 1.6554  data: 0.6753  max mem: 5581
TASK EPOCH: [3] Total time: 0:00:10 (1.6923 s / it)
Averaged stats: lr: 0.000198  min_lr: 0.000002  loss: 2.4590 (2.6206)  loss_scale: 4096.0000 (4096.0000)  weight_decay: 0.0500 (0.0500)
TASK EPOCH: [4]  [0/6]  eta: 0:00:29  lr: 0.000207  min_lr: 0.000002  loss: 2.3613 (2.3613)  loss_scale: 4096.0000 (4096.0000)  weight_decay: 0.0500 (0.0500)  time: 4.8827  data: 3.6781  max mem: 5581
[2023-08-22 23:18:44,497] [INFO] [logging.py:77:log_dist] [Rank 0] step=1000, skipped=2, lr=[2.422225260174998e-06, 2.422225260174998e-06, 3.4603218002499976e-06, 3.4603218002499976e-06, 4.943316857499997e-06, 4.943316857499997e-06, 7.061881224999996e-06, 7.061881224999996e-06, 1.0088401749999995e-05, 1.0088401749999995e-05, 1.4412002499999994e-05, 1.4412002499999994e-05, 2.0588574999999993e-05, 2.0588574999999993e-05, 2.9412249999999993e-05, 2.9412249999999993e-05, 4.201749999999999e-05, 4.201749999999999e-05, 6.002499999999999e-05, 6.002499999999999e-05, 8.574999999999998e-05, 8.574999999999998e-05, 0.0001225, 0.0001225, 0.000175, 0.000175, 0.00025, 0.00025], mom=[[0.9, 0.999], [0.9, 0.999], [0.9, 0.999], [0.9, 0.999], [0.9, 0.999], [0.9, 0.999], [0.9, 0.999], [0.9, 0.999], [0.9, 0.999], [0.9, 0.999], [0.9, 0.999], [0.9, 0.999], [0.9, 0.999], [0.9, 0.999], [0.9, 0.999], [0.9, 0.999], [0.9, 0.999], [0.9, 0.999], [0.9, 0.999], [0.9, 0.999], [0.9, 0.999], [0.9, 0.999], [0.9, 0.999], [0.9, 0.999], [0.9, 0.999], [0.9, 0.999], [0.9, 0.999], [0.9, 0.999]]
[2023-08-22 23:18:44,501] [INFO] [timer.py:209:stop] epoch=0/micro_step=1000/global_step=1000, RunningAvgSamplesPerSec=135.42803042954907, CurrSamplesPerSec=146.36519781909763, MemAllocated=1.23GB, MaxMemAllocated=5.45GB
TASK EPOCH: [4]  [5/6]  eta: 0:00:01  lr: 0.000250  min_lr: 0.000002  loss: 2.2582 (2.2537)  loss_scale: 4096.0000 (4096.0000)  weight_decay: 0.0500 (0.0500)  time: 1.6443  data: 0.6134  max mem: 5581
TASK EPOCH: [4] Total time: 0:00:10 (1.6810 s / it)
Averaged stats: lr: 0.000250  min_lr: 0.000002  loss: 2.2582 (2.2350)  loss_scale: 4096.0000 (4096.0000)  weight_decay: 0.0500 (0.0500)
TASK EPOCH: [5]  [0/6]  eta: 0:00:27  lr: 0.000250  min_lr: 0.000002  loss: 2.0165 (2.0165)  loss_scale: 4096.0000 (4096.0000)  weight_decay: 0.0500 (0.0500)  time: 4.6600  data: 3.3949  max mem: 5581
TASK EPOCH: [5]  [5/6]  eta: 0:00:01  lr: 0.000234  min_lr: 0.000002  loss: 2.1655 (2.1478)  loss_scale: 4096.0000 (4096.0000)  weight_decay: 0.0500 (0.0500)  time: 1.6067  data: 0.5662  max mem: 5581
TASK EPOCH: [5] Total time: 0:00:09 (1.6424 s / it)
Averaged stats: lr: 0.000234  min_lr: 0.000002  loss: 2.1655 (2.1543)  loss_scale: 4096.0000 (4096.0000)  weight_decay: 0.0500 (0.0500)
TASK EPOCH: [6]  [0/6]  eta: 0:00:28  lr: 0.000227  min_lr: 0.000002  loss: 2.0861 (2.0861)  loss_scale: 4096.0000 (4096.0000)  weight_decay: 0.0500 (0.0500)  time: 4.7475  data: 2.9509  max mem: 5581
TASK EPOCH: [6]  [5/6]  eta: 0:00:01  lr: 0.000177  min_lr: 0.000002  loss: 2.3390 (2.4328)  loss_scale: 4096.0000 (4096.0000)  weight_decay: 0.0500 (0.0500)  time: 1.6222  data: 0.4920  max mem: 5581
TASK EPOCH: [6] Total time: 0:00:09 (1.6577 s / it)
Averaged stats: lr: 0.000177  min_lr: 0.000002  loss: 2.3390 (2.1762)  loss_scale: 4096.0000 (4096.0000)  weight_decay: 0.0500 (0.0500)
TASK EPOCH: [7]  [0/6]  eta: 0:00:26  lr: 0.000165  min_lr: 0.000002  loss: 2.3457 (2.3457)  loss_scale: 4096.0000 (4096.0000)  weight_decay: 0.0500 (0.0500)  time: 4.4505  data: 3.5491  max mem: 5581
TASK EPOCH: [7]  [5/6]  eta: 0:00:01  lr: 0.000102  min_lr: 0.000001  loss: 1.8728 (1.9804)  loss_scale: 4096.0000 (4096.0000)  weight_decay: 0.0500 (0.0500)  time: 1.5728  data: 0.5918  max mem: 5581
TASK EPOCH: [7] Total time: 0:00:09 (1.6092 s / it)
Averaged stats: lr: 0.000102  min_lr: 0.000001  loss: 1.8728 (2.0633)  loss_scale: 4096.0000 (4096.0000)  weight_decay: 0.0500 (0.0500)
TASK EPOCH: [8]  [0/6]  eta: 0:00:29  lr: 0.000090  min_lr: 0.000001  loss: 1.9190 (1.9190)  loss_scale: 4096.0000 (4096.0000)  weight_decay: 0.0500 (0.0500)  time: 4.8495  data: 3.3351  max mem: 5581
TASK EPOCH: [8]  [5/6]  eta: 0:00:01  lr: 0.000036  min_lr: 0.000000  loss: 1.9190 (1.9508)  loss_scale: 4096.0000 (4096.0000)  weight_decay: 0.0500 (0.0500)  time: 1.6394  data: 0.5563  max mem: 5581
TASK EPOCH: [8] Total time: 0:00:10 (1.6756 s / it)
Averaged stats: lr: 0.000036  min_lr: 0.000000  loss: 1.9190 (1.9815)  loss_scale: 4096.0000 (4096.0000)  weight_decay: 0.0500 (0.0500)
TASK EPOCH: [9]  [0/6]  eta: 0:00:27  lr: 0.000028  min_lr: 0.000000  loss: 1.4954 (1.4954)  loss_scale: 4096.0000 (4096.0000)  weight_decay: 0.0500 (0.0500)  time: 4.5989  data: 3.6512  max mem: 5581
TASK EPOCH: [9]  [5/6]  eta: 0:00:01  lr: 0.000006  min_lr: 0.000000  loss: 1.9175 (1.9227)  loss_scale: 4096.0000 (4096.0000)  weight_decay: 0.0500 (0.0500)  time: 1.5977  data: 0.6089  max mem: 5581
TASK EPOCH: [9] Total time: 0:00:09 (1.6355 s / it)
Averaged stats: lr: 0.000006  min_lr: 0.000000  loss: 1.9175 (1.9697)  loss_scale: 4096.0000 (4096.0000)  weight_decay: 0.0500 (0.0500)
--------------------
--------------------
start rehearsal training for 10 epochs 
Rehearsal EPOCH: [0]  [0/7]  eta: 0:00:34  lr: 0.000000  min_lr: 0.000000  loss: 5.3109 (5.3109)  loss_scale: 4096.0000 (4096.0000)  weight_decay: 0.0500 (0.0500)  time: 4.9503  data: 4.0133  max mem: 5581
Rehearsal EPOCH: [0]  [6/7]  eta: 0:00:01  lr: 0.000044  min_lr: 0.000000  loss: 5.6761 (5.6941)  loss_scale: 4096.0000 (4096.0000)  weight_decay: 0.0500 (0.0500)  time: 1.5612  data: 0.5738  max mem: 5581
Rehearsal EPOCH: [0] Total time: 0:00:11 (1.5968 s / it)
Averaged stats: lr: 0.000044  min_lr: 0.000000  loss: 5.6761 (5.7495)  loss_scale: 4096.0000 (4096.0000)  weight_decay: 0.0500 (0.0500)
valid len dataloader task : 0 || len_loader 1
Val:  [0/1]  eta: 0:00:01  loss: 5.2495 (5.2495)  acc1: 0.0000 (0.0000)  acc5: 33.3333 (33.3333)  time: 1.6611  data: 1.2726  max mem: 5581
Val: Total time: 0:00:01 (1.7299 s / it)
Val: Current task task : 1/8
* Acc@1 6.944 Acc@5 34.722 loss 4.674
valid len dataloader task : 1 || len_loader 1
Val:  [0/1]  eta: 0:00:01  loss: 4.6425 (4.6425)  acc1: 5.8824 (5.8824)  acc5: 41.1765 (41.1765)  time: 1.6078  data: 1.2572  max mem: 5581
Val: Total time: 0:00:01 (1.6874 s / it)
Val: Current task task : 2/8
* Acc@1 3.676 Acc@5 38.971 loss 4.626
valid len dataloader task : 2 || len_loader 1
Val:  [0/1]  eta: 0:00:01  loss: 4.8669 (4.8669)  acc1: 0.0000 (0.0000)  acc5: 38.8889 (38.8889)  time: 1.6166  data: 1.2412  max mem: 5581
Val: Total time: 0:00:01 (1.7218 s / it)
Val: Current task task : 3/8
* Acc@1 2.778 Acc@5 37.500 loss 4.677
valid len dataloader task : 3 || len_loader 1
Val:  [0/1]  eta: 0:00:01  loss: 4.9968 (4.9968)  acc1: 0.0000 (0.0000)  acc5: 18.7500 (18.7500)  time: 1.4850  data: 1.1315  max mem: 5581
Val: Total time: 0:00:01 (1.5724 s / it)
Val: Current task task : 4/8
* Acc@1 1.562 Acc@5 20.312 loss 4.981
valid len dataloader task : 4 || len_loader 1
Val:  [0/1]  eta: 0:00:01  loss: 4.9847 (4.9847)  acc1: 0.0000 (0.0000)  acc5: 25.0000 (25.0000)  time: 1.5173  data: 1.1608  max mem: 5581
Val: Total time: 0:00:01 (1.6135 s / it)
Val: Current task task : 5/8
* Acc@1 0.000 Acc@5 28.906 loss 4.767
valid len dataloader task : 5 || len_loader 1
Val:  [0/1]  eta: 0:00:01  loss: 4.8926 (4.8926)  acc1: 0.0000 (0.0000)  acc5: 29.4118 (29.4118)  time: 1.6599  data: 1.2363  max mem: 5581
Val: Total time: 0:00:01 (1.7607 s / it)
Val: Current task task : 6/8
* Acc@1 0.000 Acc@5 22.059 loss 4.721
valid len dataloader task : 6 || len_loader 1
Val:  [0/1]  eta: 0:00:01  loss: 5.6621 (5.6621)  acc1: 0.0000 (0.0000)  acc5: 11.1111 (11.1111)  time: 1.6043  data: 1.1837  max mem: 5581
Val: Total time: 0:00:01 (1.7062 s / it)
Val: Current task task : 7/8
* Acc@1 4.861 Acc@5 15.278 loss 5.584
valid len dataloader task : 7 || len_loader 1
Val:  [0/1]  eta: 0:00:01  loss: 0.5461 (0.5461)  acc1: 93.7500 (93.7500)  acc5: 100.0000 (100.0000)  time: 1.5320  data: 1.2004  max mem: 5581
Val: Total time: 0:00:01 (1.6201 s / it)
Val: Current task task : 8/8
* Acc@1 89.844 Acc@5 100.000 loss 0.530
[VAL-REHEARSAL][1] TOTAL Accuracy of the network on the  val videos: 13.71%
[2023-08-22 23:19:59,264] [INFO] [logging.py:77:log_dist] [Rank 0] [Torch] Checkpoint checkpoint-best_rehearsal is begin to save!
[2023-08-22 23:19:59,267] [INFO] [torch_checkpoint_engine.py:29:commit] [Torch] Checkpoint checkpoint-best_rehearsal is ready now!
[2023-08-22 23:19:59,267] [INFO] [torch_checkpoint_engine.py:29:commit] [Torch] Checkpoint checkpoint-best_rehearsal is ready now!
[2023-08-22 23:19:59,267] [INFO] [logging.py:77:log_dist] [Rank 0] Saving model checkpoint: logs/ucf_10/36/checkpoint-best_rehearsal/mp_rank_00_model_states.pt
[2023-08-22 23:19:59,267] [INFO] [torch_checkpoint_engine.py:17:save] [Torch] Saving logs/ucf_10/36/checkpoint-best_rehearsal/mp_rank_00_model_states.pt...
[2023-08-22 23:19:59,267] [INFO] [torch_checkpoint_engine.py:29:commit] [Torch] Checkpoint checkpoint-best_rehearsal is ready now!
[2023-08-22 23:19:59,267] [INFO] [torch_checkpoint_engine.py:29:commit] [Torch] Checkpoint checkpoint-best_rehearsal is ready now!
[2023-08-22 23:19:59,267] [INFO] [torch_checkpoint_engine.py:29:commit] [Torch] Checkpoint checkpoint-best_rehearsal is ready now!
[2023-08-22 23:19:59,267] [INFO] [torch_checkpoint_engine.py:29:commit] [Torch] Checkpoint checkpoint-best_rehearsal is ready now!
[2023-08-22 23:19:59,269] [INFO] [torch_checkpoint_engine.py:29:commit] [Torch] Checkpoint checkpoint-best_rehearsal is ready now!
[2023-08-22 23:20:02,334] [INFO] [torch_checkpoint_engine.py:19:save] [Torch] Saved logs/ucf_10/36/checkpoint-best_rehearsal/mp_rank_00_model_states.pt.
[2023-08-22 23:20:02,334] [INFO] [torch_checkpoint_engine.py:29:commit] [Torch] Checkpoint checkpoint-best_rehearsal is ready now!
Max total accuracy: 13.71%
Rehearsal EPOCH: [1]  [0/7]  eta: 0:00:34  lr: 0.000051  min_lr: 0.000000  loss: 5.4074 (5.4074)  loss_scale: 4096.0000 (4096.0000)  weight_decay: 0.0500 (0.0500)  time: 4.8951  data: 3.9783  max mem: 5581
[2023-08-22 23:20:08,238] [INFO] [fused_optimizer.py:383:_update_scale] 
Grad overflow on iteration 1038
[2023-08-22 23:20:08,238] [INFO] [fused_optimizer.py:383:_update_scale] 
Grad overflow on iteration 1038
[2023-08-22 23:20:08,238] [INFO] [fused_optimizer.py:385:_update_scale] Reducing dynamic loss scale from 4096.0 to 2048.0
[2023-08-22 23:20:08,238] [INFO] [fused_optimizer.py:385:_update_scale] Reducing dynamic loss scale from 4096.0 to 2048.0
[2023-08-22 23:20:08,238] [INFO] [fused_optimizer.py:383:_update_scale] 
Grad overflow on iteration 1038
[2023-08-22 23:20:08,238] [INFO] [fused_optimizer.py:383:_update_scale] 
Grad overflow on iteration 1038
[2023-08-22 23:20:08,238] [INFO] [fused_optimizer.py:385:_update_scale] Reducing dynamic loss scale from 4096.0 to 2048.0
[2023-08-22 23:20:08,238] [INFO] [fused_optimizer.py:385:_update_scale] Reducing dynamic loss scale from 4096.0 to 2048.0
[2023-08-22 23:20:08,238] [INFO] [fused_optimizer.py:383:_update_scale] 
Grad overflow on iteration 1038
[2023-08-22 23:20:08,238] [INFO] [logging.py:77:log_dist] [Rank 0] Overflow detected. Skipping step. Attempted loss scale: 4096.0, reducing to 2048.0
[2023-08-22 23:20:08,238] [INFO] [fused_optimizer.py:385:_update_scale] Reducing dynamic loss scale from 4096.0 to 2048.0
[2023-08-22 23:20:08,238] [INFO] [fused_optimizer.py:383:_update_scale] 
Grad overflow on iteration 1038
[2023-08-22 23:20:08,238] [INFO] [fused_optimizer.py:383:_update_scale] 
Grad overflow on iteration 1038
[2023-08-22 23:20:08,238] [INFO] [fused_optimizer.py:383:_update_scale] 
Grad overflow on iteration 1038
[2023-08-22 23:20:08,238] [INFO] [fused_optimizer.py:385:_update_scale] Reducing dynamic loss scale from 4096.0 to 2048.0
[2023-08-22 23:20:08,238] [INFO] [fused_optimizer.py:385:_update_scale] Reducing dynamic loss scale from 4096.0 to 2048.0
[2023-08-22 23:20:08,238] [INFO] [fused_optimizer.py:385:_update_scale] Reducing dynamic loss scale from 4096.0 to 2048.0
Rehearsal EPOCH: [1]  [6/7]  eta: 0:00:01  lr: 0.000096  min_lr: 0.000001  loss: 4.6849 (4.6505)  loss_scale: 2048.0000 (2340.5714)  weight_decay: 0.0500 (0.0500)  time: 1.5525  data: 0.5688  max mem: 5581
Rehearsal EPOCH: [1] Total time: 0:00:11 (1.5860 s / it)
Averaged stats: lr: 0.000096  min_lr: 0.000001  loss: 4.6849 (4.5940)  loss_scale: 2048.0000 (2340.5714)  weight_decay: 0.0500 (0.0500)
valid len dataloader task : 0 || len_loader 1
Val:  [0/1]  eta: 0:00:01  loss: 3.3650 (3.3650)  acc1: 22.2222 (22.2222)  acc5: 55.5556 (55.5556)  time: 1.6074  data: 1.2469  max mem: 5581
Val: Total time: 0:00:01 (1.7308 s / it)
Val: Current task task : 1/8
* Acc@1 22.917 Acc@5 56.944 loss 3.238
valid len dataloader task : 1 || len_loader 1
Val:  [0/1]  eta: 0:00:01  loss: 3.1203 (3.1203)  acc1: 11.7647 (11.7647)  acc5: 64.7059 (64.7059)  time: 1.6481  data: 1.3029  max mem: 5581
Val: Total time: 0:00:01 (1.7157 s / it)
Val: Current task task : 2/8
* Acc@1 10.294 Acc@5 69.118 loss 3.112
valid len dataloader task : 2 || len_loader 1
Val:  [0/1]  eta: 0:00:01  loss: 3.2527 (3.2527)  acc1: 22.2222 (22.2222)  acc5: 61.1111 (61.1111)  time: 1.5986  data: 1.2364  max mem: 5581
Val: Total time: 0:00:01 (1.6882 s / it)
Val: Current task task : 3/8
* Acc@1 20.139 Acc@5 65.278 loss 3.160
valid len dataloader task : 3 || len_loader 1
Val:  [0/1]  eta: 0:00:01  loss: 3.2625 (3.2625)  acc1: 6.2500 (6.2500)  acc5: 43.7500 (43.7500)  time: 1.4880  data: 1.1558  max mem: 5581
Val: Total time: 0:00:01 (1.5906 s / it)
Val: Current task task : 4/8
* Acc@1 7.812 Acc@5 50.000 loss 3.299
valid len dataloader task : 4 || len_loader 1
Val:  [0/1]  eta: 0:00:01  loss: 3.4062 (3.4062)  acc1: 6.2500 (6.2500)  acc5: 62.5000 (62.5000)  time: 1.4699  data: 1.1480  max mem: 5581
Val: Total time: 0:00:01 (1.5525 s / it)
Val: Current task task : 5/8
* Acc@1 10.156 Acc@5 68.750 loss 3.258
valid len dataloader task : 5 || len_loader 1
Val:  [0/1]  eta: 0:00:01  loss: 3.1222 (3.1222)  acc1: 23.5294 (23.5294)  acc5: 47.0588 (47.0588)  time: 1.5850  data: 1.1944  max mem: 5581
Val: Total time: 0:00:01 (1.6889 s / it)
Val: Current task task : 6/8
* Acc@1 30.147 Acc@5 58.088 loss 2.985
valid len dataloader task : 6 || len_loader 1
Val:  [0/1]  eta: 0:00:01  loss: 3.7715 (3.7715)  acc1: 5.5556 (5.5556)  acc5: 50.0000 (50.0000)  time: 1.5793  data: 1.1738  max mem: 5581
Val: Total time: 0:00:01 (1.6689 s / it)
Val: Current task task : 7/8
* Acc@1 13.889 Acc@5 50.000 loss 3.597
valid len dataloader task : 7 || len_loader 1
Val:  [0/1]  eta: 0:00:01  loss: 1.5352 (1.5352)  acc1: 62.5000 (62.5000)  acc5: 100.0000 (100.0000)  time: 1.5267  data: 1.1647  max mem: 5581
Val: Total time: 0:00:01 (1.6258 s / it)
Val: Current task task : 8/8
* Acc@1 64.844 Acc@5 92.969 loss 1.599
[VAL-REHEARSAL][2] TOTAL Accuracy of the network on the  val videos: 22.52%
[2023-08-22 23:20:27,373] [INFO] [logging.py:77:log_dist] [Rank 0] [Torch] Checkpoint checkpoint-best_rehearsal is begin to save!
[2023-08-22 23:20:27,375] [INFO] [torch_checkpoint_engine.py:29:commit] [Torch] Checkpoint checkpoint-best_rehearsal is ready now!
[2023-08-22 23:20:27,375] [INFO] [torch_checkpoint_engine.py:29:commit] [Torch] Checkpoint checkpoint-best_rehearsal is ready now!
[2023-08-22 23:20:27,376] [INFO] [torch_checkpoint_engine.py:29:commit] [Torch] Checkpoint checkpoint-best_rehearsal is ready now!
[2023-08-22 23:20:27,376] [INFO] [torch_checkpoint_engine.py:29:commit] [Torch] Checkpoint checkpoint-best_rehearsal is ready now!
[2023-08-22 23:20:27,376] [INFO] [torch_checkpoint_engine.py:29:commit] [Torch] Checkpoint checkpoint-best_rehearsal is ready now!
[2023-08-22 23:20:27,376] [INFO] [logging.py:77:log_dist] [Rank 0] Saving model checkpoint: logs/ucf_10/36/checkpoint-best_rehearsal/mp_rank_00_model_states.pt
[2023-08-22 23:20:27,376] [INFO] [torch_checkpoint_engine.py:17:save] [Torch] Saving logs/ucf_10/36/checkpoint-best_rehearsal/mp_rank_00_model_states.pt...
[2023-08-22 23:20:27,376] [INFO] [torch_checkpoint_engine.py:29:commit] [Torch] Checkpoint checkpoint-best_rehearsal is ready now!
[2023-08-22 23:20:27,376] [INFO] [torch_checkpoint_engine.py:29:commit] [Torch] Checkpoint checkpoint-best_rehearsal is ready now!
[2023-08-22 23:20:30,464] [INFO] [torch_checkpoint_engine.py:19:save] [Torch] Saved logs/ucf_10/36/checkpoint-best_rehearsal/mp_rank_00_model_states.pt.
[2023-08-22 23:20:30,464] [INFO] [torch_checkpoint_engine.py:29:commit] [Torch] Checkpoint checkpoint-best_rehearsal is ready now!
Max total accuracy: 22.52%
Rehearsal EPOCH: [2]  [0/7]  eta: 0:00:35  lr: 0.000103  min_lr: 0.000001  loss: 3.7550 (3.7550)  loss_scale: 2048.0000 (2048.0000)  weight_decay: 0.0500 (0.0500)  time: 5.1072  data: 4.0923  max mem: 5581
Rehearsal EPOCH: [2]  [6/7]  eta: 0:00:01  lr: 0.000147  min_lr: 0.000001  loss: 3.8967 (3.7810)  loss_scale: 2048.0000 (2048.0000)  weight_decay: 0.0500 (0.0500)  time: 1.5868  data: 0.5850  max mem: 5581
Rehearsal EPOCH: [2] Total time: 0:00:11 (1.6210 s / it)
Averaged stats: lr: 0.000147  min_lr: 0.000001  loss: 3.8967 (3.9058)  loss_scale: 2048.0000 (2048.0000)  weight_decay: 0.0500 (0.0500)
valid len dataloader task : 0 || len_loader 1
Val:  [0/1]  eta: 0:00:01  loss: 3.0882 (3.0882)  acc1: 27.7778 (27.7778)  acc5: 55.5556 (55.5556)  time: 1.6407  data: 1.2798  max mem: 5581
Val: Total time: 0:00:01 (1.7232 s / it)
Val: Current task task : 1/8
* Acc@1 27.778 Acc@5 63.194 loss 2.970
valid len dataloader task : 1 || len_loader 1
Val:  [0/1]  eta: 0:00:01  loss: 2.8103 (2.8103)  acc1: 41.1765 (41.1765)  acc5: 70.5882 (70.5882)  time: 1.6200  data: 1.2364  max mem: 5581
Val: Total time: 0:00:01 (1.7030 s / it)
Val: Current task task : 2/8
* Acc@1 38.235 Acc@5 78.676 loss 2.750
valid len dataloader task : 2 || len_loader 1
Val:  [0/1]  eta: 0:00:01  loss: 2.9762 (2.9762)  acc1: 33.3333 (33.3333)  acc5: 66.6667 (66.6667)  time: 1.6576  data: 1.2379  max mem: 5581
Val: Total time: 0:00:01 (1.7655 s / it)
Val: Current task task : 3/8
* Acc@1 38.194 Acc@5 68.056 loss 2.912
valid len dataloader task : 3 || len_loader 1
Val:  [0/1]  eta: 0:00:01  loss: 3.0419 (3.0419)  acc1: 12.5000 (12.5000)  acc5: 75.0000 (75.0000)  time: 1.5120  data: 1.1542  max mem: 5581
Val: Total time: 0:00:01 (1.5954 s / it)
Val: Current task task : 4/8
* Acc@1 19.531 Acc@5 62.500 loss 2.990
valid len dataloader task : 4 || len_loader 1
Val:  [0/1]  eta: 0:00:01  loss: 3.0338 (3.0338)  acc1: 18.7500 (18.7500)  acc5: 62.5000 (62.5000)  time: 1.4768  data: 1.1328  max mem: 5581
Val: Total time: 0:00:01 (1.5585 s / it)
Val: Current task task : 5/8
* Acc@1 25.000 Acc@5 68.750 loss 2.900
valid len dataloader task : 5 || len_loader 1
Val:  [0/1]  eta: 0:00:01  loss: 2.7441 (2.7441)  acc1: 23.5294 (23.5294)  acc5: 58.8235 (58.8235)  time: 1.6503  data: 1.2554  max mem: 5581
Val: Total time: 0:00:01 (1.7462 s / it)
Val: Current task task : 6/8
* Acc@1 33.824 Acc@5 67.647 loss 2.618
valid len dataloader task : 6 || len_loader 1
Val:  [0/1]  eta: 0:00:01  loss: 3.0720 (3.0720)  acc1: 27.7778 (27.7778)  acc5: 50.0000 (50.0000)  time: 1.5690  data: 1.1810  max mem: 5581
Val: Total time: 0:00:01 (1.6554 s / it)
Val: Current task task : 7/8
* Acc@1 31.944 Acc@5 56.250 loss 3.000
valid len dataloader task : 7 || len_loader 1
Val:  [0/1]  eta: 0:00:01  loss: 3.1176 (3.1176)  acc1: 37.5000 (37.5000)  acc5: 43.7500 (43.7500)  time: 1.4923  data: 1.1450  max mem: 5581
Val: Total time: 0:00:01 (1.5773 s / it)
Val: Current task task : 8/8
* Acc@1 28.906 Acc@5 53.125 loss 3.107
[VAL-REHEARSAL][3] TOTAL Accuracy of the network on the  val videos: 30.43%
[2023-08-22 23:20:55,732] [INFO] [logging.py:77:log_dist] [Rank 0] [Torch] Checkpoint checkpoint-best_rehearsal is begin to save!
[2023-08-22 23:20:55,735] [INFO] [torch_checkpoint_engine.py:29:commit] [Torch] Checkpoint checkpoint-best_rehearsal is ready now!
[2023-08-22 23:20:55,735] [INFO] [torch_checkpoint_engine.py:29:commit] [Torch] Checkpoint checkpoint-best_rehearsal is ready now!
[2023-08-22 23:20:55,735] [INFO] [torch_checkpoint_engine.py:29:commit] [Torch] Checkpoint checkpoint-best_rehearsal is ready now!
[2023-08-22 23:20:55,735] [INFO] [torch_checkpoint_engine.py:29:commit] [Torch] Checkpoint checkpoint-best_rehearsal is ready now!
[2023-08-22 23:20:55,735] [INFO] [torch_checkpoint_engine.py:29:commit] [Torch] Checkpoint checkpoint-best_rehearsal is ready now!
[2023-08-22 23:20:55,735] [INFO] [torch_checkpoint_engine.py:29:commit] [Torch] Checkpoint checkpoint-best_rehearsal is ready now!
[2023-08-22 23:20:55,735] [INFO] [logging.py:77:log_dist] [Rank 0] Saving model checkpoint: logs/ucf_10/36/checkpoint-best_rehearsal/mp_rank_00_model_states.pt
[2023-08-22 23:20:55,735] [INFO] [torch_checkpoint_engine.py:17:save] [Torch] Saving logs/ucf_10/36/checkpoint-best_rehearsal/mp_rank_00_model_states.pt...
[2023-08-22 23:20:55,735] [INFO] [torch_checkpoint_engine.py:29:commit] [Torch] Checkpoint checkpoint-best_rehearsal is ready now!
[2023-08-22 23:20:59,375] [INFO] [torch_checkpoint_engine.py:19:save] [Torch] Saved logs/ucf_10/36/checkpoint-best_rehearsal/mp_rank_00_model_states.pt.
[2023-08-22 23:20:59,376] [INFO] [torch_checkpoint_engine.py:29:commit] [Torch] Checkpoint checkpoint-best_rehearsal is ready now!
Max total accuracy: 30.43%
Rehearsal EPOCH: [3]  [0/7]  eta: 0:00:36  lr: 0.000154  min_lr: 0.000001  loss: 3.9148 (3.9148)  loss_scale: 2048.0000 (2048.0000)  weight_decay: 0.0500 (0.0500)  time: 5.2064  data: 4.0432  max mem: 5581
Rehearsal EPOCH: [3]  [6/7]  eta: 0:00:01  lr: 0.000199  min_lr: 0.000002  loss: 3.9078 (3.8941)  loss_scale: 2048.0000 (2048.0000)  weight_decay: 0.0500 (0.0500)  time: 1.5997  data: 0.5778  max mem: 5581
Rehearsal EPOCH: [3] Total time: 0:00:11 (1.6336 s / it)
Averaged stats: lr: 0.000199  min_lr: 0.000002  loss: 3.9078 (3.7227)  loss_scale: 2048.0000 (2048.0000)  weight_decay: 0.0500 (0.0500)
valid len dataloader task : 0 || len_loader 1
Val:  [0/1]  eta: 0:00:01  loss: 2.9763 (2.9763)  acc1: 27.7778 (27.7778)  acc5: 61.1111 (61.1111)  time: 1.6204  data: 1.2584  max mem: 5581
Val: Total time: 0:00:01 (1.7011 s / it)
Val: Current task task : 1/8
* Acc@1 34.722 Acc@5 70.139 loss 2.741
valid len dataloader task : 1 || len_loader 1
Val:  [0/1]  eta: 0:00:01  loss: 2.6593 (2.6593)  acc1: 35.2941 (35.2941)  acc5: 76.4706 (76.4706)  time: 1.6258  data: 1.2675  max mem: 5581
Val: Total time: 0:00:01 (1.6988 s / it)
Val: Current task task : 2/8
* Acc@1 32.353 Acc@5 76.471 loss 2.620
valid len dataloader task : 2 || len_loader 1
Val:  [0/1]  eta: 0:00:01  loss: 2.8391 (2.8391)  acc1: 38.8889 (38.8889)  acc5: 55.5556 (55.5556)  time: 1.6338  data: 1.2467  max mem: 5581
Val: Total time: 0:00:01 (1.7332 s / it)
Val: Current task task : 3/8
* Acc@1 34.722 Acc@5 59.722 loss 2.819
valid len dataloader task : 3 || len_loader 1
Val:  [0/1]  eta: 0:00:01  loss: 2.7648 (2.7648)  acc1: 43.7500 (43.7500)  acc5: 81.2500 (81.2500)  time: 1.4769  data: 1.1399  max mem: 5581
Val: Total time: 0:00:01 (1.5706 s / it)
Val: Current task task : 4/8
* Acc@1 38.281 Acc@5 79.688 loss 2.702
valid len dataloader task : 4 || len_loader 1
Val:  [0/1]  eta: 0:00:01  loss: 2.6627 (2.6627)  acc1: 37.5000 (37.5000)  acc5: 81.2500 (81.2500)  time: 1.5350  data: 1.1824  max mem: 5581
Val: Total time: 0:00:01 (1.6198 s / it)
Val: Current task task : 5/8
* Acc@1 35.938 Acc@5 82.031 loss 2.641
valid len dataloader task : 5 || len_loader 1
Val:  [0/1]  eta: 0:00:01  loss: 2.4003 (2.4003)  acc1: 47.0588 (47.0588)  acc5: 70.5882 (70.5882)  time: 1.6196  data: 1.2211  max mem: 5581
Val: Total time: 0:00:01 (1.7294 s / it)
Val: Current task task : 6/8
* Acc@1 47.794 Acc@5 81.618 loss 2.404
valid len dataloader task : 6 || len_loader 1
Val:  [0/1]  eta: 0:00:01  loss: 2.6731 (2.6731)  acc1: 38.8889 (38.8889)  acc5: 88.8889 (88.8889)  time: 1.5744  data: 1.1706  max mem: 5581
Val: Total time: 0:00:01 (1.6611 s / it)
Val: Current task task : 7/8
* Acc@1 35.417 Acc@5 78.472 loss 2.726
valid len dataloader task : 7 || len_loader 1
Val:  [0/1]  eta: 0:00:01  loss: 2.4887 (2.4887)  acc1: 37.5000 (37.5000)  acc5: 75.0000 (75.0000)  time: 1.4610  data: 1.1294  max mem: 5581
Val: Total time: 0:00:01 (1.5326 s / it)
Val: Current task task : 8/8
* Acc@1 41.406 Acc@5 79.688 loss 2.538
[VAL-REHEARSAL][4] TOTAL Accuracy of the network on the  val videos: 37.58%
[2023-08-22 23:21:24,749] [INFO] [logging.py:77:log_dist] [Rank 0] [Torch] Checkpoint checkpoint-best_rehearsal is begin to save!
[2023-08-22 23:21:24,751] [INFO] [torch_checkpoint_engine.py:29:commit] [Torch] Checkpoint checkpoint-best_rehearsal is ready now!
[2023-08-22 23:21:24,751] [INFO] [torch_checkpoint_engine.py:29:commit] [Torch] Checkpoint checkpoint-best_rehearsal is ready now!
[2023-08-22 23:21:24,752] [INFO] [torch_checkpoint_engine.py:29:commit] [Torch] Checkpoint checkpoint-best_rehearsal is ready now!
[2023-08-22 23:21:24,752] [INFO] [torch_checkpoint_engine.py:29:commit] [Torch] Checkpoint checkpoint-best_rehearsal is ready now!
[2023-08-22 23:21:24,752] [INFO] [torch_checkpoint_engine.py:29:commit] [Torch] Checkpoint checkpoint-best_rehearsal is ready now!
[2023-08-22 23:21:24,752] [INFO] [torch_checkpoint_engine.py:29:commit] [Torch] Checkpoint checkpoint-best_rehearsal is ready now!
[2023-08-22 23:21:24,752] [INFO] [logging.py:77:log_dist] [Rank 0] Saving model checkpoint: logs/ucf_10/36/checkpoint-best_rehearsal/mp_rank_00_model_states.pt
[2023-08-22 23:21:24,752] [INFO] [torch_checkpoint_engine.py:17:save] [Torch] Saving logs/ucf_10/36/checkpoint-best_rehearsal/mp_rank_00_model_states.pt...
[2023-08-22 23:21:24,752] [INFO] [torch_checkpoint_engine.py:29:commit] [Torch] Checkpoint checkpoint-best_rehearsal is ready now!
[2023-08-22 23:21:28,130] [INFO] [torch_checkpoint_engine.py:19:save] [Torch] Saved logs/ucf_10/36/checkpoint-best_rehearsal/mp_rank_00_model_states.pt.
[2023-08-22 23:21:28,131] [INFO] [torch_checkpoint_engine.py:29:commit] [Torch] Checkpoint checkpoint-best_rehearsal is ready now!
Max total accuracy: 37.58%
Rehearsal EPOCH: [4]  [0/7]  eta: 0:00:35  lr: 0.000206  min_lr: 0.000002  loss: 3.5177 (3.5177)  loss_scale: 2048.0000 (2048.0000)  weight_decay: 0.0500 (0.0500)  time: 5.1023  data: 4.1438  max mem: 5581
Rehearsal EPOCH: [4]  [6/7]  eta: 0:00:01  lr: 0.000250  min_lr: 0.000002  loss: 3.5177 (3.5090)  loss_scale: 2048.0000 (2048.0000)  weight_decay: 0.0500 (0.0500)  time: 1.5855  data: 0.5923  max mem: 5581
Rehearsal EPOCH: [4] Total time: 0:00:11 (1.6190 s / it)
Averaged stats: lr: 0.000250  min_lr: 0.000002  loss: 3.5177 (3.5488)  loss_scale: 2048.0000 (2048.0000)  weight_decay: 0.0500 (0.0500)
valid len dataloader task : 0 || len_loader 1
Val:  [0/1]  eta: 0:00:01  loss: 2.8923 (2.8923)  acc1: 27.7778 (27.7778)  acc5: 55.5556 (55.5556)  time: 1.6649  data: 1.2755  max mem: 5581
Val: Total time: 0:00:01 (1.7607 s / it)
Val: Current task task : 1/8
* Acc@1 30.556 Acc@5 75.694 loss 2.671
valid len dataloader task : 1 || len_loader 1
Val:  [0/1]  eta: 0:00:01  loss: 2.6170 (2.6170)  acc1: 29.4118 (29.4118)  acc5: 76.4706 (76.4706)  time: 1.6057  data: 1.2645  max mem: 5581
Val: Total time: 0:00:01 (1.6774 s / it)
Val: Current task task : 2/8
* Acc@1 25.735 Acc@5 75.000 loss 2.578
valid len dataloader task : 2 || len_loader 1
Val:  [0/1]  eta: 0:00:01  loss: 2.6666 (2.6666)  acc1: 38.8889 (38.8889)  acc5: 61.1111 (61.1111)  time: 1.6984  data: 1.2848  max mem: 5581
Val: Total time: 0:00:01 (1.7622 s / it)
Val: Current task task : 3/8
* Acc@1 31.250 Acc@5 61.111 loss 2.724
valid len dataloader task : 3 || len_loader 1
Val:  [0/1]  eta: 0:00:01  loss: 2.4711 (2.4711)  acc1: 56.2500 (56.2500)  acc5: 87.5000 (87.5000)  time: 1.5008  data: 1.1611  max mem: 5581
Val: Total time: 0:00:01 (1.5785 s / it)
Val: Current task task : 4/8
* Acc@1 40.625 Acc@5 81.250 loss 2.544
valid len dataloader task : 4 || len_loader 1
Val:  [0/1]  eta: 0:00:01  loss: 2.5870 (2.5870)  acc1: 37.5000 (37.5000)  acc5: 87.5000 (87.5000)  time: 1.4863  data: 1.1376  max mem: 5581
Val: Total time: 0:00:01 (1.5882 s / it)
Val: Current task task : 5/8
* Acc@1 42.188 Acc@5 83.594 loss 2.544
valid len dataloader task : 5 || len_loader 1
Val:  [0/1]  eta: 0:00:01  loss: 2.3208 (2.3208)  acc1: 52.9412 (52.9412)  acc5: 82.3529 (82.3529)  time: 1.6114  data: 1.2085  max mem: 5581
Val: Total time: 0:00:01 (1.7146 s / it)
Val: Current task task : 6/8
* Acc@1 47.794 Acc@5 88.235 loss 2.254
valid len dataloader task : 6 || len_loader 1
Val:  [0/1]  eta: 0:00:01  loss: 2.5817 (2.5817)  acc1: 33.3333 (33.3333)  acc5: 88.8889 (88.8889)  time: 1.5999  data: 1.1997  max mem: 5581
Val: Total time: 0:00:01 (1.6845 s / it)
Val: Current task task : 7/8
* Acc@1 39.583 Acc@5 79.861 loss 2.635
valid len dataloader task : 7 || len_loader 1
Val:  [0/1]  eta: 0:00:01  loss: 1.9508 (1.9508)  acc1: 62.5000 (62.5000)  acc5: 100.0000 (100.0000)  time: 1.5260  data: 1.1814  max mem: 5581
Val: Total time: 0:00:01 (1.6013 s / it)
Val: Current task task : 8/8
* Acc@1 59.375 Acc@5 96.875 loss 2.039
[VAL-REHEARSAL][5] TOTAL Accuracy of the network on the  val videos: 39.64%
[2023-08-22 23:21:53,422] [INFO] [logging.py:77:log_dist] [Rank 0] [Torch] Checkpoint checkpoint-best_rehearsal is begin to save!
[2023-08-22 23:21:53,424] [INFO] [torch_checkpoint_engine.py:29:commit] [Torch] Checkpoint checkpoint-best_rehearsal is ready now!
[2023-08-22 23:21:53,425] [INFO] [torch_checkpoint_engine.py:29:commit] [Torch] Checkpoint checkpoint-best_rehearsal is ready now!
[2023-08-22 23:21:53,425] [INFO] [torch_checkpoint_engine.py:29:commit] [Torch] Checkpoint checkpoint-best_rehearsal is ready now!
[2023-08-22 23:21:53,425] [INFO] [torch_checkpoint_engine.py:29:commit] [Torch] Checkpoint checkpoint-best_rehearsal is ready now!
[2023-08-22 23:21:53,425] [INFO] [torch_checkpoint_engine.py:29:commit] [Torch] Checkpoint checkpoint-best_rehearsal is ready now!
[2023-08-22 23:21:53,425] [INFO] [logging.py:77:log_dist] [Rank 0] Saving model checkpoint: logs/ucf_10/36/checkpoint-best_rehearsal/mp_rank_00_model_states.pt
[2023-08-22 23:21:53,425] [INFO] [torch_checkpoint_engine.py:29:commit] [Torch] Checkpoint checkpoint-best_rehearsal is ready now!
[2023-08-22 23:21:53,425] [INFO] [torch_checkpoint_engine.py:17:save] [Torch] Saving logs/ucf_10/36/checkpoint-best_rehearsal/mp_rank_00_model_states.pt...
[2023-08-22 23:21:53,425] [INFO] [torch_checkpoint_engine.py:29:commit] [Torch] Checkpoint checkpoint-best_rehearsal is ready now!
[2023-08-22 23:21:56,926] [INFO] [torch_checkpoint_engine.py:19:save] [Torch] Saved logs/ucf_10/36/checkpoint-best_rehearsal/mp_rank_00_model_states.pt.
[2023-08-22 23:21:56,927] [INFO] [torch_checkpoint_engine.py:29:commit] [Torch] Checkpoint checkpoint-best_rehearsal is ready now!
Max total accuracy: 39.64%
Rehearsal EPOCH: [5]  [0/7]  eta: 0:00:36  lr: 0.000250  min_lr: 0.000002  loss: 3.4410 (3.4410)  loss_scale: 2048.0000 (2048.0000)  weight_decay: 0.0500 (0.0500)  time: 5.2253  data: 4.3168  max mem: 5581
Rehearsal EPOCH: [5]  [6/7]  eta: 0:00:01  lr: 0.000233  min_lr: 0.000002  loss: 3.4410 (3.3479)  loss_scale: 2048.0000 (2048.0000)  weight_decay: 0.0500 (0.0500)  time: 1.6022  data: 0.6170  max mem: 5581
Rehearsal EPOCH: [5] Total time: 0:00:11 (1.6360 s / it)
Averaged stats: lr: 0.000233  min_lr: 0.000002  loss: 3.4410 (3.4114)  loss_scale: 2048.0000 (2048.0000)  weight_decay: 0.0500 (0.0500)
valid len dataloader task : 0 || len_loader 1
Val:  [0/1]  eta: 0:00:01  loss: 2.9392 (2.9392)  acc1: 27.7778 (27.7778)  acc5: 61.1111 (61.1111)  time: 1.6372  data: 1.2578  max mem: 5581
Val: Total time: 0:00:01 (1.7104 s / it)
Val: Current task task : 1/8
* Acc@1 34.722 Acc@5 78.472 loss 2.573
valid len dataloader task : 1 || len_loader 1
Val:  [0/1]  eta: 0:00:01  loss: 2.5281 (2.5281)  acc1: 35.2941 (35.2941)  acc5: 76.4706 (76.4706)  time: 1.6370  data: 1.2400  max mem: 5581
Val: Total time: 0:00:01 (1.7261 s / it)
Val: Current task task : 2/8
* Acc@1 31.618 Acc@5 74.265 loss 2.410
valid len dataloader task : 2 || len_loader 1
Val:  [0/1]  eta: 0:00:01  loss: 2.4693 (2.4693)  acc1: 38.8889 (38.8889)  acc5: 61.1111 (61.1111)  time: 1.6493  data: 1.2699  max mem: 5581
Val: Total time: 0:00:01 (1.7316 s / it)
Val: Current task task : 3/8
* Acc@1 41.667 Acc@5 70.833 loss 2.431
valid len dataloader task : 3 || len_loader 1
Val:  [0/1]  eta: 0:00:01  loss: 2.3350 (2.3350)  acc1: 50.0000 (50.0000)  acc5: 87.5000 (87.5000)  time: 1.5527  data: 1.1957  max mem: 5581
Val: Total time: 0:00:01 (1.6457 s / it)
Val: Current task task : 4/8
* Acc@1 52.344 Acc@5 87.500 loss 2.300
valid len dataloader task : 4 || len_loader 1
Val:  [0/1]  eta: 0:00:01  loss: 2.4169 (2.4169)  acc1: 37.5000 (37.5000)  acc5: 87.5000 (87.5000)  time: 1.4885  data: 1.1403  max mem: 5581
Val: Total time: 0:00:01 (1.5982 s / it)
Val: Current task task : 5/8
* Acc@1 40.625 Acc@5 83.594 loss 2.410
valid len dataloader task : 5 || len_loader 1
Val:  [0/1]  eta: 0:00:01  loss: 2.2067 (2.2067)  acc1: 52.9412 (52.9412)  acc5: 76.4706 (76.4706)  time: 1.6421  data: 1.2494  max mem: 5581
Val: Total time: 0:00:01 (1.7294 s / it)
Val: Current task task : 6/8
* Acc@1 50.000 Acc@5 88.971 loss 2.149
valid len dataloader task : 6 || len_loader 1
Val:  [0/1]  eta: 0:00:01  loss: 2.3379 (2.3379)  acc1: 50.0000 (50.0000)  acc5: 77.7778 (77.7778)  time: 1.6195  data: 1.1930  max mem: 5581
Val: Total time: 0:00:01 (1.7148 s / it)
Val: Current task task : 7/8
* Acc@1 43.056 Acc@5 76.389 loss 2.511
valid len dataloader task : 7 || len_loader 1
Val:  [0/1]  eta: 0:00:01  loss: 1.9066 (1.9066)  acc1: 75.0000 (75.0000)  acc5: 87.5000 (87.5000)  time: 1.5035  data: 1.1796  max mem: 5581
Val: Total time: 0:00:01 (1.5884 s / it)
Val: Current task task : 8/8
* Acc@1 63.281 Acc@5 95.312 loss 1.965
[VAL-REHEARSAL][6] TOTAL Accuracy of the network on the  val videos: 44.66%
[2023-08-22 23:22:22,349] [INFO] [logging.py:77:log_dist] [Rank 0] [Torch] Checkpoint checkpoint-best_rehearsal is begin to save!
[2023-08-22 23:22:22,352] [INFO] [torch_checkpoint_engine.py:29:commit] [Torch] Checkpoint checkpoint-best_rehearsal is ready now!
[2023-08-22 23:22:22,352] [INFO] [torch_checkpoint_engine.py:29:commit] [Torch] Checkpoint checkpoint-best_rehearsal is ready now!
[2023-08-22 23:22:22,352] [INFO] [torch_checkpoint_engine.py:29:commit] [Torch] Checkpoint checkpoint-best_rehearsal is ready now!
[2023-08-22 23:22:22,352] [INFO] [torch_checkpoint_engine.py:29:commit] [Torch] Checkpoint checkpoint-best_rehearsal is ready now!
[2023-08-22 23:22:22,352] [INFO] [torch_checkpoint_engine.py:29:commit] [Torch] Checkpoint checkpoint-best_rehearsal is ready now!
[2023-08-22 23:22:22,352] [INFO] [torch_checkpoint_engine.py:29:commit] [Torch] Checkpoint checkpoint-best_rehearsal is ready now!
[2023-08-22 23:22:22,352] [INFO] [torch_checkpoint_engine.py:29:commit] [Torch] Checkpoint checkpoint-best_rehearsal is ready now!
[2023-08-22 23:22:22,352] [INFO] [logging.py:77:log_dist] [Rank 0] Saving model checkpoint: logs/ucf_10/36/checkpoint-best_rehearsal/mp_rank_00_model_states.pt
[2023-08-22 23:22:22,353] [INFO] [torch_checkpoint_engine.py:17:save] [Torch] Saving logs/ucf_10/36/checkpoint-best_rehearsal/mp_rank_00_model_states.pt...
[2023-08-22 23:22:25,744] [INFO] [torch_checkpoint_engine.py:19:save] [Torch] Saved logs/ucf_10/36/checkpoint-best_rehearsal/mp_rank_00_model_states.pt.
[2023-08-22 23:22:25,745] [INFO] [torch_checkpoint_engine.py:29:commit] [Torch] Checkpoint checkpoint-best_rehearsal is ready now!
Max total accuracy: 44.66%
Rehearsal EPOCH: [6]  [0/7]  eta: 0:00:36  lr: 0.000227  min_lr: 0.000002  loss: 3.0492 (3.0492)  loss_scale: 2048.0000 (2048.0000)  weight_decay: 0.0500 (0.0500)  time: 5.2648  data: 4.0984  max mem: 5581
Rehearsal EPOCH: [6]  [6/7]  eta: 0:00:01  lr: 0.000176  min_lr: 0.000002  loss: 3.6813 (3.5722)  loss_scale: 2048.0000 (2048.0000)  weight_decay: 0.0500 (0.0500)  time: 1.6085  data: 0.5860  max mem: 5581
Rehearsal EPOCH: [6] Total time: 0:00:11 (1.6431 s / it)
Averaged stats: lr: 0.000176  min_lr: 0.000002  loss: 3.6813 (3.4039)  loss_scale: 2048.0000 (2048.0000)  weight_decay: 0.0500 (0.0500)
valid len dataloader task : 0 || len_loader 1
Val:  [0/1]  eta: 0:00:01  loss: 2.6803 (2.6803)  acc1: 27.7778 (27.7778)  acc5: 61.1111 (61.1111)  time: 1.6147  data: 1.2501  max mem: 5581
Val: Total time: 0:00:01 (1.7039 s / it)
Val: Current task task : 1/8
* Acc@1 36.111 Acc@5 75.694 loss 2.447
valid len dataloader task : 1 || len_loader 1
Val:  [0/1]  eta: 0:00:01  loss: 2.4296 (2.4296)  acc1: 52.9412 (52.9412)  acc5: 76.4706 (76.4706)  time: 1.6117  data: 1.2472  max mem: 5581
Val: Total time: 0:00:01 (1.7044 s / it)
Val: Current task task : 2/8
* Acc@1 39.706 Acc@5 75.735 loss 2.306
valid len dataloader task : 2 || len_loader 1
Val:  [0/1]  eta: 0:00:01  loss: 2.2108 (2.2108)  acc1: 44.4444 (44.4444)  acc5: 77.7778 (77.7778)  time: 1.6948  data: 1.2775  max mem: 5581
Val: Total time: 0:00:01 (1.7957 s / it)
Val: Current task task : 3/8
* Acc@1 45.139 Acc@5 76.389 loss 2.225
valid len dataloader task : 3 || len_loader 1
Val:  [0/1]  eta: 0:00:01  loss: 2.1678 (2.1678)  acc1: 50.0000 (50.0000)  acc5: 93.7500 (93.7500)  time: 1.5206  data: 1.1963  max mem: 5581
Val: Total time: 0:00:01 (1.5934 s / it)
Val: Current task task : 4/8
* Acc@1 57.031 Acc@5 86.719 loss 2.195
valid len dataloader task : 4 || len_loader 1
Val:  [0/1]  eta: 0:00:01  loss: 2.3979 (2.3979)  acc1: 37.5000 (37.5000)  acc5: 81.2500 (81.2500)  time: 1.4983  data: 1.1473  max mem: 5581
Val: Total time: 0:00:01 (1.5965 s / it)
Val: Current task task : 5/8
* Acc@1 39.844 Acc@5 85.938 loss 2.263
valid len dataloader task : 5 || len_loader 1
Val:  [0/1]  eta: 0:00:01  loss: 2.1140 (2.1140)  acc1: 58.8235 (58.8235)  acc5: 88.2353 (88.2353)  time: 1.6036  data: 1.2108  max mem: 5581
Val: Total time: 0:00:01 (1.7154 s / it)
Val: Current task task : 6/8
* Acc@1 46.324 Acc@5 90.441 loss 2.142
valid len dataloader task : 6 || len_loader 1
Val:  [0/1]  eta: 0:00:01  loss: 2.3828 (2.3828)  acc1: 38.8889 (38.8889)  acc5: 77.7778 (77.7778)  time: 1.6141  data: 1.1991  max mem: 5581
Val: Total time: 0:00:01 (1.7161 s / it)
Val: Current task task : 7/8
* Acc@1 36.806 Acc@5 72.222 loss 2.544
valid len dataloader task : 7 || len_loader 1
Val:  [0/1]  eta: 0:00:01  loss: 1.9946 (1.9946)  acc1: 56.2500 (56.2500)  acc5: 93.7500 (93.7500)  time: 1.5790  data: 1.2620  max mem: 5581
Val: Total time: 0:00:01 (1.6682 s / it)
Val: Current task task : 8/8
* Acc@1 50.781 Acc@5 90.625 loss 2.039
[VAL-REHEARSAL][7] TOTAL Accuracy of the network on the  val videos: 43.97%
Max total accuracy: 44.66%
Rehearsal EPOCH: [7]  [0/7]  eta: 0:00:36  lr: 0.000165  min_lr: 0.000002  loss: 3.7895 (3.7895)  loss_scale: 2048.0000 (2048.0000)  weight_decay: 0.0500 (0.0500)  time: 5.2850  data: 4.2274  max mem: 5581
Rehearsal EPOCH: [7]  [6/7]  eta: 0:00:01  lr: 0.000100  min_lr: 0.000001  loss: 3.1958 (3.3228)  loss_scale: 2048.0000 (2048.0000)  weight_decay: 0.0500 (0.0500)  time: 1.6111  data: 0.6042  max mem: 5581
Rehearsal EPOCH: [7] Total time: 0:00:11 (1.6507 s / it)
Averaged stats: lr: 0.000100  min_lr: 0.000001  loss: 3.1958 (3.3369)  loss_scale: 2048.0000 (2048.0000)  weight_decay: 0.0500 (0.0500)
valid len dataloader task : 0 || len_loader 1
Val:  [0/1]  eta: 0:00:01  loss: 2.6460 (2.6460)  acc1: 27.7778 (27.7778)  acc5: 61.1111 (61.1111)  time: 1.6607  data: 1.3026  max mem: 5581
Val: Total time: 0:00:01 (1.7528 s / it)
Val: Current task task : 1/8
* Acc@1 38.194 Acc@5 79.167 loss 2.369
valid len dataloader task : 1 || len_loader 1
Val:  [0/1]  eta: 0:00:01  loss: 2.3035 (2.3035)  acc1: 52.9412 (52.9412)  acc5: 76.4706 (76.4706)  time: 1.6760  data: 1.3110  max mem: 5581
Val: Total time: 0:00:01 (1.7489 s / it)
Val: Current task task : 2/8
* Acc@1 41.912 Acc@5 78.676 loss 2.224
valid len dataloader task : 2 || len_loader 1
Val:  [0/1]  eta: 0:00:01  loss: 2.0465 (2.0465)  acc1: 50.0000 (50.0000)  acc5: 83.3333 (83.3333)  time: 1.6269  data: 1.2345  max mem: 5581
Val: Total time: 0:00:01 (1.7088 s / it)
Val: Current task task : 3/8
* Acc@1 49.306 Acc@5 81.250 loss 2.055
valid len dataloader task : 3 || len_loader 1
Val:  [0/1]  eta: 0:00:01  loss: 2.0242 (2.0242)  acc1: 68.7500 (68.7500)  acc5: 93.7500 (93.7500)  time: 1.5025  data: 1.1551  max mem: 5581
Val: Total time: 0:00:01 (1.5982 s / it)
Val: Current task task : 4/8
* Acc@1 60.156 Acc@5 90.625 loss 2.112
valid len dataloader task : 4 || len_loader 1
Val:  [0/1]  eta: 0:00:01  loss: 2.2255 (2.2255)  acc1: 43.7500 (43.7500)  acc5: 87.5000 (87.5000)  time: 1.5277  data: 1.1678  max mem: 5581
Val: Total time: 0:00:01 (1.6192 s / it)
Val: Current task task : 5/8
* Acc@1 43.750 Acc@5 90.625 loss 2.169
valid len dataloader task : 5 || len_loader 1
Val:  [0/1]  eta: 0:00:01  loss: 2.0651 (2.0651)  acc1: 58.8235 (58.8235)  acc5: 82.3529 (82.3529)  time: 1.6111  data: 1.2276  max mem: 5581
Val: Total time: 0:00:01 (1.6973 s / it)
Val: Current task task : 6/8
* Acc@1 50.000 Acc@5 89.706 loss 2.058
valid len dataloader task : 6 || len_loader 1
Val:  [0/1]  eta: 0:00:01  loss: 2.4485 (2.4485)  acc1: 38.8889 (38.8889)  acc5: 77.7778 (77.7778)  time: 1.6458  data: 1.2356  max mem: 5581
Val: Total time: 0:00:01 (1.7067 s / it)
Val: Current task task : 7/8
* Acc@1 40.972 Acc@5 75.694 loss 2.498
valid len dataloader task : 7 || len_loader 1
Val:  [0/1]  eta: 0:00:01  loss: 2.0385 (2.0385)  acc1: 50.0000 (50.0000)  acc5: 93.7500 (93.7500)  time: 1.5300  data: 1.1921  max mem: 5581
Val: Total time: 0:00:01 (1.6165 s / it)
Val: Current task task : 8/8
* Acc@1 46.875 Acc@5 92.188 loss 2.053
[VAL-REHEARSAL][8] TOTAL Accuracy of the network on the  val videos: 46.40%
[2023-08-22 23:23:16,779] [INFO] [logging.py:77:log_dist] [Rank 0] [Torch] Checkpoint checkpoint-best_rehearsal is begin to save!
[2023-08-22 23:23:16,782] [INFO] [torch_checkpoint_engine.py:29:commit] [Torch] Checkpoint checkpoint-best_rehearsal is ready now!
[2023-08-22 23:23:16,782] [INFO] [logging.py:77:log_dist] [Rank 0] Saving model checkpoint: logs/ucf_10/36/checkpoint-best_rehearsal/mp_rank_00_model_states.pt
[2023-08-22 23:23:16,782] [INFO] [torch_checkpoint_engine.py:17:save] [Torch] Saving logs/ucf_10/36/checkpoint-best_rehearsal/mp_rank_00_model_states.pt...
[2023-08-22 23:23:16,782] [INFO] [torch_checkpoint_engine.py:29:commit] [Torch] Checkpoint checkpoint-best_rehearsal is ready now!
[2023-08-22 23:23:16,782] [INFO] [torch_checkpoint_engine.py:29:commit] [Torch] Checkpoint checkpoint-best_rehearsal is ready now!
[2023-08-22 23:23:16,782] [INFO] [torch_checkpoint_engine.py:29:commit] [Torch] Checkpoint checkpoint-best_rehearsal is ready now!
[2023-08-22 23:23:16,782] [INFO] [torch_checkpoint_engine.py:29:commit] [Torch] Checkpoint checkpoint-best_rehearsal is ready now!
[2023-08-22 23:23:16,783] [INFO] [torch_checkpoint_engine.py:29:commit] [Torch] Checkpoint checkpoint-best_rehearsal is ready now!
[2023-08-22 23:23:16,784] [INFO] [torch_checkpoint_engine.py:29:commit] [Torch] Checkpoint checkpoint-best_rehearsal is ready now!
[2023-08-22 23:23:19,840] [INFO] [torch_checkpoint_engine.py:19:save] [Torch] Saved logs/ucf_10/36/checkpoint-best_rehearsal/mp_rank_00_model_states.pt.
[2023-08-22 23:23:19,840] [INFO] [torch_checkpoint_engine.py:29:commit] [Torch] Checkpoint checkpoint-best_rehearsal is ready now!
Max total accuracy: 46.40%
Rehearsal EPOCH: [8]  [0/7]  eta: 0:00:34  lr: 0.000090  min_lr: 0.000001  loss: 3.3827 (3.3827)  loss_scale: 2048.0000 (2048.0000)  weight_decay: 0.0500 (0.0500)  time: 4.9895  data: 3.8365  max mem: 5581
Rehearsal EPOCH: [8]  [6/7]  eta: 0:00:01  lr: 0.000035  min_lr: 0.000000  loss: 3.3827 (3.3010)  loss_scale: 2048.0000 (2048.0000)  weight_decay: 0.0500 (0.0500)  time: 1.5695  data: 0.5486  max mem: 5581
Rehearsal EPOCH: [8] Total time: 0:00:11 (1.6035 s / it)
Averaged stats: lr: 0.000035  min_lr: 0.000000  loss: 3.3827 (3.3592)  loss_scale: 2048.0000 (2048.0000)  weight_decay: 0.0500 (0.0500)
valid len dataloader task : 0 || len_loader 1
Val:  [0/1]  eta: 0:00:01  loss: 2.5848 (2.5848)  acc1: 27.7778 (27.7778)  acc5: 61.1111 (61.1111)  time: 1.6655  data: 1.2812  max mem: 5581
Val: Total time: 0:00:01 (1.7416 s / it)
Val: Current task task : 1/8
* Acc@1 40.972 Acc@5 79.167 loss 2.335
valid len dataloader task : 1 || len_loader 1
Val:  [0/1]  eta: 0:00:01  loss: 2.3701 (2.3701)  acc1: 47.0588 (47.0588)  acc5: 76.4706 (76.4706)  time: 1.5650  data: 1.2149  max mem: 5581
Val: Total time: 0:00:01 (1.6254 s / it)
Val: Current task task : 2/8
* Acc@1 44.118 Acc@5 77.206 loss 2.218
valid len dataloader task : 2 || len_loader 1
Val:  [0/1]  eta: 0:00:01  loss: 2.0217 (2.0217)  acc1: 44.4444 (44.4444)  acc5: 83.3333 (83.3333)  time: 1.5884  data: 1.2281  max mem: 5581
Val: Total time: 0:00:01 (1.6768 s / it)
Val: Current task task : 3/8
* Acc@1 48.611 Acc@5 81.944 loss 2.055
valid len dataloader task : 3 || len_loader 1
Val:  [0/1]  eta: 0:00:01  loss: 1.9856 (1.9856)  acc1: 68.7500 (68.7500)  acc5: 100.0000 (100.0000)  time: 1.4831  data: 1.1482  max mem: 5581
Val: Total time: 0:00:01 (1.5853 s / it)
Val: Current task task : 4/8
* Acc@1 60.938 Acc@5 88.281 loss 2.138
valid len dataloader task : 4 || len_loader 1
Val:  [0/1]  eta: 0:00:01  loss: 2.1369 (2.1369)  acc1: 50.0000 (50.0000)  acc5: 100.0000 (100.0000)  time: 1.4734  data: 1.1480  max mem: 5581
Val: Total time: 0:00:01 (1.5928 s / it)
Val: Current task task : 5/8
* Acc@1 46.094 Acc@5 89.844 loss 2.148
valid len dataloader task : 5 || len_loader 1
Val:  [0/1]  eta: 0:00:01  loss: 2.1331 (2.1331)  acc1: 52.9412 (52.9412)  acc5: 82.3529 (82.3529)  time: 1.6329  data: 1.2588  max mem: 5581
Val: Total time: 0:00:01 (1.7074 s / it)
Val: Current task task : 6/8
* Acc@1 47.794 Acc@5 88.971 loss 2.061
valid len dataloader task : 6 || len_loader 1
Val:  [0/1]  eta: 0:00:01  loss: 2.3655 (2.3655)  acc1: 33.3333 (33.3333)  acc5: 77.7778 (77.7778)  time: 1.6571  data: 1.2617  max mem: 5581
Val: Total time: 0:00:01 (1.7315 s / it)
Val: Current task task : 7/8
* Acc@1 41.667 Acc@5 75.694 loss 2.468
valid len dataloader task : 7 || len_loader 1
Val:  [0/1]  eta: 0:00:01  loss: 2.0950 (2.0950)  acc1: 50.0000 (50.0000)  acc5: 93.7500 (93.7500)  time: 1.4833  data: 1.1352  max mem: 5581
Val: Total time: 0:00:01 (1.5716 s / it)
Val: Current task task : 8/8
* Acc@1 48.438 Acc@5 90.625 loss 2.076
[VAL-REHEARSAL][9] TOTAL Accuracy of the network on the  val videos: 47.33%
[2023-08-22 23:23:45,107] [INFO] [logging.py:77:log_dist] [Rank 0] [Torch] Checkpoint checkpoint-best_rehearsal is begin to save!
[2023-08-22 23:23:45,110] [INFO] [torch_checkpoint_engine.py:29:commit] [Torch] Checkpoint checkpoint-best_rehearsal is ready now!
[2023-08-22 23:23:45,110] [INFO] [torch_checkpoint_engine.py:29:commit] [Torch] Checkpoint checkpoint-best_rehearsal is ready now!
[2023-08-22 23:23:45,110] [INFO] [torch_checkpoint_engine.py:29:commit] [Torch] Checkpoint checkpoint-best_rehearsal is ready now!
[2023-08-22 23:23:45,110] [INFO] [torch_checkpoint_engine.py:29:commit] [Torch] Checkpoint checkpoint-best_rehearsal is ready now!
[2023-08-22 23:23:45,110] [INFO] [torch_checkpoint_engine.py:29:commit] [Torch] Checkpoint checkpoint-best_rehearsal is ready now!
[2023-08-22 23:23:45,110] [INFO] [torch_checkpoint_engine.py:29:commit] [Torch] Checkpoint checkpoint-best_rehearsal is ready now!
[2023-08-22 23:23:45,110] [INFO] [logging.py:77:log_dist] [Rank 0] Saving model checkpoint: logs/ucf_10/36/checkpoint-best_rehearsal/mp_rank_00_model_states.pt
[2023-08-22 23:23:45,110] [INFO] [torch_checkpoint_engine.py:17:save] [Torch] Saving logs/ucf_10/36/checkpoint-best_rehearsal/mp_rank_00_model_states.pt...
[2023-08-22 23:23:45,110] [INFO] [torch_checkpoint_engine.py:29:commit] [Torch] Checkpoint checkpoint-best_rehearsal is ready now!
[2023-08-22 23:23:48,001] [INFO] [torch_checkpoint_engine.py:19:save] [Torch] Saved logs/ucf_10/36/checkpoint-best_rehearsal/mp_rank_00_model_states.pt.
[2023-08-22 23:23:48,002] [INFO] [torch_checkpoint_engine.py:29:commit] [Torch] Checkpoint checkpoint-best_rehearsal is ready now!
Max total accuracy: 47.33%
Rehearsal EPOCH: [9]  [0/7]  eta: 0:00:35  lr: 0.000028  min_lr: 0.000000  loss: 3.1164 (3.1164)  loss_scale: 2048.0000 (2048.0000)  weight_decay: 0.0500 (0.0500)  time: 5.0596  data: 3.5045  max mem: 5581
Rehearsal EPOCH: [9]  [6/7]  eta: 0:00:01  lr: 0.000005  min_lr: 0.000000  loss: 3.1337 (3.2565)  loss_scale: 2048.0000 (2048.0000)  weight_decay: 0.0500 (0.0500)  time: 1.5797  data: 0.5009  max mem: 5581
Rehearsal EPOCH: [9] Total time: 0:00:11 (1.6140 s / it)
Averaged stats: lr: 0.000005  min_lr: 0.000000  loss: 3.1337 (3.2435)  loss_scale: 2048.0000 (2048.0000)  weight_decay: 0.0500 (0.0500)
valid len dataloader task : 0 || len_loader 1
Val:  [0/1]  eta: 0:00:01  loss: 2.6395 (2.6395)  acc1: 33.3333 (33.3333)  acc5: 61.1111 (61.1111)  time: 1.6261  data: 1.2534  max mem: 5581
Val: Total time: 0:00:01 (1.7118 s / it)
Val: Current task task : 1/8
* Acc@1 42.361 Acc@5 79.167 loss 2.331
valid len dataloader task : 1 || len_loader 1
Val:  [0/1]  eta: 0:00:01  loss: 2.3455 (2.3455)  acc1: 58.8235 (58.8235)  acc5: 76.4706 (76.4706)  time: 1.6429  data: 1.2478  max mem: 5581
Val: Total time: 0:00:01 (1.7355 s / it)
Val: Current task task : 2/8
* Acc@1 48.529 Acc@5 76.471 loss 2.212
valid len dataloader task : 2 || len_loader 1
Val:  [0/1]  eta: 0:00:01  loss: 2.0072 (2.0072)  acc1: 44.4444 (44.4444)  acc5: 83.3333 (83.3333)  time: 1.6532  data: 1.2382  max mem: 5581
Val: Total time: 0:00:01 (1.7466 s / it)
Val: Current task task : 3/8
* Acc@1 52.778 Acc@5 81.944 loss 2.022
valid len dataloader task : 3 || len_loader 1
Val:  [0/1]  eta: 0:00:01  loss: 1.9260 (1.9260)  acc1: 75.0000 (75.0000)  acc5: 100.0000 (100.0000)  time: 1.5129  data: 1.1696  max mem: 5581
Val: Total time: 0:00:01 (1.5933 s / it)
Val: Current task task : 4/8
* Acc@1 65.625 Acc@5 92.188 loss 2.045
valid len dataloader task : 4 || len_loader 1
Val:  [0/1]  eta: 0:00:01  loss: 2.2142 (2.2142)  acc1: 43.7500 (43.7500)  acc5: 93.7500 (93.7500)  time: 1.4528  data: 1.1253  max mem: 5581
Val: Total time: 0:00:01 (1.5524 s / it)
Val: Current task task : 5/8
* Acc@1 45.312 Acc@5 90.625 loss 2.160
valid len dataloader task : 5 || len_loader 1
Val:  [0/1]  eta: 0:00:01  loss: 2.0409 (2.0409)  acc1: 58.8235 (58.8235)  acc5: 82.3529 (82.3529)  time: 1.6063  data: 1.2393  max mem: 5581
Val: Total time: 0:00:01 (1.6923 s / it)
Val: Current task task : 6/8
* Acc@1 52.206 Acc@5 88.235 loss 2.024
valid len dataloader task : 6 || len_loader 1
Val:  [0/1]  eta: 0:00:01  loss: 2.3942 (2.3942)  acc1: 38.8889 (38.8889)  acc5: 72.2222 (72.2222)  time: 1.5630  data: 1.1907  max mem: 5581
Val: Total time: 0:00:01 (1.6472 s / it)
Val: Current task task : 7/8
* Acc@1 40.278 Acc@5 76.389 loss 2.478
valid len dataloader task : 7 || len_loader 1
Val:  [0/1]  eta: 0:00:01  loss: 2.0336 (2.0336)  acc1: 50.0000 (50.0000)  acc5: 93.7500 (93.7500)  time: 1.5004  data: 1.1751  max mem: 5581
Val: Total time: 0:00:01 (1.5770 s / it)
Val: Current task task : 8/8
* Acc@1 46.875 Acc@5 90.625 loss 2.041
[VAL-REHEARSAL][10] TOTAL Accuracy of the network on the  val videos: 49.25%
[2023-08-22 23:24:13,459] [INFO] [logging.py:77:log_dist] [Rank 0] [Torch] Checkpoint checkpoint-best_rehearsal is begin to save!
[2023-08-22 23:24:13,462] [INFO] [torch_checkpoint_engine.py:29:commit] [Torch] Checkpoint checkpoint-best_rehearsal is ready now!
[2023-08-22 23:24:13,462] [INFO] [torch_checkpoint_engine.py:29:commit] [Torch] Checkpoint checkpoint-best_rehearsal is ready now!
[2023-08-22 23:24:13,462] [INFO] [torch_checkpoint_engine.py:29:commit] [Torch] Checkpoint checkpoint-best_rehearsal is ready now!
[2023-08-22 23:24:13,462] [INFO] [torch_checkpoint_engine.py:29:commit] [Torch] Checkpoint checkpoint-best_rehearsal is ready now!
[2023-08-22 23:24:13,462] [INFO] [torch_checkpoint_engine.py:29:commit] [Torch] Checkpoint checkpoint-best_rehearsal is ready now!
[2023-08-22 23:24:13,462] [INFO] [logging.py:77:log_dist] [Rank 0] Saving model checkpoint: logs/ucf_10/36/checkpoint-best_rehearsal/mp_rank_00_model_states.pt
[2023-08-22 23:24:13,462] [INFO] [torch_checkpoint_engine.py:17:save] [Torch] Saving logs/ucf_10/36/checkpoint-best_rehearsal/mp_rank_00_model_states.pt...
[2023-08-22 23:24:13,462] [INFO] [torch_checkpoint_engine.py:29:commit] [Torch] Checkpoint checkpoint-best_rehearsal is ready now!
[2023-08-22 23:24:13,462] [INFO] [torch_checkpoint_engine.py:29:commit] [Torch] Checkpoint checkpoint-best_rehearsal is ready now!
[2023-08-22 23:24:16,793] [INFO] [torch_checkpoint_engine.py:19:save] [Torch] Saved logs/ucf_10/36/checkpoint-best_rehearsal/mp_rank_00_model_states.pt.
[2023-08-22 23:24:16,794] [INFO] [torch_checkpoint_engine.py:29:commit] [Torch] Checkpoint checkpoint-best_rehearsal is ready now!
Max total accuracy: 49.25%
load best rehearsal model
<All keys matched successfully>
valid len dataloader task : 0 || len_loader 1
Val:  [0/1]  eta: 0:00:01  loss: 2.6264 (2.6264)  acc1: 27.7778 (27.7778)  acc5: 55.5556 (55.5556)  time: 1.6777  data: 1.3010  max mem: 5581
Val: Total time: 0:00:01 (1.7438 s / it)
Val: Current task task : 1/8
* Acc@1 40.278 Acc@5 80.556 loss 2.326
valid len dataloader task : 1 || len_loader 1
Val:  [0/1]  eta: 0:00:01  loss: 2.3249 (2.3249)  acc1: 52.9412 (52.9412)  acc5: 76.4706 (76.4706)  time: 1.5804  data: 1.2166  max mem: 5581
Val: Total time: 0:00:01 (1.6734 s / it)
Val: Current task task : 2/8
* Acc@1 46.324 Acc@5 77.206 loss 2.211
valid len dataloader task : 2 || len_loader 1
Val:  [0/1]  eta: 0:00:01  loss: 2.0018 (2.0018)  acc1: 44.4444 (44.4444)  acc5: 83.3333 (83.3333)  time: 1.6547  data: 1.2783  max mem: 5581
Val: Total time: 0:00:01 (1.7371 s / it)
Val: Current task task : 3/8
* Acc@1 50.694 Acc@5 81.250 loss 2.043
valid len dataloader task : 3 || len_loader 1
Val:  [0/1]  eta: 0:00:01  loss: 1.9945 (1.9945)  acc1: 75.0000 (75.0000)  acc5: 100.0000 (100.0000)  time: 1.5151  data: 1.1640  max mem: 5581
Val: Total time: 0:00:01 (1.6234 s / it)
Val: Current task task : 4/8
* Acc@1 64.062 Acc@5 89.062 loss 2.115
valid len dataloader task : 4 || len_loader 1
Val:  [0/1]  eta: 0:00:01  loss: 2.2263 (2.2263)  acc1: 43.7500 (43.7500)  acc5: 93.7500 (93.7500)  time: 1.5039  data: 1.1444  max mem: 5581
Val: Total time: 0:00:01 (1.6044 s / it)
Val: Current task task : 5/8
* Acc@1 46.094 Acc@5 89.062 loss 2.166
valid len dataloader task : 5 || len_loader 1
Val:  [0/1]  eta: 0:00:01  loss: 2.0347 (2.0347)  acc1: 64.7059 (64.7059)  acc5: 88.2353 (88.2353)  time: 1.6377  data: 1.2507  max mem: 5581
Val: Total time: 0:00:01 (1.7115 s / it)
Val: Current task task : 6/8
* Acc@1 53.676 Acc@5 91.912 loss 2.028
valid len dataloader task : 6 || len_loader 1
Val:  [0/1]  eta: 0:00:01  loss: 2.3554 (2.3554)  acc1: 44.4444 (44.4444)  acc5: 77.7778 (77.7778)  time: 1.6514  data: 1.2187  max mem: 5581
Val: Total time: 0:00:01 (1.7319 s / it)
Val: Current task task : 7/8
* Acc@1 44.444 Acc@5 78.472 loss 2.451
valid len dataloader task : 7 || len_loader 1
Val:  [0/1]  eta: 0:00:01  loss: 2.1138 (2.1138)  acc1: 50.0000 (50.0000)  acc5: 93.7500 (93.7500)  time: 1.5243  data: 1.1899  max mem: 5581
Val: Total time: 0:00:01 (1.6035 s / it)
Val: Current task task : 8/8
* Acc@1 48.438 Acc@5 93.750 loss 2.064
[TEST] Accuracy of the network on the  test videos: 49.25%
Training time 0:06:38
current task : 9 | train | Number of the class = 101
current task : 9 | validation | Number of the class = 101
current task : 9 | validation | Number of the class = 101
Sampler_train = <torch.utils.data.distributed.DistributedSampler object at 0x7f94b43f3e90>
Sampler_rehearsal = <torch.utils.data.distributed.DistributedSampler object at 0x7f9555755890>
Warning: Enabling distributed evaluation with an eval dataset not divisible by process number. This will slightly alter validation results as extra duplicate entries are added to achieve equal num of samples per-process.
Number of training examples = 839
Number of training training per epoch = 6
Number of rehearsal training examples = 1010
Number of rehearsal training training per epoch = 7
Use step level LR scheduler!
Set warmup steps = 30
Set warmup steps = 0
Max WD = 0.0500000, Min WD = 0.0500000
Use step level LR scheduler!
Set warmup steps = 35
Set warmup steps = 0
Max WD = 0.0500000, Min WD = 0.0500000
==================================================
==================================================
==================================================
==================================================
Current task index : 9/10
==================================================
==================================================
==================================================
==================================================
Start training for 10 epochs
TASK EPOCH: [0]  [0/6]  eta: 0:00:30  lr: 0.000000  min_lr: 0.000000  loss: 5.2094 (5.2094)  loss_scale: 2048.0000 (2048.0000)  weight_decay: 0.0500 (0.0500)  time: 5.0251  data: 2.5329  max mem: 5581
TASK EPOCH: [0]  [5/6]  eta: 0:00:01  lr: 0.000043  min_lr: 0.000000  loss: 5.1528 (5.1504)  loss_scale: 2048.0000 (2048.0000)  weight_decay: 0.0500 (0.0500)  time: 1.6730  data: 0.4226  max mem: 5581
TASK EPOCH: [0] Total time: 0:00:10 (1.7108 s / it)
Averaged stats: lr: 0.000043  min_lr: 0.000000  loss: 5.1528 (5.1607)  loss_scale: 2048.0000 (2048.0000)  weight_decay: 0.0500 (0.0500)
TASK EPOCH: [1]  [0/6]  eta: 0:00:28  lr: 0.000052  min_lr: 0.000001  loss: 5.0993 (5.0993)  loss_scale: 2048.0000 (2048.0000)  weight_decay: 0.0500 (0.0500)  time: 4.7346  data: 3.5500  max mem: 5581
TASK EPOCH: [1]  [5/6]  eta: 0:00:01  lr: 0.000095  min_lr: 0.000001  loss: 4.7341 (4.7838)  loss_scale: 2048.0000 (2048.0000)  weight_decay: 0.0500 (0.0500)  time: 1.6186  data: 0.5921  max mem: 5581
TASK EPOCH: [1] Total time: 0:00:09 (1.6547 s / it)
Averaged stats: lr: 0.000095  min_lr: 0.000001  loss: 4.7341 (4.7851)  loss_scale: 2048.0000 (2048.0000)  weight_decay: 0.0500 (0.0500)
TASK EPOCH: [2]  [0/6]  eta: 0:00:29  lr: 0.000103  min_lr: 0.000001  loss: 4.2970 (4.2970)  loss_scale: 2048.0000 (2048.0000)  weight_decay: 0.0500 (0.0500)  time: 4.8990  data: 3.2672  max mem: 5581
TASK EPOCH: [2]  [5/6]  eta: 0:00:01  lr: 0.000147  min_lr: 0.000001  loss: 3.8761 (4.0317)  loss_scale: 2048.0000 (2048.0000)  weight_decay: 0.0500 (0.0500)  time: 1.6475  data: 0.5450  max mem: 5581
TASK EPOCH: [2] Total time: 0:00:10 (1.6836 s / it)
Averaged stats: lr: 0.000147  min_lr: 0.000001  loss: 3.8761 (4.0123)  loss_scale: 2048.0000 (2048.0000)  weight_decay: 0.0500 (0.0500)
TASK EPOCH: [3]  [0/6]  eta: 0:00:28  lr: 0.000155  min_lr: 0.000002  loss: 3.5271 (3.5271)  loss_scale: 2048.0000 (2048.0000)  weight_decay: 0.0500 (0.0500)  time: 4.6801  data: 3.5273  max mem: 5581
TASK EPOCH: [3]  [5/6]  eta: 0:00:01  lr: 0.000198  min_lr: 0.000002  loss: 2.7738 (2.8871)  loss_scale: 2048.0000 (2048.0000)  weight_decay: 0.0500 (0.0500)  time: 1.6103  data: 0.5882  max mem: 5581
TASK EPOCH: [3] Total time: 0:00:09 (1.6477 s / it)
Averaged stats: lr: 0.000198  min_lr: 0.000002  loss: 2.7738 (2.9125)  loss_scale: 2048.0000 (2048.0000)  weight_decay: 0.0500 (0.0500)
TASK EPOCH: [4]  [0/6]  eta: 0:00:28  lr: 0.000207  min_lr: 0.000002  loss: 2.4519 (2.4519)  loss_scale: 2048.0000 (2048.0000)  weight_decay: 0.0500 (0.0500)  time: 4.7740  data: 3.5794  max mem: 5581
TASK EPOCH: [4]  [5/6]  eta: 0:00:01  lr: 0.000250  min_lr: 0.000002  loss: 2.4364 (2.4069)  loss_scale: 2048.0000 (2048.0000)  weight_decay: 0.0500 (0.0500)  time: 1.6264  data: 0.5970  max mem: 5581
TASK EPOCH: [4] Total time: 0:00:09 (1.6606 s / it)
Averaged stats: lr: 0.000250  min_lr: 0.000002  loss: 2.4364 (2.3625)  loss_scale: 2048.0000 (2048.0000)  weight_decay: 0.0500 (0.0500)
TASK EPOCH: [5]  [0/6]  eta: 0:00:27  lr: 0.000250  min_lr: 0.000002  loss: 2.5782 (2.5782)  loss_scale: 2048.0000 (2048.0000)  weight_decay: 0.0500 (0.0500)  time: 4.5121  data: 3.5909  max mem: 5581
TASK EPOCH: [5]  [5/6]  eta: 0:00:01  lr: 0.000234  min_lr: 0.000002  loss: 2.2252 (2.2751)  loss_scale: 2048.0000 (2048.0000)  weight_decay: 0.0500 (0.0500)  time: 1.5815  data: 0.5989  max mem: 5581
TASK EPOCH: [5] Total time: 0:00:09 (1.6173 s / it)
Averaged stats: lr: 0.000234  min_lr: 0.000002  loss: 2.2252 (2.3585)  loss_scale: 2048.0000 (2048.0000)  weight_decay: 0.0500 (0.0500)
TASK EPOCH: [6]  [0/6]  eta: 0:00:29  lr: 0.000227  min_lr: 0.000002  loss: 2.0128 (2.0128)  loss_scale: 2048.0000 (2048.0000)  weight_decay: 0.0500 (0.0500)  time: 4.8851  data: 3.8108  max mem: 5581
TASK EPOCH: [6]  [5/6]  eta: 0:00:01  lr: 0.000177  min_lr: 0.000002  loss: 2.2931 (2.2866)  loss_scale: 2048.0000 (2048.0000)  weight_decay: 0.0500 (0.0500)  time: 1.6452  data: 0.6356  max mem: 5581
TASK EPOCH: [6] Total time: 0:00:10 (1.6818 s / it)
Averaged stats: lr: 0.000177  min_lr: 0.000002  loss: 2.2931 (2.2691)  loss_scale: 2048.0000 (2048.0000)  weight_decay: 0.0500 (0.0500)
TASK EPOCH: [7]  [0/6]  eta: 0:00:27  lr: 0.000165  min_lr: 0.000002  loss: 2.5695 (2.5695)  loss_scale: 2048.0000 (2048.0000)  weight_decay: 0.0500 (0.0500)  time: 4.5173  data: 2.9136  max mem: 5581
TASK EPOCH: [7]  [5/6]  eta: 0:00:01  lr: 0.000102  min_lr: 0.000001  loss: 2.2302 (2.2613)  loss_scale: 2048.0000 (2048.0000)  weight_decay: 0.0500 (0.0500)  time: 1.5826  data: 0.4860  max mem: 5581
TASK EPOCH: [7] Total time: 0:00:09 (1.6187 s / it)
Averaged stats: lr: 0.000102  min_lr: 0.000001  loss: 2.2302 (2.1126)  loss_scale: 2048.0000 (2048.0000)  weight_decay: 0.0500 (0.0500)
TASK EPOCH: [8]  [0/6]  eta: 0:00:28  lr: 0.000090  min_lr: 0.000001  loss: 1.8223 (1.8223)  loss_scale: 2048.0000 (2048.0000)  weight_decay: 0.0500 (0.0500)  time: 4.8323  data: 3.8947  max mem: 5581
TASK EPOCH: [8]  [5/6]  eta: 0:00:01  lr: 0.000036  min_lr: 0.000000  loss: 2.0301 (2.0802)  loss_scale: 2048.0000 (2048.0000)  weight_decay: 0.0500 (0.0500)  time: 1.6351  data: 0.6495  max mem: 5581
TASK EPOCH: [8] Total time: 0:00:10 (1.6698 s / it)
Averaged stats: lr: 0.000036  min_lr: 0.000000  loss: 2.0301 (2.2015)  loss_scale: 2048.0000 (2048.0000)  weight_decay: 0.0500 (0.0500)
TASK EPOCH: [9]  [0/6]  eta: 0:00:27  lr: 0.000028  min_lr: 0.000000  loss: 2.2286 (2.2286)  loss_scale: 2048.0000 (2048.0000)  weight_decay: 0.0500 (0.0500)  time: 4.5582  data: 3.0373  max mem: 5581
TASK EPOCH: [9]  [5/6]  eta: 0:00:01  lr: 0.000006  min_lr: 0.000000  loss: 2.1188 (2.0552)  loss_scale: 2048.0000 (2048.0000)  weight_decay: 0.0500 (0.0500)  time: 1.5907  data: 0.5067  max mem: 5581
TASK EPOCH: [9] Total time: 0:00:09 (1.6270 s / it)
Averaged stats: lr: 0.000006  min_lr: 0.000000  loss: 2.1188 (2.1160)  loss_scale: 2048.0000 (2048.0000)  weight_decay: 0.0500 (0.0500)
--------------------
--------------------
start rehearsal training for 10 epochs 
Rehearsal EPOCH: [0]  [0/7]  eta: 0:00:35  lr: 0.000000  min_lr: 0.000000  loss: 7.0577 (7.0577)  loss_scale: 2048.0000 (2048.0000)  weight_decay: 0.0500 (0.0500)  time: 5.1426  data: 3.5491  max mem: 5581
Rehearsal EPOCH: [0]  [6/7]  eta: 0:00:01  lr: 0.000044  min_lr: 0.000000  loss: 5.9164 (6.0589)  loss_scale: 2048.0000 (2048.0000)  weight_decay: 0.0500 (0.0500)  time: 1.5888  data: 0.5073  max mem: 5581
Rehearsal EPOCH: [0] Total time: 0:00:11 (1.6219 s / it)
Averaged stats: lr: 0.000044  min_lr: 0.000000  loss: 5.9164 (6.0154)  loss_scale: 2048.0000 (2048.0000)  weight_decay: 0.0500 (0.0500)
valid len dataloader task : 0 || len_loader 1
Val:  [0/1]  eta: 0:00:01  loss: 4.8278 (4.8278)  acc1: 11.1111 (11.1111)  acc5: 27.7778 (27.7778)  time: 1.7309  data: 1.3481  max mem: 5581
Val: Total time: 0:00:01 (1.8062 s / it)
Val: Current task task : 1/9
* Acc@1 11.806 Acc@5 27.778 loss 4.642
valid len dataloader task : 1 || len_loader 1
Val:  [0/1]  eta: 0:00:01  loss: 4.5647 (4.5647)  acc1: 11.7647 (11.7647)  acc5: 29.4118 (29.4118)  time: 1.7093  data: 1.3456  max mem: 5581
Val: Total time: 0:00:01 (1.7841 s / it)
Val: Current task task : 2/9
* Acc@1 13.971 Acc@5 30.147 loss 4.709
valid len dataloader task : 2 || len_loader 1
Val:  [0/1]  eta: 0:00:01  loss: 5.1591 (5.1591)  acc1: 5.5556 (5.5556)  acc5: 16.6667 (16.6667)  time: 1.7445  data: 1.3227  max mem: 5581
Val: Total time: 0:00:01 (1.8362 s / it)
Val: Current task task : 3/9
* Acc@1 6.944 Acc@5 22.222 loss 4.926
valid len dataloader task : 3 || len_loader 1
Val:  [0/1]  eta: 0:00:01  loss: 4.3773 (4.3773)  acc1: 6.2500 (6.2500)  acc5: 43.7500 (43.7500)  time: 1.5598  data: 1.2038  max mem: 5581
Val: Total time: 0:00:01 (1.6372 s / it)
Val: Current task task : 4/9
* Acc@1 2.344 Acc@5 34.375 loss 4.666
valid len dataloader task : 4 || len_loader 1
Val:  [0/1]  eta: 0:00:01  loss: 5.3846 (5.3846)  acc1: 0.0000 (0.0000)  acc5: 6.2500 (6.2500)  time: 1.5800  data: 1.2293  max mem: 5581
Val: Total time: 0:00:01 (1.6558 s / it)
Val: Current task task : 5/9
* Acc@1 0.781 Acc@5 9.375 loss 5.279
valid len dataloader task : 5 || len_loader 1
Val:  [0/1]  eta: 0:00:01  loss: 4.4565 (4.4565)  acc1: 5.8824 (5.8824)  acc5: 41.1765 (41.1765)  time: 1.6379  data: 1.2696  max mem: 5581
Val: Total time: 0:00:01 (1.7422 s / it)
Val: Current task task : 6/9
* Acc@1 5.147 Acc@5 30.147 loss 4.570
valid len dataloader task : 6 || len_loader 1
Val:  [0/1]  eta: 0:00:01  loss: 4.9977 (4.9977)  acc1: 0.0000 (0.0000)  acc5: 16.6667 (16.6667)  time: 1.6563  data: 1.2783  max mem: 5581
Val: Total time: 0:00:01 (1.7359 s / it)
Val: Current task task : 7/9
* Acc@1 6.250 Acc@5 18.056 loss 5.172
valid len dataloader task : 7 || len_loader 1
Val:  [0/1]  eta: 0:00:01  loss: 5.1581 (5.1581)  acc1: 6.2500 (6.2500)  acc5: 31.2500 (31.2500)  time: 1.5418  data: 1.1963  max mem: 5581
Val: Total time: 0:00:01 (1.6580 s / it)
Val: Current task task : 8/9
* Acc@1 4.688 Acc@5 25.000 loss 5.339
valid len dataloader task : 8 || len_loader 1
Val:  [0/1]  eta: 0:00:01  loss: 0.6575 (0.6575)  acc1: 81.2500 (81.2500)  acc5: 100.0000 (100.0000)  time: 1.6100  data: 1.2707  max mem: 5581
Val: Total time: 0:00:01 (1.6749 s / it)
Val: Current task task : 9/9
* Acc@1 81.250 Acc@5 99.219 loss 0.722
[VAL-REHEARSAL][1] TOTAL Accuracy of the network on the  val videos: 14.80%
[2023-08-22 23:26:40,388] [INFO] [logging.py:77:log_dist] [Rank 0] [Torch] Checkpoint checkpoint-best_rehearsal is begin to save!
[2023-08-22 23:26:40,390] [INFO] [torch_checkpoint_engine.py:29:commit] [Torch] Checkpoint checkpoint-best_rehearsal is ready now!
[2023-08-22 23:26:40,391] [INFO] [torch_checkpoint_engine.py:29:commit] [Torch] Checkpoint checkpoint-best_rehearsal is ready now!
[2023-08-22 23:26:40,391] [INFO] [torch_checkpoint_engine.py:29:commit] [Torch] Checkpoint checkpoint-best_rehearsal is ready now!
[2023-08-22 23:26:40,391] [INFO] [torch_checkpoint_engine.py:29:commit] [Torch] Checkpoint checkpoint-best_rehearsal is ready now!
[2023-08-22 23:26:40,391] [INFO] [torch_checkpoint_engine.py:29:commit] [Torch] Checkpoint checkpoint-best_rehearsal is ready now!
[2023-08-22 23:26:40,391] [INFO] [logging.py:77:log_dist] [Rank 0] Saving model checkpoint: logs/ucf_10/36/checkpoint-best_rehearsal/mp_rank_00_model_states.pt
[2023-08-22 23:26:40,391] [INFO] [torch_checkpoint_engine.py:17:save] [Torch] Saving logs/ucf_10/36/checkpoint-best_rehearsal/mp_rank_00_model_states.pt...
[2023-08-22 23:26:40,391] [INFO] [torch_checkpoint_engine.py:29:commit] [Torch] Checkpoint checkpoint-best_rehearsal is ready now!
[2023-08-22 23:26:40,391] [INFO] [torch_checkpoint_engine.py:29:commit] [Torch] Checkpoint checkpoint-best_rehearsal is ready now!
[2023-08-22 23:26:45,045] [INFO] [torch_checkpoint_engine.py:19:save] [Torch] Saved logs/ucf_10/36/checkpoint-best_rehearsal/mp_rank_00_model_states.pt.
[2023-08-22 23:26:45,046] [INFO] [torch_checkpoint_engine.py:29:commit] [Torch] Checkpoint checkpoint-best_rehearsal is ready now!
Max total accuracy: 14.80%
[2023-08-22 23:26:50,099] [INFO] [fused_optimizer.py:394:_update_scale] No Grad overflow for 128 iterations
[2023-08-22 23:26:50,099] [INFO] [fused_optimizer.py:396:_update_scale] Increasing dynamic loss scale from 2048.0 to 4096.0
[2023-08-22 23:26:50,099] [INFO] [fused_optimizer.py:394:_update_scale] No Grad overflow for 128 iterations
[2023-08-22 23:26:50,099] [INFO] [fused_optimizer.py:394:_update_scale] No Grad overflow for 128 iterations
[2023-08-22 23:26:50,099] [INFO] [fused_optimizer.py:396:_update_scale] Increasing dynamic loss scale from 2048.0 to 4096.0
[2023-08-22 23:26:50,099] [INFO] [fused_optimizer.py:394:_update_scale] No Grad overflow for 128 iterations
[2023-08-22 23:26:50,099] [INFO] [fused_optimizer.py:396:_update_scale] Increasing dynamic loss scale from 2048.0 to 4096.0
[2023-08-22 23:26:50,099] [INFO] [fused_optimizer.py:396:_update_scale] Increasing dynamic loss scale from 2048.0 to 4096.0
[2023-08-22 23:26:50,099] [INFO] [fused_optimizer.py:394:_update_scale] No Grad overflow for 128 iterations
[2023-08-22 23:26:50,099] [INFO] [fused_optimizer.py:394:_update_scale] No Grad overflow for 128 iterations
[2023-08-22 23:26:50,099] [INFO] [fused_optimizer.py:394:_update_scale] No Grad overflow for 128 iterations
[2023-08-22 23:26:50,099] [INFO] [fused_optimizer.py:396:_update_scale] Increasing dynamic loss scale from 2048.0 to 4096.0
[2023-08-22 23:26:50,099] [INFO] [fused_optimizer.py:396:_update_scale] Increasing dynamic loss scale from 2048.0 to 4096.0
[2023-08-22 23:26:50,099] [INFO] [fused_optimizer.py:396:_update_scale] Increasing dynamic loss scale from 2048.0 to 4096.0
[2023-08-22 23:26:50,099] [INFO] [fused_optimizer.py:394:_update_scale] No Grad overflow for 128 iterations
[2023-08-22 23:26:50,099] [INFO] [fused_optimizer.py:396:_update_scale] Increasing dynamic loss scale from 2048.0 to 4096.0
Rehearsal EPOCH: [1]  [0/7]  eta: 0:00:35  lr: 0.000051  min_lr: 0.000000  loss: 5.3293 (5.3293)  loss_scale: 4096.0000 (4096.0000)  weight_decay: 0.0500 (0.0500)  time: 5.0389  data: 4.1399  max mem: 5581
Rehearsal EPOCH: [1]  [6/7]  eta: 0:00:01  lr: 0.000096  min_lr: 0.000001  loss: 4.7333 (4.8482)  loss_scale: 4096.0000 (4096.0000)  weight_decay: 0.0500 (0.0500)  time: 1.5762  data: 0.5919  max mem: 5581
Rehearsal EPOCH: [1] Total time: 0:00:11 (1.6080 s / it)
Averaged stats: lr: 0.000096  min_lr: 0.000001  loss: 4.7333 (4.7665)  loss_scale: 4096.0000 (4096.0000)  weight_decay: 0.0500 (0.0500)
valid len dataloader task : 0 || len_loader 1
Val:  [0/1]  eta: 0:00:01  loss: 3.4679 (3.4679)  acc1: 16.6667 (16.6667)  acc5: 44.4444 (44.4444)  time: 1.7485  data: 1.3844  max mem: 5581
Val: Total time: 0:00:01 (1.8209 s / it)
Val: Current task task : 1/9
* Acc@1 24.306 Acc@5 56.250 loss 3.165
valid len dataloader task : 1 || len_loader 1
Val:  [0/1]  eta: 0:00:01  loss: 3.2660 (3.2660)  acc1: 23.5294 (23.5294)  acc5: 58.8235 (58.8235)  time: 1.6830  data: 1.3354  max mem: 5581
Val: Total time: 0:00:01 (1.7525 s / it)
Val: Current task task : 2/9
* Acc@1 17.647 Acc@5 57.353 loss 3.287
valid len dataloader task : 2 || len_loader 1
Val:  [0/1]  eta: 0:00:01  loss: 3.2656 (3.2656)  acc1: 27.7778 (27.7778)  acc5: 55.5556 (55.5556)  time: 1.7123  data: 1.3210  max mem: 5581
Val: Total time: 0:00:01 (1.7880 s / it)
Val: Current task task : 3/9
* Acc@1 22.222 Acc@5 59.028 loss 3.342
valid len dataloader task : 3 || len_loader 1
Val:  [0/1]  eta: 0:00:01  loss: 2.9352 (2.9352)  acc1: 25.0000 (25.0000)  acc5: 62.5000 (62.5000)  time: 1.5768  data: 1.2539  max mem: 5581
Val: Total time: 0:00:01 (1.6492 s / it)
Val: Current task task : 4/9
* Acc@1 23.438 Acc@5 56.250 loss 3.091
valid len dataloader task : 4 || len_loader 1
Val:  [0/1]  eta: 0:00:01  loss: 3.6338 (3.6338)  acc1: 0.0000 (0.0000)  acc5: 37.5000 (37.5000)  time: 1.5514  data: 1.2255  max mem: 5581
Val: Total time: 0:00:01 (1.6209 s / it)
Val: Current task task : 5/9
* Acc@1 6.250 Acc@5 50.000 loss 3.556
valid len dataloader task : 5 || len_loader 1
Val:  [0/1]  eta: 0:00:01  loss: 2.7857 (2.7857)  acc1: 47.0588 (47.0588)  acc5: 64.7059 (64.7059)  time: 1.6048  data: 1.2400  max mem: 5581
Val: Total time: 0:00:01 (1.6934 s / it)
Val: Current task task : 6/9
* Acc@1 44.853 Acc@5 65.441 loss 2.765
valid len dataloader task : 6 || len_loader 1
Val:  [0/1]  eta: 0:00:01  loss: 3.4430 (3.4430)  acc1: 11.1111 (11.1111)  acc5: 50.0000 (50.0000)  time: 1.6525  data: 1.2492  max mem: 5581
Val: Total time: 0:00:01 (1.7218 s / it)
Val: Current task task : 7/9
* Acc@1 18.056 Acc@5 45.833 loss 3.435
valid len dataloader task : 7 || len_loader 1
Val:  [0/1]  eta: 0:00:01  loss: 3.0881 (3.0881)  acc1: 37.5000 (37.5000)  acc5: 56.2500 (56.2500)  time: 1.5531  data: 1.2065  max mem: 5581
Val: Total time: 0:00:01 (1.6250 s / it)
Val: Current task task : 8/9
* Acc@1 25.781 Acc@5 50.781 loss 3.293
valid len dataloader task : 8 || len_loader 1
Val:  [0/1]  eta: 0:00:01  loss: 2.2016 (2.2016)  acc1: 56.2500 (56.2500)  acc5: 75.0000 (75.0000)  time: 1.5601  data: 1.2233  max mem: 5581
Val: Total time: 0:00:01 (1.6371 s / it)
Val: Current task task : 9/9
* Acc@1 60.156 Acc@5 85.938 loss 2.088
[VAL-REHEARSAL][2] TOTAL Accuracy of the network on the  val videos: 26.97%
[2023-08-22 23:27:11,959] [INFO] [logging.py:77:log_dist] [Rank 0] [Torch] Checkpoint checkpoint-best_rehearsal is begin to save!
[2023-08-22 23:27:11,961] [INFO] [torch_checkpoint_engine.py:29:commit] [Torch] Checkpoint checkpoint-best_rehearsal is ready now!
[2023-08-22 23:27:11,961] [INFO] [torch_checkpoint_engine.py:29:commit] [Torch] Checkpoint checkpoint-best_rehearsal is ready now!
[2023-08-22 23:27:11,961] [INFO] [torch_checkpoint_engine.py:29:commit] [Torch] Checkpoint checkpoint-best_rehearsal is ready now!
[2023-08-22 23:27:11,961] [INFO] [torch_checkpoint_engine.py:29:commit] [Torch] Checkpoint checkpoint-best_rehearsal is ready now!
[2023-08-22 23:27:11,961] [INFO] [torch_checkpoint_engine.py:29:commit] [Torch] Checkpoint checkpoint-best_rehearsal is ready now!
[2023-08-22 23:27:11,962] [INFO] [torch_checkpoint_engine.py:29:commit] [Torch] Checkpoint checkpoint-best_rehearsal is ready now!
[2023-08-22 23:27:11,962] [INFO] [torch_checkpoint_engine.py:29:commit] [Torch] Checkpoint checkpoint-best_rehearsal is ready now!
[2023-08-22 23:27:11,962] [INFO] [logging.py:77:log_dist] [Rank 0] Saving model checkpoint: logs/ucf_10/36/checkpoint-best_rehearsal/mp_rank_00_model_states.pt
[2023-08-22 23:27:11,962] [INFO] [torch_checkpoint_engine.py:17:save] [Torch] Saving logs/ucf_10/36/checkpoint-best_rehearsal/mp_rank_00_model_states.pt...
[2023-08-22 23:27:16,055] [INFO] [torch_checkpoint_engine.py:19:save] [Torch] Saved logs/ucf_10/36/checkpoint-best_rehearsal/mp_rank_00_model_states.pt.
[2023-08-22 23:27:16,055] [INFO] [torch_checkpoint_engine.py:29:commit] [Torch] Checkpoint checkpoint-best_rehearsal is ready now!
Max total accuracy: 26.97%
Rehearsal EPOCH: [2]  [0/7]  eta: 0:00:34  lr: 0.000103  min_lr: 0.000001  loss: 4.2525 (4.2525)  loss_scale: 4096.0000 (4096.0000)  weight_decay: 0.0500 (0.0500)  time: 4.9998  data: 4.0774  max mem: 5581
Rehearsal EPOCH: [2]  [6/7]  eta: 0:00:01  lr: 0.000147  min_lr: 0.000001  loss: 4.0972 (4.1958)  loss_scale: 4096.0000 (4096.0000)  weight_decay: 0.0500 (0.0500)  time: 1.5720  data: 0.5827  max mem: 5581
Rehearsal EPOCH: [2] Total time: 0:00:11 (1.6044 s / it)
Averaged stats: lr: 0.000147  min_lr: 0.000001  loss: 4.0972 (4.0332)  loss_scale: 4096.0000 (4096.0000)  weight_decay: 0.0500 (0.0500)
valid len dataloader task : 0 || len_loader 1
Val:  [0/1]  eta: 0:00:01  loss: 3.2067 (3.2067)  acc1: 16.6667 (16.6667)  acc5: 55.5556 (55.5556)  time: 1.7329  data: 1.3542  max mem: 5581
Val: Total time: 0:00:01 (1.8110 s / it)
Val: Current task task : 1/9
* Acc@1 22.917 Acc@5 70.833 loss 2.975
valid len dataloader task : 1 || len_loader 1
Val:  [0/1]  eta: 0:00:01  loss: 2.9704 (2.9704)  acc1: 29.4118 (29.4118)  acc5: 64.7059 (64.7059)  time: 1.6774  data: 1.3312  max mem: 5581
Val: Total time: 0:00:01 (1.7546 s / it)
Val: Current task task : 2/9
* Acc@1 33.824 Acc@5 73.529 loss 2.924
valid len dataloader task : 2 || len_loader 1
Val:  [0/1]  eta: 0:00:01  loss: 2.9603 (2.9603)  acc1: 33.3333 (33.3333)  acc5: 55.5556 (55.5556)  time: 1.6085  data: 1.2426  max mem: 5581
Val: Total time: 0:00:01 (1.7072 s / it)
Val: Current task task : 3/9
* Acc@1 22.222 Acc@5 56.944 loss 3.045
valid len dataloader task : 3 || len_loader 1
Val:  [0/1]  eta: 0:00:01  loss: 2.8250 (2.8250)  acc1: 18.7500 (18.7500)  acc5: 62.5000 (62.5000)  time: 1.5888  data: 1.2233  max mem: 5581
Val: Total time: 0:00:01 (1.6668 s / it)
Val: Current task task : 4/9
* Acc@1 29.688 Acc@5 60.938 loss 3.029
valid len dataloader task : 4 || len_loader 1
Val:  [0/1]  eta: 0:00:01  loss: 3.2981 (3.2981)  acc1: 18.7500 (18.7500)  acc5: 50.0000 (50.0000)  time: 1.5853  data: 1.2296  max mem: 5581
Val: Total time: 0:00:01 (1.6590 s / it)
Val: Current task task : 5/9
* Acc@1 18.750 Acc@5 53.906 loss 3.242
valid len dataloader task : 5 || len_loader 1
Val:  [0/1]  eta: 0:00:01  loss: 2.7325 (2.7325)  acc1: 35.2941 (35.2941)  acc5: 70.5882 (70.5882)  time: 1.6792  data: 1.2840  max mem: 5581
Val: Total time: 0:00:01 (1.7548 s / it)
Val: Current task task : 6/9
* Acc@1 40.441 Acc@5 66.176 loss 2.673
valid len dataloader task : 6 || len_loader 1
Val:  [0/1]  eta: 0:00:01  loss: 3.1630 (3.1630)  acc1: 16.6667 (16.6667)  acc5: 66.6667 (66.6667)  time: 1.6145  data: 1.2457  max mem: 5581
Val: Total time: 0:00:01 (1.6886 s / it)
Val: Current task task : 7/9
* Acc@1 11.111 Acc@5 58.333 loss 3.211
valid len dataloader task : 7 || len_loader 1
Val:  [0/1]  eta: 0:00:01  loss: 2.5413 (2.5413)  acc1: 43.7500 (43.7500)  acc5: 87.5000 (87.5000)  time: 1.5819  data: 1.2585  max mem: 5581
Val: Total time: 0:00:01 (1.6612 s / it)
Val: Current task task : 8/9
* Acc@1 36.719 Acc@5 74.219 loss 2.662
valid len dataloader task : 8 || len_loader 1
Val:  [0/1]  eta: 0:00:01  loss: 3.6513 (3.6513)  acc1: 31.2500 (31.2500)  acc5: 43.7500 (43.7500)  time: 1.6180  data: 1.2393  max mem: 5581
Val: Total time: 0:00:01 (1.7222 s / it)
Val: Current task task : 9/9
* Acc@1 28.906 Acc@5 47.656 loss 3.513
[VAL-REHEARSAL][3] TOTAL Accuracy of the network on the  val videos: 27.18%
[2023-08-22 23:27:43,151] [INFO] [logging.py:77:log_dist] [Rank 0] [Torch] Checkpoint checkpoint-best_rehearsal is begin to save!
[2023-08-22 23:27:43,154] [INFO] [torch_checkpoint_engine.py:29:commit] [Torch] Checkpoint checkpoint-best_rehearsal is ready now!
[2023-08-22 23:27:43,154] [INFO] [torch_checkpoint_engine.py:29:commit] [Torch] Checkpoint checkpoint-best_rehearsal is ready now!
[2023-08-22 23:27:43,154] [INFO] [torch_checkpoint_engine.py:29:commit] [Torch] Checkpoint checkpoint-best_rehearsal is ready now!
[2023-08-22 23:27:43,154] [INFO] [torch_checkpoint_engine.py:29:commit] [Torch] Checkpoint checkpoint-best_rehearsal is ready now!
[2023-08-22 23:27:43,154] [INFO] [torch_checkpoint_engine.py:29:commit] [Torch] Checkpoint checkpoint-best_rehearsal is ready now!
[2023-08-22 23:27:43,154] [INFO] [logging.py:77:log_dist] [Rank 0] Saving model checkpoint: logs/ucf_10/36/checkpoint-best_rehearsal/mp_rank_00_model_states.pt
[2023-08-22 23:27:43,154] [INFO] [torch_checkpoint_engine.py:29:commit] [Torch] Checkpoint checkpoint-best_rehearsal is ready now!
[2023-08-22 23:27:43,154] [INFO] [torch_checkpoint_engine.py:17:save] [Torch] Saving logs/ucf_10/36/checkpoint-best_rehearsal/mp_rank_00_model_states.pt...
[2023-08-22 23:27:43,155] [INFO] [torch_checkpoint_engine.py:29:commit] [Torch] Checkpoint checkpoint-best_rehearsal is ready now!
[2023-08-22 23:27:46,156] [INFO] [torch_checkpoint_engine.py:19:save] [Torch] Saved logs/ucf_10/36/checkpoint-best_rehearsal/mp_rank_00_model_states.pt.
[2023-08-22 23:27:46,157] [INFO] [torch_checkpoint_engine.py:29:commit] [Torch] Checkpoint checkpoint-best_rehearsal is ready now!
Max total accuracy: 27.18%
Rehearsal EPOCH: [3]  [0/7]  eta: 0:00:34  lr: 0.000154  min_lr: 0.000001  loss: 4.3793 (4.3793)  loss_scale: 4096.0000 (4096.0000)  weight_decay: 0.0500 (0.0500)  time: 4.9691  data: 3.9379  max mem: 5581
Rehearsal EPOCH: [3]  [6/7]  eta: 0:00:01  lr: 0.000199  min_lr: 0.000002  loss: 4.1380 (4.0530)  loss_scale: 4096.0000 (4096.0000)  weight_decay: 0.0500 (0.0500)  time: 1.5660  data: 0.5630  max mem: 5581
Rehearsal EPOCH: [3] Total time: 0:00:11 (1.6002 s / it)
Averaged stats: lr: 0.000199  min_lr: 0.000002  loss: 4.1380 (3.8737)  loss_scale: 4096.0000 (4096.0000)  weight_decay: 0.0500 (0.0500)
valid len dataloader task : 0 || len_loader 1
Val:  [0/1]  eta: 0:00:01  loss: 3.0921 (3.0921)  acc1: 16.6667 (16.6667)  acc5: 50.0000 (50.0000)  time: 1.7162  data: 1.3260  max mem: 5581
Val: Total time: 0:00:01 (1.7798 s / it)
Val: Current task task : 1/9
* Acc@1 26.389 Acc@5 70.139 loss 2.781
valid len dataloader task : 1 || len_loader 1
Val:  [0/1]  eta: 0:00:01  loss: 2.6732 (2.6732)  acc1: 41.1765 (41.1765)  acc5: 70.5882 (70.5882)  time: 1.6954  data: 1.3477  max mem: 5581
Val: Total time: 0:00:01 (1.7571 s / it)
Val: Current task task : 2/9
* Acc@1 33.824 Acc@5 70.588 loss 2.678
valid len dataloader task : 2 || len_loader 1
Val:  [0/1]  eta: 0:00:01  loss: 2.7234 (2.7234)  acc1: 33.3333 (33.3333)  acc5: 66.6667 (66.6667)  time: 1.6812  data: 1.2829  max mem: 5581
Val: Total time: 0:00:01 (1.7655 s / it)
Val: Current task task : 3/9
* Acc@1 32.639 Acc@5 67.361 loss 2.756
valid len dataloader task : 3 || len_loader 1
Val:  [0/1]  eta: 0:00:01  loss: 2.5724 (2.5724)  acc1: 25.0000 (25.0000)  acc5: 81.2500 (81.2500)  time: 1.5762  data: 1.2233  max mem: 5581
Val: Total time: 0:00:01 (1.6457 s / it)
Val: Current task task : 4/9
* Acc@1 31.250 Acc@5 77.344 loss 2.687
valid len dataloader task : 4 || len_loader 1
Val:  [0/1]  eta: 0:00:01  loss: 2.8317 (2.8317)  acc1: 37.5000 (37.5000)  acc5: 75.0000 (75.0000)  time: 1.5931  data: 1.2448  max mem: 5581
Val: Total time: 0:00:01 (1.6565 s / it)
Val: Current task task : 5/9
* Acc@1 25.781 Acc@5 71.875 loss 2.831
valid len dataloader task : 5 || len_loader 1
Val:  [0/1]  eta: 0:00:01  loss: 2.7247 (2.7247)  acc1: 35.2941 (35.2941)  acc5: 76.4706 (76.4706)  time: 1.6621  data: 1.3227  max mem: 5581
Val: Total time: 0:00:01 (1.7417 s / it)
Val: Current task task : 6/9
* Acc@1 37.500 Acc@5 68.382 loss 2.661
valid len dataloader task : 6 || len_loader 1
Val:  [0/1]  eta: 0:00:01  loss: 2.7868 (2.7868)  acc1: 27.7778 (27.7778)  acc5: 72.2222 (72.2222)  time: 1.6646  data: 1.2802  max mem: 5581
Val: Total time: 0:00:01 (1.7511 s / it)
Val: Current task task : 7/9
* Acc@1 20.833 Acc@5 69.444 loss 2.943
valid len dataloader task : 7 || len_loader 1
Val:  [0/1]  eta: 0:00:01  loss: 2.2971 (2.2971)  acc1: 50.0000 (50.0000)  acc5: 87.5000 (87.5000)  time: 1.5959  data: 1.2570  max mem: 5581
Val: Total time: 0:00:01 (1.6614 s / it)
Val: Current task task : 8/9
* Acc@1 46.094 Acc@5 82.031 loss 2.381
valid len dataloader task : 8 || len_loader 1
Val:  [0/1]  eta: 0:00:01  loss: 2.4642 (2.4642)  acc1: 62.5000 (62.5000)  acc5: 87.5000 (87.5000)  time: 1.5508  data: 1.1891  max mem: 5581
Val: Total time: 0:00:01 (1.6421 s / it)
Val: Current task task : 9/9
* Acc@1 51.562 Acc@5 82.031 loss 2.450
[VAL-REHEARSAL][4] TOTAL Accuracy of the network on the  val videos: 33.99%
[2023-08-22 23:28:13,231] [INFO] [logging.py:77:log_dist] [Rank 0] [Torch] Checkpoint checkpoint-best_rehearsal is begin to save!
[2023-08-22 23:28:13,234] [INFO] [torch_checkpoint_engine.py:29:commit] [Torch] Checkpoint checkpoint-best_rehearsal is ready now!
[2023-08-22 23:28:13,234] [INFO] [torch_checkpoint_engine.py:29:commit] [Torch] Checkpoint checkpoint-best_rehearsal is ready now!
[2023-08-22 23:28:13,234] [INFO] [torch_checkpoint_engine.py:29:commit] [Torch] Checkpoint checkpoint-best_rehearsal is ready now!
[2023-08-22 23:28:13,234] [INFO] [torch_checkpoint_engine.py:29:commit] [Torch] Checkpoint checkpoint-best_rehearsal is ready now!
[2023-08-22 23:28:13,234] [INFO] [torch_checkpoint_engine.py:29:commit] [Torch] Checkpoint checkpoint-best_rehearsal is ready now!
[2023-08-22 23:28:13,234] [INFO] [torch_checkpoint_engine.py:29:commit] [Torch] Checkpoint checkpoint-best_rehearsal is ready now!
[2023-08-22 23:28:13,234] [INFO] [logging.py:77:log_dist] [Rank 0] Saving model checkpoint: logs/ucf_10/36/checkpoint-best_rehearsal/mp_rank_00_model_states.pt
[2023-08-22 23:28:13,234] [INFO] [torch_checkpoint_engine.py:17:save] [Torch] Saving logs/ucf_10/36/checkpoint-best_rehearsal/mp_rank_00_model_states.pt...
[2023-08-22 23:28:13,234] [INFO] [torch_checkpoint_engine.py:29:commit] [Torch] Checkpoint checkpoint-best_rehearsal is ready now!
[2023-08-22 23:28:16,514] [INFO] [torch_checkpoint_engine.py:19:save] [Torch] Saved logs/ucf_10/36/checkpoint-best_rehearsal/mp_rank_00_model_states.pt.
[2023-08-22 23:28:16,514] [INFO] [torch_checkpoint_engine.py:29:commit] [Torch] Checkpoint checkpoint-best_rehearsal is ready now!
Max total accuracy: 33.99%
Rehearsal EPOCH: [4]  [0/7]  eta: 0:00:35  lr: 0.000206  min_lr: 0.000002  loss: 3.5414 (3.5414)  loss_scale: 4096.0000 (4096.0000)  weight_decay: 0.0500 (0.0500)  time: 5.1356  data: 3.8191  max mem: 5581
Rehearsal EPOCH: [4]  [6/7]  eta: 0:00:01  lr: 0.000250  min_lr: 0.000002  loss: 3.5414 (3.4939)  loss_scale: 4096.0000 (4096.0000)  weight_decay: 0.0500 (0.0500)  time: 1.5923  data: 0.5461  max mem: 5581
Rehearsal EPOCH: [4] Total time: 0:00:11 (1.6250 s / it)
Averaged stats: lr: 0.000250  min_lr: 0.000002  loss: 3.5414 (3.6380)  loss_scale: 4096.0000 (4096.0000)  weight_decay: 0.0500 (0.0500)
valid len dataloader task : 0 || len_loader 1
Val:  [0/1]  eta: 0:00:01  loss: 2.9132 (2.9132)  acc1: 16.6667 (16.6667)  acc5: 61.1111 (61.1111)  time: 1.7414  data: 1.3778  max mem: 5581
Val: Total time: 0:00:01 (1.8128 s / it)
Val: Current task task : 1/9
* Acc@1 31.250 Acc@5 75.694 loss 2.604
valid len dataloader task : 1 || len_loader 1
Val:  [0/1]  eta: 0:00:01  loss: 2.6608 (2.6608)  acc1: 41.1765 (41.1765)  acc5: 70.5882 (70.5882)  time: 1.6758  data: 1.3202  max mem: 5581
Val: Total time: 0:00:01 (1.7483 s / it)
Val: Current task task : 2/9
* Acc@1 41.176 Acc@5 71.324 loss 2.620
valid len dataloader task : 2 || len_loader 1
Val:  [0/1]  eta: 0:00:01  loss: 2.5780 (2.5780)  acc1: 38.8889 (38.8889)  acc5: 77.7778 (77.7778)  time: 1.7224  data: 1.3382  max mem: 5581
Val: Total time: 0:00:01 (1.7867 s / it)
Val: Current task task : 3/9
* Acc@1 36.806 Acc@5 73.611 loss 2.548
valid len dataloader task : 3 || len_loader 1
Val:  [0/1]  eta: 0:00:01  loss: 2.1736 (2.1736)  acc1: 56.2500 (56.2500)  acc5: 100.0000 (100.0000)  time: 1.5551  data: 1.2210  max mem: 5581
Val: Total time: 0:00:01 (1.6510 s / it)
Val: Current task task : 4/9
* Acc@1 37.500 Acc@5 88.281 loss 2.397
valid len dataloader task : 4 || len_loader 1
Val:  [0/1]  eta: 0:00:01  loss: 2.5093 (2.5093)  acc1: 31.2500 (31.2500)  acc5: 81.2500 (81.2500)  time: 1.5446  data: 1.2218  max mem: 5581
Val: Total time: 0:00:01 (1.6175 s / it)
Val: Current task task : 5/9
* Acc@1 34.375 Acc@5 85.156 loss 2.519
valid len dataloader task : 5 || len_loader 1
Val:  [0/1]  eta: 0:00:01  loss: 2.4360 (2.4360)  acc1: 52.9412 (52.9412)  acc5: 76.4706 (76.4706)  time: 1.6650  data: 1.2612  max mem: 5581
Val: Total time: 0:00:01 (1.7348 s / it)
Val: Current task task : 6/9
* Acc@1 47.059 Acc@5 78.676 loss 2.465
valid len dataloader task : 6 || len_loader 1
Val:  [0/1]  eta: 0:00:01  loss: 2.6018 (2.6018)  acc1: 38.8889 (38.8889)  acc5: 77.7778 (77.7778)  time: 1.6568  data: 1.2635  max mem: 5581
Val: Total time: 0:00:01 (1.7246 s / it)
Val: Current task task : 7/9
* Acc@1 34.028 Acc@5 78.472 loss 2.633
valid len dataloader task : 7 || len_loader 1
Val:  [0/1]  eta: 0:00:01  loss: 2.3045 (2.3045)  acc1: 37.5000 (37.5000)  acc5: 87.5000 (87.5000)  time: 1.5619  data: 1.2243  max mem: 5581
Val: Total time: 0:00:01 (1.6377 s / it)
Val: Current task task : 8/9
* Acc@1 43.750 Acc@5 89.062 loss 2.305
valid len dataloader task : 8 || len_loader 1
Val:  [0/1]  eta: 0:00:01  loss: 1.9229 (1.9229)  acc1: 62.5000 (62.5000)  acc5: 87.5000 (87.5000)  time: 1.6346  data: 1.3020  max mem: 5581
Val: Total time: 0:00:01 (1.7285 s / it)
Val: Current task task : 9/9
* Acc@1 61.719 Acc@5 86.719 loss 2.002
[VAL-REHEARSAL][5] TOTAL Accuracy of the network on the  val videos: 40.85%
[2023-08-22 23:28:43,783] [INFO] [logging.py:77:log_dist] [Rank 0] [Torch] Checkpoint checkpoint-best_rehearsal is begin to save!
[2023-08-22 23:28:43,785] [INFO] [torch_checkpoint_engine.py:29:commit] [Torch] Checkpoint checkpoint-best_rehearsal is ready now!
[2023-08-22 23:28:43,785] [INFO] [torch_checkpoint_engine.py:29:commit] [Torch] Checkpoint checkpoint-best_rehearsal is ready now!
[2023-08-22 23:28:43,785] [INFO] [torch_checkpoint_engine.py:29:commit] [Torch] Checkpoint checkpoint-best_rehearsal is ready now!
[2023-08-22 23:28:43,785] [INFO] [torch_checkpoint_engine.py:29:commit] [Torch] Checkpoint checkpoint-best_rehearsal is ready now!
[2023-08-22 23:28:43,786] [INFO] [torch_checkpoint_engine.py:29:commit] [Torch] Checkpoint checkpoint-best_rehearsal is ready now!
[2023-08-22 23:28:43,786] [INFO] [logging.py:77:log_dist] [Rank 0] Saving model checkpoint: logs/ucf_10/36/checkpoint-best_rehearsal/mp_rank_00_model_states.pt
[2023-08-22 23:28:43,786] [INFO] [torch_checkpoint_engine.py:29:commit] [Torch] Checkpoint checkpoint-best_rehearsal is ready now!
[2023-08-22 23:28:43,786] [INFO] [torch_checkpoint_engine.py:17:save] [Torch] Saving logs/ucf_10/36/checkpoint-best_rehearsal/mp_rank_00_model_states.pt...
[2023-08-22 23:28:43,786] [INFO] [torch_checkpoint_engine.py:29:commit] [Torch] Checkpoint checkpoint-best_rehearsal is ready now!
[2023-08-22 23:28:48,601] [INFO] [torch_checkpoint_engine.py:19:save] [Torch] Saved logs/ucf_10/36/checkpoint-best_rehearsal/mp_rank_00_model_states.pt.
[2023-08-22 23:28:48,602] [INFO] [torch_checkpoint_engine.py:29:commit] [Torch] Checkpoint checkpoint-best_rehearsal is ready now!
Max total accuracy: 40.85%
Rehearsal EPOCH: [5]  [0/7]  eta: 0:00:35  lr: 0.000250  min_lr: 0.000002  loss: 3.7393 (3.7393)  loss_scale: 4096.0000 (4096.0000)  weight_decay: 0.0500 (0.0500)  time: 5.0018  data: 4.1041  max mem: 5581
Rehearsal EPOCH: [5]  [6/7]  eta: 0:00:01  lr: 0.000233  min_lr: 0.000002  loss: 3.7181 (3.6591)  loss_scale: 4096.0000 (4096.0000)  weight_decay: 0.0500 (0.0500)  time: 1.5723  data: 0.5866  max mem: 5581
Rehearsal EPOCH: [5] Total time: 0:00:11 (1.6052 s / it)
Averaged stats: lr: 0.000233  min_lr: 0.000002  loss: 3.7181 (3.5620)  loss_scale: 4096.0000 (4096.0000)  weight_decay: 0.0500 (0.0500)
valid len dataloader task : 0 || len_loader 1
Val:  [0/1]  eta: 0:00:01  loss: 2.8261 (2.8261)  acc1: 16.6667 (16.6667)  acc5: 66.6667 (66.6667)  time: 1.7226  data: 1.3378  max mem: 5581
Val: Total time: 0:00:01 (1.8067 s / it)
Val: Current task task : 1/9
* Acc@1 31.250 Acc@5 79.861 loss 2.470
valid len dataloader task : 1 || len_loader 1
Val:  [0/1]  eta: 0:00:01  loss: 2.5728 (2.5728)  acc1: 47.0588 (47.0588)  acc5: 76.4706 (76.4706)  time: 1.7375  data: 1.3891  max mem: 5581
Val: Total time: 0:00:01 (1.8006 s / it)
Val: Current task task : 2/9
* Acc@1 43.382 Acc@5 73.529 loss 2.519
valid len dataloader task : 2 || len_loader 1
Val:  [0/1]  eta: 0:00:01  loss: 2.4204 (2.4204)  acc1: 38.8889 (38.8889)  acc5: 66.6667 (66.6667)  time: 1.6999  data: 1.3041  max mem: 5581
Val: Total time: 0:00:01 (1.7914 s / it)
Val: Current task task : 3/9
* Acc@1 37.500 Acc@5 73.611 loss 2.394
valid len dataloader task : 3 || len_loader 1
Val:  [0/1]  eta: 0:00:01  loss: 2.0196 (2.0196)  acc1: 56.2500 (56.2500)  acc5: 93.7500 (93.7500)  time: 1.5923  data: 1.2319  max mem: 5581
Val: Total time: 0:00:01 (1.6761 s / it)
Val: Current task task : 4/9
* Acc@1 52.344 Acc@5 90.625 loss 2.148
valid len dataloader task : 4 || len_loader 1
Val:  [0/1]  eta: 0:00:01  loss: 2.3640 (2.3640)  acc1: 31.2500 (31.2500)  acc5: 93.7500 (93.7500)  time: 1.5698  data: 1.2108  max mem: 5581
Val: Total time: 0:00:01 (1.6525 s / it)
Val: Current task task : 5/9
* Acc@1 42.188 Acc@5 90.625 loss 2.323
valid len dataloader task : 5 || len_loader 1
Val:  [0/1]  eta: 0:00:01  loss: 2.3411 (2.3411)  acc1: 47.0588 (47.0588)  acc5: 76.4706 (76.4706)  time: 1.6315  data: 1.2869  max mem: 5581
Val: Total time: 0:00:01 (1.7119 s / it)
Val: Current task task : 6/9
* Acc@1 47.059 Acc@5 81.618 loss 2.230
valid len dataloader task : 6 || len_loader 1
Val:  [0/1]  eta: 0:00:01  loss: 2.5053 (2.5053)  acc1: 44.4444 (44.4444)  acc5: 77.7778 (77.7778)  time: 1.6381  data: 1.2525  max mem: 5581
Val: Total time: 0:00:01 (1.7253 s / it)
Val: Current task task : 7/9
* Acc@1 36.806 Acc@5 83.333 loss 2.498
valid len dataloader task : 7 || len_loader 1
Val:  [0/1]  eta: 0:00:01  loss: 2.1816 (2.1816)  acc1: 56.2500 (56.2500)  acc5: 93.7500 (93.7500)  time: 1.5352  data: 1.1929  max mem: 5581
Val: Total time: 0:00:01 (1.6122 s / it)
Val: Current task task : 8/9
* Acc@1 45.312 Acc@5 90.625 loss 2.182
valid len dataloader task : 8 || len_loader 1
Val:  [0/1]  eta: 0:00:01  loss: 1.9347 (1.9347)  acc1: 62.5000 (62.5000)  acc5: 87.5000 (87.5000)  time: 1.5244  data: 1.1796  max mem: 5581
Val: Total time: 0:00:01 (1.6064 s / it)
Val: Current task task : 9/9
* Acc@1 60.938 Acc@5 88.281 loss 2.021
[VAL-REHEARSAL][6] TOTAL Accuracy of the network on the  val videos: 44.09%
[2023-08-22 23:29:15,608] [INFO] [logging.py:77:log_dist] [Rank 0] [Torch] Checkpoint checkpoint-best_rehearsal is begin to save!
[2023-08-22 23:29:15,611] [INFO] [torch_checkpoint_engine.py:29:commit] [Torch] Checkpoint checkpoint-best_rehearsal is ready now!
[2023-08-22 23:29:15,611] [INFO] [torch_checkpoint_engine.py:29:commit] [Torch] Checkpoint checkpoint-best_rehearsal is ready now!
[2023-08-22 23:29:15,611] [INFO] [torch_checkpoint_engine.py:29:commit] [Torch] Checkpoint checkpoint-best_rehearsal is ready now!
[2023-08-22 23:29:15,611] [INFO] [torch_checkpoint_engine.py:29:commit] [Torch] Checkpoint checkpoint-best_rehearsal is ready now!
[2023-08-22 23:29:15,611] [INFO] [torch_checkpoint_engine.py:29:commit] [Torch] Checkpoint checkpoint-best_rehearsal is ready now!
[2023-08-22 23:29:15,611] [INFO] [torch_checkpoint_engine.py:29:commit] [Torch] Checkpoint checkpoint-best_rehearsal is ready now!
[2023-08-22 23:29:15,611] [INFO] [logging.py:77:log_dist] [Rank 0] Saving model checkpoint: logs/ucf_10/36/checkpoint-best_rehearsal/mp_rank_00_model_states.pt
[2023-08-22 23:29:15,611] [INFO] [torch_checkpoint_engine.py:17:save] [Torch] Saving logs/ucf_10/36/checkpoint-best_rehearsal/mp_rank_00_model_states.pt...
[2023-08-22 23:29:15,611] [INFO] [torch_checkpoint_engine.py:29:commit] [Torch] Checkpoint checkpoint-best_rehearsal is ready now!
[2023-08-22 23:29:19,276] [INFO] [torch_checkpoint_engine.py:19:save] [Torch] Saved logs/ucf_10/36/checkpoint-best_rehearsal/mp_rank_00_model_states.pt.
[2023-08-22 23:29:19,276] [INFO] [torch_checkpoint_engine.py:29:commit] [Torch] Checkpoint checkpoint-best_rehearsal is ready now!
Max total accuracy: 44.09%
Rehearsal EPOCH: [6]  [0/7]  eta: 0:00:35  lr: 0.000227  min_lr: 0.000002  loss: 3.5458 (3.5458)  loss_scale: 4096.0000 (4096.0000)  weight_decay: 0.0500 (0.0500)  time: 5.1003  data: 4.0036  max mem: 5581
Rehearsal EPOCH: [6]  [6/7]  eta: 0:00:01  lr: 0.000176  min_lr: 0.000002  loss: 3.5458 (3.5402)  loss_scale: 4096.0000 (4096.0000)  weight_decay: 0.0500 (0.0500)  time: 1.5864  data: 0.5722  max mem: 5581
Rehearsal EPOCH: [6] Total time: 0:00:11 (1.6205 s / it)
Averaged stats: lr: 0.000176  min_lr: 0.000002  loss: 3.5458 (3.5073)  loss_scale: 4096.0000 (4096.0000)  weight_decay: 0.0500 (0.0500)
valid len dataloader task : 0 || len_loader 1
Val:  [0/1]  eta: 0:00:01  loss: 2.8217 (2.8217)  acc1: 22.2222 (22.2222)  acc5: 55.5556 (55.5556)  time: 1.6844  data: 1.3101  max mem: 5581
Val: Total time: 0:00:01 (1.7527 s / it)
Val: Current task task : 1/9
* Acc@1 32.639 Acc@5 75.694 loss 2.402
valid len dataloader task : 1 || len_loader 1
Val:  [0/1]  eta: 0:00:01  loss: 2.4755 (2.4755)  acc1: 52.9412 (52.9412)  acc5: 76.4706 (76.4706)  time: 1.7181  data: 1.3579  max mem: 5581
Val: Total time: 0:00:01 (1.8202 s / it)
Val: Current task task : 2/9
* Acc@1 45.588 Acc@5 74.265 loss 2.392
valid len dataloader task : 2 || len_loader 1
Val:  [0/1]  eta: 0:00:01  loss: 2.2882 (2.2882)  acc1: 38.8889 (38.8889)  acc5: 72.2222 (72.2222)  time: 1.6908  data: 1.3021  max mem: 5581
Val: Total time: 0:00:01 (1.7532 s / it)
Val: Current task task : 3/9
* Acc@1 41.667 Acc@5 76.389 loss 2.246
valid len dataloader task : 3 || len_loader 1
Val:  [0/1]  eta: 0:00:01  loss: 1.8677 (1.8677)  acc1: 68.7500 (68.7500)  acc5: 100.0000 (100.0000)  time: 1.5337  data: 1.2027  max mem: 5581
Val: Total time: 0:00:01 (1.6322 s / it)
Val: Current task task : 4/9
* Acc@1 57.031 Acc@5 94.531 loss 2.002
valid len dataloader task : 4 || len_loader 1
Val:  [0/1]  eta: 0:00:01  loss: 2.1637 (2.1637)  acc1: 43.7500 (43.7500)  acc5: 100.0000 (100.0000)  time: 1.6049  data: 1.2817  max mem: 5581
Val: Total time: 0:00:01 (1.6803 s / it)
Val: Current task task : 5/9
* Acc@1 45.312 Acc@5 90.625 loss 2.229
valid len dataloader task : 5 || len_loader 1
Val:  [0/1]  eta: 0:00:01  loss: 2.0253 (2.0253)  acc1: 58.8235 (58.8235)  acc5: 82.3529 (82.3529)  time: 1.6460  data: 1.2642  max mem: 5581
Val: Total time: 0:00:01 (1.7253 s / it)
Val: Current task task : 6/9
* Acc@1 53.676 Acc@5 88.235 loss 2.025
valid len dataloader task : 6 || len_loader 1
Val:  [0/1]  eta: 0:00:01  loss: 2.5028 (2.5028)  acc1: 33.3333 (33.3333)  acc5: 77.7778 (77.7778)  time: 1.6699  data: 1.3049  max mem: 5581
Val: Total time: 0:00:01 (1.7388 s / it)
Val: Current task task : 7/9
* Acc@1 36.806 Acc@5 79.861 loss 2.469
valid len dataloader task : 7 || len_loader 1
Val:  [0/1]  eta: 0:00:01  loss: 2.0688 (2.0688)  acc1: 62.5000 (62.5000)  acc5: 93.7500 (93.7500)  time: 1.5740  data: 1.2393  max mem: 5581
Val: Total time: 0:00:01 (1.6459 s / it)
Val: Current task task : 8/9
* Acc@1 43.750 Acc@5 92.969 loss 2.106
valid len dataloader task : 8 || len_loader 1
Val:  [0/1]  eta: 0:00:01  loss: 2.0308 (2.0308)  acc1: 62.5000 (62.5000)  acc5: 87.5000 (87.5000)  time: 1.5610  data: 1.2346  max mem: 5581
Val: Total time: 0:00:01 (1.6339 s / it)
Val: Current task task : 9/9
* Acc@1 58.594 Acc@5 87.500 loss 2.091
[VAL-REHEARSAL][7] TOTAL Accuracy of the network on the  val videos: 46.12%
[2023-08-22 23:29:46,359] [INFO] [logging.py:77:log_dist] [Rank 0] [Torch] Checkpoint checkpoint-best_rehearsal is begin to save!
[2023-08-22 23:29:46,362] [INFO] [torch_checkpoint_engine.py:29:commit] [Torch] Checkpoint checkpoint-best_rehearsal is ready now!
[2023-08-22 23:29:46,362] [INFO] [torch_checkpoint_engine.py:29:commit] [Torch] Checkpoint checkpoint-best_rehearsal is ready now!
[2023-08-22 23:29:46,362] [INFO] [torch_checkpoint_engine.py:29:commit] [Torch] Checkpoint checkpoint-best_rehearsal is ready now!
[2023-08-22 23:29:46,362] [INFO] [torch_checkpoint_engine.py:29:commit] [Torch] Checkpoint checkpoint-best_rehearsal is ready now!
[2023-08-22 23:29:46,362] [INFO] [torch_checkpoint_engine.py:29:commit] [Torch] Checkpoint checkpoint-best_rehearsal is ready now!
[2023-08-22 23:29:46,362] [INFO] [logging.py:77:log_dist] [Rank 0] Saving model checkpoint: logs/ucf_10/36/checkpoint-best_rehearsal/mp_rank_00_model_states.pt
[2023-08-22 23:29:46,362] [INFO] [torch_checkpoint_engine.py:17:save] [Torch] Saving logs/ucf_10/36/checkpoint-best_rehearsal/mp_rank_00_model_states.pt...
[2023-08-22 23:29:46,362] [INFO] [torch_checkpoint_engine.py:29:commit] [Torch] Checkpoint checkpoint-best_rehearsal is ready now!
[2023-08-22 23:29:46,362] [INFO] [torch_checkpoint_engine.py:29:commit] [Torch] Checkpoint checkpoint-best_rehearsal is ready now!
[2023-08-22 23:29:49,714] [INFO] [torch_checkpoint_engine.py:19:save] [Torch] Saved logs/ucf_10/36/checkpoint-best_rehearsal/mp_rank_00_model_states.pt.
[2023-08-22 23:29:49,715] [INFO] [torch_checkpoint_engine.py:29:commit] [Torch] Checkpoint checkpoint-best_rehearsal is ready now!
Max total accuracy: 46.12%
Rehearsal EPOCH: [7]  [0/7]  eta: 0:00:35  lr: 0.000165  min_lr: 0.000002  loss: 3.3888 (3.3888)  loss_scale: 4096.0000 (4096.0000)  weight_decay: 0.0500 (0.0500)  time: 5.0215  data: 3.9137  max mem: 5581
Rehearsal EPOCH: [7]  [6/7]  eta: 0:00:01  lr: 0.000100  min_lr: 0.000001  loss: 3.3888 (3.4043)  loss_scale: 4096.0000 (4096.0000)  weight_decay: 0.0500 (0.0500)  time: 1.5748  data: 0.5593  max mem: 5581
Rehearsal EPOCH: [7] Total time: 0:00:11 (1.6075 s / it)
Averaged stats: lr: 0.000100  min_lr: 0.000001  loss: 3.3888 (3.4486)  loss_scale: 4096.0000 (4096.0000)  weight_decay: 0.0500 (0.0500)
valid len dataloader task : 0 || len_loader 1
Val:  [0/1]  eta: 0:00:01  loss: 2.6719 (2.6719)  acc1: 22.2222 (22.2222)  acc5: 55.5556 (55.5556)  time: 1.6683  data: 1.2969  max mem: 5581
Val: Total time: 0:00:01 (1.7455 s / it)
Val: Current task task : 1/9
* Acc@1 34.722 Acc@5 75.694 loss 2.327
valid len dataloader task : 1 || len_loader 1
Val:  [0/1]  eta: 0:00:01  loss: 2.3382 (2.3382)  acc1: 52.9412 (52.9412)  acc5: 76.4706 (76.4706)  time: 1.6774  data: 1.3317  max mem: 5581
Val: Total time: 0:00:01 (1.7582 s / it)
Val: Current task task : 2/9
* Acc@1 47.794 Acc@5 74.265 loss 2.305
valid len dataloader task : 2 || len_loader 1
Val:  [0/1]  eta: 0:00:01  loss: 2.2031 (2.2031)  acc1: 38.8889 (38.8889)  acc5: 72.2222 (72.2222)  time: 1.7271  data: 1.3038  max mem: 5581
Val: Total time: 0:00:01 (1.8493 s / it)
Val: Current task task : 3/9
* Acc@1 43.056 Acc@5 77.778 loss 2.175
valid len dataloader task : 3 || len_loader 1
Val:  [0/1]  eta: 0:00:01  loss: 1.9000 (1.9000)  acc1: 62.5000 (62.5000)  acc5: 100.0000 (100.0000)  time: 1.5641  data: 1.2316  max mem: 5581
Val: Total time: 0:00:01 (1.6270 s / it)
Val: Current task task : 4/9
* Acc@1 55.469 Acc@5 92.969 loss 2.003
valid len dataloader task : 4 || len_loader 1
Val:  [0/1]  eta: 0:00:01  loss: 2.1419 (2.1419)  acc1: 43.7500 (43.7500)  acc5: 100.0000 (100.0000)  time: 1.5529  data: 1.2307  max mem: 5581
Val: Total time: 0:00:01 (1.6317 s / it)
Val: Current task task : 5/9
* Acc@1 47.656 Acc@5 94.531 loss 2.182
valid len dataloader task : 5 || len_loader 1
Val:  [0/1]  eta: 0:00:01  loss: 1.9796 (1.9796)  acc1: 58.8235 (58.8235)  acc5: 82.3529 (82.3529)  time: 1.6570  data: 1.2832  max mem: 5581
Val: Total time: 0:00:01 (1.7404 s / it)
Val: Current task task : 6/9
* Acc@1 53.676 Acc@5 88.235 loss 1.980
valid len dataloader task : 6 || len_loader 1
Val:  [0/1]  eta: 0:00:01  loss: 2.4191 (2.4191)  acc1: 44.4444 (44.4444)  acc5: 77.7778 (77.7778)  time: 1.6631  data: 1.2797  max mem: 5581
Val: Total time: 0:00:01 (1.7357 s / it)
Val: Current task task : 7/9
* Acc@1 35.417 Acc@5 83.333 loss 2.431
valid len dataloader task : 7 || len_loader 1
Val:  [0/1]  eta: 0:00:01  loss: 2.1095 (2.1095)  acc1: 43.7500 (43.7500)  acc5: 93.7500 (93.7500)  time: 1.5467  data: 1.2262  max mem: 5581
Val: Total time: 0:00:01 (1.6333 s / it)
Val: Current task task : 8/9
* Acc@1 44.531 Acc@5 94.531 loss 2.096
valid len dataloader task : 8 || len_loader 1
Val:  [0/1]  eta: 0:00:01  loss: 2.0909 (2.0909)  acc1: 56.2500 (56.2500)  acc5: 87.5000 (87.5000)  time: 1.5845  data: 1.2213  max mem: 5581
Val: Total time: 0:00:01 (1.6637 s / it)
Val: Current task task : 9/9
* Acc@1 58.594 Acc@5 86.719 loss 2.171
[VAL-REHEARSAL][8] TOTAL Accuracy of the network on the  val videos: 46.77%
[2023-08-22 23:30:16,699] [INFO] [logging.py:77:log_dist] [Rank 0] [Torch] Checkpoint checkpoint-best_rehearsal is begin to save!
[2023-08-22 23:30:16,701] [INFO] [torch_checkpoint_engine.py:29:commit] [Torch] Checkpoint checkpoint-best_rehearsal is ready now!
[2023-08-22 23:30:16,701] [INFO] [torch_checkpoint_engine.py:29:commit] [Torch] Checkpoint checkpoint-best_rehearsal is ready now!
[2023-08-22 23:30:16,702] [INFO] [torch_checkpoint_engine.py:29:commit] [Torch] Checkpoint checkpoint-best_rehearsal is ready now!
[2023-08-22 23:30:16,702] [INFO] [torch_checkpoint_engine.py:29:commit] [Torch] Checkpoint checkpoint-best_rehearsal is ready now!
[2023-08-22 23:30:16,702] [INFO] [torch_checkpoint_engine.py:29:commit] [Torch] Checkpoint checkpoint-best_rehearsal is ready now!
[2023-08-22 23:30:16,702] [INFO] [torch_checkpoint_engine.py:29:commit] [Torch] Checkpoint checkpoint-best_rehearsal is ready now!
[2023-08-22 23:30:16,702] [INFO] [logging.py:77:log_dist] [Rank 0] Saving model checkpoint: logs/ucf_10/36/checkpoint-best_rehearsal/mp_rank_00_model_states.pt
[2023-08-22 23:30:16,702] [INFO] [torch_checkpoint_engine.py:17:save] [Torch] Saving logs/ucf_10/36/checkpoint-best_rehearsal/mp_rank_00_model_states.pt...
[2023-08-22 23:30:16,702] [INFO] [torch_checkpoint_engine.py:29:commit] [Torch] Checkpoint checkpoint-best_rehearsal is ready now!
[2023-08-22 23:30:19,794] [INFO] [torch_checkpoint_engine.py:19:save] [Torch] Saved logs/ucf_10/36/checkpoint-best_rehearsal/mp_rank_00_model_states.pt.
[2023-08-22 23:30:19,795] [INFO] [torch_checkpoint_engine.py:29:commit] [Torch] Checkpoint checkpoint-best_rehearsal is ready now!
Max total accuracy: 46.77%
Rehearsal EPOCH: [8]  [0/7]  eta: 0:00:35  lr: 0.000090  min_lr: 0.000001  loss: 3.7768 (3.7768)  loss_scale: 4096.0000 (4096.0000)  weight_decay: 0.0500 (0.0500)  time: 5.0351  data: 4.1365  max mem: 5581
Rehearsal EPOCH: [8]  [6/7]  eta: 0:00:01  lr: 0.000035  min_lr: 0.000000  loss: 3.6137 (3.4021)  loss_scale: 4096.0000 (4096.0000)  weight_decay: 0.0500 (0.0500)  time: 1.5764  data: 0.5913  max mem: 5581
Rehearsal EPOCH: [8] Total time: 0:00:11 (1.6099 s / it)
Averaged stats: lr: 0.000035  min_lr: 0.000000  loss: 3.6137 (3.4310)  loss_scale: 4096.0000 (4096.0000)  weight_decay: 0.0500 (0.0500)
valid len dataloader task : 0 || len_loader 1
Val:  [0/1]  eta: 0:00:01  loss: 2.7012 (2.7012)  acc1: 16.6667 (16.6667)  acc5: 61.1111 (61.1111)  time: 1.7040  data: 1.3221  max mem: 5581
Val: Total time: 0:00:01 (1.7804 s / it)
Val: Current task task : 1/9
* Acc@1 32.639 Acc@5 77.083 loss 2.322
valid len dataloader task : 1 || len_loader 1
Val:  [0/1]  eta: 0:00:01  loss: 2.3013 (2.3013)  acc1: 52.9412 (52.9412)  acc5: 76.4706 (76.4706)  time: 1.7074  data: 1.3666  max mem: 5581
Val: Total time: 0:00:01 (1.7840 s / it)
Val: Current task task : 2/9
* Acc@1 50.735 Acc@5 75.735 loss 2.291
valid len dataloader task : 2 || len_loader 1
Val:  [0/1]  eta: 0:00:01  loss: 2.1960 (2.1960)  acc1: 38.8889 (38.8889)  acc5: 72.2222 (72.2222)  time: 1.7551  data: 1.3529  max mem: 5581
Val: Total time: 0:00:01 (1.8195 s / it)
Val: Current task task : 3/9
* Acc@1 42.361 Acc@5 79.861 loss 2.158
valid len dataloader task : 3 || len_loader 1
Val:  [0/1]  eta: 0:00:01  loss: 1.9663 (1.9663)  acc1: 50.0000 (50.0000)  acc5: 100.0000 (100.0000)  time: 1.5699  data: 1.2050  max mem: 5581
Val: Total time: 0:00:01 (1.6525 s / it)
Val: Current task task : 4/9
* Acc@1 55.469 Acc@5 93.750 loss 1.987
valid len dataloader task : 4 || len_loader 1
Val:  [0/1]  eta: 0:00:01  loss: 2.1142 (2.1142)  acc1: 37.5000 (37.5000)  acc5: 100.0000 (100.0000)  time: 1.5549  data: 1.2156  max mem: 5581
Val: Total time: 0:00:01 (1.6292 s / it)
Val: Current task task : 5/9
* Acc@1 44.531 Acc@5 94.531 loss 2.140
valid len dataloader task : 5 || len_loader 1
Val:  [0/1]  eta: 0:00:01  loss: 2.0299 (2.0299)  acc1: 64.7059 (64.7059)  acc5: 76.4706 (76.4706)  time: 1.6277  data: 1.2593  max mem: 5581
Val: Total time: 0:00:01 (1.7125 s / it)
Val: Current task task : 6/9
* Acc@1 55.147 Acc@5 88.971 loss 1.985
valid len dataloader task : 6 || len_loader 1
Val:  [0/1]  eta: 0:00:01  loss: 2.4458 (2.4458)  acc1: 44.4444 (44.4444)  acc5: 77.7778 (77.7778)  time: 1.6623  data: 1.2467  max mem: 5581
Val: Total time: 0:00:01 (1.7254 s / it)
Val: Current task task : 7/9
* Acc@1 37.500 Acc@5 83.333 loss 2.388
valid len dataloader task : 7 || len_loader 1
Val:  [0/1]  eta: 0:00:01  loss: 2.0470 (2.0470)  acc1: 50.0000 (50.0000)  acc5: 93.7500 (93.7500)  time: 1.5872  data: 1.2657  max mem: 5581
Val: Total time: 0:00:01 (1.6601 s / it)
Val: Current task task : 8/9
* Acc@1 44.531 Acc@5 92.969 loss 2.062
valid len dataloader task : 8 || len_loader 1
Val:  [0/1]  eta: 0:00:01  loss: 2.0557 (2.0557)  acc1: 68.7500 (68.7500)  acc5: 87.5000 (87.5000)  time: 1.5812  data: 1.2448  max mem: 5581
Val: Total time: 0:00:01 (1.6617 s / it)
Val: Current task task : 9/9
* Acc@1 60.938 Acc@5 85.156 loss 2.151
[VAL-REHEARSAL][9] TOTAL Accuracy of the network on the  val videos: 47.09%
[2023-08-22 23:30:46,830] [INFO] [logging.py:77:log_dist] [Rank 0] [Torch] Checkpoint checkpoint-best_rehearsal is begin to save!
[2023-08-22 23:30:46,833] [INFO] [torch_checkpoint_engine.py:29:commit] [Torch] Checkpoint checkpoint-best_rehearsal is ready now!
[2023-08-22 23:30:46,833] [INFO] [torch_checkpoint_engine.py:29:commit] [Torch] Checkpoint checkpoint-best_rehearsal is ready now!
[2023-08-22 23:30:46,833] [INFO] [torch_checkpoint_engine.py:29:commit] [Torch] Checkpoint checkpoint-best_rehearsal is ready now!
[2023-08-22 23:30:46,833] [INFO] [torch_checkpoint_engine.py:29:commit] [Torch] Checkpoint checkpoint-best_rehearsal is ready now!
[2023-08-22 23:30:46,833] [INFO] [torch_checkpoint_engine.py:29:commit] [Torch] Checkpoint checkpoint-best_rehearsal is ready now!
[2023-08-22 23:30:46,833] [INFO] [torch_checkpoint_engine.py:29:commit] [Torch] Checkpoint checkpoint-best_rehearsal is ready now!
[2023-08-22 23:30:46,833] [INFO] [torch_checkpoint_engine.py:29:commit] [Torch] Checkpoint checkpoint-best_rehearsal is ready now!
[2023-08-22 23:30:46,833] [INFO] [logging.py:77:log_dist] [Rank 0] Saving model checkpoint: logs/ucf_10/36/checkpoint-best_rehearsal/mp_rank_00_model_states.pt
[2023-08-22 23:30:46,833] [INFO] [torch_checkpoint_engine.py:17:save] [Torch] Saving logs/ucf_10/36/checkpoint-best_rehearsal/mp_rank_00_model_states.pt...
[2023-08-22 23:30:50,265] [INFO] [torch_checkpoint_engine.py:19:save] [Torch] Saved logs/ucf_10/36/checkpoint-best_rehearsal/mp_rank_00_model_states.pt.
[2023-08-22 23:30:50,265] [INFO] [torch_checkpoint_engine.py:29:commit] [Torch] Checkpoint checkpoint-best_rehearsal is ready now!
Max total accuracy: 47.09%
Rehearsal EPOCH: [9]  [0/7]  eta: 0:00:37  lr: 0.000028  min_lr: 0.000000  loss: 3.8224 (3.8224)  loss_scale: 4096.0000 (4096.0000)  weight_decay: 0.0500 (0.0500)  time: 5.3770  data: 4.1836  max mem: 5581
Rehearsal EPOCH: [9]  [6/7]  eta: 0:00:01  lr: 0.000005  min_lr: 0.000000  loss: 3.6170 (3.3946)  loss_scale: 4096.0000 (4096.0000)  weight_decay: 0.0500 (0.0500)  time: 1.6269  data: 0.5979  max mem: 5581
Rehearsal EPOCH: [9] Total time: 0:00:11 (1.6596 s / it)
Averaged stats: lr: 0.000005  min_lr: 0.000000  loss: 3.6170 (3.3850)  loss_scale: 4096.0000 (4096.0000)  weight_decay: 0.0500 (0.0500)
valid len dataloader task : 0 || len_loader 1
Val:  [0/1]  eta: 0:00:01  loss: 2.6485 (2.6485)  acc1: 27.7778 (27.7778)  acc5: 66.6667 (66.6667)  time: 1.7326  data: 1.3567  max mem: 5581
Val: Total time: 0:00:01 (1.8288 s / it)
Val: Current task task : 1/9
* Acc@1 35.417 Acc@5 81.250 loss 2.260
valid len dataloader task : 1 || len_loader 1
Val:  [0/1]  eta: 0:00:01  loss: 2.3834 (2.3834)  acc1: 64.7059 (64.7059)  acc5: 76.4706 (76.4706)  time: 1.6765  data: 1.3095  max mem: 5581
Val: Total time: 0:00:01 (1.7634 s / it)
Val: Current task task : 2/9
* Acc@1 52.206 Acc@5 75.000 loss 2.286
valid len dataloader task : 2 || len_loader 1
Val:  [0/1]  eta: 0:00:01  loss: 2.1403 (2.1403)  acc1: 44.4444 (44.4444)  acc5: 77.7778 (77.7778)  time: 1.7291  data: 1.3253  max mem: 5581
Val: Total time: 0:00:01 (1.7984 s / it)
Val: Current task task : 3/9
* Acc@1 44.444 Acc@5 78.472 loss 2.147
valid len dataloader task : 3 || len_loader 1
Val:  [0/1]  eta: 0:00:01  loss: 1.8702 (1.8702)  acc1: 68.7500 (68.7500)  acc5: 93.7500 (93.7500)  time: 1.5554  data: 1.1973  max mem: 5581
Val: Total time: 0:00:01 (1.6717 s / it)
Val: Current task task : 4/9
* Acc@1 59.375 Acc@5 91.406 loss 1.948
valid len dataloader task : 4 || len_loader 1
Val:  [0/1]  eta: 0:00:01  loss: 2.1556 (2.1556)  acc1: 31.2500 (31.2500)  acc5: 100.0000 (100.0000)  time: 1.5825  data: 1.2167  max mem: 5581
Val: Total time: 0:00:01 (1.6835 s / it)
Val: Current task task : 5/9
* Acc@1 42.188 Acc@5 94.531 loss 2.164
valid len dataloader task : 5 || len_loader 1
Val:  [0/1]  eta: 0:00:01  loss: 1.9826 (1.9826)  acc1: 64.7059 (64.7059)  acc5: 88.2353 (88.2353)  time: 1.6409  data: 1.2825  max mem: 5581
Val: Total time: 0:00:01 (1.7241 s / it)
Val: Current task task : 6/9
* Acc@1 56.618 Acc@5 88.971 loss 1.955
valid len dataloader task : 6 || len_loader 1
Val:  [0/1]  eta: 0:00:01  loss: 2.4678 (2.4678)  acc1: 27.7778 (27.7778)  acc5: 77.7778 (77.7778)  time: 1.6417  data: 1.2497  max mem: 5581
Val: Total time: 0:00:01 (1.7154 s / it)
Val: Current task task : 7/9
* Acc@1 37.500 Acc@5 78.472 loss 2.415
valid len dataloader task : 7 || len_loader 1
Val:  [0/1]  eta: 0:00:01  loss: 2.1839 (2.1839)  acc1: 50.0000 (50.0000)  acc5: 93.7500 (93.7500)  time: 1.5611  data: 1.2250  max mem: 5581
Val: Total time: 0:00:01 (1.6398 s / it)
Val: Current task task : 8/9
* Acc@1 43.750 Acc@5 95.312 loss 2.055
valid len dataloader task : 8 || len_loader 1
Val:  [0/1]  eta: 0:00:01  loss: 2.2305 (2.2305)  acc1: 50.0000 (50.0000)  acc5: 81.2500 (81.2500)  time: 1.5319  data: 1.1999  max mem: 5581
Val: Total time: 0:00:01 (1.6136 s / it)
Val: Current task task : 9/9
* Acc@1 54.688 Acc@5 84.375 loss 2.197
[VAL-REHEARSAL][10] TOTAL Accuracy of the network on the  val videos: 47.35%
[2023-08-22 23:31:17,519] [INFO] [logging.py:77:log_dist] [Rank 0] [Torch] Checkpoint checkpoint-best_rehearsal is begin to save!
[2023-08-22 23:31:17,522] [INFO] [torch_checkpoint_engine.py:29:commit] [Torch] Checkpoint checkpoint-best_rehearsal is ready now!
[2023-08-22 23:31:17,522] [INFO] [torch_checkpoint_engine.py:29:commit] [Torch] Checkpoint checkpoint-best_rehearsal is ready now!
[2023-08-22 23:31:17,522] [INFO] [torch_checkpoint_engine.py:29:commit] [Torch] Checkpoint checkpoint-best_rehearsal is ready now!
[2023-08-22 23:31:17,522] [INFO] [torch_checkpoint_engine.py:29:commit] [Torch] Checkpoint checkpoint-best_rehearsal is ready now!
[2023-08-22 23:31:17,522] [INFO] [torch_checkpoint_engine.py:29:commit] [Torch] Checkpoint checkpoint-best_rehearsal is ready now!
[2023-08-22 23:31:17,522] [INFO] [logging.py:77:log_dist] [Rank 0] Saving model checkpoint: logs/ucf_10/36/checkpoint-best_rehearsal/mp_rank_00_model_states.pt
[2023-08-22 23:31:17,522] [INFO] [torch_checkpoint_engine.py:17:save] [Torch] Saving logs/ucf_10/36/checkpoint-best_rehearsal/mp_rank_00_model_states.pt...
[2023-08-22 23:31:17,523] [INFO] [torch_checkpoint_engine.py:29:commit] [Torch] Checkpoint checkpoint-best_rehearsal is ready now!
[2023-08-22 23:31:17,523] [INFO] [torch_checkpoint_engine.py:29:commit] [Torch] Checkpoint checkpoint-best_rehearsal is ready now!
[2023-08-22 23:31:20,717] [INFO] [torch_checkpoint_engine.py:19:save] [Torch] Saved logs/ucf_10/36/checkpoint-best_rehearsal/mp_rank_00_model_states.pt.
[2023-08-22 23:31:20,718] [INFO] [torch_checkpoint_engine.py:29:commit] [Torch] Checkpoint checkpoint-best_rehearsal is ready now!
Max total accuracy: 47.35%
load best rehearsal model
<All keys matched successfully>
valid len dataloader task : 0 || len_loader 1
Val:  [0/1]  eta: 0:00:01  loss: 2.6204 (2.6204)  acc1: 22.2222 (22.2222)  acc5: 55.5556 (55.5556)  time: 1.7750  data: 1.4036  max mem: 5581
Val: Total time: 0:00:01 (1.8630 s / it)
Val: Current task task : 1/9
* Acc@1 35.417 Acc@5 81.250 loss 2.254
valid len dataloader task : 1 || len_loader 1
Val:  [0/1]  eta: 0:00:01  loss: 2.2871 (2.2871)  acc1: 58.8235 (58.8235)  acc5: 76.4706 (76.4706)  time: 1.6572  data: 1.2716  max mem: 5581
Val: Total time: 0:00:01 (1.7492 s / it)
Val: Current task task : 2/9
* Acc@1 50.000 Acc@5 75.000 loss 2.279
valid len dataloader task : 2 || len_loader 1
Val:  [0/1]  eta: 0:00:01  loss: 2.1920 (2.1920)  acc1: 44.4444 (44.4444)  acc5: 77.7778 (77.7778)  time: 1.7389  data: 1.3370  max mem: 5581
Val: Total time: 0:00:01 (1.8212 s / it)
Val: Current task task : 3/9
* Acc@1 43.750 Acc@5 79.167 loss 2.154
valid len dataloader task : 3 || len_loader 1
Val:  [0/1]  eta: 0:00:01  loss: 1.9003 (1.9003)  acc1: 62.5000 (62.5000)  acc5: 100.0000 (100.0000)  time: 1.5852  data: 1.2280  max mem: 5581
Val: Total time: 0:00:01 (1.6871 s / it)
Val: Current task task : 4/9
* Acc@1 55.469 Acc@5 92.188 loss 2.018
valid len dataloader task : 4 || len_loader 1
Val:  [0/1]  eta: 0:00:01  loss: 2.2309 (2.2309)  acc1: 31.2500 (31.2500)  acc5: 100.0000 (100.0000)  time: 1.5775  data: 1.2383  max mem: 5581
Val: Total time: 0:00:01 (1.6497 s / it)
Val: Current task task : 5/9
* Acc@1 42.188 Acc@5 96.094 loss 2.168
valid len dataloader task : 5 || len_loader 1
Val:  [0/1]  eta: 0:00:01  loss: 1.9287 (1.9287)  acc1: 58.8235 (58.8235)  acc5: 82.3529 (82.3529)  time: 1.6186  data: 1.2676  max mem: 5581
Val: Total time: 0:00:01 (1.7047 s / it)
Val: Current task task : 6/9
* Acc@1 52.941 Acc@5 89.706 loss 1.948
valid len dataloader task : 6 || len_loader 1
Val:  [0/1]  eta: 0:00:01  loss: 2.4122 (2.4122)  acc1: 44.4444 (44.4444)  acc5: 77.7778 (77.7778)  time: 1.6660  data: 1.2381  max mem: 5581
Val: Total time: 0:00:01 (1.7509 s / it)
Val: Current task task : 7/9
* Acc@1 38.889 Acc@5 80.556 loss 2.420
valid len dataloader task : 7 || len_loader 1
Val:  [0/1]  eta: 0:00:01  loss: 2.0895 (2.0895)  acc1: 43.7500 (43.7500)  acc5: 93.7500 (93.7500)  time: 1.5496  data: 1.2270  max mem: 5581
Val: Total time: 0:00:01 (1.6298 s / it)
Val: Current task task : 8/9
* Acc@1 46.875 Acc@5 93.750 loss 2.060
valid len dataloader task : 8 || len_loader 1
Val:  [0/1]  eta: 0:00:01  loss: 2.1011 (2.1011)  acc1: 62.5000 (62.5000)  acc5: 87.5000 (87.5000)  time: 1.5789  data: 1.2458  max mem: 5581
Val: Total time: 0:00:01 (1.6566 s / it)
Val: Current task task : 9/9
* Acc@1 53.906 Acc@5 85.156 loss 2.177
[TEST] Accuracy of the network on the  test videos: 46.60%
Training time 0:07:05
current task : 10 | train | Number of the class = 101
current task : 10 | validation | Number of the class = 101
current task : 10 | validation | Number of the class = 101
Sampler_train = <torch.utils.data.distributed.DistributedSampler object at 0x7f94b449ddd0>
Sampler_rehearsal = <torch.utils.data.distributed.DistributedSampler object at 0x7f95558f5390>
Warning: Enabling distributed evaluation with an eval dataset not divisible by process number. This will slightly alter validation results as extra duplicate entries are added to achieve equal num of samples per-process.
Number of training examples = 948
Number of training training per epoch = 7
Number of rehearsal training examples = 1010
Number of rehearsal training training per epoch = 7
Use step level LR scheduler!
Set warmup steps = 35
Set warmup steps = 0
Max WD = 0.0500000, Min WD = 0.0500000
Use step level LR scheduler!
Set warmup steps = 35
Set warmup steps = 0
Max WD = 0.0500000, Min WD = 0.0500000
==================================================
==================================================
==================================================
==================================================
Current task index : 10/10
==================================================
==================================================
==================================================
==================================================
Start training for 10 epochs
TASK EPOCH: [0]  [0/7]  eta: 0:00:35  lr: 0.000000  min_lr: 0.000000  loss: 5.3152 (5.3152)  loss_scale: 4096.0000 (4096.0000)  weight_decay: 0.0500 (0.0500)  time: 5.0689  data: 3.5586  max mem: 5581
[2023-08-22 23:31:48,146] [INFO] [fused_optimizer.py:383:_update_scale] 
Grad overflow on iteration 1234
[2023-08-22 23:31:48,146] [INFO] [fused_optimizer.py:383:_update_scale] 
Grad overflow on iteration 1234
[2023-08-22 23:31:48,146] [INFO] [fused_optimizer.py:385:_update_scale] Reducing dynamic loss scale from 4096.0 to 2048.0
[2023-08-22 23:31:48,146] [INFO] [fused_optimizer.py:385:_update_scale] Reducing dynamic loss scale from 4096.0 to 2048.0
[2023-08-22 23:31:48,146] [INFO] [fused_optimizer.py:383:_update_scale] 
Grad overflow on iteration 1234
[2023-08-22 23:31:48,146] [INFO] [fused_optimizer.py:383:_update_scale] 
Grad overflow on iteration 1234
[2023-08-22 23:31:48,146] [INFO] [fused_optimizer.py:383:_update_scale] 
Grad overflow on iteration 1234
[2023-08-22 23:31:48,146] [INFO] [fused_optimizer.py:383:_update_scale] 
Grad overflow on iteration 1234
[2023-08-22 23:31:48,146] [INFO] [fused_optimizer.py:385:_update_scale] Reducing dynamic loss scale from 4096.0 to 2048.0
[2023-08-22 23:31:48,146] [INFO] [fused_optimizer.py:385:_update_scale] Reducing dynamic loss scale from 4096.0 to 2048.0
[2023-08-22 23:31:48,146] [INFO] [fused_optimizer.py:385:_update_scale] Reducing dynamic loss scale from 4096.0 to 2048.0
[2023-08-22 23:31:48,146] [INFO] [fused_optimizer.py:385:_update_scale] Reducing dynamic loss scale from 4096.0 to 2048.0
[2023-08-22 23:31:48,146] [INFO] [logging.py:77:log_dist] [Rank 0] Overflow detected. Skipping step. Attempted loss scale: 4096.0, reducing to 2048.0
[2023-08-22 23:31:48,146] [INFO] [fused_optimizer.py:383:_update_scale] 
Grad overflow on iteration 1234
[2023-08-22 23:31:48,146] [INFO] [fused_optimizer.py:383:_update_scale] 
Grad overflow on iteration 1234
[2023-08-22 23:31:48,147] [INFO] [fused_optimizer.py:385:_update_scale] Reducing dynamic loss scale from 4096.0 to 2048.0
[2023-08-22 23:31:48,147] [INFO] [fused_optimizer.py:385:_update_scale] Reducing dynamic loss scale from 4096.0 to 2048.0
TASK EPOCH: [0]  [6/7]  eta: 0:00:01  lr: 0.000044  min_lr: 0.000000  loss: 5.3152 (5.2864)  loss_scale: 4096.0000 (3218.2857)  weight_decay: 0.0500 (0.0500)  time: 1.5805  data: 0.5088  max mem: 5581
TASK EPOCH: [0] Total time: 0:00:11 (1.6152 s / it)
Averaged stats: lr: 0.000044  min_lr: 0.000000  loss: 5.3152 (5.2669)  loss_scale: 4096.0000 (3218.2857)  weight_decay: 0.0500 (0.0500)
TASK EPOCH: [1]  [0/7]  eta: 0:00:34  lr: 0.000051  min_lr: 0.000000  loss: 5.1053 (5.1053)  loss_scale: 2048.0000 (2048.0000)  weight_decay: 0.0500 (0.0500)  time: 4.9007  data: 3.4585  max mem: 5581
TASK EPOCH: [1]  [6/7]  eta: 0:00:01  lr: 0.000096  min_lr: 0.000001  loss: 4.8569 (4.8455)  loss_scale: 2048.0000 (2048.0000)  weight_decay: 0.0500 (0.0500)  time: 1.5578  data: 0.4944  max mem: 5581
TASK EPOCH: [1] Total time: 0:00:11 (1.5918 s / it)
Averaged stats: lr: 0.000096  min_lr: 0.000001  loss: 4.8569 (4.8395)  loss_scale: 2048.0000 (2048.0000)  weight_decay: 0.0500 (0.0500)
TASK EPOCH: [2]  [0/7]  eta: 0:00:35  lr: 0.000103  min_lr: 0.000001  loss: 4.4279 (4.4279)  loss_scale: 2048.0000 (2048.0000)  weight_decay: 0.0500 (0.0500)  time: 5.0627  data: 3.6889  max mem: 5581
TASK EPOCH: [2]  [6/7]  eta: 0:00:01  lr: 0.000147  min_lr: 0.000001  loss: 3.7555 (3.7969)  loss_scale: 2048.0000 (2048.0000)  weight_decay: 0.0500 (0.0500)  time: 1.5758  data: 0.5272  max mem: 5581
TASK EPOCH: [2] Total time: 0:00:11 (1.6111 s / it)
Averaged stats: lr: 0.000147  min_lr: 0.000001  loss: 3.7555 (3.8949)  loss_scale: 2048.0000 (2048.0000)  weight_decay: 0.0500 (0.0500)
TASK EPOCH: [3]  [0/7]  eta: 0:00:34  lr: 0.000154  min_lr: 0.000001  loss: 3.1295 (3.1295)  loss_scale: 2048.0000 (2048.0000)  weight_decay: 0.0500 (0.0500)  time: 4.9902  data: 3.1675  max mem: 5581
TASK EPOCH: [3]  [6/7]  eta: 0:00:01  lr: 0.000199  min_lr: 0.000002  loss: 2.6170 (2.6551)  loss_scale: 2048.0000 (2048.0000)  weight_decay: 0.0500 (0.0500)  time: 1.5666  data: 0.4528  max mem: 5581
TASK EPOCH: [3] Total time: 0:00:11 (1.6015 s / it)
Averaged stats: lr: 0.000199  min_lr: 0.000002  loss: 2.6170 (2.7045)  loss_scale: 2048.0000 (2048.0000)  weight_decay: 0.0500 (0.0500)
TASK EPOCH: [4]  [0/7]  eta: 0:00:34  lr: 0.000206  min_lr: 0.000002  loss: 2.5834 (2.5834)  loss_scale: 2048.0000 (2048.0000)  weight_decay: 0.0500 (0.0500)  time: 4.8580  data: 3.4510  max mem: 5581
TASK EPOCH: [4]  [6/7]  eta: 0:00:01  lr: 0.000250  min_lr: 0.000002  loss: 2.4747 (2.4664)  loss_scale: 2048.0000 (2048.0000)  weight_decay: 0.0500 (0.0500)  time: 1.5480  data: 0.4934  max mem: 5581
TASK EPOCH: [4] Total time: 0:00:11 (1.5831 s / it)
Averaged stats: lr: 0.000250  min_lr: 0.000002  loss: 2.4747 (2.3231)  loss_scale: 2048.0000 (2048.0000)  weight_decay: 0.0500 (0.0500)
TASK EPOCH: [5]  [0/7]  eta: 0:00:35  lr: 0.000250  min_lr: 0.000002  loss: 2.6468 (2.6468)  loss_scale: 2048.0000 (2048.0000)  weight_decay: 0.0500 (0.0500)  time: 5.1383  data: 3.5786  max mem: 5581
TASK EPOCH: [5]  [6/7]  eta: 0:00:01  lr: 0.000233  min_lr: 0.000002  loss: 2.4234 (2.3617)  loss_scale: 2048.0000 (2048.0000)  weight_decay: 0.0500 (0.0500)  time: 1.5867  data: 0.5115  max mem: 5581
TASK EPOCH: [5] Total time: 0:00:11 (1.6222 s / it)
Averaged stats: lr: 0.000233  min_lr: 0.000002  loss: 2.4234 (2.2895)  loss_scale: 2048.0000 (2048.0000)  weight_decay: 0.0500 (0.0500)
TASK EPOCH: [6]  [0/7]  eta: 0:00:37  lr: 0.000227  min_lr: 0.000002  loss: 2.6536 (2.6536)  loss_scale: 2048.0000 (2048.0000)  weight_decay: 0.0500 (0.0500)  time: 5.4235  data: 3.7013  max mem: 5581
TASK EPOCH: [6]  [6/7]  eta: 0:00:01  lr: 0.000176  min_lr: 0.000002  loss: 2.3850 (2.3732)  loss_scale: 2048.0000 (2048.0000)  weight_decay: 0.0500 (0.0500)  time: 1.6289  data: 0.5291  max mem: 5581
TASK EPOCH: [6] Total time: 0:00:11 (1.6644 s / it)
Averaged stats: lr: 0.000176  min_lr: 0.000002  loss: 2.3850 (2.2278)  loss_scale: 2048.0000 (2048.0000)  weight_decay: 0.0500 (0.0500)
TASK EPOCH: [7]  [0/7]  eta: 0:00:36  lr: 0.000165  min_lr: 0.000002  loss: 2.2459 (2.2459)  loss_scale: 2048.0000 (2048.0000)  weight_decay: 0.0500 (0.0500)  time: 5.1993  data: 4.1307  max mem: 5581
TASK EPOCH: [7]  [6/7]  eta: 0:00:01  lr: 0.000100  min_lr: 0.000001  loss: 2.3476 (2.3939)  loss_scale: 2048.0000 (2048.0000)  weight_decay: 0.0500 (0.0500)  time: 1.5959  data: 0.5905  max mem: 5581
TASK EPOCH: [7] Total time: 0:00:11 (1.6310 s / it)
Averaged stats: lr: 0.000100  min_lr: 0.000001  loss: 2.3476 (2.2625)  loss_scale: 2048.0000 (2048.0000)  weight_decay: 0.0500 (0.0500)
TASK EPOCH: [8]  [0/7]  eta: 0:00:34  lr: 0.000090  min_lr: 0.000001  loss: 1.9921 (1.9921)  loss_scale: 2048.0000 (2048.0000)  weight_decay: 0.0500 (0.0500)  time: 4.9171  data: 3.5760  max mem: 5581
TASK EPOCH: [8]  [6/7]  eta: 0:00:01  lr: 0.000035  min_lr: 0.000000  loss: 2.0903 (2.1152)  loss_scale: 2048.0000 (2048.0000)  weight_decay: 0.0500 (0.0500)  time: 1.5589  data: 0.5113  max mem: 5581
TASK EPOCH: [8] Total time: 0:00:11 (1.5928 s / it)
Averaged stats: lr: 0.000035  min_lr: 0.000000  loss: 2.0903 (2.0988)  loss_scale: 2048.0000 (2048.0000)  weight_decay: 0.0500 (0.0500)
TASK EPOCH: [9]  [0/7]  eta: 0:00:37  lr: 0.000028  min_lr: 0.000000  loss: 2.3030 (2.3030)  loss_scale: 2048.0000 (2048.0000)  weight_decay: 0.0500 (0.0500)  time: 5.3268  data: 3.5255  max mem: 5581
TASK EPOCH: [9]  [6/7]  eta: 0:00:01  lr: 0.000005  min_lr: 0.000000  loss: 2.2044 (2.2311)  loss_scale: 2048.0000 (2048.0000)  weight_decay: 0.0500 (0.0500)  time: 1.6146  data: 0.5040  max mem: 5581
TASK EPOCH: [9] Total time: 0:00:11 (1.6498 s / it)
Averaged stats: lr: 0.000005  min_lr: 0.000000  loss: 2.2044 (2.1474)  loss_scale: 2048.0000 (2048.0000)  weight_decay: 0.0500 (0.0500)
--------------------
--------------------
start rehearsal training for 10 epochs 
Rehearsal EPOCH: [0]  [0/7]  eta: 0:00:36  lr: 0.000000  min_lr: 0.000000  loss: 5.9498 (5.9498)  loss_scale: 2048.0000 (2048.0000)  weight_decay: 0.0500 (0.0500)  time: 5.2410  data: 3.9363  max mem: 5581
Rehearsal EPOCH: [0]  [6/7]  eta: 0:00:01  lr: 0.000044  min_lr: 0.000000  loss: 5.8522 (5.7828)  loss_scale: 2048.0000 (2048.0000)  weight_decay: 0.0500 (0.0500)  time: 1.6014  data: 0.5626  max mem: 5581
Rehearsal EPOCH: [0] Total time: 0:00:11 (1.6343 s / it)
Averaged stats: lr: 0.000044  min_lr: 0.000000  loss: 5.8522 (5.9526)  loss_scale: 2048.0000 (2048.0000)  weight_decay: 0.0500 (0.0500)
valid len dataloader task : 0 || len_loader 1
Val:  [0/1]  eta: 0:00:01  loss: 5.3350 (5.3350)  acc1: 0.0000 (0.0000)  acc5: 16.6667 (16.6667)  time: 1.5795  data: 1.1977  max mem: 5581
Val: Total time: 0:00:01 (1.6735 s / it)
Val: Current task task : 1/10
* Acc@1 3.472 Acc@5 18.750 loss 5.020
valid len dataloader task : 1 || len_loader 1
Val:  [0/1]  eta: 0:00:01  loss: 5.5967 (5.5967)  acc1: 5.8824 (5.8824)  acc5: 17.6471 (17.6471)  time: 1.6651  data: 1.3119  max mem: 5581
Val: Total time: 0:00:01 (1.7542 s / it)
Val: Current task task : 2/10
* Acc@1 8.088 Acc@5 18.382 loss 5.596
valid len dataloader task : 2 || len_loader 1
Val:  [0/1]  eta: 0:00:01  loss: 4.8470 (4.8470)  acc1: 0.0000 (0.0000)  acc5: 27.7778 (27.7778)  time: 1.7095  data: 1.2894  max mem: 5581
Val: Total time: 0:00:01 (1.7797 s / it)
Val: Current task task : 3/10
* Acc@1 0.694 Acc@5 27.778 loss 4.739
valid len dataloader task : 3 || len_loader 1
Val:  [0/1]  eta: 0:00:01  loss: 4.5663 (4.5663)  acc1: 6.2500 (6.2500)  acc5: 31.2500 (31.2500)  time: 1.5035  data: 1.1463  max mem: 5581
Val: Total time: 0:00:01 (1.6094 s / it)
Val: Current task task : 4/10
* Acc@1 0.781 Acc@5 24.219 loss 4.686
valid len dataloader task : 4 || len_loader 1
Val:  [0/1]  eta: 0:00:01  loss: 5.3767 (5.3767)  acc1: 0.0000 (0.0000)  acc5: 12.5000 (12.5000)  time: 1.4586  data: 1.1284  max mem: 5581
Val: Total time: 0:00:01 (1.5541 s / it)
Val: Current task task : 5/10
* Acc@1 0.000 Acc@5 6.250 loss 5.388
valid len dataloader task : 5 || len_loader 1
Val:  [0/1]  eta: 0:00:01  loss: 4.4449 (4.4449)  acc1: 0.0000 (0.0000)  acc5: 29.4118 (29.4118)  time: 1.6175  data: 1.2202  max mem: 5581
Val: Total time: 0:00:01 (1.7056 s / it)
Val: Current task task : 6/10
* Acc@1 0.000 Acc@5 23.529 loss 4.746
valid len dataloader task : 6 || len_loader 1
Val:  [0/1]  eta: 0:00:01  loss: 5.6015 (5.6015)  acc1: 0.0000 (0.0000)  acc5: 5.5556 (5.5556)  time: 1.6463  data: 1.2184  max mem: 5581
Val: Total time: 0:00:01 (1.7144 s / it)
Val: Current task task : 7/10
* Acc@1 0.000 Acc@5 8.333 loss 5.618
valid len dataloader task : 7 || len_loader 1
Val:  [0/1]  eta: 0:00:01  loss: 5.3854 (5.3854)  acc1: 0.0000 (0.0000)  acc5: 6.2500 (6.2500)  time: 1.5189  data: 1.1659  max mem: 5581
Val: Total time: 0:00:01 (1.6158 s / it)
Val: Current task task : 8/10
* Acc@1 0.000 Acc@5 7.031 loss 5.439
valid len dataloader task : 8 || len_loader 1
Val:  [0/1]  eta: 0:00:01  loss: 6.6895 (6.6895)  acc1: 0.0000 (0.0000)  acc5: 0.0000 (0.0000)  time: 1.5293  data: 1.1642  max mem: 5581
Val: Total time: 0:00:01 (1.6121 s / it)
Val: Current task task : 9/10
* Acc@1 0.000 Acc@5 2.344 loss 6.868
valid len dataloader task : 9 || len_loader 1
Val:  [0/1]  eta: 0:00:01  loss: 0.5191 (0.5191)  acc1: 88.8889 (88.8889)  acc5: 100.0000 (100.0000)  time: 1.6976  data: 1.3359  max mem: 5581
Val: Total time: 0:00:01 (1.7735 s / it)
Val: Current task task : 10/10
* Acc@1 92.361 Acc@5 100.000 loss 0.536
[VAL-REHEARSAL][1] TOTAL Accuracy of the network on the  val videos: 10.54%
[2023-08-22 23:34:01,305] [INFO] [logging.py:77:log_dist] [Rank 0] [Torch] Checkpoint checkpoint-best_rehearsal is begin to save!
[2023-08-22 23:34:01,308] [INFO] [torch_checkpoint_engine.py:29:commit] [Torch] Checkpoint checkpoint-best_rehearsal is ready now!
[2023-08-22 23:34:01,309] [INFO] [torch_checkpoint_engine.py:29:commit] [Torch] Checkpoint checkpoint-best_rehearsal is ready now!
[2023-08-22 23:34:01,309] [INFO] [torch_checkpoint_engine.py:29:commit] [Torch] Checkpoint checkpoint-best_rehearsal is ready now!
[2023-08-22 23:34:01,309] [INFO] [torch_checkpoint_engine.py:29:commit] [Torch] Checkpoint checkpoint-best_rehearsal is ready now!
[2023-08-22 23:34:01,309] [INFO] [torch_checkpoint_engine.py:29:commit] [Torch] Checkpoint checkpoint-best_rehearsal is ready now!
[2023-08-22 23:34:01,309] [INFO] [logging.py:77:log_dist] [Rank 0] Saving model checkpoint: logs/ucf_10/36/checkpoint-best_rehearsal/mp_rank_00_model_states.pt
[2023-08-22 23:34:01,309] [INFO] [torch_checkpoint_engine.py:29:commit] [Torch] Checkpoint checkpoint-best_rehearsal is ready now!
[2023-08-22 23:34:01,309] [INFO] [torch_checkpoint_engine.py:29:commit] [Torch] Checkpoint checkpoint-best_rehearsal is ready now!
[2023-08-22 23:34:01,309] [INFO] [torch_checkpoint_engine.py:17:save] [Torch] Saving logs/ucf_10/36/checkpoint-best_rehearsal/mp_rank_00_model_states.pt...
[2023-08-22 23:34:04,155] [INFO] [torch_checkpoint_engine.py:19:save] [Torch] Saved logs/ucf_10/36/checkpoint-best_rehearsal/mp_rank_00_model_states.pt.
[2023-08-22 23:34:04,155] [INFO] [torch_checkpoint_engine.py:29:commit] [Torch] Checkpoint checkpoint-best_rehearsal is ready now!
Max total accuracy: 10.54%
Rehearsal EPOCH: [1]  [0/7]  eta: 0:00:35  lr: 0.000051  min_lr: 0.000000  loss: 5.7399 (5.7399)  loss_scale: 2048.0000 (2048.0000)  weight_decay: 0.0500 (0.0500)  time: 5.0666  data: 3.9303  max mem: 5581
Rehearsal EPOCH: [1]  [6/7]  eta: 0:00:01  lr: 0.000096  min_lr: 0.000001  loss: 4.8895 (4.9261)  loss_scale: 2048.0000 (2048.0000)  weight_decay: 0.0500 (0.0500)  time: 1.5830  data: 0.5617  max mem: 5581
Rehearsal EPOCH: [1] Total time: 0:00:11 (1.6179 s / it)
Averaged stats: lr: 0.000096  min_lr: 0.000001  loss: 4.8895 (4.9500)  loss_scale: 2048.0000 (2048.0000)  weight_decay: 0.0500 (0.0500)
valid len dataloader task : 0 || len_loader 1
Val:  [0/1]  eta: 0:00:01  loss: 3.7139 (3.7139)  acc1: 11.1111 (11.1111)  acc5: 50.0000 (50.0000)  time: 1.6917  data: 1.2768  max mem: 5581
Val: Total time: 0:00:01 (1.7701 s / it)
Val: Current task task : 1/10
* Acc@1 12.500 Acc@5 63.194 loss 3.378
valid len dataloader task : 1 || len_loader 1
Val:  [0/1]  eta: 0:00:01  loss: 3.9068 (3.9068)  acc1: 23.5294 (23.5294)  acc5: 47.0588 (47.0588)  time: 1.6552  data: 1.3106  max mem: 5581
Val: Total time: 0:00:01 (1.7268 s / it)
Val: Current task task : 2/10
* Acc@1 22.059 Acc@5 40.441 loss 3.976
valid len dataloader task : 2 || len_loader 1
Val:  [0/1]  eta: 0:00:01  loss: 3.0811 (3.0811)  acc1: 27.7778 (27.7778)  acc5: 66.6667 (66.6667)  time: 1.6235  data: 1.2333  max mem: 5581
Val: Total time: 0:00:01 (1.6959 s / it)
Val: Current task task : 3/10
* Acc@1 36.111 Acc@5 62.500 loss 3.063
valid len dataloader task : 3 || len_loader 1
Val:  [0/1]  eta: 0:00:01  loss: 3.0452 (3.0452)  acc1: 25.0000 (25.0000)  acc5: 68.7500 (68.7500)  time: 1.5249  data: 1.1879  max mem: 5581
Val: Total time: 0:00:01 (1.6263 s / it)
Val: Current task task : 4/10
* Acc@1 18.750 Acc@5 64.844 loss 3.260
valid len dataloader task : 4 || len_loader 1
Val:  [0/1]  eta: 0:00:01  loss: 3.6552 (3.6552)  acc1: 6.2500 (6.2500)  acc5: 37.5000 (37.5000)  time: 1.4758  data: 1.1298  max mem: 5581
Val: Total time: 0:00:01 (1.5532 s / it)
Val: Current task task : 5/10
* Acc@1 7.812 Acc@5 46.875 loss 3.540
valid len dataloader task : 5 || len_loader 1
Val:  [0/1]  eta: 0:00:01  loss: 2.7341 (2.7341)  acc1: 29.4118 (29.4118)  acc5: 76.4706 (76.4706)  time: 1.5768  data: 1.2033  max mem: 5581
Val: Total time: 0:00:01 (1.6692 s / it)
Val: Current task task : 6/10
* Acc@1 18.382 Acc@5 69.853 loss 2.952
valid len dataloader task : 6 || len_loader 1
Val:  [0/1]  eta: 0:00:01  loss: 3.5572 (3.5572)  acc1: 5.5556 (5.5556)  acc5: 44.4444 (44.4444)  time: 1.6506  data: 1.2352  max mem: 5581
Val: Total time: 0:00:01 (1.7306 s / it)
Val: Current task task : 7/10
* Acc@1 11.111 Acc@5 43.750 loss 3.627
valid len dataloader task : 7 || len_loader 1
Val:  [0/1]  eta: 0:00:01  loss: 3.3408 (3.3408)  acc1: 0.0000 (0.0000)  acc5: 68.7500 (68.7500)  time: 1.5172  data: 1.1637  max mem: 5581
Val: Total time: 0:00:01 (1.6226 s / it)
Val: Current task task : 8/10
* Acc@1 3.906 Acc@5 63.281 loss 3.375
valid len dataloader task : 8 || len_loader 1
Val:  [0/1]  eta: 0:00:01  loss: 4.1277 (4.1277)  acc1: 6.2500 (6.2500)  acc5: 43.7500 (43.7500)  time: 1.4601  data: 1.1269  max mem: 5581
Val: Total time: 0:00:01 (1.5361 s / it)
Val: Current task task : 9/10
* Acc@1 0.781 Acc@5 28.125 loss 4.360
valid len dataloader task : 9 || len_loader 1
Val:  [0/1]  eta: 0:00:01  loss: 0.9977 (0.9977)  acc1: 88.8889 (88.8889)  acc5: 94.4444 (94.4444)  time: 1.6376  data: 1.2669  max mem: 5581
Val: Total time: 0:00:01 (1.7370 s / it)
Val: Current task task : 10/10
* Acc@1 88.889 Acc@5 99.306 loss 0.920
[VAL-REHEARSAL][2] TOTAL Accuracy of the network on the  val videos: 22.03%
[2023-08-22 23:34:33,081] [INFO] [logging.py:77:log_dist] [Rank 0] [Torch] Checkpoint checkpoint-best_rehearsal is begin to save!
[2023-08-22 23:34:33,083] [INFO] [torch_checkpoint_engine.py:29:commit] [Torch] Checkpoint checkpoint-best_rehearsal is ready now!
[2023-08-22 23:34:33,083] [INFO] [torch_checkpoint_engine.py:29:commit] [Torch] Checkpoint checkpoint-best_rehearsal is ready now!
[2023-08-22 23:34:33,083] [INFO] [torch_checkpoint_engine.py:29:commit] [Torch] Checkpoint checkpoint-best_rehearsal is ready now!
[2023-08-22 23:34:33,084] [INFO] [torch_checkpoint_engine.py:29:commit] [Torch] Checkpoint checkpoint-best_rehearsal is ready now!
[2023-08-22 23:34:33,084] [INFO] [torch_checkpoint_engine.py:29:commit] [Torch] Checkpoint checkpoint-best_rehearsal is ready now!
[2023-08-22 23:34:33,084] [INFO] [logging.py:77:log_dist] [Rank 0] Saving model checkpoint: logs/ucf_10/36/checkpoint-best_rehearsal/mp_rank_00_model_states.pt
[2023-08-22 23:34:33,084] [INFO] [torch_checkpoint_engine.py:17:save] [Torch] Saving logs/ucf_10/36/checkpoint-best_rehearsal/mp_rank_00_model_states.pt...
[2023-08-22 23:34:33,085] [INFO] [torch_checkpoint_engine.py:29:commit] [Torch] Checkpoint checkpoint-best_rehearsal is ready now!
[2023-08-22 23:34:33,085] [INFO] [torch_checkpoint_engine.py:29:commit] [Torch] Checkpoint checkpoint-best_rehearsal is ready now!
[2023-08-22 23:34:36,047] [INFO] [torch_checkpoint_engine.py:19:save] [Torch] Saved logs/ucf_10/36/checkpoint-best_rehearsal/mp_rank_00_model_states.pt.
[2023-08-22 23:34:36,047] [INFO] [torch_checkpoint_engine.py:29:commit] [Torch] Checkpoint checkpoint-best_rehearsal is ready now!
Max total accuracy: 22.03%
Rehearsal EPOCH: [2]  [0/7]  eta: 0:00:35  lr: 0.000103  min_lr: 0.000001  loss: 3.2846 (3.2846)  loss_scale: 2048.0000 (2048.0000)  weight_decay: 0.0500 (0.0500)  time: 5.0237  data: 3.8222  max mem: 5581
Rehearsal EPOCH: [2]  [6/7]  eta: 0:00:01  lr: 0.000147  min_lr: 0.000001  loss: 3.8116 (3.7948)  loss_scale: 2048.0000 (2048.0000)  weight_decay: 0.0500 (0.0500)  time: 1.5763  data: 0.5463  max mem: 5581
Rehearsal EPOCH: [2] Total time: 0:00:11 (1.6099 s / it)
Averaged stats: lr: 0.000147  min_lr: 0.000001  loss: 3.8116 (4.0565)  loss_scale: 2048.0000 (2048.0000)  weight_decay: 0.0500 (0.0500)
valid len dataloader task : 0 || len_loader 1
Val:  [0/1]  eta: 0:00:01  loss: 3.0745 (3.0745)  acc1: 11.1111 (11.1111)  acc5: 72.2222 (72.2222)  time: 1.6377  data: 1.2546  max mem: 5581
Val: Total time: 0:00:01 (1.7367 s / it)
Val: Current task task : 1/10
* Acc@1 25.000 Acc@5 73.611 loss 2.876
valid len dataloader task : 1 || len_loader 1
Val:  [0/1]  eta: 0:00:01  loss: 3.1762 (3.1762)  acc1: 29.4118 (29.4118)  acc5: 47.0588 (47.0588)  time: 1.6890  data: 1.3184  max mem: 5581
Val: Total time: 0:00:01 (1.7638 s / it)
Val: Current task task : 2/10
* Acc@1 24.265 Acc@5 49.265 loss 3.234
valid len dataloader task : 2 || len_loader 1
Val:  [0/1]  eta: 0:00:01  loss: 2.6150 (2.6150)  acc1: 38.8889 (38.8889)  acc5: 61.1111 (61.1111)  time: 1.6707  data: 1.2419  max mem: 5581
Val: Total time: 0:00:01 (1.7738 s / it)
Val: Current task task : 3/10
* Acc@1 39.583 Acc@5 68.056 loss 2.625
valid len dataloader task : 3 || len_loader 1
Val:  [0/1]  eta: 0:00:01  loss: 2.7053 (2.7053)  acc1: 31.2500 (31.2500)  acc5: 81.2500 (81.2500)  time: 1.4826  data: 1.1495  max mem: 5581
Val: Total time: 0:00:01 (1.5764 s / it)
Val: Current task task : 4/10
* Acc@1 23.438 Acc@5 69.531 loss 2.897
valid len dataloader task : 4 || len_loader 1
Val:  [0/1]  eta: 0:00:01  loss: 3.1517 (3.1517)  acc1: 25.0000 (25.0000)  acc5: 62.5000 (62.5000)  time: 1.5194  data: 1.1658  max mem: 5581
Val: Total time: 0:00:01 (1.6012 s / it)
Val: Current task task : 5/10
* Acc@1 25.000 Acc@5 67.188 loss 2.933
valid len dataloader task : 5 || len_loader 1
Val:  [0/1]  eta: 0:00:01  loss: 2.3145 (2.3145)  acc1: 47.0588 (47.0588)  acc5: 82.3529 (82.3529)  time: 1.5762  data: 1.2150  max mem: 5581
Val: Total time: 0:00:01 (1.6560 s / it)
Val: Current task task : 6/10
* Acc@1 47.794 Acc@5 77.941 loss 2.446
valid len dataloader task : 6 || len_loader 1
Val:  [0/1]  eta: 0:00:01  loss: 2.9076 (2.9076)  acc1: 33.3333 (33.3333)  acc5: 72.2222 (72.2222)  time: 1.6028  data: 1.1878  max mem: 5581
Val: Total time: 0:00:01 (1.6917 s / it)
Val: Current task task : 7/10
* Acc@1 21.528 Acc@5 68.750 loss 2.942
valid len dataloader task : 7 || len_loader 1
Val:  [0/1]  eta: 0:00:01  loss: 2.6457 (2.6457)  acc1: 56.2500 (56.2500)  acc5: 68.7500 (68.7500)  time: 1.5171  data: 1.1638  max mem: 5581
Val: Total time: 0:00:01 (1.6002 s / it)
Val: Current task task : 8/10
* Acc@1 34.375 Acc@5 80.469 loss 2.663
valid len dataloader task : 8 || len_loader 1
Val:  [0/1]  eta: 0:00:01  loss: 3.0383 (3.0383)  acc1: 31.2500 (31.2500)  acc5: 50.0000 (50.0000)  time: 1.5120  data: 1.1639  max mem: 5581
Val: Total time: 0:00:01 (1.6124 s / it)
Val: Current task task : 9/10
* Acc@1 24.219 Acc@5 69.531 loss 3.007
valid len dataloader task : 9 || len_loader 1
Val:  [0/1]  eta: 0:00:01  loss: 2.5349 (2.5349)  acc1: 61.1111 (61.1111)  acc5: 88.8889 (88.8889)  time: 1.6617  data: 1.2973  max mem: 5581
Val: Total time: 0:00:01 (1.7370 s / it)
Val: Current task task : 10/10
* Acc@1 63.889 Acc@5 90.972 loss 2.400
[VAL-REHEARSAL][3] TOTAL Accuracy of the network on the  val videos: 32.91%
[2023-08-22 23:35:04,924] [INFO] [logging.py:77:log_dist] [Rank 0] [Torch] Checkpoint checkpoint-best_rehearsal is begin to save!
[2023-08-22 23:35:04,926] [INFO] [torch_checkpoint_engine.py:29:commit] [Torch] Checkpoint checkpoint-best_rehearsal is ready now!
[2023-08-22 23:35:04,926] [INFO] [torch_checkpoint_engine.py:29:commit] [Torch] Checkpoint checkpoint-best_rehearsal is ready now!
[2023-08-22 23:35:04,927] [INFO] [torch_checkpoint_engine.py:29:commit] [Torch] Checkpoint checkpoint-best_rehearsal is ready now!
[2023-08-22 23:35:04,927] [INFO] [logging.py:77:log_dist] [Rank 0] Saving model checkpoint: logs/ucf_10/36/checkpoint-best_rehearsal/mp_rank_00_model_states.pt
[2023-08-22 23:35:04,927] [INFO] [torch_checkpoint_engine.py:29:commit] [Torch] Checkpoint checkpoint-best_rehearsal is ready now!
[2023-08-22 23:35:04,927] [INFO] [torch_checkpoint_engine.py:17:save] [Torch] Saving logs/ucf_10/36/checkpoint-best_rehearsal/mp_rank_00_model_states.pt...
[2023-08-22 23:35:04,927] [INFO] [torch_checkpoint_engine.py:29:commit] [Torch] Checkpoint checkpoint-best_rehearsal is ready now!
[2023-08-22 23:35:04,928] [INFO] [torch_checkpoint_engine.py:29:commit] [Torch] Checkpoint checkpoint-best_rehearsal is ready now!
[2023-08-22 23:35:04,928] [INFO] [torch_checkpoint_engine.py:29:commit] [Torch] Checkpoint checkpoint-best_rehearsal is ready now!
[2023-08-22 23:35:08,881] [INFO] [torch_checkpoint_engine.py:19:save] [Torch] Saved logs/ucf_10/36/checkpoint-best_rehearsal/mp_rank_00_model_states.pt.
[2023-08-22 23:35:08,882] [INFO] [torch_checkpoint_engine.py:29:commit] [Torch] Checkpoint checkpoint-best_rehearsal is ready now!
Max total accuracy: 32.91%
Rehearsal EPOCH: [3]  [0/7]  eta: 0:00:36  lr: 0.000154  min_lr: 0.000001  loss: 3.8378 (3.8378)  loss_scale: 2048.0000 (2048.0000)  weight_decay: 0.0500 (0.0500)  time: 5.2469  data: 3.9011  max mem: 5581
Rehearsal EPOCH: [3]  [6/7]  eta: 0:00:01  lr: 0.000199  min_lr: 0.000002  loss: 4.0451 (4.0343)  loss_scale: 2048.0000 (2048.0000)  weight_decay: 0.0500 (0.0500)  time: 1.6056  data: 0.5577  max mem: 5581
Rehearsal EPOCH: [3] Total time: 0:00:11 (1.6391 s / it)
Averaged stats: lr: 0.000199  min_lr: 0.000002  loss: 4.0451 (3.9063)  loss_scale: 2048.0000 (2048.0000)  weight_decay: 0.0500 (0.0500)
valid len dataloader task : 0 || len_loader 1
Val:  [0/1]  eta: 0:00:01  loss: 3.0021 (3.0021)  acc1: 16.6667 (16.6667)  acc5: 61.1111 (61.1111)  time: 1.6642  data: 1.2615  max mem: 5581
Val: Total time: 0:00:01 (1.7515 s / it)
Val: Current task task : 1/10
* Acc@1 31.250 Acc@5 76.389 loss 2.682
valid len dataloader task : 1 || len_loader 1
Val:  [0/1]  eta: 0:00:01  loss: 2.9409 (2.9409)  acc1: 29.4118 (29.4118)  acc5: 58.8235 (58.8235)  time: 1.6348  data: 1.2616  max mem: 5581
Val: Total time: 0:00:01 (1.7246 s / it)
Val: Current task task : 2/10
* Acc@1 25.735 Acc@5 58.824 loss 2.945
valid len dataloader task : 2 || len_loader 1
Val:  [0/1]  eta: 0:00:01  loss: 2.3854 (2.3854)  acc1: 44.4444 (44.4444)  acc5: 77.7778 (77.7778)  time: 1.6488  data: 1.2591  max mem: 5581
Val: Total time: 0:00:01 (1.7289 s / it)
Val: Current task task : 3/10
* Acc@1 44.444 Acc@5 71.528 loss 2.440
valid len dataloader task : 3 || len_loader 1
Val:  [0/1]  eta: 0:00:01  loss: 2.4814 (2.4814)  acc1: 37.5000 (37.5000)  acc5: 81.2500 (81.2500)  time: 1.5333  data: 1.1500  max mem: 5581
Val: Total time: 0:00:01 (1.6632 s / it)
Val: Current task task : 4/10
* Acc@1 31.250 Acc@5 78.906 loss 2.656
valid len dataloader task : 4 || len_loader 1
Val:  [0/1]  eta: 0:00:01  loss: 2.7767 (2.7767)  acc1: 18.7500 (18.7500)  acc5: 93.7500 (93.7500)  time: 1.4920  data: 1.1665  max mem: 5581
Val: Total time: 0:00:01 (1.5854 s / it)
Val: Current task task : 5/10
* Acc@1 29.688 Acc@5 88.281 loss 2.618
valid len dataloader task : 5 || len_loader 1
Val:  [0/1]  eta: 0:00:01  loss: 2.2685 (2.2685)  acc1: 47.0588 (47.0588)  acc5: 88.2353 (88.2353)  time: 1.6480  data: 1.2439  max mem: 5581
Val: Total time: 0:00:01 (1.7345 s / it)
Val: Current task task : 6/10
* Acc@1 50.000 Acc@5 78.676 loss 2.283
valid len dataloader task : 6 || len_loader 1
Val:  [0/1]  eta: 0:00:01  loss: 2.7645 (2.7645)  acc1: 27.7778 (27.7778)  acc5: 77.7778 (77.7778)  time: 1.6398  data: 1.2109  max mem: 5581
Val: Total time: 0:00:01 (1.7331 s / it)
Val: Current task task : 7/10
* Acc@1 28.472 Acc@5 82.639 loss 2.790
valid len dataloader task : 7 || len_loader 1
Val:  [0/1]  eta: 0:00:01  loss: 2.3935 (2.3935)  acc1: 62.5000 (62.5000)  acc5: 87.5000 (87.5000)  time: 1.5052  data: 1.1701  max mem: 5581
Val: Total time: 0:00:01 (1.6037 s / it)
Val: Current task task : 8/10
* Acc@1 47.656 Acc@5 87.500 loss 2.400
valid len dataloader task : 8 || len_loader 1
Val:  [0/1]  eta: 0:00:01  loss: 2.3551 (2.3551)  acc1: 37.5000 (37.5000)  acc5: 87.5000 (87.5000)  time: 1.4929  data: 1.1454  max mem: 5581
Val: Total time: 0:00:01 (1.5963 s / it)
Val: Current task task : 9/10
* Acc@1 42.969 Acc@5 92.188 loss 2.322
valid len dataloader task : 9 || len_loader 1
Val:  [0/1]  eta: 0:00:01  loss: 2.7354 (2.7354)  acc1: 44.4444 (44.4444)  acc5: 83.3333 (83.3333)  time: 1.6919  data: 1.2828  max mem: 5581
Val: Total time: 0:00:01 (1.8140 s / it)
Val: Current task task : 10/10
* Acc@1 40.972 Acc@5 87.500 loss 2.639
[VAL-REHEARSAL][4] TOTAL Accuracy of the network on the  val videos: 37.24%
[2023-08-22 23:35:38,040] [INFO] [logging.py:77:log_dist] [Rank 0] [Torch] Checkpoint checkpoint-best_rehearsal is begin to save!
[2023-08-22 23:35:38,043] [INFO] [torch_checkpoint_engine.py:29:commit] [Torch] Checkpoint checkpoint-best_rehearsal is ready now!
[2023-08-22 23:35:38,043] [INFO] [torch_checkpoint_engine.py:29:commit] [Torch] Checkpoint checkpoint-best_rehearsal is ready now!
[2023-08-22 23:35:38,043] [INFO] [torch_checkpoint_engine.py:29:commit] [Torch] Checkpoint checkpoint-best_rehearsal is ready now!
[2023-08-22 23:35:38,043] [INFO] [torch_checkpoint_engine.py:29:commit] [Torch] Checkpoint checkpoint-best_rehearsal is ready now!
[2023-08-22 23:35:38,043] [INFO] [logging.py:77:log_dist] [Rank 0] Saving model checkpoint: logs/ucf_10/36/checkpoint-best_rehearsal/mp_rank_00_model_states.pt
[2023-08-22 23:35:38,043] [INFO] [torch_checkpoint_engine.py:17:save] [Torch] Saving logs/ucf_10/36/checkpoint-best_rehearsal/mp_rank_00_model_states.pt...
[2023-08-22 23:35:38,043] [INFO] [torch_checkpoint_engine.py:29:commit] [Torch] Checkpoint checkpoint-best_rehearsal is ready now!
[2023-08-22 23:35:38,044] [INFO] [torch_checkpoint_engine.py:29:commit] [Torch] Checkpoint checkpoint-best_rehearsal is ready now!
[2023-08-22 23:35:38,044] [INFO] [torch_checkpoint_engine.py:29:commit] [Torch] Checkpoint checkpoint-best_rehearsal is ready now!
[2023-08-22 23:35:42,158] [INFO] [torch_checkpoint_engine.py:19:save] [Torch] Saved logs/ucf_10/36/checkpoint-best_rehearsal/mp_rank_00_model_states.pt.
[2023-08-22 23:35:42,158] [INFO] [torch_checkpoint_engine.py:29:commit] [Torch] Checkpoint checkpoint-best_rehearsal is ready now!
Max total accuracy: 37.24%
Rehearsal EPOCH: [4]  [0/7]  eta: 0:00:37  lr: 0.000206  min_lr: 0.000002  loss: 3.8489 (3.8489)  loss_scale: 2048.0000 (2048.0000)  weight_decay: 0.0500 (0.0500)  time: 5.3330  data: 3.5031  max mem: 5581
Rehearsal EPOCH: [4]  [6/7]  eta: 0:00:01  lr: 0.000250  min_lr: 0.000002  loss: 3.8079 (3.6088)  loss_scale: 2048.0000 (2048.0000)  weight_decay: 0.0500 (0.0500)  time: 1.6195  data: 0.5010  max mem: 5581
Rehearsal EPOCH: [4] Total time: 0:00:11 (1.6535 s / it)
Averaged stats: lr: 0.000250  min_lr: 0.000002  loss: 3.8079 (3.7799)  loss_scale: 2048.0000 (2048.0000)  weight_decay: 0.0500 (0.0500)
valid len dataloader task : 0 || len_loader 1
Val:  [0/1]  eta: 0:00:01  loss: 2.8666 (2.8666)  acc1: 16.6667 (16.6667)  acc5: 66.6667 (66.6667)  time: 1.6432  data: 1.2710  max mem: 5581
Val: Total time: 0:00:01 (1.7156 s / it)
Val: Current task task : 1/10
* Acc@1 29.861 Acc@5 76.389 loss 2.576
valid len dataloader task : 1 || len_loader 1
Val:  [0/1]  eta: 0:00:01  loss: 2.7866 (2.7866)  acc1: 35.2941 (35.2941)  acc5: 64.7059 (64.7059)  time: 1.5594  data: 1.2140  max mem: 5581
Val: Total time: 0:00:01 (1.6422 s / it)
Val: Current task task : 2/10
* Acc@1 23.529 Acc@5 62.500 loss 2.794
valid len dataloader task : 2 || len_loader 1
Val:  [0/1]  eta: 0:00:01  loss: 2.2492 (2.2492)  acc1: 44.4444 (44.4444)  acc5: 83.3333 (83.3333)  time: 1.6399  data: 1.2298  max mem: 5581
Val: Total time: 0:00:01 (1.7244 s / it)
Val: Current task task : 3/10
* Acc@1 46.528 Acc@5 75.694 loss 2.364
valid len dataloader task : 3 || len_loader 1
Val:  [0/1]  eta: 0:00:01  loss: 2.2149 (2.2149)  acc1: 43.7500 (43.7500)  acc5: 93.7500 (93.7500)  time: 1.4870  data: 1.1441  max mem: 5581
Val: Total time: 0:00:01 (1.5965 s / it)
Val: Current task task : 4/10
* Acc@1 37.500 Acc@5 84.375 loss 2.467
valid len dataloader task : 4 || len_loader 1
Val:  [0/1]  eta: 0:00:01  loss: 2.5172 (2.5172)  acc1: 18.7500 (18.7500)  acc5: 87.5000 (87.5000)  time: 1.5055  data: 1.1563  max mem: 5581
Val: Total time: 0:00:01 (1.5980 s / it)
Val: Current task task : 5/10
* Acc@1 35.156 Acc@5 92.969 loss 2.459
valid len dataloader task : 5 || len_loader 1
Val:  [0/1]  eta: 0:00:01  loss: 2.1021 (2.1021)  acc1: 52.9412 (52.9412)  acc5: 82.3529 (82.3529)  time: 1.5246  data: 1.1714  max mem: 5581
Val: Total time: 0:00:01 (1.6090 s / it)
Val: Current task task : 6/10
* Acc@1 52.206 Acc@5 79.412 loss 2.202
valid len dataloader task : 6 || len_loader 1
Val:  [0/1]  eta: 0:00:01  loss: 2.7536 (2.7536)  acc1: 22.2222 (22.2222)  acc5: 88.8889 (88.8889)  time: 1.6550  data: 1.2548  max mem: 5581
Val: Total time: 0:00:01 (1.7253 s / it)
Val: Current task task : 7/10
* Acc@1 24.306 Acc@5 81.944 loss 2.725
valid len dataloader task : 7 || len_loader 1
Val:  [0/1]  eta: 0:00:01  loss: 2.4179 (2.4179)  acc1: 43.7500 (43.7500)  acc5: 75.0000 (75.0000)  time: 1.5157  data: 1.1778  max mem: 5581
Val: Total time: 0:00:01 (1.6078 s / it)
Val: Current task task : 8/10
* Acc@1 44.531 Acc@5 84.375 loss 2.321
valid len dataloader task : 8 || len_loader 1
Val:  [0/1]  eta: 0:00:01  loss: 2.0569 (2.0569)  acc1: 62.5000 (62.5000)  acc5: 81.2500 (81.2500)  time: 1.5677  data: 1.1970  max mem: 5581
Val: Total time: 0:00:01 (1.6546 s / it)
Val: Current task task : 9/10
* Acc@1 64.062 Acc@5 88.281 loss 2.108
valid len dataloader task : 9 || len_loader 1
Val:  [0/1]  eta: 0:00:01  loss: 2.3591 (2.3591)  acc1: 44.4444 (44.4444)  acc5: 88.8889 (88.8889)  time: 1.6196  data: 1.2525  max mem: 5581
Val: Total time: 0:00:01 (1.6983 s / it)
Val: Current task task : 10/10
* Acc@1 41.667 Acc@5 89.583 loss 2.351
[VAL-REHEARSAL][5] TOTAL Accuracy of the network on the  val videos: 39.93%
[2023-08-22 23:36:11,226] [INFO] [logging.py:77:log_dist] [Rank 0] [Torch] Checkpoint checkpoint-best_rehearsal is begin to save!
[2023-08-22 23:36:11,228] [INFO] [torch_checkpoint_engine.py:29:commit] [Torch] Checkpoint checkpoint-best_rehearsal is ready now!
[2023-08-22 23:36:11,229] [INFO] [torch_checkpoint_engine.py:29:commit] [Torch] Checkpoint checkpoint-best_rehearsal is ready now!
[2023-08-22 23:36:11,229] [INFO] [torch_checkpoint_engine.py:29:commit] [Torch] Checkpoint checkpoint-best_rehearsal is ready now!
[2023-08-22 23:36:11,229] [INFO] [torch_checkpoint_engine.py:29:commit] [Torch] Checkpoint checkpoint-best_rehearsal is ready now!
[2023-08-22 23:36:11,229] [INFO] [torch_checkpoint_engine.py:29:commit] [Torch] Checkpoint checkpoint-best_rehearsal is ready now!
[2023-08-22 23:36:11,229] [INFO] [torch_checkpoint_engine.py:29:commit] [Torch] Checkpoint checkpoint-best_rehearsal is ready now!
[2023-08-22 23:36:11,229] [INFO] [logging.py:77:log_dist] [Rank 0] Saving model checkpoint: logs/ucf_10/36/checkpoint-best_rehearsal/mp_rank_00_model_states.pt
[2023-08-22 23:36:11,229] [INFO] [torch_checkpoint_engine.py:29:commit] [Torch] Checkpoint checkpoint-best_rehearsal is ready now!
[2023-08-22 23:36:11,229] [INFO] [torch_checkpoint_engine.py:17:save] [Torch] Saving logs/ucf_10/36/checkpoint-best_rehearsal/mp_rank_00_model_states.pt...
[2023-08-22 23:36:14,803] [INFO] [torch_checkpoint_engine.py:19:save] [Torch] Saved logs/ucf_10/36/checkpoint-best_rehearsal/mp_rank_00_model_states.pt.
[2023-08-22 23:36:14,803] [INFO] [torch_checkpoint_engine.py:29:commit] [Torch] Checkpoint checkpoint-best_rehearsal is ready now!
Max total accuracy: 39.93%
Rehearsal EPOCH: [5]  [0/7]  eta: 0:00:34  lr: 0.000250  min_lr: 0.000002  loss: 3.4581 (3.4581)  loss_scale: 2048.0000 (2048.0000)  weight_decay: 0.0500 (0.0500)  time: 4.9529  data: 3.7925  max mem: 5581
Rehearsal EPOCH: [5]  [6/7]  eta: 0:00:01  lr: 0.000233  min_lr: 0.000002  loss: 3.7101 (3.6649)  loss_scale: 2048.0000 (2048.0000)  weight_decay: 0.0500 (0.0500)  time: 1.5662  data: 0.5421  max mem: 5581
Rehearsal EPOCH: [5] Total time: 0:00:11 (1.5992 s / it)
Averaged stats: lr: 0.000233  min_lr: 0.000002  loss: 3.7101 (3.6576)  loss_scale: 2048.0000 (2048.0000)  weight_decay: 0.0500 (0.0500)
valid len dataloader task : 0 || len_loader 1
Val:  [0/1]  eta: 0:00:01  loss: 2.8142 (2.8142)  acc1: 11.1111 (11.1111)  acc5: 61.1111 (61.1111)  time: 1.6452  data: 1.2466  max mem: 5581
Val: Total time: 0:00:01 (1.7259 s / it)
Val: Current task task : 1/10
* Acc@1 30.556 Acc@5 73.611 loss 2.491
valid len dataloader task : 1 || len_loader 1
Val:  [0/1]  eta: 0:00:01  loss: 2.6242 (2.6242)  acc1: 23.5294 (23.5294)  acc5: 70.5882 (70.5882)  time: 1.6192  data: 1.2403  max mem: 5581
Val: Total time: 0:00:01 (1.7265 s / it)
Val: Current task task : 2/10
* Acc@1 16.912 Acc@5 68.382 loss 2.662
valid len dataloader task : 2 || len_loader 1
Val:  [0/1]  eta: 0:00:01  loss: 2.2982 (2.2982)  acc1: 44.4444 (44.4444)  acc5: 77.7778 (77.7778)  time: 1.6075  data: 1.2355  max mem: 5581
Val: Total time: 0:00:01 (1.6961 s / it)
Val: Current task task : 3/10
* Acc@1 43.750 Acc@5 76.389 loss 2.305
valid len dataloader task : 3 || len_loader 1
Val:  [0/1]  eta: 0:00:01  loss: 2.0481 (2.0481)  acc1: 50.0000 (50.0000)  acc5: 100.0000 (100.0000)  time: 1.4817  data: 1.1476  max mem: 5581
Val: Total time: 0:00:01 (1.5852 s / it)
Val: Current task task : 4/10
* Acc@1 42.188 Acc@5 89.062 loss 2.240
valid len dataloader task : 4 || len_loader 1
Val:  [0/1]  eta: 0:00:01  loss: 2.3490 (2.3490)  acc1: 25.0000 (25.0000)  acc5: 87.5000 (87.5000)  time: 1.4980  data: 1.1495  max mem: 5581
Val: Total time: 0:00:01 (1.6048 s / it)
Val: Current task task : 5/10
* Acc@1 41.406 Acc@5 89.062 loss 2.305
valid len dataloader task : 5 || len_loader 1
Val:  [0/1]  eta: 0:00:01  loss: 2.0171 (2.0171)  acc1: 52.9412 (52.9412)  acc5: 82.3529 (82.3529)  time: 1.5282  data: 1.1794  max mem: 5581
Val: Total time: 0:00:01 (1.6043 s / it)
Val: Current task task : 6/10
* Acc@1 50.000 Acc@5 83.824 loss 2.036
valid len dataloader task : 6 || len_loader 1
Val:  [0/1]  eta: 0:00:01  loss: 2.6598 (2.6598)  acc1: 22.2222 (22.2222)  acc5: 72.2222 (72.2222)  time: 1.6297  data: 1.2130  max mem: 5581
Val: Total time: 0:00:01 (1.7117 s / it)
Val: Current task task : 7/10
* Acc@1 22.917 Acc@5 79.861 loss 2.612
valid len dataloader task : 7 || len_loader 1
Val:  [0/1]  eta: 0:00:01  loss: 2.3562 (2.3562)  acc1: 43.7500 (43.7500)  acc5: 75.0000 (75.0000)  time: 1.4882  data: 1.1376  max mem: 5581
Val: Total time: 0:00:01 (1.5784 s / it)
Val: Current task task : 8/10
* Acc@1 48.438 Acc@5 83.594 loss 2.260
valid len dataloader task : 8 || len_loader 1
Val:  [0/1]  eta: 0:00:01  loss: 1.9598 (1.9598)  acc1: 62.5000 (62.5000)  acc5: 87.5000 (87.5000)  time: 1.5710  data: 1.2018  max mem: 5581
Val: Total time: 0:00:01 (1.6652 s / it)
Val: Current task task : 9/10
* Acc@1 67.969 Acc@5 89.062 loss 2.022
valid len dataloader task : 9 || len_loader 1
Val:  [0/1]  eta: 0:00:01  loss: 2.2352 (2.2352)  acc1: 33.3333 (33.3333)  acc5: 94.4444 (94.4444)  time: 1.6963  data: 1.2735  max mem: 5581
Val: Total time: 0:00:01 (1.8397 s / it)
Val: Current task task : 10/10
* Acc@1 41.667 Acc@5 87.500 loss 2.188
[VAL-REHEARSAL][6] TOTAL Accuracy of the network on the  val videos: 40.58%
[2023-08-22 23:36:43,545] [INFO] [logging.py:77:log_dist] [Rank 0] [Torch] Checkpoint checkpoint-best_rehearsal is begin to save!
[2023-08-22 23:36:43,547] [INFO] [torch_checkpoint_engine.py:29:commit] [Torch] Checkpoint checkpoint-best_rehearsal is ready now!
[2023-08-22 23:36:43,547] [INFO] [torch_checkpoint_engine.py:29:commit] [Torch] Checkpoint checkpoint-best_rehearsal is ready now!
[2023-08-22 23:36:43,547] [INFO] [torch_checkpoint_engine.py:29:commit] [Torch] Checkpoint checkpoint-best_rehearsal is ready now!
[2023-08-22 23:36:43,547] [INFO] [torch_checkpoint_engine.py:29:commit] [Torch] Checkpoint checkpoint-best_rehearsal is ready now!
[2023-08-22 23:36:43,548] [INFO] [torch_checkpoint_engine.py:29:commit] [Torch] Checkpoint checkpoint-best_rehearsal is ready now!
[2023-08-22 23:36:43,548] [INFO] [torch_checkpoint_engine.py:29:commit] [Torch] Checkpoint checkpoint-best_rehearsal is ready now!
[2023-08-22 23:36:43,548] [INFO] [torch_checkpoint_engine.py:29:commit] [Torch] Checkpoint checkpoint-best_rehearsal is ready now!
[2023-08-22 23:36:43,548] [INFO] [logging.py:77:log_dist] [Rank 0] Saving model checkpoint: logs/ucf_10/36/checkpoint-best_rehearsal/mp_rank_00_model_states.pt
[2023-08-22 23:36:43,548] [INFO] [torch_checkpoint_engine.py:17:save] [Torch] Saving logs/ucf_10/36/checkpoint-best_rehearsal/mp_rank_00_model_states.pt...
[2023-08-22 23:36:48,110] [INFO] [torch_checkpoint_engine.py:19:save] [Torch] Saved logs/ucf_10/36/checkpoint-best_rehearsal/mp_rank_00_model_states.pt.
[2023-08-22 23:36:48,111] [INFO] [torch_checkpoint_engine.py:29:commit] [Torch] Checkpoint checkpoint-best_rehearsal is ready now!
Max total accuracy: 40.58%
Rehearsal EPOCH: [6]  [0/7]  eta: 0:00:35  lr: 0.000227  min_lr: 0.000002  loss: 3.6441 (3.6441)  loss_scale: 2048.0000 (2048.0000)  weight_decay: 0.0500 (0.0500)  time: 5.0941  data: 4.0952  max mem: 5581
Rehearsal EPOCH: [6]  [6/7]  eta: 0:00:01  lr: 0.000176  min_lr: 0.000002  loss: 3.7429 (3.7231)  loss_scale: 2048.0000 (2048.0000)  weight_decay: 0.0500 (0.0500)  time: 1.5836  data: 0.5854  max mem: 5581
Rehearsal EPOCH: [6] Total time: 0:00:11 (1.6171 s / it)
Averaged stats: lr: 0.000176  min_lr: 0.000002  loss: 3.7429 (3.5816)  loss_scale: 2048.0000 (2048.0000)  weight_decay: 0.0500 (0.0500)
valid len dataloader task : 0 || len_loader 1
Val:  [0/1]  eta: 0:00:01  loss: 2.7201 (2.7201)  acc1: 16.6667 (16.6667)  acc5: 61.1111 (61.1111)  time: 1.6887  data: 1.2666  max mem: 5581
Val: Total time: 0:00:01 (1.7743 s / it)
Val: Current task task : 1/10
* Acc@1 29.861 Acc@5 72.917 loss 2.392
valid len dataloader task : 1 || len_loader 1
Val:  [0/1]  eta: 0:00:01  loss: 2.5813 (2.5813)  acc1: 47.0588 (47.0588)  acc5: 70.5882 (70.5882)  time: 1.6592  data: 1.2751  max mem: 5581
Val: Total time: 0:00:01 (1.7564 s / it)
Val: Current task task : 2/10
* Acc@1 33.824 Acc@5 71.324 loss 2.559
valid len dataloader task : 2 || len_loader 1
Val:  [0/1]  eta: 0:00:01  loss: 2.2517 (2.2517)  acc1: 44.4444 (44.4444)  acc5: 61.1111 (61.1111)  time: 1.7281  data: 1.3169  max mem: 5581
Val: Total time: 0:00:01 (1.8056 s / it)
Val: Current task task : 3/10
* Acc@1 40.278 Acc@5 73.611 loss 2.227
valid len dataloader task : 3 || len_loader 1
Val:  [0/1]  eta: 0:00:01  loss: 1.9581 (1.9581)  acc1: 62.5000 (62.5000)  acc5: 100.0000 (100.0000)  time: 1.5561  data: 1.2096  max mem: 5581
Val: Total time: 0:00:01 (1.6245 s / it)
Val: Current task task : 4/10
* Acc@1 46.875 Acc@5 90.625 loss 2.107
valid len dataloader task : 4 || len_loader 1
Val:  [0/1]  eta: 0:00:01  loss: 2.3504 (2.3504)  acc1: 43.7500 (43.7500)  acc5: 93.7500 (93.7500)  time: 1.4984  data: 1.1595  max mem: 5581
Val: Total time: 0:00:01 (1.5901 s / it)
Val: Current task task : 5/10
* Acc@1 46.875 Acc@5 91.406 loss 2.254
valid len dataloader task : 5 || len_loader 1
Val:  [0/1]  eta: 0:00:01  loss: 1.8582 (1.8582)  acc1: 58.8235 (58.8235)  acc5: 88.2353 (88.2353)  time: 1.6502  data: 1.2520  max mem: 5581
Val: Total time: 0:00:01 (1.7286 s / it)
Val: Current task task : 6/10
* Acc@1 55.147 Acc@5 88.971 loss 1.865
valid len dataloader task : 6 || len_loader 1
Val:  [0/1]  eta: 0:00:01  loss: 2.3893 (2.3893)  acc1: 38.8889 (38.8889)  acc5: 88.8889 (88.8889)  time: 1.5743  data: 1.1898  max mem: 5581
Val: Total time: 0:00:01 (1.6663 s / it)
Val: Current task task : 7/10
* Acc@1 36.806 Acc@5 81.944 loss 2.442
valid len dataloader task : 7 || len_loader 1
Val:  [0/1]  eta: 0:00:01  loss: 2.2073 (2.2073)  acc1: 50.0000 (50.0000)  acc5: 81.2500 (81.2500)  time: 1.4779  data: 1.1350  max mem: 5581
Val: Total time: 0:00:01 (1.5747 s / it)
Val: Current task task : 8/10
* Acc@1 50.781 Acc@5 86.719 loss 2.136
valid len dataloader task : 8 || len_loader 1
Val:  [0/1]  eta: 0:00:01  loss: 1.9656 (1.9656)  acc1: 68.7500 (68.7500)  acc5: 87.5000 (87.5000)  time: 1.5161  data: 1.1572  max mem: 5581
Val: Total time: 0:00:01 (1.6097 s / it)
Val: Current task task : 9/10
* Acc@1 67.969 Acc@5 89.844 loss 2.041
valid len dataloader task : 9 || len_loader 1
Val:  [0/1]  eta: 0:00:01  loss: 2.1368 (2.1368)  acc1: 50.0000 (50.0000)  acc5: 88.8889 (88.8889)  time: 1.6512  data: 1.2504  max mem: 5581
Val: Total time: 0:00:01 (1.7381 s / it)
Val: Current task task : 10/10
* Acc@1 51.389 Acc@5 90.278 loss 2.103
[VAL-REHEARSAL][7] TOTAL Accuracy of the network on the  val videos: 45.98%
[2023-08-22 23:37:17,027] [INFO] [logging.py:77:log_dist] [Rank 0] [Torch] Checkpoint checkpoint-best_rehearsal is begin to save!
[2023-08-22 23:37:17,029] [INFO] [torch_checkpoint_engine.py:29:commit] [Torch] Checkpoint checkpoint-best_rehearsal is ready now!
[2023-08-22 23:37:17,030] [INFO] [torch_checkpoint_engine.py:29:commit] [Torch] Checkpoint checkpoint-best_rehearsal is ready now!
[2023-08-22 23:37:17,030] [INFO] [torch_checkpoint_engine.py:29:commit] [Torch] Checkpoint checkpoint-best_rehearsal is ready now!
[2023-08-22 23:37:17,030] [INFO] [torch_checkpoint_engine.py:29:commit] [Torch] Checkpoint checkpoint-best_rehearsal is ready now!
[2023-08-22 23:37:17,031] [INFO] [logging.py:77:log_dist] [Rank 0] Saving model checkpoint: logs/ucf_10/36/checkpoint-best_rehearsal/mp_rank_00_model_states.pt
[2023-08-22 23:37:17,031] [INFO] [torch_checkpoint_engine.py:29:commit] [Torch] Checkpoint checkpoint-best_rehearsal is ready now!
[2023-08-22 23:37:17,031] [INFO] [torch_checkpoint_engine.py:17:save] [Torch] Saving logs/ucf_10/36/checkpoint-best_rehearsal/mp_rank_00_model_states.pt...
[2023-08-22 23:37:17,031] [INFO] [torch_checkpoint_engine.py:29:commit] [Torch] Checkpoint checkpoint-best_rehearsal is ready now!
[2023-08-22 23:37:17,031] [INFO] [torch_checkpoint_engine.py:29:commit] [Torch] Checkpoint checkpoint-best_rehearsal is ready now!
[2023-08-22 23:37:20,074] [INFO] [torch_checkpoint_engine.py:19:save] [Torch] Saved logs/ucf_10/36/checkpoint-best_rehearsal/mp_rank_00_model_states.pt.
[2023-08-22 23:37:20,074] [INFO] [torch_checkpoint_engine.py:29:commit] [Torch] Checkpoint checkpoint-best_rehearsal is ready now!
Max total accuracy: 45.98%
Rehearsal EPOCH: [7]  [0/7]  eta: 0:00:34  lr: 0.000165  min_lr: 0.000002  loss: 4.1682 (4.1682)  loss_scale: 2048.0000 (2048.0000)  weight_decay: 0.0500 (0.0500)  time: 4.9946  data: 3.4621  max mem: 5581
Rehearsal EPOCH: [7]  [6/7]  eta: 0:00:01  lr: 0.000100  min_lr: 0.000001  loss: 3.7101 (3.6803)  loss_scale: 2048.0000 (2048.0000)  weight_decay: 0.0500 (0.0500)  time: 1.5689  data: 0.4949  max mem: 5581
Rehearsal EPOCH: [7] Total time: 0:00:11 (1.6054 s / it)
Averaged stats: lr: 0.000100  min_lr: 0.000001  loss: 3.7101 (3.5059)  loss_scale: 2048.0000 (2048.0000)  weight_decay: 0.0500 (0.0500)
valid len dataloader task : 0 || len_loader 1
Val:  [0/1]  eta: 0:00:01  loss: 2.5864 (2.5864)  acc1: 22.2222 (22.2222)  acc5: 61.1111 (61.1111)  time: 1.6424  data: 1.2671  max mem: 5581
Val: Total time: 0:00:01 (1.7395 s / it)
Val: Current task task : 1/10
* Acc@1 38.889 Acc@5 77.083 loss 2.293
valid len dataloader task : 1 || len_loader 1
Val:  [0/1]  eta: 0:00:01  loss: 2.4475 (2.4475)  acc1: 47.0588 (47.0588)  acc5: 70.5882 (70.5882)  time: 1.5943  data: 1.2348  max mem: 5581
Val: Total time: 0:00:01 (1.6786 s / it)
Val: Current task task : 2/10
* Acc@1 37.500 Acc@5 71.324 loss 2.473
valid len dataloader task : 2 || len_loader 1
Val:  [0/1]  eta: 0:00:01  loss: 2.1997 (2.1997)  acc1: 44.4444 (44.4444)  acc5: 66.6667 (66.6667)  time: 1.7096  data: 1.2863  max mem: 5581
Val: Total time: 0:00:01 (1.8268 s / it)
Val: Current task task : 3/10
* Acc@1 46.528 Acc@5 77.083 loss 2.142
valid len dataloader task : 3 || len_loader 1
Val:  [0/1]  eta: 0:00:01  loss: 1.9257 (1.9257)  acc1: 68.7500 (68.7500)  acc5: 93.7500 (93.7500)  time: 1.4919  data: 1.1637  max mem: 5581
Val: Total time: 0:00:01 (1.5912 s / it)
Val: Current task task : 4/10
* Acc@1 48.438 Acc@5 92.188 loss 2.024
valid len dataloader task : 4 || len_loader 1
Val:  [0/1]  eta: 0:00:01  loss: 2.1812 (2.1812)  acc1: 43.7500 (43.7500)  acc5: 100.0000 (100.0000)  time: 1.4485  data: 1.1224  max mem: 5581
Val: Total time: 0:00:01 (1.5378 s / it)
Val: Current task task : 5/10
* Acc@1 52.344 Acc@5 94.531 loss 2.162
valid len dataloader task : 5 || len_loader 1
Val:  [0/1]  eta: 0:00:01  loss: 1.7603 (1.7603)  acc1: 58.8235 (58.8235)  acc5: 88.2353 (88.2353)  time: 1.5683  data: 1.1909  max mem: 5581
Val: Total time: 0:00:01 (1.6680 s / it)
Val: Current task task : 6/10
* Acc@1 57.353 Acc@5 91.176 loss 1.737
valid len dataloader task : 6 || len_loader 1
Val:  [0/1]  eta: 0:00:01  loss: 2.3491 (2.3491)  acc1: 38.8889 (38.8889)  acc5: 88.8889 (88.8889)  time: 1.5969  data: 1.2026  max mem: 5581
Val: Total time: 0:00:01 (1.6792 s / it)
Val: Current task task : 7/10
* Acc@1 39.583 Acc@5 85.417 loss 2.343
valid len dataloader task : 7 || len_loader 1
Val:  [0/1]  eta: 0:00:01  loss: 2.1528 (2.1528)  acc1: 50.0000 (50.0000)  acc5: 87.5000 (87.5000)  time: 1.5250  data: 1.1646  max mem: 5581
Val: Total time: 0:00:01 (1.6236 s / it)
Val: Current task task : 8/10
* Acc@1 45.312 Acc@5 84.375 loss 2.146
valid len dataloader task : 8 || len_loader 1
Val:  [0/1]  eta: 0:00:01  loss: 1.9603 (1.9603)  acc1: 62.5000 (62.5000)  acc5: 93.7500 (93.7500)  time: 1.5576  data: 1.1781  max mem: 5581
Val: Total time: 0:00:01 (1.6378 s / it)
Val: Current task task : 9/10
* Acc@1 61.719 Acc@5 91.406 loss 2.058
valid len dataloader task : 9 || len_loader 1
Val:  [0/1]  eta: 0:00:01  loss: 2.0729 (2.0729)  acc1: 61.1111 (61.1111)  acc5: 94.4444 (94.4444)  time: 1.6883  data: 1.2545  max mem: 5581
Val: Total time: 0:00:01 (1.7853 s / it)
Val: Current task task : 10/10
* Acc@1 50.694 Acc@5 89.583 loss 2.105
[VAL-REHEARSAL][8] TOTAL Accuracy of the network on the  val videos: 47.84%
[2023-08-22 23:37:48,718] [INFO] [logging.py:77:log_dist] [Rank 0] [Torch] Checkpoint checkpoint-best_rehearsal is begin to save!
[2023-08-22 23:37:48,721] [INFO] [torch_checkpoint_engine.py:29:commit] [Torch] Checkpoint checkpoint-best_rehearsal is ready now!
[2023-08-22 23:37:48,721] [INFO] [torch_checkpoint_engine.py:29:commit] [Torch] Checkpoint checkpoint-best_rehearsal is ready now!
[2023-08-22 23:37:48,721] [INFO] [torch_checkpoint_engine.py:29:commit] [Torch] Checkpoint checkpoint-best_rehearsal is ready now!
[2023-08-22 23:37:48,721] [INFO] [torch_checkpoint_engine.py:29:commit] [Torch] Checkpoint checkpoint-best_rehearsal is ready now!
[2023-08-22 23:37:48,721] [INFO] [torch_checkpoint_engine.py:29:commit] [Torch] Checkpoint checkpoint-best_rehearsal is ready now!
[2023-08-22 23:37:48,722] [INFO] [logging.py:77:log_dist] [Rank 0] Saving model checkpoint: logs/ucf_10/36/checkpoint-best_rehearsal/mp_rank_00_model_states.pt
[2023-08-22 23:37:48,722] [INFO] [torch_checkpoint_engine.py:17:save] [Torch] Saving logs/ucf_10/36/checkpoint-best_rehearsal/mp_rank_00_model_states.pt...
[2023-08-22 23:37:48,723] [INFO] [torch_checkpoint_engine.py:29:commit] [Torch] Checkpoint checkpoint-best_rehearsal is ready now!
[2023-08-22 23:37:48,723] [INFO] [torch_checkpoint_engine.py:29:commit] [Torch] Checkpoint checkpoint-best_rehearsal is ready now!
[2023-08-22 23:37:53,450] [INFO] [torch_checkpoint_engine.py:19:save] [Torch] Saved logs/ucf_10/36/checkpoint-best_rehearsal/mp_rank_00_model_states.pt.
[2023-08-22 23:37:53,450] [INFO] [torch_checkpoint_engine.py:29:commit] [Torch] Checkpoint checkpoint-best_rehearsal is ready now!
Max total accuracy: 47.84%
Rehearsal EPOCH: [8]  [0/7]  eta: 0:00:35  lr: 0.000090  min_lr: 0.000001  loss: 4.1246 (4.1246)  loss_scale: 2048.0000 (2048.0000)  weight_decay: 0.0500 (0.0500)  time: 5.1139  data: 4.1862  max mem: 5581
Rehearsal EPOCH: [8]  [6/7]  eta: 0:00:01  lr: 0.000035  min_lr: 0.000000  loss: 3.9387 (3.8932)  loss_scale: 2048.0000 (2048.0000)  weight_decay: 0.0500 (0.0500)  time: 1.5888  data: 0.5984  max mem: 5581
Rehearsal EPOCH: [8] Total time: 0:00:11 (1.6237 s / it)
Averaged stats: lr: 0.000035  min_lr: 0.000000  loss: 3.9387 (3.5694)  loss_scale: 2048.0000 (2048.0000)  weight_decay: 0.0500 (0.0500)
valid len dataloader task : 0 || len_loader 1
Val:  [0/1]  eta: 0:00:01  loss: 2.5699 (2.5699)  acc1: 22.2222 (22.2222)  acc5: 61.1111 (61.1111)  time: 1.6314  data: 1.2211  max mem: 5581
Val: Total time: 0:00:01 (1.7212 s / it)
Val: Current task task : 1/10
* Acc@1 38.194 Acc@5 79.167 loss 2.237
valid len dataloader task : 1 || len_loader 1
Val:  [0/1]  eta: 0:00:01  loss: 2.5000 (2.5000)  acc1: 47.0588 (47.0588)  acc5: 76.4706 (76.4706)  time: 1.5862  data: 1.2135  max mem: 5581
Val: Total time: 0:00:01 (1.6815 s / it)
Val: Current task task : 2/10
* Acc@1 37.500 Acc@5 72.059 loss 2.466
valid len dataloader task : 2 || len_loader 1
Val:  [0/1]  eta: 0:00:01  loss: 2.1295 (2.1295)  acc1: 50.0000 (50.0000)  acc5: 66.6667 (66.6667)  time: 1.6471  data: 1.2706  max mem: 5581
Val: Total time: 0:00:01 (1.7316 s / it)
Val: Current task task : 3/10
* Acc@1 46.528 Acc@5 78.472 loss 2.105
valid len dataloader task : 3 || len_loader 1
Val:  [0/1]  eta: 0:00:01  loss: 1.8766 (1.8766)  acc1: 56.2500 (56.2500)  acc5: 100.0000 (100.0000)  time: 1.4812  data: 1.1412  max mem: 5581
Val: Total time: 0:00:01 (1.5684 s / it)
Val: Current task task : 4/10
* Acc@1 52.344 Acc@5 92.969 loss 1.981
valid len dataloader task : 4 || len_loader 1
Val:  [0/1]  eta: 0:00:01  loss: 2.2230 (2.2230)  acc1: 37.5000 (37.5000)  acc5: 93.7500 (93.7500)  time: 1.4925  data: 1.1419  max mem: 5581
Val: Total time: 0:00:01 (1.5829 s / it)
Val: Current task task : 5/10
* Acc@1 50.781 Acc@5 93.750 loss 2.131
valid len dataloader task : 5 || len_loader 1
Val:  [0/1]  eta: 0:00:01  loss: 1.7944 (1.7944)  acc1: 58.8235 (58.8235)  acc5: 94.1176 (94.1176)  time: 1.5135  data: 1.1733  max mem: 5581
Val: Total time: 0:00:01 (1.5952 s / it)
Val: Current task task : 6/10
* Acc@1 56.618 Acc@5 94.118 loss 1.732
valid len dataloader task : 6 || len_loader 1
Val:  [0/1]  eta: 0:00:01  loss: 2.3549 (2.3549)  acc1: 44.4444 (44.4444)  acc5: 83.3333 (83.3333)  time: 1.6369  data: 1.2074  max mem: 5581
Val: Total time: 0:00:01 (1.7283 s / it)
Val: Current task task : 7/10
* Acc@1 40.972 Acc@5 89.583 loss 2.306
valid len dataloader task : 7 || len_loader 1
Val:  [0/1]  eta: 0:00:01  loss: 2.1910 (2.1910)  acc1: 56.2500 (56.2500)  acc5: 75.0000 (75.0000)  time: 1.5238  data: 1.1946  max mem: 5581
Val: Total time: 0:00:01 (1.6440 s / it)
Val: Current task task : 8/10
* Acc@1 46.875 Acc@5 84.375 loss 2.137
valid len dataloader task : 8 || len_loader 1
Val:  [0/1]  eta: 0:00:01  loss: 1.9288 (1.9288)  acc1: 62.5000 (62.5000)  acc5: 93.7500 (93.7500)  time: 1.4952  data: 1.1434  max mem: 5581
Val: Total time: 0:00:01 (1.5735 s / it)
Val: Current task task : 9/10
* Acc@1 56.250 Acc@5 91.406 loss 2.048
valid len dataloader task : 9 || len_loader 1
Val:  [0/1]  eta: 0:00:01  loss: 2.1009 (2.1009)  acc1: 61.1111 (61.1111)  acc5: 94.4444 (94.4444)  time: 1.6121  data: 1.2394  max mem: 5581
Val: Total time: 0:00:01 (1.6968 s / it)
Val: Current task task : 10/10
* Acc@1 48.611 Acc@5 89.583 loss 2.086
[VAL-REHEARSAL][9] TOTAL Accuracy of the network on the  val videos: 47.47%
Max total accuracy: 47.84%
[2023-08-22 23:38:27,318] [INFO] [fused_optimizer.py:394:_update_scale] No Grad overflow for 128 iterations
[2023-08-22 23:38:27,318] [INFO] [fused_optimizer.py:394:_update_scale] No Grad overflow for 128 iterations
[2023-08-22 23:38:27,318] [INFO] [fused_optimizer.py:394:_update_scale] No Grad overflow for 128 iterations
[2023-08-22 23:38:27,319] [INFO] [fused_optimizer.py:396:_update_scale] Increasing dynamic loss scale from 2048.0 to 4096.0
[2023-08-22 23:38:27,319] [INFO] [fused_optimizer.py:396:_update_scale] Increasing dynamic loss scale from 2048.0 to 4096.0
[2023-08-22 23:38:27,319] [INFO] [fused_optimizer.py:396:_update_scale] Increasing dynamic loss scale from 2048.0 to 4096.0
[2023-08-22 23:38:27,319] [INFO] [fused_optimizer.py:394:_update_scale] No Grad overflow for 128 iterations
[2023-08-22 23:38:27,319] [INFO] [fused_optimizer.py:394:_update_scale] No Grad overflow for 128 iterations
[2023-08-22 23:38:27,319] [INFO] [fused_optimizer.py:394:_update_scale] No Grad overflow for 128 iterations
[2023-08-22 23:38:27,319] [INFO] [fused_optimizer.py:396:_update_scale] Increasing dynamic loss scale from 2048.0 to 4096.0
[2023-08-22 23:38:27,319] [INFO] [fused_optimizer.py:396:_update_scale] Increasing dynamic loss scale from 2048.0 to 4096.0
[2023-08-22 23:38:27,319] [INFO] [fused_optimizer.py:394:_update_scale] No Grad overflow for 128 iterations
[2023-08-22 23:38:27,319] [INFO] [fused_optimizer.py:396:_update_scale] Increasing dynamic loss scale from 2048.0 to 4096.0
[2023-08-22 23:38:27,319] [INFO] [fused_optimizer.py:394:_update_scale] No Grad overflow for 128 iterations
[2023-08-22 23:38:27,319] [INFO] [fused_optimizer.py:396:_update_scale] Increasing dynamic loss scale from 2048.0 to 4096.0
[2023-08-22 23:38:27,319] [INFO] [fused_optimizer.py:396:_update_scale] Increasing dynamic loss scale from 2048.0 to 4096.0
Rehearsal EPOCH: [9]  [0/7]  eta: 0:00:35  lr: 0.000028  min_lr: 0.000000  loss: 3.8005 (3.8005)  loss_scale: 4096.0000 (4096.0000)  weight_decay: 0.0500 (0.0500)  time: 5.1107  data: 3.7724  max mem: 5581
Rehearsal EPOCH: [9]  [6/7]  eta: 0:00:01  lr: 0.000005  min_lr: 0.000000  loss: 3.7801 (3.7255)  loss_scale: 4096.0000 (4096.0000)  weight_decay: 0.0500 (0.0500)  time: 1.5889  data: 0.5392  max mem: 5581
Rehearsal EPOCH: [9] Total time: 0:00:11 (1.6238 s / it)
Averaged stats: lr: 0.000005  min_lr: 0.000000  loss: 3.7801 (3.5915)  loss_scale: 4096.0000 (4096.0000)  weight_decay: 0.0500 (0.0500)
valid len dataloader task : 0 || len_loader 1
Val:  [0/1]  eta: 0:00:01  loss: 2.5162 (2.5162)  acc1: 22.2222 (22.2222)  acc5: 66.6667 (66.6667)  time: 1.6258  data: 1.2448  max mem: 5581
Val: Total time: 0:00:01 (1.7126 s / it)
Val: Current task task : 1/10
* Acc@1 40.972 Acc@5 77.778 loss 2.243
valid len dataloader task : 1 || len_loader 1
Val:  [0/1]  eta: 0:00:01  loss: 2.4111 (2.4111)  acc1: 47.0588 (47.0588)  acc5: 76.4706 (76.4706)  time: 1.6337  data: 1.2337  max mem: 5581
Val: Total time: 0:00:01 (1.7184 s / it)
Val: Current task task : 2/10
* Acc@1 38.971 Acc@5 72.794 loss 2.461
valid len dataloader task : 2 || len_loader 1
Val:  [0/1]  eta: 0:00:01  loss: 2.1167 (2.1167)  acc1: 55.5556 (55.5556)  acc5: 66.6667 (66.6667)  time: 1.6411  data: 1.2553  max mem: 5581
Val: Total time: 0:00:01 (1.7314 s / it)
Val: Current task task : 3/10
* Acc@1 47.917 Acc@5 77.083 loss 2.097
valid len dataloader task : 3 || len_loader 1
Val:  [0/1]  eta: 0:00:01  loss: 1.9331 (1.9331)  acc1: 56.2500 (56.2500)  acc5: 100.0000 (100.0000)  time: 1.4611  data: 1.1349  max mem: 5581
Val: Total time: 0:00:01 (1.5331 s / it)
Val: Current task task : 4/10
* Acc@1 52.344 Acc@5 92.969 loss 2.016
valid len dataloader task : 4 || len_loader 1
Val:  [0/1]  eta: 0:00:01  loss: 2.1126 (2.1126)  acc1: 43.7500 (43.7500)  acc5: 100.0000 (100.0000)  time: 1.5031  data: 1.1533  max mem: 5581
Val: Total time: 0:00:01 (1.5899 s / it)
Val: Current task task : 5/10
* Acc@1 53.125 Acc@5 96.094 loss 2.103
valid len dataloader task : 5 || len_loader 1
Val:  [0/1]  eta: 0:00:01  loss: 1.7133 (1.7133)  acc1: 58.8235 (58.8235)  acc5: 94.1176 (94.1176)  time: 1.5829  data: 1.2278  max mem: 5581
Val: Total time: 0:00:01 (1.6560 s / it)
Val: Current task task : 6/10
* Acc@1 61.765 Acc@5 92.647 loss 1.704
valid len dataloader task : 6 || len_loader 1
Val:  [0/1]  eta: 0:00:01  loss: 2.3620 (2.3620)  acc1: 33.3333 (33.3333)  acc5: 88.8889 (88.8889)  time: 1.6347  data: 1.2047  max mem: 5581
Val: Total time: 0:00:01 (1.7410 s / it)
Val: Current task task : 7/10
* Acc@1 37.500 Acc@5 88.889 loss 2.316
valid len dataloader task : 7 || len_loader 1
Val:  [0/1]  eta: 0:00:01  loss: 2.2711 (2.2711)  acc1: 62.5000 (62.5000)  acc5: 75.0000 (75.0000)  time: 1.5137  data: 1.1569  max mem: 5581
Val: Total time: 0:00:01 (1.6051 s / it)
Val: Current task task : 8/10
* Acc@1 46.094 Acc@5 82.812 loss 2.188
valid len dataloader task : 8 || len_loader 1
Val:  [0/1]  eta: 0:00:01  loss: 1.9567 (1.9567)  acc1: 62.5000 (62.5000)  acc5: 87.5000 (87.5000)  time: 1.5307  data: 1.1778  max mem: 5581
Val: Total time: 0:00:01 (1.6145 s / it)
Val: Current task task : 9/10
* Acc@1 50.781 Acc@5 89.844 loss 2.056
valid len dataloader task : 9 || len_loader 1
Val:  [0/1]  eta: 0:00:01  loss: 2.0963 (2.0963)  acc1: 55.5556 (55.5556)  acc5: 88.8889 (88.8889)  time: 1.6909  data: 1.3074  max mem: 5581
Val: Total time: 0:00:01 (1.7566 s / it)
Val: Current task task : 10/10
* Acc@1 48.611 Acc@5 87.500 loss 2.088
[VAL-REHEARSAL][10] TOTAL Accuracy of the network on the  val videos: 47.81%
Max total accuracy: 47.84%
load best rehearsal model
<All keys matched successfully>
valid len dataloader task : 0 || len_loader 1
Val:  [0/1]  eta: 0:00:01  loss: 2.6151 (2.6151)  acc1: 22.2222 (22.2222)  acc5: 61.1111 (61.1111)  time: 1.6758  data: 1.3011  max mem: 5581
Val: Total time: 0:00:01 (1.7717 s / it)
Val: Current task task : 1/10
* Acc@1 39.583 Acc@5 76.389 loss 2.308
valid len dataloader task : 1 || len_loader 1
Val:  [0/1]  eta: 0:00:01  loss: 2.5059 (2.5059)  acc1: 47.0588 (47.0588)  acc5: 70.5882 (70.5882)  time: 1.5661  data: 1.2201  max mem: 5581
Val: Total time: 0:00:01 (1.6406 s / it)
Val: Current task task : 2/10
* Acc@1 34.559 Acc@5 71.324 loss 2.491
valid len dataloader task : 2 || len_loader 1
Val:  [0/1]  eta: 0:00:01  loss: 2.1964 (2.1964)  acc1: 44.4444 (44.4444)  acc5: 66.6667 (66.6667)  time: 1.6191  data: 1.2388  max mem: 5581
Val: Total time: 0:00:01 (1.7051 s / it)
Val: Current task task : 3/10
* Acc@1 47.222 Acc@5 77.083 loss 2.134
valid len dataloader task : 3 || len_loader 1
Val:  [0/1]  eta: 0:00:01  loss: 1.8813 (1.8813)  acc1: 62.5000 (62.5000)  acc5: 93.7500 (93.7500)  time: 1.5072  data: 1.1661  max mem: 5581
Val: Total time: 0:00:01 (1.6157 s / it)
Val: Current task task : 4/10
* Acc@1 48.438 Acc@5 90.625 loss 2.051
valid len dataloader task : 4 || len_loader 1
Val:  [0/1]  eta: 0:00:01  loss: 2.2119 (2.2119)  acc1: 43.7500 (43.7500)  acc5: 100.0000 (100.0000)  time: 1.4579  data: 1.1338  max mem: 5581
Val: Total time: 0:00:01 (1.5502 s / it)
Val: Current task task : 5/10
* Acc@1 50.781 Acc@5 92.969 loss 2.142
valid len dataloader task : 5 || len_loader 1
Val:  [0/1]  eta: 0:00:01  loss: 1.7169 (1.7169)  acc1: 64.7059 (64.7059)  acc5: 88.2353 (88.2353)  time: 1.6439  data: 1.2582  max mem: 5581
Val: Total time: 0:00:01 (1.7523 s / it)
Val: Current task task : 6/10
* Acc@1 60.294 Acc@5 91.176 loss 1.740
valid len dataloader task : 6 || len_loader 1
Val:  [0/1]  eta: 0:00:01  loss: 2.3040 (2.3040)  acc1: 38.8889 (38.8889)  acc5: 88.8889 (88.8889)  time: 1.5806  data: 1.1876  max mem: 5581
Val: Total time: 0:00:01 (1.6822 s / it)
Val: Current task task : 7/10
* Acc@1 37.500 Acc@5 87.500 loss 2.325
valid len dataloader task : 7 || len_loader 1
Val:  [0/1]  eta: 0:00:01  loss: 2.2008 (2.2008)  acc1: 56.2500 (56.2500)  acc5: 87.5000 (87.5000)  time: 1.4890  data: 1.1528  max mem: 5581
Val: Total time: 0:00:01 (1.5821 s / it)
Val: Current task task : 8/10
* Acc@1 50.000 Acc@5 85.156 loss 2.145
valid len dataloader task : 8 || len_loader 1
Val:  [0/1]  eta: 0:00:01  loss: 1.9992 (1.9992)  acc1: 68.7500 (68.7500)  acc5: 93.7500 (93.7500)  time: 1.4952  data: 1.1517  max mem: 5581
Val: Total time: 0:00:01 (1.5890 s / it)
Val: Current task task : 9/10
* Acc@1 62.500 Acc@5 90.625 loss 2.072
valid len dataloader task : 9 || len_loader 1
Val:  [0/1]  eta: 0:00:01  loss: 2.0950 (2.0950)  acc1: 55.5556 (55.5556)  acc5: 88.8889 (88.8889)  time: 1.6058  data: 1.2398  max mem: 5581
Val: Total time: 0:00:01 (1.6959 s / it)
Val: Current task task : 10/10
* Acc@1 52.083 Acc@5 89.583 loss 2.087
[TEST] Accuracy of the network on the  test videos: 48.30%
Training time 0:07:31
/data/bkh178/anaconda3/envs/videoMAE/lib/python3.7/site-packages/torch/distributed/launch.py:188: FutureWarning: The module torch.distributed.launch is deprecated
and will be removed in future. Use torchrun.
Note that --use_env is set by default in torchrun.
If your script expects `--local_rank` argument to be set, please
change it to read from `os.environ['LOCAL_RANK']` instead. See 
https://pytorch.org/docs/stable/distributed.html#launch-utility for 
further instructions

  FutureWarning,
